scenario,step,Ta_cvx_raw,Ta_cvx_applied,Ta_snn_raw,Ta_snn_applied,control_diff_e_u,cvxpy_objective,cvxpy_status,snn_objective,snn_converged,snn_verified_converged,snn_convergence_reason,snn_convergence_reason_class,snn_kkt_residual,snn_kkt_tolerance,snn_projection_budget_exhausted,snn_relative_degree,snn_n_grad_rows_kept,snn_unactionable_predicted_violation_degC,snn_iterations,snn_max_iterations,snn_constraint_residual,snn_constraint_residual_scaled,snn_bound_violation,snn_clipped,cvxpy_clipped,objective_gap_snn_vs_reference,Tc1_cvx,Tc2_cvx,Tc3_cvx,alpha1_cvx,alpha2_cvx,alpha3_cvx,Tc1_snn,Tc2_snn,Tc3_snn,alpha1_snn,alpha2_snn,alpha3_snn,rho_Ap_cvx,rho_Ap_snn,qp_fingerprint_cvx,qp_fingerprint_snn,slew_saturated_cvx,slew_saturated_snn,build_ms_cvx,solve_ms_cvx,total_ms_cvx,build_ms_snn,solve_ms_snn,total_ms_snn
nominal_heatup,0,32.0,32.0,32.0,32.0,0.0,-95998.82400512494,optimal,-95995.60480396192,False,False,max_iterations,max_iterations,0.01313055188238663,0.07645254018157442,False,5,5,0.0,8000,8000,6.865136228384472e-07,9.949711854417842e-07,10.0,0,0,3.353375623490067e-05,28.0,28.0,28.0,1e-05,1e-05,1e-05,28.0,28.0,28.0,1e-05,1e-05,1e-05,1.0000008521941652,1.0000008521941652,2dff947584e37cd8,2dff947584e37cd8,True,True,2.7603000053204596,9.26679999975022,12.027100005070679,1.4556000096490607,366.7564999923343,368.21210000198334
nominal_heatup,1,36.0,36.0,36.0,36.0,0.0,-106602.11834510237,optimal,-106599.55481274643,True,True,converged(kkt(residual=9.46e-03<=tol=7.67e-02); obj_plateau(range=1.17e-10)),converged,0.00946192876202397,0.07672454183914508,False,5,5,0.0,351,8000,6.114478381391564e-07,8.869759353657969e-07,10.0,0,0,2.404766805543362e-05,28.000000056399145,28.000000056399145,28.000000056399145,1.0001630922571259e-05,1.0001630922571259e-05,1.0001630922571259e-05,28.000000056399145,28.000000056399145,28.000000056399145,1.0001630922571259e-05,1.0001630922571259e-05,1.0001630922571259e-05,1.0000008522669996,1.0000008522669996,7deb6d341e85e86e,7deb6d341e85e86e,True,True,1.3793999969493598,6.862299997010268,8.241699993959628,1.7838000057963654,21.818299996084534,23.6021000018809
nominal_heatup,2,40.0,40.0,40.0,40.0,0.0,-117129.27117072618,optimal,-117127.32958102174,False,False,max_iterations,max_iterations,0.006558336293111593,0.07696517179286803,False,5,5,0.0,8000,8000,6.750023473500733e-07,9.791691262250879e-07,10.0,0,0,1.6576468760082554e-05,28.000000112803107,28.000000112803107,28.000000091841084,1.0003261984532805e-05,1.0003261984532805e-05,1.0003261984532805e-05,28.000000112803107,28.000000112803107,28.000000091841084,1.0003261984532805e-05,1.0003261984532805e-05,1.0003261984532805e-05,1.0000008523398338,1.0000008523398338,dea493021349b947,dea493021349b947,True,True,2.0607000042218715,8.216100002755411,10.276800006977282,2.4474999954691157,476.73009999562055,479.17759999108966
nominal_heatup,3,44.0,44.0,44.0,44.0,0.0,-127560.7145447529,optimal,-127560.03201344592,True,True,converged(kkt(residual=2.13e-03<=tol=7.72e-02); obj_plateau(range=4.56e-16)),converged,0.0021290285680746683,0.07717179203441876,False,5,5,0.0,501,8000,7.615793506943191e-07,9.623327761332234e-07,10.0,0,0,5.3506387871259956e-06,28.00000016921189,28.00000016142088,28.000000128607986,1.0004893185885736e-05,1.0004893185885736e-05,1.0004893185878145e-05,28.00000016921189,28.00000016142088,28.000000128607986,1.0004893185885736e-05,1.0004893185885736e-05,1.0004893185878145e-05,1.000000852412668,1.000000852412668,0edcd0738c543a27,0edcd0738c543a27,True,True,2.3750999971525744,7.8117000084603205,10.186800005612895,1.2661999935517088,25.65830000094138,26.92449999449309
nominal_heatup,4,48.0,48.0,48.0,48.0,0.0,-137877.66920410897,optimal,-137877.65031387296,True,True,converged(kkt(residual=1.07e-03<=tol=7.73e-02); obj_plateau(range=2.01e-08)),converged,0.001071169199391304,0.07734236187294435,False,5,5,0.0,551,8000,5.533117999334536e-07,8.043587955697262e-07,10.0,0,0,1.3700721892568705e-07,28.00000021983408,28.000000208534534,28.00000016274716,1.0006524526631151e-05,1.0006524526628329e-05,1.0006524526608854e-05,28.00000021983408,28.000000208534534,28.00000016274716,1.0006524526631151e-05,1.0006524526628329e-05,1.0006524526608854e-05,1.000000852485502,1.000000852485502,680eee491494ebde,680eee491494ebde,True,True,1.327799996943213,7.493800003430806,8.82160000037402,2.4095999979181215,29.04589999525342,31.455499993171543
nominal_heatup,5,52.0,52.0,51.99999999999999,51.99999999999999,-7.105427357601002e-15,-148066.06872664744,optimal,-148066.04645978825,True,True,converged(kkt(residual=2.82e-03<=tol=7.75e-02); obj_plateau(range=2.19e-08)),converged,0.0028238830587717636,0.07747532435764008,False,5,5,0.0,501,8000,6.522267455011388e-07,9.454484635185167e-07,10.0,0,0,1.5038468328793262e-07,28.00000026785304,28.000000252134775,28.015534364180088,1.0008156006768049e-05,1.0008156006761134e-05,1.0008156006725072e-05,28.00000026785304,28.000000252134775,28.015534364180088,1.0008156006768049e-05,1.0008156006761134e-05,1.0008156006725072e-05,1.0000008535389835,1.0000008535389835,7fcaea07eedb7f3f,7fcaea07eedb7f3f,True,True,1.3636999938171357,6.633500001044013,7.997199994861148,1.3925999955972657,20.74150000407826,22.134099999675527
nominal_heatup,6,56.0,56.0,55.99999999999999,55.99999999999999,-7.105427357601002e-15,-158106.7165118793,optimal,-158106.6976433849,True,True,converged(kkt(residual=4.01e-03<=tol=7.76e-02); obj_plateau(range=1.77e-08)),converged,0.0040072790213808935,0.07756951146146501,False,5,5,0.0,451,8000,6.325446832988746e-07,9.190428951200147e-07,10.0,0,0,1.193403212043375e-07,28.000000312592185,28.00577391978186,28.057459750004423,1.000978762629658e-05,1.000978762628397e-05,1.0009793262776227e-05,28.000000312592185,28.00577391978186,28.057459750004423,1.000978762629658e-05,1.000978762628397e-05,1.0009793262776227e-05,1.0000008566302483,1.0000008566302483,d021821520a1ff94,d021821520a1ff94,True,True,1.884900004370138,7.069700004649349,8.954600009019487,1.9332999945618212,24.878500000340864,26.811799994902685
nominal_heatup,7,60.0,60.0,59.99999999999998,59.99999999999998,-2.1316282072803006e-14,-167979.73364055506,optimal,-167979.7112512882,True,True,converged(kkt(residual=5.72e-03<=tol=7.76e-02); obj_plateau(range=1.95e-08)),converged,0.005715923154556874,0.0776240733607983,False,5,5,0.0,301,8000,6.204439984003329e-07,9.014614565927559e-07,10.0,0,0,1.3328560037645516e-07,28.004292153377847,28.022838296226645,28.135109522234508,1.001141938521665e-05,1.0011421478125678e-05,1.0011445967490528e-05,28.004292153377847,28.022838296226645,28.135109522234508,1.001141938521665e-05,1.0011421478125678e-05,1.0011445967490528e-05,1.0000008630022164,1.0000008630022164,1fcae77276133a49,1fcae77276133a49,True,True,2.008900002692826,6.995999996433966,9.004899999126792,1.9754999957513064,18.24320000014268,20.218699995893985
nominal_heatup,8,64.0,64.0,64.0,63.99999999999998,-2.1316282072803006e-14,-177665.39997974408,optimal,-177664.62204661613,False,False,max_iterations,max_iterations,0.006731265545315815,0.07763842165555288,False,5,5,0.0,8000,8000,6.111417008014541e-07,8.879458581745325e-07,10.0,0,0,4.378641784332362e-06,28.01807839987666,28.057673407757182,28.254795432951447,1.0013052839181873e-05,1.0013061671269752e-05,1.0013127537634136e-05,28.01807839987666,28.057673407757182,28.254795432951447,1.0013052839181873e-05,1.0013061671269752e-05,1.0013127537634136e-05,1.0000008738881738,1.0000008738881738,fa7da7a4150261e1,fa7da7a4150261e1,True,True,2.4166000075638294,7.644699988304637,10.061299995868467,2.1649999980581924,344.2478999932064,346.41289999126457
nominal_heatup,9,67.99999999999999,67.99999999999999,67.99999999999997,67.99999999999997,-1.4210854715202004e-14,-187142.34148828022,optimal,-187135.54164842775,False,False,max_iterations,max_iterations,0.0206577702340634,0.07761218466603557,False,5,5,0.0,8000,8000,6.305568689413121e-07,9.140364349846664e-07,10.0,0,0,3.633512165316918e-05,28.047511223592842,28.11622195693027,28.42117301871507,1.0014691440074805e-05,1.0014714737108251e-05,1.0014854481868797e-05,28.047511223592842,28.11622195693027,28.42117301871507,1.0014691440074805e-05,1.0014714737108251e-05,1.0014854481868797e-05,1.0000008905547881,1.0000008905547881,7ff7f670344ac907,ddec85241e2b9cda,True,True,1.318899987381883,14.355300008901395,15.674199996283278,2.3542999988421798,300.5743999965489,302.92869999539107
nominal_heatup,10,71.99999999999997,71.99999999999997,71.99999999999997,71.99999999999997,0.0,-196384.77840504333,optimal,-196371.79533760427,False,False,max_iterations,max_iterations,0.032268010628203316,0.07754517108972717,False,5,5,0.0,8000,8000,6.510454397812282e-07,9.437360697361896e-07,10.0,0,0,6.611035394748055e-05,28.098587088330618,28.204026095810903,28.637444447596287,1.0016340922523065e-05,1.0016389563010768e-05,1.0016646422525322e-05,28.098587088330618,28.204026095810903,28.637444447596287,1.0016340922523065e-05,1.0016389563010768e-05,1.0016646422525322e-05,1.0000009143124624,1.0000009143124624,b049dda0d6760132,b049dda0d6760132,True,True,1.285900012589991,5.360099996323697,6.646000008913688,1.2488999927882105,251.01550000545103,252.26439999823924
nominal_heatup,11,75.99999999999996,75.99999999999996,75.99999999999997,75.99999999999997,1.4210854715202004e-14,-205373.05633183158,optimal,-205353.13708846018,False,False,max_iterations,max_iterations,0.04468186684309657,0.0774373403969535,False,5,5,0.0,8000,8000,5.271957235208902e-07,7.66393557505296e-07,10.0,0,0,9.699053742428005e-05,28.17696474743232,28.325927123648107,28.905878723964744,1.001800935059378e-05,1.0018097472067574e-05,1.0018526362451092e-05,28.17696474743232,28.325927123648107,28.905878723964744,1.001800935059378e-05,1.0018097472067574e-05,1.0018526362451092e-05,1.0000009465851527,1.0000009465851527,d41ebe08cf942e48,c3db9d26fe549d9a,True,True,1.2238000053912401,4.7701000003144145,5.993900005705655,1.1995999957434833,250.17810000281315,251.37769999855664
nominal_heatup,12,79.99999999999994,79.99999999999994,79.99999999999997,79.99999999999997,2.842170943040401e-14,-214088.40646751056,optimal,-214063.13103090762,False,False,max_iterations,max_iterations,0.05233237507592734,0.07728877836373677,False,5,5,0.0,8000,8000,5.292319258387579e-07,7.548050309225118e-07,10.0,0,0,0.0001180607427245016,28.287695303581557,28.48611411336325,29.228022559149494,1.0019707186055292e-05,1.0019852307914455e-05,1.0020521334415317e-05,28.287695303581557,28.48611411336325,29.228022559149494,1.0019707186055292e-05,1.0019852307914455e-05,1.0020521334415317e-05,1.000000988985778,1.000000988985778,584bfb1129999d58,584bfb1129999d58,True,True,1.1958999966736883,5.056499998318031,6.25239999499172,1.2779999960912392,265.7045000087237,266.98250000481494
nominal_heatup,13,83.99999999999996,83.99999999999996,83.99999999999999,83.99999999999997,1.4210854715202004e-14,-222512.42859610394,optimal,-222480.51988485045,False,False,max_iterations,max_iterations,0.06202510355126661,0.07709967676208208,False,5,5,0.0,8000,8000,5.225643917583511e-07,7.480034200924024e-07,10.0,0,0,0.00014340192624152882,28.435189073687383,28.68811443723295,29.60491107244096,1.0021447366458453e-05,1.0021670668093506e-05,1.002266335713411e-05,28.435189073687383,28.68811443723295,29.60491107244096,1.0021447366458453e-05,1.0021670668093506e-05,1.002266335713411e-05,1.0000010434153785,1.0000010434153785,9b6501f11b4b8036,9b6501f11b4b8036,True,True,1.400600012857467,5.306599996401928,6.707200009259395,1.2731999886455014,258.24210001155734,259.51530000020284
nominal_heatup,14,87.99999999999994,87.99999999999994,87.99999999999997,87.99999999999997,2.842170943040401e-14,-230627.10638262113,optimal,-230592.75647918278,True,True,converged(kkt(residual=6.28e-02<=tol=7.69e-02); obj_plateau(range=3.59e-12)),converged,0.06284742154109518,0.07687031639273208,False,5,5,0.0,201,8000,5.8437012739887e-07,8.495088472670886e-07,10.0,0,0,0.00014894130835796672,28.623200041918288,28.934857331659494,30.037186768688905,1.0023245495954168e-05,1.0023572281445382e-05,1.0024990765584491e-05,28.623200041918288,28.934857331659494,30.037186768688905,1.0023245495954168e-05,1.0023572281445382e-05,1.0024990765584491e-05,1.0000011121797336,1.0000011121797336,918a245a8a0a134e,918a245a8a0a134e,True,True,1.269699991098605,6.5015000000130385,7.771199991111644,1.6875999863259494,8.557400011341088,10.244999997667037
nominal_heatup,15,91.99999999999993,91.99999999999993,91.99999999999997,91.99999999999997,4.263256414560601e-14,-238414.81733931246,optimal,-238380.63498478293,True,True,converged(kkt(residual=5.92e-02<=tol=7.66e-02); obj_plateau(range=3.00e-12)),converged,0.059168227041612426,0.07660105287427336,False,5,5,0.0,201,8000,5.89629024716487e-07,8.164697193890902e-07,10.0,0,0,0.00014337344626715655,28.854869120086413,29.22872865371056,30.525195733226727,1.0025120171607514e-05,1.0025580580941484e-05,1.0027549973976509e-05,28.854869120086413,29.22872865371056,30.525195733226727,1.0025120171607514e-05,1.0025580580941484e-05,1.0027549973976509e-05,1.0000011981334345,1.0000011981334345,89999277de89617c,7f9a5aab0edd7596,True,True,1.2480000004870817,5.0349999946774915,6.282999995164573,1.2245999969309196,7.206199996289797,8.430799993220717
nominal_heatup,16,95.99999999999993,95.99999999999993,95.99999999999997,95.99999999999997,4.263256414560601e-14,-245858.33849909017,optimal,-245826.0319697086,True,True,converged(kkt(residual=5.32e-02<=tol=7.63e-02); obj_plateau(range=1.08e-12)),converged,0.05315918070658588,0.07629230471555298,False,5,5,0.0,201,8000,6.278478394960985e-07,8.693920507951702e-07,10.0,0,0,0.00013140302262758358,29.132775953652295,29.571636766375924,31.069051976588753,1.0027093488534011e-05,1.0027723503453636e-05,1.0030397793205575e-05,29.132775953652295,29.571636766375924,31.069051976588753,1.0027093488534011e-05,1.0027723503453636e-05,1.0030397793205575e-05,1.0000013048593073,1.0000013048593073,825c10fb4549c9ca,825c10fb4549c9ca,True,True,1.1857999925268814,4.531900005531497,5.717699998058379,1.2132999981986359,7.1090999990701675,8.322399997268803
nominal_heatup,17,99.99999999999993,99.99999999999993,99.99999999999997,99.99999999999997,4.263256414560601e-14,-252940.84866524732,optimal,-252907.01068154193,False,False,max_iterations,max_iterations,0.05326826545366716,0.07594454330281392,False,5,5,0.0,8000,8000,6.361106272834149e-07,8.808334657217642e-07,10.0,0,0,0.00013377824614855405,29.459001193484145,29.965072618383886,31.66868726952701,1.0029191757879237e-05,1.0030034571632905e-05,1.0033604465787608e-05,29.459001193484145,29.965072618383886,31.66868726952701,1.0029191757879237e-05,1.0030034571632905e-05,1.0033604465787608e-05,1.0000014368973875,1.0000014368973875,9e94efa170440ac9,9e94efa170440ac9,True,True,1.2079000007361174,4.580099994200282,5.787999994936399,1.176100005977787,245.0890000036452,246.26510000962298
nominal_heatup,18,103.99999999999993,103.99999999999993,103.99999999999997,103.99999999999997,4.263256414560601e-14,-259645.92794660272,optimal,-259612.18191372926,True,True,converged(kkt(residual=5.09e-02<=tol=7.56e-02); obj_plateau(range=2.57e-13)),converged,0.050926387749484346,0.07555828450109504,False,5,5,0.0,201,8000,6.76804603472192e-07,9.810758152539734e-07,10.0,0,0,0.000129969425822879,29.83518713825559,30.410166831002797,32.32388788410938,1.0031446486637145e-05,1.003255432719756e-05,1.0037257650833878e-05,29.83518713825559,30.410166831002797,32.32388788410938,1.0031446486637145e-05,1.003255432719756e-05,1.0037257650833878e-05,1.0000016000414043,1.0000016000414043,b52c585128b36b86,b52c585128b36b86,True,True,1.4808999985689297,5.219300001044758,6.700199999613687,1.2275999906705692,7.250499998917803,8.478099989588372
nominal_heatup,19,107.99999999999994,107.99999999999994,107.99999999999997,107.99999999999997,2.842170943040401e-14,-265957.55516190745,optimal,-265928.55130507593,True,True,converged(kkt(residual=4.20e-02<=tol=7.51e-02); obj_plateau(range=2.99e-13)),converged,0.04199558813565572,0.07513408162614542,False,5,5,0.0,201,8000,6.510827432748556e-07,9.116205230697005e-07,10.0,0,0,0.00010905445421866546,30.26259573381852,30.907740544433675,33.03432342597463,1.0033895682563044e-05,1.0035332213742204e-05,1.0041467676231376e-05,30.26259573381852,30.907740544433675,33.03432342597463,1.0033895682563044e-05,1.0035332213742204e-05,1.0041467676231376e-05,1.0000018017276073,1.0000018017276073,79fccccf8f15c6a9,79fccccf8f15c6a9,True,True,1.3583000109065324,5.434199993032962,6.7925000039394945,1.2314000050537288,7.269199995789677,8.500600000843406
nominal_heatup,20,111.99999999999994,111.99999999999994,111.99999999999997,111.99999999999997,2.842170943040401e-14,-271860.1035881512,optimal,-271837.459729102,True,True,converged(kkt(residual=3.15e-02<=tol=7.47e-02); obj_plateau(range=2.98e-13)),converged,0.03152322154606667,0.07467251958521323,False,5,5,0.0,201,8000,6.837688459881974e-07,9.468268560297588e-07,10.0,0,0,8.329231811291875e-05,30.742161255455276,31.45835074073644,33.799569377951165,1.0036585572181912e-05,1.0038429042220354e-05,1.0046374493864521e-05,30.742161255455276,31.45835074073644,33.799569377951165,1.0036585572181912e-05,1.0038429042220354e-05,1.0046374493864521e-05,1.000002051549314,1.000002051549314,26237f67a7a0e7c8,711287311a7e82e7,True,True,1.2586000084411353,6.046900001820177,7.305500010261312,1.7739999893819913,11.144500007503666,12.918499996885657
nominal_heatup,21,115.99999999999996,115.99999999999996,115.99999999999997,115.99999999999997,1.4210854715202004e-14,-277338.3354374501,optimal,-277322.4093909128,False,False,max_iterations,max_iterations,0.0213626851783019,0.07417421001996738,False,5,5,0.0,8000,8000,7.106024639824682e-07,9.839836936365032e-07,10.0,0,0,5.7424610074087085e-05,31.274537519628144,32.06232983559645,34.619125239305966,1.0039572851893256e-05,1.0041920221372836e-05,1.0052156935043224e-05,31.274537519628144,32.06232983559645,34.619125239305966,1.0039572851893256e-05,1.0041920221372836e-05,1.0052156935043224e-05,1.000002361942879,1.000002361942879,9b751e3902f36ed4,846a7839e22c80d8,True,True,1.2014999956591055,4.781200012075715,5.98270000773482,1.2017000117339194,244.49109999113716,245.69280000287108
nominal_heatup,22,119.99999999999996,119.99999999999996,119.99999999999999,119.99999999999997,1.4210854715202004e-14,-282249.2601844363,optimal,-282197.07596616494,False,False,max_iterations,max_iterations,0.06976883802459596,0.07363978731247066,False,5,5,0.0,8000,8000,6.560766223628889e-07,9.55763558074807e-07,10.0,0,0,0.00018488699522014034,31.860139431473698,32.71982012895055,35.492429218553006,1.0042927636276365e-05,1.0045900001126806e-05,1.0059045087611502e-05,31.860139431473698,32.71982012895055,35.492429218553006,1.0042927636276365e-05,1.0045900001126806e-05,1.0059045087611502e-05,1.0000027491075865,1.0000027491075865,c0c53ccfd1fbff75,f3b09411b8df9c38,True,True,1.503100007539615,6.079500002670102,7.582600010209717,1.9007000082638115,225.86399999272544,227.76470000098925
nominal_heatup,23,123.99999999999997,123.99999999999997,124.0000004330801,123.99999999999997,0.0,-285922.71912266745,optimal,-285869.86250708776,False,False,max_iterations,max_iterations,0.07005100500993405,0.07306990534601678,False,5,5,0.0,8000,8000,6.280502446998071e-07,9.073960827166161e-07,10.0,0,0,0.00018486333622724544,32.499179256904526,33.43080354993059,36.418870302862096,1.0046737327042226e-05,1.0050487067028725e-05,1.0067336928314506e-05,32.499179256904526,33.43080354993059,36.4188703028621,1.0046737327042226e-05,1.0050487067028725e-05,1.0067336928314506e-05,1.0000032342458494,1.0000032342458494,f2ac192c71e9e327,35bc48c120ce9f9a,True,True,1.262800011318177,5.024999991292134,6.287800002610311,1.2127999943913892,173.44330000923946,174.65610000363085
nominal_heatup,24,127.99999999999997,127.99999999999997,127.99999999999997,127.99999999999997,0.0,-287335.8751669478,optimal,-287286.2186274071,False,False,max_iterations,max_iterations,0.06552642851850562,0.07246523490438808,False,5,5,0.0,8000,8000,6.228404316743763e-07,8.998690477213245e-07,10.0,0,0,0.00017281711064910416,33.19169804282029,34.19512725832241,37.397798234444124,1.005111170702066e-05,1.0055831947088486e-05,1.0077420781319361e-05,33.19169804282029,34.195127258322415,37.39779823444413,1.005111170702066e-05,1.0055831947088486e-05,1.0077420781319361e-05,1.0000038452434135,1.0000038452434135,097cf872b54ada68,ebba7cf0531ae575,True,True,1.2752999900840223,4.839200002606958,6.11449999269098,1.3527999981306493,169.0009000012651,170.35369999939576
nominal_heatup,25,130.0,130.0,130.0,130.0,0.0,-285421.3433542201,optimal,-285377.5666791368,False,False,max_iterations,max_iterations,0.05765787060924054,0.07182646166125428,False,5,5,0.0,8000,8000,5.973794827696111e-07,8.63083653435126e-07,10.0,0,0,0.00015337569250107358,33.93759271203294,35.01252560136735,38.42853181431628,1.005618967429849e-05,1.0062126862556018e-05,1.0089805789359043e-05,33.937592712032945,35.01252560136736,38.42853181431629,1.005618967429849e-05,1.0062126862556018e-05,1.0089805789359043e-05,1.0000046189564815,1.000004618956481,311707fff0b6f53b,02ece3e105871a13,False,False,1.7121999990195036,5.005999992135912,6.718199991155416,1.2273000029381365,155.19700000004377,156.4243000029819
nominal_heatup,26,130.0,130.0,130.0,130.0,0.0,-281039.4561664829,optimal,-281001.29480649665,False,False,max_iterations,max_iterations,0.05025774587858509,0.07100872566817841,False,5,5,0.0,8000,8000,5.907819797812408e-07,8.251904946021682e-07,10.0,0,0,0.00013578657749524058,34.73663933886756,35.88263890591761,39.51036584016605,1.0062148184087887e-05,1.0069618889944927e-05,1.0105163455459045e-05,34.73663933886757,35.88263890591762,39.51036584016606,1.0062148184087887e-05,1.0069618889944927e-05,1.0105163455459045e-05,1.0000056043396808,1.000005604339681,8eb29ce445d7875e,8e327865e710a1f4,False,False,1.3402000040514395,4.84929999220185,6.189499996253289,1.3644999999087304,185.40099999518134,186.76549999509007
nominal_heatup,27,130.0,130.0,130.0,130.0,0.0,-276121.9701775234,optimal,-276086.84566948604,False,False,max_iterations,max_iterations,0.04632589418899749,0.07002782567582269,False,5,5,0.0,8000,8000,6.886176748821526e-07,9.989197486959256e-07,10.0,0,0,0.00012720660968460574,35.588513092118,36.80502953120534,40.64257692132613,1.0069214176848358e-05,1.007862763007317e-05,1.0124384554526784e-05,35.588513092118006,36.80502953120535,40.64257692132614,1.0069214176848358e-05,1.007862763007317e-05,1.0124384554526784e-05,1.0000068667446973,1.0000068667446973,f92e3f8c7735ab34,e8668d64e152b3bc,False,False,1.2050999939674512,4.591700009768829,5.79680000373628,1.2722999963443726,185.30320000718348,186.57550000352785
nominal_heatup,28,130.0,130.0,130.0,130.0,0.0,-271205.5947255437,optimal,-271172.8414221514,False,False,max_iterations,max_iterations,0.04329331370305631,0.06904684438486627,False,5,5,0.0,8000,8000,5.62927851888162e-07,8.133082021188898e-07,10.0,0,0,0.00012076942748884269,36.49280528639047,37.779195562592335,41.82442836075675,1.00776805645182e-05,1.0089569039656567e-05,1.0148657494724979e-05,36.49280528639048,37.77919556259234,41.824428360756755,1.00776805645182e-05,1.0089569039656569e-05,1.0148657494724979e-05,1.0000084938573894,1.0000084938573894,69a6587c63d2f50b,cc704d544d1cc699,False,False,1.3495000021066517,4.9962000048253685,6.34570000693202,1.2714000040432438,158.6667999945348,159.93819999857806
nominal_heatup,29,130.0,130.0,130.0,130.0,0.0,-266303.80334732385,optimal,-266272.99330798956,False,False,max_iterations,max_iterations,0.04084776900129335,0.06806870211644805,False,5,5,0.0,8000,8000,5.667616420623744e-07,8.188471385395246e-07,10.0,0,0,0.0001156952814517901,37.44903793778677,38.804582478445084,43.05517425772096,1.008792775660128e-05,1.0102987727945596e-05,1.0179576783908196e-05,37.44903793778678,38.80458247844509,43.055174257720964,1.008792775660128e-05,1.0102987727945598e-05,1.0179576783908196e-05,1.000010603941939,1.000010603941939,45a465e323453ee7,cbef66634e65b801,False,False,1.433600002201274,5.86569998995401,7.299299992155284,1.2764999992214143,186.0523000068497,187.3288000060711
nominal_heatup,30,130.0,130.0,130.0,130.0,0.0,-261427.50537077658,optimal,-261400.23919893746,False,False,max_iterations,max_iterations,0.03621876021548192,0.06709577262615266,False,5,5,0.0,8000,8000,5.538212235478568e-07,8.001514517630426e-07,10.0,0,0,0.00010429753492625475,38.456676172467965,39.88059307969842,44.326295872218694,1.0100452783556139e-05,1.0119600936431951e-05,1.0219294017606023e-05,38.45667617246797,39.88059307969843,44.3262958722187,1.0100452783556139e-05,1.0119600936431953e-05,1.0219294017606023e-05,1.0000133502968045,1.0000133502968045,1d55e7d7dec0aadb,d766628155f089a8,False,False,1.5195000014500692,6.223199990927242,7.742699992377311,1.5279000072041526,144.8997999978019,146.42770000500605
nominal_heatup,31,130.0,130.0,130.0,130.0,0.0,-256585.55027185671,optimal,-256564.02894684317,False,False,max_iterations,max_iterations,0.028561413459431438,0.06612998763889327,False,5,5,0.0,8000,8000,5.940057548059485e-07,8.616741871136924e-07,10.0,0,0,8.387618553868833e-05,39.51513879282676,41.00370911940793,45.62384309440204,1.0115908887980325e-05,1.0140358723565775e-05,1.027064961864798e-05,39.51513879282677,41.00370911940794,45.62384309440205,1.0115908887980325e-05,1.0140358723565776e-05,1.027064961864798e-05,1.0000169276166246,1.0000169276166246,ea7b1a85f35d0c10,f4598c01e819090e,False,False,1.2038999993819743,4.651099996408448,5.854999995790422,1.2352000048849732,158.52929999527987,159.76450000016484
nominal_heatup,32,130.0,130.0,129.99999999999997,129.99999999999997,-2.842170943040401e-14,-251785.1210583345,optimal,-251766.1225075383,False,False,max_iterations,max_iterations,0.02529616846404484,0.06517292008472327,False,5,5,0.0,8000,8000,5.815408030684921e-07,8.435923115612809e-07,10.0,0,0,7.545583520540911e-05,40.62166136640787,42.16762674340835,46.9369658648656,1.0135159609374298e-05,1.0166511340095577e-05,1.0337306087914461e-05,40.62166136640788,42.167626743408356,46.936965864865606,1.0135159609374298e-05,1.0166511340095578e-05,1.0337306087914461e-05,1.0000215859513406,1.0000215859513406,1db3ac0cd269c8a4,c8108ff38536af88,False,False,1.2056999985361472,4.6870000078342855,5.892700006370433,1.196499986690469,191.90200000593904,193.0984999926295
nominal_heatup,33,130.0,130.0,130.0,130.0,0.0,-247032.03577662606,optimal,-247016.38974330595,False,False,max_iterations,max_iterations,0.02087809175193523,0.06422584808922023,False,5,5,0.0,8000,8000,5.690584288231548e-07,8.254851762146131e-07,10.0,0,0,6.333660369495334e-05,41.77084845737515,43.36566791672193,48.25708836034171,1.0159342426202962e-05,1.0199689056691246e-05,1.0423972055584554e-05,41.77084845737516,43.36566791672194,48.25708836034172,1.0159342426202962e-05,1.0199689056691248e-05,1.0423972055584554e-05,1.0000276448036494,1.00002764480365,d30ed634c9a4c473,f570a98128e82bb5,False,False,1.3932000001659617,6.237300010980107,7.630500011146069,1.2712000025203452,176.4712000003783,177.74240000289865
nominal_heatup,34,130.0,130.0,129.99999999999997,129.99999999999997,-2.842170943040401e-14,-242330.98516355816,optimal,-242317.9885951913,False,False,max_iterations,max_iterations,0.017413058683337358,0.06328980583168345,False,5,5,0.0,8000,8000,5.568244176856751e-07,8.077383908400293e-07,10.0,0,0,5.363216805291025e-05,42.95635122779743,44.590925972232014,49.57797689401694,1.018994412676557e-05,1.0242010082863204e-05,1.053668028779401e-05,42.956351227797434,44.59092597223202,49.57797689401695,1.018994412676557e-05,1.0242010082863206e-05,1.053668028779401e-05,1.0000355128009815,1.0000355128009815,c3b2fb0fe2b01822,a58c6a9f950e2c1a,False,False,1.9218999950680882,5.031199994846247,6.953099989914335,1.2101999891456217,286.76139999879524,287.97159998794086
nominal_heatup,35,130.0,130.0,130.0,130.0,0.0,-237685.72111121414,optimal,-237674.90484817396,False,False,max_iterations,max_iterations,0.01458914404033879,0.06236562404468214,False,5,5,0.0,8000,8000,5.448339237545952e-07,7.903447718504708e-07,10.0,0,0,4.5507463504588684e-05,44.171406195469075,45.83695172260524,50.8949572932192,1.0228899307463622e-05,1.0296214244032104e-05,1.0683152902901279e-05,44.17140619546908,45.83695172260525,50.89495729321921,1.0228899307463622e-05,1.0296214244032106e-05,1.0683152902901279e-05,1.0000457117886863,1.0000457117886863,4337d30d6b6bcb33,245c2ee087137189,False,False,2.4898000119719654,8.123499996145256,10.613300008117221,4.502499999944121,263.50480000837706,268.0073000083212
nominal_heatup,36,130.0,130.0,130.0,130.0,0.0,-233099.20843406662,optimal,-233090.1740238631,False,False,max_iterations,max_iterations,0.012326457347394527,0.061453962781997,False,5,5,0.0,8000,8000,6.873501803283943e-07,9.961835987226664e-07,10.0,0,0,3.8758961880480685e-05,45.40948352759254,47.0978389175981,52.20455455144949,1.0278713971231812e-05,1.0365834296490869e-05,1.0873268743414286e-05,45.40948352759255,47.097838917598104,52.2045545514495,1.0278713971231812e-05,1.036583429649087e-05,1.0873268743414286e-05,1.0000589086745004,1.000058908674502,5ffec732c83b4c47,d17f5bc5bb87af0a,False,False,2.2017000010237098,8.233700005803257,10.435400006826967,2.0274999988032505,211.46730000327807,213.49480000208132
nominal_heatup,37,130.0,130.0,130.0,130.0,0.0,-228573.74763891986,optimal,-228566.99554763146,False,False,max_iterations,max_iterations,0.00934040952431906,0.0605553380433324,False,5,5,0.0,8000,8000,6.722444538809214e-07,9.742907538523582e-07,10.0,0,0,2.9541703602928718e-05,46.664516953800415,48.3683532001705,53.504128266444766,1.0342623010345865e-05,1.045541181963181e-05,1.1119674734577008e-05,46.66451695380042,48.36835320017051,53.50412826644477,1.0342623010345865e-05,1.0455411819631811e-05,1.1119674734577008e-05,1.0000759571416176,1.0000759571416173,cb73d96bed4df43d,a199123315829f09,False,False,1.373299994156696,5.767099995864555,7.140399990021251,1.743100001476705,184.85299999883864,186.59610000031535
nominal_heatup,38,130.0,130.0,130.0,130.0,0.0,-224111.07441737008,optimal,-224106.0304609699,False,False,max_iterations,max_iterations,0.0071976943362498345,0.059670143460892076,False,5,5,0.0,8000,8000,6.576610047659415e-07,9.531547506824722e-07,10.0,0,0,2.2508581304982423e-05,47.93105863475706,49.643915160377404,54.791662659233666,1.0424789135198688e-05,1.057077204438009e-05,1.1438591403752979e-05,47.931058634757065,49.64391516037741,54.79166265923367,1.0424789135198688e-05,1.0570772044380092e-05,1.1438591403752979e-05,1.0000979538377246,1.0000979538377246,dc9dd1c04ee405ee,aa457fa9e6d107ef,False,False,1.6534000023966655,6.285699986619875,7.93909998901654,1.7096999945351854,220.18800000660121,221.8977000011364
nominal_heatup,39,130.0,130.0,130.0,130.0,0.0,-219712.43955652008,optimal,-219709.87412985804,False,False,max_iterations,max_iterations,0.0038254944615679913,0.0587986678777465,False,5,5,0.0,8000,8000,6.425929797160279e-07,9.313165323376893e-07,10.0,0,0,1.1679213609050417e-05,49.20430631494216,50.92057550494544,56.065602396874425,1.0530555493521728e-05,1.0719374634412517e-05,1.1850890373346329e-05,49.204306314942166,50.92057550494545,56.06560239687443,1.0530555493521728e-05,1.0719374634412519e-05,1.1850890373346329e-05,1.0001263149983302,1.0001263149983302,f9231ad42e3bec27,c4c1fa5ef74bc075,False,False,2.0960999972885475,7.735200008028187,9.831300005316734,2.0981999987270683,250.57099999685306,252.66919999558013
nominal_heatup,40,130.0,130.0,130.0,130.0,0.0,-215378.67168252845,optimal,-215377.67516622983,False,False,max_iterations,max_iterations,0.001917483602040908,0.0579411092478518,False,5,5,0.0,8000,8000,6.286500848773358e-07,9.111089527280569e-07,10.0,0,0,4.6302235264592335e-06,50.480091836351285,52.19495775967505,57.32474554955665,1.0666767540547945e-05,1.0910765749966644e-05,1.238355239644559e-05,50.48009183635129,52.194957759675056,57.32474554955666,1.0666767540547945e-05,1.0910765749966646e-05,1.2383552396445595e-05,1.0001628826826376,1.0001628826826376,23ec3ae69006c90b,c4e639f2ad5b4b97,False,False,1.379199995426461,6.235200009541586,7.614400004968047,1.7362000071443617,223.5043999971822,225.24060000432655
nominal_heatup,41,130.0,130.0,130.0,130.0,0.0,-211111.14689637834,optimal,-211111.11987272018,True,True,converged(kkt(residual=4.91e-04<=tol=5.71e-02); obj_plateau(range=1.66e-08)),converged,0.0004906672057895514,0.05709758542047869,False,5,5,0.0,501,8000,6.800675294016401e-07,9.865167793776664e-07,10.0,0,0,1.331226545365167e-07,51.75483560174434,53.4641995143953,58.568163767464874,1.0842186462087133e-05,1.1157166424599133e-05,1.3071662770483212e-05,51.75483560174435,53.464199514395304,58.56816376746488,1.0842186462087133e-05,1.1157166424599135e-05,1.3071662770483217e-05,1.000210073755604,1.000210073755604,a381559fbb950d1d,83adbca440833e0f,False,False,1.8087000062223524,6.656999990809709,8.465699997032061,1.9074000010732561,13.638299991725944,15.5456999927992
nominal_heatup,42,130.0,130.0,130.0,130.0,0.0,-206912.32783061662,optimal,-206912.29927938865,True,True,converged(kkt(residual=1.08e-03<=tol=5.63e-02); obj_plateau(range=1.74e-08)),converged,0.0010777874525396572,0.05626814156472215,False,5,5,0.0,451,8000,6.726167924853144e-07,9.757086418815675e-07,10.0,0,0,1.396652582936762e-07,53.02549121637783,54.725890756821585,59.79514556110168,1.1068025253675922e-05,1.1474247701261863e-05,1.3961166177047799e-05,53.02549121637784,54.72589075682159,59.79514556110168,1.1068025253675922e-05,1.1474247701261865e-05,1.3961166177047804e-05,1.0002710907268957,1.0002710907268957,17ca43bda6c11d13,593df6c439998031,False,False,1.7648000066401437,6.3605000032112,8.125300009851344,1.7664000042714179,11.805899994214997,13.572299998486415
nominal_heatup,43,130.0,130.0,130.0,130.0,0.0,-202781.96203119605,optimal,-202781.9225624983,True,True,converged(kkt(residual=1.96e-03<=tol=5.55e-02); obj_plateau(range=2.45e-08)),converged,0.0019581857838933373,0.055452754518273084,False,5,5,0.0,351,8000,6.654502158198738e-07,9.653126786801636e-07,10.0,0,0,1.969723575200269e-07,54.28948544658737,55.978016398292105,61.00515332643331,1.1358651936153698e-05,1.1882164517023142e-05,1.5112695179349733e-05,54.28948544658738,55.97801639829211,61.005153326433316,1.1358651936153698e-05,1.1882164517023144e-05,1.5112695179349738e-05,1.0003502217184121,1.0003502217184117,e26f249b1c4df875,5fa3f11b8b534d2c,False,False,1.7146999889519066,5.965300006209873,7.679999995161779,1.6469999973196536,10.144100000616163,11.791099997935817
nominal_heatup,44,130.0,130.0,130.0,130.0,0.0,-198719.33643193133,optimal,-198719.3156142013,True,True,converged(kkt(residual=1.92e-03<=tol=5.47e-02); obj_plateau(range=1.36e-08)),converged,0.001916083601354186,0.054651332468782544,False,5,5,0.0,201,8000,6.579060851663598e-07,9.54369027361679e-07,10.0,0,0,1.0855043302219586e-07,55.54466009462919,57.218903246915346,62.19779083408778,1.1732523445269194e-05,1.2406951562850738e-05,1.660691317248316e-05,55.544660094629194,57.21890324691535,62.19779083408779,1.1732523445269194e-05,1.240695156285074e-05,1.6606913172483163e-05,1.0004532681750724,1.0004532681750724,7abf743314cafe75,4b8e405ad8115bad,False,False,2.2440000029746443,6.336099992040545,8.580099995015189,1.6660000110277906,7.363299999269657,9.029300010297447
nominal_heatup,45,130.0,130.0,130.0,130.0,0.0,-194722.73380527928,optimal,-194717.56614164304,True,True,converged(kkt(residual=6.79e-03<=tol=5.39e-02); obj_plateau(range=1.64e-15)),converged,0.006792242239706767,0.05386371158789679,False,5,5,0.0,201,8000,5.547224048996213e-07,8.039648209390293e-07,10.0,0,0,2.6542455921816896e-05,56.789217674450455,58.44717272868526,63.3727778009778,1.221344127067576e-05,1.3082428465613037e-05,1.8551986542778224e-05,56.78921767445046,58.44717272868527,63.372777800977815,1.221344127067576e-05,1.3082428465613039e-05,1.8551986542778255e-05,1.0005881542511206,1.000588154251119,0f32fd1f0e955319,2f7f300362350972,False,False,1.9145999976899475,6.783900011214428,8.698500008904375,1.76830000418704,11.660999996820465,13.429300001007505
nominal_heatup,46,130.0,130.0,130.0,130.0,0.0,-190788.5057477284,optimal,-190776.0252087976,True,True,converged(kkt(residual=1.64e-02<=tol=5.31e-02); obj_plateau(range=1.98e-15)),converged,0.01641217459706913,0.053089645351986896,False,5,5,0.0,201,8000,6.665222542778793e-07,9.661708171293526e-07,10.0,0,0,6.541881938613467e-05,58.021672340212916,59.66169913612939,64.52992981579378,1.283225903535136e-05,1.3952823801894357e-05,2.1094037516679103e-05,58.02167234021292,59.6616991361294,64.52992981579379,1.283225903535136e-05,1.3952823801894359e-05,2.1094037516679137e-05,1.0007657922929525,1.0007657922929523,bd5a7865fc375bfa,3da7aa2bd3e10d90,False,False,1.8455999961588532,6.254699997953139,8.100299994111992,1.7850000003818423,11.81939999514725,13.604399995529093
nominal_heatup,47,130.00000000000003,130.00000000000003,130.0,130.0,-2.842170943040401e-14,-186914.6052038146,optimal,-186895.54245825604,True,True,converged(kkt(residual=2.51e-02<=tol=5.23e-02); obj_plateau(range=1.56e-15)),converged,0.02508518587213351,0.05232878897371409,False,5,5,0.0,201,8000,5.445816384508362e-07,7.912388344522014e-07,10.0,0,0,0.00010199791697651682,59.24080627823816,60.86157324805601,65.66914222531284,1.3629227439716847e-05,1.5076414058007537e-05,2.4431749600808593e-05,59.24080627823817,60.861573248056025,65.66914222531285,1.3629227439716847e-05,1.5076414058007539e-05,2.4431749600808675e-05,1.0010013058592755,1.0010013058592766,c59eeed7c1c5b42a,57410f0dbe537f86,False,False,1.7351000133203343,6.1009999917587265,7.836100005079061,1.8046999903162941,9.071000007679686,10.87569999799598
nominal_heatup,48,130.0,130.0,130.0,130.0,0.0,-183098.4962159504,optimal,-183073.5480565016,True,True,converged(kkt(residual=3.29e-02<=tol=5.16e-02); obj_plateau(range=1.75e-15)),converged,0.03285424718806865,0.05158067040320104,False,5,5,0.0,201,8000,5.492548069696568e-07,7.980286893527477e-07,10.0,0,0,0.0001362814350249375,60.445631502829244,62.046070844933716,66.79037712551896,1.4657239205824328e-05,1.6530593465596096e-05,2.8836727925755446e-05,60.44563150282925,62.04607084493373,66.79037712551897,1.4657239205824328e-05,1.6530593465596096e-05,2.8836727925755534e-05,1.0013157471013447,1.0013157471013459,915f66a05d6b3bc0,acf3212e4ff77131,False,False,1.7999000119743869,6.219299990334548,8.019200002308935,1.789200003258884,8.047799987252802,9.836999990511686
nominal_heatup,49,130.0,130.0,130.0,130.0,0.0,-179336.71123913286,optimal,-179306.54257688686,True,True,converged(kkt(residual=3.98e-02<=tol=5.08e-02); obj_plateau(range=1.62e-15)),converged,0.03976118670774211,0.05084464613348719,False,5,5,0.0,201,8000,6.126449534349376e-07,8.901301260522132e-07,10.0,0,0,0.0001682742521870521,61.63535669095368,63.21462566327623,67.89365282436218,1.5986343757010025e-05,1.841895514025872e-05,3.468179049773312e-05,61.63535669095369,63.214625663276244,67.89365282436219,1.5986343757010025e-05,1.8418955140258733e-05,3.468179049773321e-05,1.0017384914685052,1.0017384914685026,ed7ef8cc2b0a80a3,2a9068b35bc49550,False,False,1.8683999951463193,6.717500000377186,8.585899995523505,1.385600000503473,7.7640000090468675,9.14960000955034
nominal_heatup,50,130.0,130.0,130.0,130.0,0.0,-175624.46633158968,optimal,-175589.7114279555,True,True,converged(kkt(residual=4.58e-02<=tol=5.01e-02); obj_plateau(range=1.82e-15)),converged,0.045846446500416735,0.05011983276830526,False,5,5,0.0,201,8000,5.614874254433744e-07,8.158018873771766e-07,10.0,0,0,0.00019798507763495177,62.80935862777153,64.36680630859729,68.97903535661555,1.771004879334599e-05,2.0881188322763476e-05,4.248012413352573e-05,62.809358627771545,64.3668063085973,68.97903535661558,1.771004879334599e-05,2.088118832276349e-05,4.248012413352589e-05,1.0023105527641403,1.00231055276414,419b9d3d97799a0b,15a0d58fd374debd,False,False,1.4224000042304397,4.665800006478094,6.088200010708533,1.3730999926337972,8.069000003160909,9.442099995794706
nominal_heatup,51,130.0,130.0,129.99999999999997,129.99999999999997,-2.842170943040401e-14,-171955.0484212246,optimal,-171916.31299291278,False,False,max_iterations,max_iterations,0.0511492945833689,0.049404998490476915,False,5,5,0.0,8000,8000,6.772483089889647e-07,9.824272613201401e-07,10.0,0,0,0.00022542448441267537,63.96715780299739,65.50229669912929,70.04663175947263,1.9954127492003092e-05,2.4106900556497137e-05,5.293923003597164e-05,63.967157802997406,65.50229669912932,70.04663175947266,1.9954127492003092e-05,2.4106900556497154e-05,5.2939230035971814e-05,1.0030891393708201,1.0030891393708201,0db767955c2f20b3,1f3541454ecb8c0a,False,False,1.952599996002391,6.999900011578575,8.952500007580966,2.113499998813495,423.85450001165736,425.96800001047086
nominal_heatup,52,130.0,130.0,130.0,130.0,0.0,-168318.8191011335,optimal,-168276.68266804464,False,False,max_iterations,max_iterations,0.05570658151412078,0.04869838716390785,False,5,5,0.0,8000,8000,5.388176731457861e-07,7.828644656981965e-07,10.0,0,0,0.00025060830516421365,65.10839773149326,66.62087966539485,71.09658492755244,2.288892387473418e-05,2.8354882832899212e-05,6.703486721298806e-05,65.10839773149327,66.62087966539488,71.09658492755247,2.288892387473418e-05,2.835488283289929e-05,6.703486721298836e-05,1.0041538720862668,1.0041538720862666,d38914f9ce1ff888,72f3b2bfae1d0a28,False,False,1.7880999948829412,6.9847999984631315,8.772899993346073,2.164299992728047,354.4084000022849,356.57269999501295
nominal_heatup,53,130.0,130.0,130.0,130.0,0.0,-164701.53886287927,optimal,-164656.55929792352,False,False,max_iterations,max_iterations,0.05955259873985551,0.04799742373518355,False,5,5,0.0,8000,8000,5.226749522080354e-07,7.594102973129679e-07,10.0,0,0,0.0002735531934523726,66.23282762269274,67.72242340235863,72.1290699518052,2.6746518406205812e-05,3.397988237098335e-05,8.611184642383605e-05,66.23282762269277,67.72242340235866,72.12906995180523,2.6746518406205812e-05,3.397988237098351e-05,8.611184642383666e-05,1.0056152093333455,1.0056152093333455,ef5e8cd39f893654,cbafe0eab8873078,False,False,1.8118999869329855,6.180399999720976,7.992299986653961,1.8358999950578436,390.3520000021672,392.18789999722503
nominal_heatup,54,130.0,130.0,130.0,130.0,0.0,-161081.43521375846,optimal,-161034.15571237323,False,False,max_iterations,max_iterations,0.06271634982012717,0.04729820150154353,False,5,5,0.0,8000,8000,5.324442753362746e-07,7.736046150341735e-07,10.0,0,0,0.0002942774789036434,67.34028809419578,68.80687054634413,73.14429192629686,3.1844611049781495e-05,4.1469671910037346e-05,0.0001120206141967142,67.34028809419581,68.80687054634416,73.14429192629689,3.1844611049781495e-05,4.146967191003758e-05,0.00011202061419671508,1.0076257803464348,1.0076257803464352,fae8f4b58ac9cfb1,f22cd4b86f2a93c1,False,False,2.392499998677522,10.845100012375042,13.237600011052564,3.290799999376759,504.55300000612624,507.843800005503
nominal_heatup,55,130.0,130.0,130.0,130.0,0.0,-157423.84626396018,optimal,-157374.80903137755,False,False,max_iterations,max_iterations,0.06521778119891196,0.04659455098201135,False,5,5,0.0,8000,8000,6.854863840999315e-07,9.93660663972662e-07,10.0,0,0,0.00031279007619330006,68.43069970476232,69.87422973194204,74.14248528314019,3.8619637364567744e-05,5.1496155359949186e-05,0.00014730119077533435,68.43069970476235,69.87422973194207,74.1424852831402,3.8619637364567744e-05,5.1496155359949457e-05,0.00014730119077533538,1.010395516954784,1.0103955169547845,0cbbb4972aab60d1,31ea2b98cbae8fab,False,False,2.035999990766868,7.9381999967154115,9.97419998748228,1.8451999931130558,522.9433000058634,524.7884999989765
nominal_heatup,56,130.0,130.0,130.0,130.0,0.0,-153677.66506215444,optimal,-153627.42050591615,False,False,max_iterations,max_iterations,0.06705005614355472,0.04587736519847325,False,5,5,0.0,8000,8000,6.315961798009084e-07,9.176660267229408e-07,10.0,0,0,0.0003290167313335109,69.5040541714148,70.924569573403,75.12391479571387,4.767250118687801e-05,6.498548706359931e-05,0.00019542929915612015,69.50405417141482,70.92456957340303,75.12391479571389,4.767250118687801e-05,6.498548706359971e-05,0.00019542929915612135,1.014211710750462,1.0142117107504625,cb4328268b2389c5,9e2a65872c1cadd9,False,False,1.6497000033268705,5.789199989521876,7.4388999928487465,1.4667999930679798,300.0686000013957,301.53539999446366
nominal_heatup,57,130.0,130.0,130.0,130.0,0.0,-149805.94532267828,optimal,-149755.12754503702,False,False,max_iterations,max_iterations,0.06813282364235725,0.045139561529521324,False,5,5,0.0,8000,8000,5.111084391273835e-07,7.407546833704259e-07,10.0,0,0,0.00034248681630001963,70.56040823389365,71.95801511327056,76.0888784775621,5.983144181865124e-05,8.321377814266961e-05,0.0002611435762269537,70.56040823389368,71.95801511327059,76.08887847756213,5.983144181865133e-05,8.321377814267008e-05,0.0002611435762269551,1.0194654224269877,1.0194654224269861,bfe5674a528f23e7,73cfec6533f776c9,False,False,1.4709999959450215,5.624600002192892,7.095599998137914,1.375199994072318,307.7084999968065,309.0836999908788
nominal_heatup,58,130.0,130.0,130.0,130.0,0.0,-145752.89089884126,optimal,-145702.22869304856,False,False,max_iterations,max_iterations,0.06837435282458458,0.04437125278222234,False,5,5,0.0,8000,8000,5.172672388198407e-07,7.496806917473009e-07,10.0,0,0,0.00035265996424735374,71.59988023965894,72.97474689074429,77.03771270348125,7.623802393224706e-05,0.00010793700677174436,0.0003508777483324809,71.59988023965897,72.97474689074431,77.03771270348128,7.623802393224716e-05,0.00010793700677174491,0.0003508777483324832,1.0266860520935506,1.026686052093552,126049ec5398d36e,335059e238518eaf,False,False,1.9043999927816913,5.37379999877885,7.278199991560541,1.3442000054055825,283.70429998904,285.0484999944456
nominal_heatup,59,130.0,130.0,130.0,130.0,0.0,-141444.60886665623,optimal,-141394.9878511902,False,False,max_iterations,max_iterations,0.06761341151065153,0.043559618061664425,False,5,5,0.0,8000,8000,5.440314509996824e-07,7.904421304161247e-07,10.0,0,0,0.0003585965893057353,72.62264964699986,73.9750029073809,77.9707999945643,9.846413029699062e-05,0.0001415663492820105,0.0004733277732075414,72.62264964699989,73.97500290738093,77.97079999456433,9.846413029699087e-05,0.00014156634928201114,0.00047332777320754406,1.0365863512084827,1.036586351208483,9c67a6f84aafe4ab,2e9b22cd2dea2eaf,False,False,1.8562000041129068,6.18709999253042,8.043299996643327,1.2903000024380162,301.181999995606,302.47229999804404
nominal_heatup,60,130.0,130.0,129.99999999999997,129.99999999999997,-2.842170943040401e-14,-136783.1983565147,optimal,-136735.77507178203,False,False,max_iterations,max_iterations,0.06556858777155197,0.04268788354347404,False,5,5,0.0,8000,8000,5.503742954715563e-07,7.996588538006222e-07,10.0,0,0,0.0003585984416806862,73.62895978704016,74.95908391297361,78.88858004554173,0.00012867025852995718,0.00018740344468097736,0.0006401914369111129,73.62895978704019,74.95908391297364,78.88858004554174,0.00012867025852995748,0.00018740344468097845,0.0006401914369111172,1.050120718510396,1.0501207185103965,dfe00ad36962e1b7,d752693ae6cbfcd1,False,False,1.8287999992026016,6.591700002900325,8.420500002102926,1.2752000038744882,296.11409999779426,297.38930000166874
nominal_heatup,61,130.0,130.0,130.0,130.0,0.0,-131640.73596168097,optimal,-131597.0919996542,False,False,max_iterations,max_iterations,0.061785507824165704,0.04173433461163205,False,5,5,0.0,8000,8000,5.196372256932591e-07,7.531155121753841e-07,10.0,0,0,0.000349719750421774,74.61912439324067,75.9273626060559,79.7915647370316,0.00016981851204121582,0.000249954278207547,0.000867127057893924,74.6191243932407,75.92736260605591,79.79156473703163,0.00016981851204121614,0.00024995427820754916,0.0008671270578939291,1.0685602951995168,1.0685602951995172,966f991464ca2518,f86ffeda7c44dcc0,False,False,1.4980999985709786,7.055100009893067,8.553200008464046,1.340999995591119,283.5458000045037,284.8868000000948
nominal_heatup,62,130.0,130.0,130.0,130.0,0.0,-125848.00475961802,optimal,-125810.39716603584,False,False,max_iterations,max_iterations,0.05553181101061719,0.04067055717235214,False,5,5,0.0,8000,8000,5.238184570544036e-07,7.591754185298782e-07,10.0,0,0,0.00032674604608461534,75.59353860711926,76.88029754981152,80.68035807598109,0.00022595761699722793,0.00033534566642785455,0.0011749892088737301,75.59353860711927,76.88029754981154,80.6803580759811,0.0002259576169972283,0.00033534566642785715,0.0011749892088737384,1.0935892358408452,1.093589235840848,f573cd9145967755,f8851af5954b3b3a,False,False,1.239799996255897,4.5735000021522865,5.8132999984081835,1.204100000904873,287.56550000980496,288.76960001070984
nominal_heatup,63,130.0,130.0,130.0,130.0,0.0,-119177.31575116643,optimal,-119154.35109969537,False,False,max_iterations,max_iterations,0.038203095384578487,0.0394589144272697,False,5,5,0.0,8000,8000,6.549501563313243e-07,9.492259325227792e-07,10.0,0,0,0.00023597837605826203,76.55269541198885,77.81845285698665,81.55568225699331,0.000302602347467781,0.00045187509501606806,0.0015914133079866558,76.55269541198888,77.81845285698668,81.55568225699332,0.00030260234746778145,0.00045187509501607115,0.0015914133079866655,1.1274277236504153,1.1274277236504195,cd251425891d63e5,8f6f2b07cbf4b0d0,False,False,1.1966000020038337,5.571500005316921,6.768100007320754,1.2394000077620149,223.20469999976922,224.44410000753123
nominal_heatup,64,130.0,130.0,130.0,130.0,0.0,-111314.182329429,optimal,-111305.49281652273,False,False,max_iterations,max_iterations,0.02093645924682359,0.03804817436974751,False,5,5,0.0,8000,8000,5.988620159769198e-07,8.679368308506241e-07,10.0,0,0,0.0001359065474847014,77.49720874793374,78.74252501387184,82.41841135365388,0.0004072362690768489,0.000610733411020268,0.0021528384063738536,77.49720874793377,78.74252501387187,82.4184113536539,0.00040723626907685016,0.0006107334110202738,0.0021528384063738693,1.1637021882955467,1.1637021882955465,5a49a21b99268ec6,c896a274865f70dc,False,False,1.985499999136664,4.965899992384948,6.951399991521612,1.292100001592189,235.51169999700505,236.80379999859724
nominal_heatup,65,130.0,130.0,130.0,130.0,0.0,-101818.9521239053,optimal,-101826.03653286835,False,False,max_iterations,max_iterations,0.00219127148186848,0.03637104076242068,False,5,5,0.0,8000,8000,5.304954697749054e-07,7.688524705784516e-07,10.0,0,0,1.0429966623567835e-05,78.42784494406874,79.65337861958591,83.26961456008871,0.0005499752700757756,0.0008269513780813432,0.0029070797804485924,78.42784494406877,79.65337861958594,83.26961456008874,0.000549975270075777,0.0008269513780813502,0.002907079780448611,1.1641786564642513,1.1641786564642533,134026334f8caf52,75ddc9a3434a2c37,False,False,1.5167999954428524,4.451000000699423,5.967799996142276,1.166599991847761,218.75440000439994,219.9209999962477
nominal_heatup,66,130.0,130.0,130.0,130.0,0.0,-90163.84082646164,optimal,-90154.81227669585,True,True,converged(kkt(residual=2.53e-02<=tol=3.43e-02); obj_plateau(range=6.46e-16)),converged,0.025320374607233003,0.03434101942415523,False,5,5,0.0,201,8000,6.110943360226884e-07,8.672583629021346e-07,10.0,0,0,0.00020768740282482663,79.34556460405534,80.55209335323579,84.11061145147468,0.0007444407920444463,0.0011206365717722903,0.003916591951351883,79.34556460405537,80.55209335323582,84.11061145147471,0.0007444407920444479,0.0011206365717723007,0.003916591951351905,1.164377254198572,1.1643772541985693,7fe852072ccaaef7,47fdeda37e05d7ff,False,False,1.2315000058151782,5.567000000155531,6.798500005970709,1.6720999992685392,14.221699995687231,15.89379999495577
nominal_heatup,67,130.0,130.0,130.0,130.0,0.0,-75588.44415568828,optimal,-75556.83821705185,False,False,max_iterations,max_iterations,0.05247569672717621,0.031866679459142885,False,5,5,0.0,8000,8000,6.663638743020783e-07,9.7083845140844e-07,10.0,0,0,0.0005048595926549848,80.25157775443296,81.44002521218513,84.94304248452,0.001008907354669381,0.001518588440871167,0.005262601461616995,80.25157775443299,81.44002521218516,84.94304248452003,0.0010089073546693866,0.0015185884408711794,0.005262601461617021,1.1644013940425086,1.1644013940425086,11a92dc1e456d331,fdcd87e3e6f68d77,False,False,1.2302999966777861,4.672099996241741,5.902399992919527,1.2892000086139888,357.788299996173,359.077500004787
nominal_heatup,68,130.0,130.0,129.98070246310226,129.98070246310226,-0.01929753689773861,-56749.39957301054,optimal,-56781.208001898274,True,True,converged(kkt(residual=3.94e-03<=tol=2.88e-02); obj_plateau(range=4.29e-14)),converged,0.0039432412260067065,0.028815219747691644,False,5,5,0.0,201,8000,6.113572226240649e-07,8.942034579462188e-07,10.0,0,0,4.9950530830249624e-05,81.1474160036229,82.31888609262268,85.76895901918326,0.0013678110793140352,0.002056409687077168,0.0070503417199141195,81.14741600362292,82.3188860926227,85.76895901918328,0.001367811079314047,0.0020564096870771863,0.007050341719914163,1.1643596554689415,1.164359655468941,7d674d5f7674b5f1,cd2d8c40869201a6,False,False,1.276099996175617,4.649099995731376,5.925199991906993,1.2076999992132187,11.963800003286451,13.17150000249967
nominal_heatup,69,126.0,126.0,125.98070246310233,125.98070246310233,-0.019297536897667555,-32801.37369245575,optimal,-32800.66928670844,True,True,converged(kkt(residual=6.75e-07<=tol=2.52e-02); obj_plateau(range=6.65e-16)),converged,6.75189974270864e-07,0.025165465819627683,False,5,5,0.0,201,8000,6.59361901966804e-07,9.556199360716278e-07,10.0,0,0,-1.4294681513042515e-08,82.03502681098917,83.19084727609174,86.59093867531229,0.0018537380486049763,0.002781276491450175,0.009415696603958829,82.0350268109892,83.19084727609177,86.59093867531232,0.0018537380486049937,0.002781276491450212,0.00941569660395888,1.1643695061459762,1.1643695061459745,3d9debb71f006bbd,06e181333456e661,True,True,1.596999994944781,4.967800006852485,6.564800001797266,1.3525000103982165,46.168399989255704,47.52089999965392
nominal_heatup,70,122.0,122.0,121.98070246310233,121.98070246310233,-0.019297536897667555,-2030.6348071045286,optimal,-2038.9780415980058,True,True,converged(kkt(residual=9.06e-07<=tol=2.10e-02); obj_plateau(range=7.14e-15)),converged,9.055407363022832e-07,0.02095481508575772,False,5,5,0.0,201,8000,6.533311704970401e-07,9.468795214573333e-07,10.0,0,0,-2.9721311335367857e-07,82.91689697522979,84.05867461721584,87.412234102917,0.0025100594802886338,0.00375559695020257,0.01253366642509912,82.91689697522982,84.05867461721587,87.41223410291703,0.002510059480288654,0.0037555969502026144,0.012533666425099226,1.1645625162363449,1.1645625162363435,86d1cb0420495317,0eab831294be9bcf,True,True,1.259199998457916,4.938400001265109,6.197599999723025,1.2676999904215336,40.64690000086557,41.914599991287105
nominal_heatup,71,118.00000000000001,118.00000000000001,117.98070246310235,117.98070246310235,-0.019297536897667555,40374.772495149344,optimal,40419.2451572579,False,False,max_iterations,max_iterations,0.10458423732665456,0.0217667955705142,False,5,5,0.0,8000,8000,6.376644847705393e-07,9.291995155535915e-07,10.0,0,0,0.0016675664652426219,83.79621552972407,84.92590665561903,88.23696665853336,0.003394454966651837,0.0050618905306661745,0.01662922679636177,83.7962155297241,84.92590665561906,88.23696665853339,0.0033944549666518613,0.0050618905306662266,0.01662922679636189,1.1650915837151197,1.165091583715119,b7a993df5064f278,048747e1aa15a48f,True,True,1.2024000025121495,4.496699999435805,5.699100001947954,1.1947999882977456,1671.926800001529,1673.1215999898268
nominal_heatup,72,114.0,114.0,113.98070246310235,113.98070246310235,-0.019297536897653345,108206.59764050941,optimal,108456.74854330684,False,False,max_iterations,max_iterations,0.4755398131433639,0.03554950095511698,False,5,5,0.0,8000,8000,6.329394324211535e-07,9.223966372928771e-07,10.0,0,0,0.002780001325910944,84.67709107705628,85.79709227301232,89.070381713082,0.004583682868340428,0.006809385686102542,0.021991385533526475,84.6770910770563,85.79709227301235,89.07038171308204,0.004583682868340464,0.006809385686102616,0.021991385533526652,1.1661410862828399,1.1661410862828383,8ce13768a91fdf78,531d57f4cbb9e281,True,True,1.305600002524443,5.039399999077432,6.345000001601875,1.1996000102953985,1731.578199993237,1732.7778000035323
nominal_heatup,73,110.0,110.0,109.98070246310235,109.98070246310235,-0.019297536897653345,229693.44155899782,optimal,230500.57206881366,False,False,max_iterations,max_iterations,1.3837453959730277,0.05915733295494965,False,5,5,0.0,8000,8000,6.453971082009957e-07,9.406629857267035e-07,10.0,0,0,0.004008803617741119,85.5648464189111,86.67811322409723,89.91919045961777,0.006180149049943025,0.009143100525628176,0.02899159883398972,85.56484641891113,86.67811322409727,89.91911551682415,0.006180149049943068,0.009143100525628278,0.028991598833990027,1.167941507712736,1.1679408466109924,897c5bf2fab7431b,5cb639afb0d1ffcc,True,True,1.2426000030245632,4.771799998707138,6.014400001731701,1.1900999961653724,1630.4737000027671,1631.6637999989325
nominal_heatup,74,105.99999999999999,105.99999999999999,105.98070246310233,105.98070246310235,-0.019297536897639134,474072.08946495014,optimal,476352.0041741673,False,False,max_iterations,max_iterations,3.178364892820456,0.09679876792386781,False,5,5,0.0,8000,8000,6.422309297704487e-07,9.361963266840689e-07,10.0,0,0,0.0054010585953097575,86.46642630771652,87.57663126830742,90.77650176568609,0.008321147062830056,0.012256619320811018,0.038108255593280585,86.46642630771656,87.57660341411693,90.77629589282354,0.008321147062830138,0.012256619320811159,0.038108151234324913,1.1706518276892943,1.1706498647205081,d1f0cbb2f6e6e217,d9bb139efca174cb,True,True,1.3151000021025538,4.836499996599741,6.151599998702295,1.5737999929115176,1907.0787000091514,1908.6525000020629
nominal_heatup,75,101.99999999999997,101.99999999999997,101.98070246310235,101.98070246310235,-0.019297536897624923,1021069.1337313594,optimal,1027133.297934859,False,False,max_iterations,max_iterations,5.945765957244507,0.15725859093070899,False,5,5,0.0,8000,8000,6.634147240447419e-07,9.672824718975903e-07,10.0,0,0,0.006712788396683853,87.39097626199025,88.49695046222594,91.6417152448056,0.011192198561074394,0.01641054849661532,0.049931834889274294,87.39095555670583,88.49686617687402,91.6413263884471,0.01119219856107451,0.016410530593123418,0.04993134540841255,1.174525888175712,1.1745218419494334,c0f9f290a9d29ee6,320d442e1ffb2914,True,True,1.5625999949406832,5.000999997719191,6.563599992659874,1.6211000038310885,1900.7256000040798,1902.3467000079108
nominal_heatup,76,97.99999999999997,97.99999999999997,97.98070246310233,97.98070246310235,-0.019297536897624923,2412298.125694839,optimal,2428402.3046686286,False,False,max_iterations,max_iterations,10.022630341877159,0.2591217718439361,False,5,5,0.0,8000,8000,6.088497457312769e-07,8.824121211503666e-07,8.94077683970527,0,0,0.007741652919499481,88.34639752244581,89.44644927233456,92.51806012636227,0.015046914377712908,0.021955075656455367,0.06518310470964248,88.34632912769864,89.44627282489522,92.51744456471411,0.015046902015134384,0.021954982789124607,0.06518165118654994,1.179916220974422,1.1799091997787479,e22b300c2c1a4b44,ea106e09859a18cd,True,True,1.2181000056443736,5.132999998750165,6.351100004394539,1.3002999912714586,1870.541399999638,1871.8416999909095
nominal_heatup,77,93.99999999999997,93.99999999999997,93.98070246310235,93.98070246310235,-0.019297536897624923,6468245.268781971,optimal,6512771.559923523,False,False,max_iterations,max_iterations,16.64699195426797,0.4400913089872787,False,5,5,0.0,8000,8000,6.796877443093763e-07,9.850783557752152e-07,67.55778967042352,0,0,0.008360414951066706,89.3434982819535,90.43545761777781,93.4143146726347,0.0202342045479066,0.029364713724122544,0.08472816533236233,89.34334760250032,90.43515066800914,93.41342825347857,0.020234135384576593,0.029364405253614154,0.08472471670920553,1.18733571899914,1.1873245529903647,c3c997f749ad649a,da671a3355e4e5d8,True,True,1.2005000025965273,5.620299998554401,6.820800001150928,1.210500005981885,2094.9954999960028,2096.2060000019846
nominal_heatup,78,89.99999999999997,89.99999999999997,89.98070246310236,89.98070246310236,-0.019297536897610712,18937221.209728174,optimal,19057958.724079594,False,False,max_iterations,max_iterations,26.507353202183808,0.7512578969663544,False,5,5,2.813490785364573,8000,8000,6.699255834519136e-07,9.709299719773412e-07,228.07619155080897,0,0,0.008158365983683923,90.39749303663447,91.47995794305781,94.34409595782131,0.027240679233974545,0.039288969118057286,0.1095961816557526,90.39722019151033,91.4794759291681,94.3428889655948,0.027240436483179722,0.0392881467088915,0.1095890380769094,1.197507421333365,1.1974904517938123,bda86342fa8fa474,7820e99aaab2c6f3,True,True,2.0138999971095473,9.030900007928722,11.044800005038269,2.267300005769357,3137.378700004774,3139.6460000105435
nominal_heatup,79,85.99999999999997,85.99999999999997,85.98070246310238,85.98070246310238,-0.0192975368975965,29142076.932858903,optimal,29362578.118707538,False,False,max_iterations,max_iterations,25.811676751683077,0.8437749129302106,False,5,5,9.814366252105877,8000,8000,6.26185908458865e-07,9.077004259339105e-07,243.13155492779282,0,0,0.0065389280565345455,91.5312477197182,92.60358108377882,95.3262446700373,0.03675770149285513,0.05263219708436957,0.1409943570841815,91.53080429492155,92.60286919871336,95.3246542969496,0.036757022231370444,0.0526302712167403,0.14098086343615296,1.211449607796557,1.2114243244088918,a86c324d82e13b09,6f14bbd94b3dc68b,True,True,2.3821999930078164,9.72830000682734,12.110499999835156,2.167900005588308,345.36279999883845,347.53070000442676
nominal_heatup,80,89.99999999999997,89.99999999999997,89.98070246310233,89.98070246310233,-0.019297536897639134,36704738.2417844,optimal,36641517.53914675,False,False,max_iterations,max_iterations,5.8774752869276945,0.8888965157511562,False,5,5,20.724639522665328,8000,8000,7.257541483340901e-07,8.722039748221277e-07,246.88239174550193,0,0,0.0013706746042791915,92.77918301577034,93.8411954200602,96.38516565731932,0.04979432686495195,0.0706834194599934,0.1803171229390338,92.77850587216422,93.8401798286389,96.38310797150109,0.04979265977848144,0.07067926764729449,0.18029329619809578,1.2305942947078155,1.2305567777368727,f2c608b33750e7a7,20da1aa1d0622ac6,True,True,2.660700003616512,12.172199989436194,14.832899993052706,2.129400003468618,924.1927999973996,926.3222000008682
nominal_heatup,81,85.99999999999996,85.99999999999996,85.98070246310229,85.98070246310233,-0.019297536897624923,29176757.2851323,optimal,29175235.912204348,True,True,converged(kkt(residual=1.17e-01<=tol=7.66e-01); obj_plateau(range=0.00e+00)),converged,0.11693499648864417,0.7657995801214197,False,5,5,38.81138736111704,301,8000,6.620835932835689e-07,9.653223722594362e-07,193.676573501188,0,0,3.014668163607209e-05,94.19397407046621,95.24459945055114,97.55153414032769,0.06787786085321222,0.09533850709855915,0.22913646123759837,94.19297232303936,95.24317227609633,97.54889445715133,0.06787408220485425,0.09533001601720853,0.229096539430979,1.2569484829694733,1.2568925430523308,ec52ede82e4b2a6b,f90806866a033cec,True,True,2.43649999902118,9.176399995340034,11.612899994361214,2.0302999910200015,64.82250000408385,66.85279999510385
nominal_heatup,82,89.99999999999994,89.99999999999994,87.97391547527923,87.97391547527923,-2.0260845247207158,19008339.006408717,optimal,19008876.071771193,False,False,max_iterations,max_iterations,0.7554343247472454,0.6197308232691191,False,5,5,71.19468504479143,8000,8000,6.606236553352574e-07,9.897486314969228e-07,160.50664859618018,0,0,0.00024040142651979515,95.858730568924,96.89287306858856,98.86296864758168,0.093434544076487,0.12949984845345588,0.2891444295796589,95.85726000276745,96.8908644909862,98.85959155050072,0.09342635320938142,0.12948300407714297,0.28908041136016666,1.2932475687810614,1.2931635595360074,0dd0770089a7b895,e4a640398b9e8f95,True,False,2.4141000030795112,8.741199999349192,11.155300002428703,2.3403999948641285,514.398400002392,516.7387999972561
nominal_heatup,83,93.99999999999996,93.99999999999996,91.21306644140277,91.21306644140277,-2.786933558597184,9753051.214535123,optimal,9747185.207601074,False,False,max_iterations,max_iterations,0.7381623144310454,0.4457637751413671,False,5,5,131.84486841526336,8000,8000,6.608140523667316e-07,9.798213129741384e-07,118.02113402193868,0,0,0.00032934524557415334,97.91166268800623,98.91229677898936,100.3642131751305,0.13057060913306123,0.17783706478818284,0.3619811355652087,97.90947111523784,98.90941973276189,100.3598963602212,0.13055313348292502,0.17780403263889624,0.3618825686214758,1.3427927434850884,1.342666662093528,5522d5e75b658cb5,b986eafc589eeba7,True,False,3.8105999992694706,27.17770000163,30.98830000089947,2.794399988488294,763.9839000039501,766.7782999924384
nominal_heatup,84,97.99999999999996,97.99999999999996,95.21306644140277,95.21306644140277,-2.786933558597184,1519843.2198277896,optimal,1523814.749914531,False,False,max_iterations,max_iterations,0.860591641729583,0.18613261346927323,False,5,5,191.666920649108,8000,8000,6.304737212303735e-07,9.137519869639732e-07,10.0,0,0,0.0010263617585176933,100.60122716645787,101.51751077952161,102.10596203483205,0.18683678083586278,0.2483230429940918,0.44880864153102273,100.59782384439504,101.51324090366512,102.1004663456144,0.18679899914668618,0.24825784073565882,0.4486633989271157,1.4073030558181963,1.4071207279469833,627c8e429cab60b7,5f3e31c0af1fce02,True,True,2.718699994147755,9.583400009432808,12.302100003580563,1.6284000012092292,578.1437999976333,579.7721999988426
nominal_heatup,85,101.99999999999996,101.99999999999996,99.21306644140277,99.21306644140277,-2.786933558597184,1126995.432730842,optimal,1135327.7185453575,False,False,max_iterations,max_iterations,0.29042519561475716,0.1632485323000203,False,5,5,121.49599173372567,8000,8000,6.525812352720095e-07,9.457926184452958e-07,10.0,0,0,0.0004180879729276617,104.42520608547386,105.10149658247683,104.17360819205444,0.2777205611545042,0.35548646637073705,0.5493805635896915,104.4194997778867,105.09478874725791,104.1667086609914,0.2776348100436729,0.35535462567474996,0.549178360021506,1.4735143937342212,1.4733051356710216,4fae38c6c264b486,09c756608af7bd47,True,True,2.086600012262352,9.655199988628738,11.74180000089109,4.453799992916174,723.7513000000035,728.2050999929197
nominal_heatup,86,105.99999999999997,105.99999999999997,103.21306644140276,103.21306644140276,-2.7869335585972124,-97673.97695507198,optimal,-95312.59770569579,False,False,max_iterations,max_iterations,0.005125221233620299,0.04583722016504632,False,5,5,85.92342483623312,8000,8000,5.654979418068251e-07,8.395234836200416e-07,10.0,0,0,3.497329304808888e-05,110.53204865106466,110.43552435292857,106.63850786674986,0.4397778836634213,0.5269747169049016,0.6608212000404559,110.52115818465863,110.42415903405228,106.63009053912936,0.43956374814122046,0.5266994894484245,0.6605625666879492,1.4003586287754022,1.4006597514490757,6e73ae2df0c1270b,ff6ded1b6bf7d97b,True,True,3.708200005348772,12.196999989100732,15.905199994449504,2.749699997366406,481.7784000042593,484.5281000016257
nominal_heatup,87,109.99999999999997,109.99999999999997,107.21306644140276,107.21306644140276,-2.7869335585972124,-94963.73294853307,optimal,-93280.86167778743,True,True,converged(kkt(residual=5.37e-03<=tol=3.67e-02); obj_plateau(range=6.15e-14)),converged,0.005365784489659876,0.036654001430134475,False,5,5,32.614986116901186,251,8000,5.310063784236263e-07,7.695929413742419e-07,10.0,0,0,3.7684294079395574e-05,121.91163027337625,118.73923430696682,109.66087749686609,0.7709218610341926,0.8068696258089016,0.7749439106803413,121.88687410780342,118.71975220786123,109.64317588077252,0.7703169713563089,0.8063228931083186,0.7746561703096011,1.167786591758611,1.1673361746020752,90b2ab47ead998ff,84cb05d48493c146,True,True,2.09349999204278,6.1566000076709315,8.250099999713711,1.9804000039584935,13.367199993808754,15.347599997767247
nominal_heatup,88,113.99999999999999,113.99999999999999,111.21306690329278,111.21306644140276,-2.7869335585972266,-88555.1472648595,optimal,-87201.82689283343,False,False,max_iterations,max_iterations,0.0018752270704917985,0.03435018594661519,False,5,5,14.627631214647039,8000,8000,6.711837983175428e-07,9.72753508854396e-07,10.0,0,0,1.4598923147371947e-05,138.16696757212503,126.35259031999459,113.5631205821991,1.0,1.0,0.8778583383998092,138.1514756980955,126.34420562382124,113.52384448344847,1.0,1.0,0.8774943709859365,1.4822874390054606,1.477744165849501,76b106471774dbe0,e5ce11aebd7caf52,True,True,2.005899994401261,6.991000002017245,8.996899996418506,1.7479000089224428,405.65020000212826,407.3981000110507
nominal_heatup,89,118.0,118.0,115.21306686221588,115.21306644140276,-2.786933558597241,-92215.21643535024,optimal,-90977.19711436276,False,False,max_iterations,max_iterations,0.0023010603961721196,0.03468324146316554,False,5,5,2.405649519645337,8000,8000,5.782846983493073e-07,8.72317798439326e-07,10.0,0,0,1.7700890265890352e-05,129.38480456385028,125.99017506210573,117.02799354494442,1.0,1.0,0.9536432687106603,129.37459577780157,125.96766733090786,116.96894625815624,1.0,1.0,0.9531949140305741,0.9818721950746225,0.9818669843604914,6aa84ed5c18b9230,845fb0ad964f8fa0,True,True,1.905500001157634,8.37399999727495,10.279499998432584,2.700700002606027,619.4699000043329,622.1706000069389
nominal_heatup,90,121.99985246218503,121.99985246218503,119.21306690162942,119.21306644140276,-2.786786020782273,-95026.6138545656,optimal,-93952.97170187446,False,False,max_iterations,max_iterations,0.0013270803592242233,0.03499256684350457,False,5,5,0.0,8000,8000,4.978025742730097e-07,9.53915673562733e-07,10.0,0,0,1.0084940900133068e-05,126.86142233211706,123.92086796648114,116.96799737242722,1.0,1.0,0.9837178061991776,126.84207118174184,123.88935066212629,116.88763633550576,1.0,1.0,0.9834549797851825,0.9822054609527281,0.9822024856223356,c7771ca3a5bab4e1,01d08b5d1cb7058a,False,True,11.912899994058535,28.379100011079572,40.29200000513811,2.237199994851835,753.7132000143174,755.9504000091692
nominal_heatup,91,125.99990546908477,125.99990546908477,123.21306689434698,123.21306644140276,-2.7868390276820065,-94419.69396309424,optimal,-93591.00228032877,True,True,converged(kkt(residual=2.75e-04<=tol=3.47e-02); obj_plateau(range=1.67e-08)),converged,0.00027515721348232914,0.034681563110249176,False,5,5,0.0,701,8000,5.212088041162133e-07,9.387878776578873e-07,10.0,0,0,1.396422355403014e-07,124.67557476498848,122.42959955652924,116.19135351076761,1.0,1.0,0.9901910806349686,124.64717995999206,122.3844501974742,116.07850167167902,1.0,1.0,0.9900120476396514,0.9822752884721719,0.9822732257384218,8641080373060fd3,b4340e87921f1576,True,True,2.507600001990795,12.823800003388897,15.331400005379692,2.4288999993586913,54.64800000481773,57.07690000417642
nominal_heatup,92,129.99995185294222,129.99995185294222,127.21306644140276,127.21306644140276,-2.7868854115394583,-91406.92884658687,optimal,-91298.30482441356,True,True,converged(kkt(residual=1.05e-03<=tol=3.41e-02); obj_plateau(range=2.44e-08)),converged,0.001046683989241004,0.0340929381091374,False,5,5,0.0,501,8000,5.135545535495112e-07,7.442998084528085e-07,10.0,0,0,2.0888711389201394e-07,123.00603942069634,120.94578147123623,115.78044080548403,1.0,1.0,0.9929647141951886,122.9651901949773,120.88169615892285,115.63288896709761,1.0,1.0,0.9928180660800273,0.982305024722138,0.9823032940216141,04d33420cdf505fa,41f4acb9e689f74a,True,True,3.558199998224154,11.074800000642426,14.63299999886658,5.488399998284876,37.84440000890754,43.33280000719242
nominal_heatup,93,130.0,130.0,130.0,130.0,0.0,-86464.2267556346,optimal,-87292.73845112507,True,True,converged(kkt(residual=1.06e-02<=tol=3.34e-02); obj_plateau(range=2.87e-14)),converged,0.010619634808649933,0.033364542685676526,False,5,5,0.0,201,8000,5.569977332697817e-07,8.072624781974014e-07,10.0,0,0,9.013173080632188e-05,121.47455614695969,119.79170699118963,115.37313064417454,1.0,1.0,0.9945750327626356,121.41643448310947,119.70523566875174,115.18933918651834,1.0,1.0,0.9944457488772523,0.9823222188034351,0.9823206492598991,4cc61aa22a803149,8c2f94bea6a7aea4,False,False,2.324200002476573,9.589699999196455,11.913900001673028,2.7868000033777207,20.508000001427718,23.294800004805438
nominal_heatup,94,130.0,130.0,129.99999999999997,129.99999999999997,-2.842170943040401e-14,-80218.44360318621,optimal,-81914.41368078599,True,True,converged(kkt(residual=3.19e-02<=tol=3.25e-02); obj_plateau(range=1.00e-13)),converged,0.03192520045902938,0.03249365744234061,False,5,5,0.0,201,8000,5.692087370334775e-07,8.292185809111174e-07,10.0,0,0,0.00028751615409189357,120.2236179647,118.77491187677295,115.07336372836414,1.0,1.0,0.9956151744290439,120.14442271248939,118.6628061109953,114.85237768107638,1.0,1.0,0.9954965199864528,0.9823333141466939,0.9823318284607586,251ff898bb83702c,a9199c58df71c7ca,False,False,2.0521999977063388,11.811500007752329,13.863700005458668,2.707899999222718,19.553799997083843,22.26169999630656
nominal_heatup,95,129.99999999999997,129.99999999999997,130.0,130.0,2.842170943040401e-14,-73916.63434271548,optimal,-75783.50754507117,False,False,max_iterations,max_iterations,0.04265195794495016,0.03141438950595296,False,5,5,0.0,8000,8000,5.463946024519828e-07,7.959824985803721e-07,10.0,0,0,0.0004126850820704191,119.14672895533973,117.93759198318818,114.83319824670501,1.0,1.0,0.9963454776898754,119.04306982419045,117.79725032856346,114.57426193767058,1.0,1.0,0.9962340218349504,0.9823411060317363,0.9823396637065468,ea129c68ba06b627,ff09cb21420b8c48,False,False,2.534600003855303,11.348699990776367,13.88329999463167,2.6298000011593103,843.2940999919083,845.9238999930676
nominal_heatup,96,130.0,130.0,130.0,130.0,0.0,-67665.65859196636,optimal,-69729.81575519215,False,False,max_iterations,max_iterations,0.04265615891671079,0.030363671883658832,False,5,5,0.0,8000,8000,5.893091383768478e-07,8.584995114802041e-07,10.0,0,0,0.0004441039070355838,118.24792254666069,117.23317678246762,114.67578025031958,1.0,1.0,0.9968861620495307,118.11699563035091,117.06239062489249,114.37843317511128,1.0,1.0,0.9967799358489877,0.9823468982936061,0.9823454760594773,9d4bcb6d3e9dceea,be5e3288021a1180,False,False,1.6459000034956262,7.308999993256293,8.95489999675192,1.7011000018101186,730.0361000088742,731.7372000106843
nominal_heatup,97,130.0,130.0,129.99999999999997,129.99999999999997,-2.842170943040401e-14,-61500.94145316164,optimal,-63788.92799612536,False,False,max_iterations,max_iterations,0.03234560721794914,0.029348617816180464,False,5,5,0.0,8000,8000,6.834311108150359e-07,9.92977875924339e-07,10.0,0,0,0.0003600037918916533,117.49361594861357,116.6598156048153,114.59312836840489,1.0,1.0,0.9973042676717495,117.33305984858059,116.45680480100181,114.25709393224056,1.0,1.0,0.9972020837222921,0.9823468807357462,0.9823469895897874,fa1d4d6fb913cf9f,e3336a40777ce23d,False,False,4.189100000075996,11.895200004801154,16.08430000487715,3.5640999994939193,996.9759000086924,1000.5400000081863
nominal_heatup,98,130.0,130.0,130.00000000000003,130.0,0.0,-56109.826576982596,optimal,-58404.28913172867,False,False,max_iterations,max_iterations,0.010342805810069706,0.028444505936368488,False,5,5,0.0,8000,8000,5.486106999796903e-07,7.951070530864968e-07,10.0,0,0,0.00011707017924001385,116.87381429683614,116.20158520338924,114.57345391157318,1.0,1.0,0.9976385775701885,116.68169968795318,115.96491240126578,114.20944920807183,1.0,1.0,0.9975396923700685,0.9823448904782452,0.9823450664901796,8995472d8b50e6ac,4b9ab3b928441222,False,False,2.954900002805516,10.124599997652695,13.07950000045821,3.7015999987488613,814.835100012715,818.5367000114638
nominal_heatup,99,130.0,130.0,130.0,130.0,0.0,-51585.18686214997,optimal,-53833.06075888364,True,True,converged(kkt(residual=1.20e-03<=tol=2.77e-02); obj_plateau(range=2.83e-08)),converged,0.0011954566564800438,0.027690846505124465,False,5,5,0.0,501,8000,5.4743436805893e-07,7.974960283263499e-07,10.0,0,0,2.468006933079108e-07,116.37411589110842,115.84630245141294,114.60333565753751,1.0,1.0,0.9979128654311169,116.14887915415716,115.57886492161283,114.21895984036492,1.0,1.0,0.9978172074916427,0.9823424216408957,0.982342702129707,46c9da6905906eae,31bbecd29890bb45,False,False,3.321299998788163,20.94589998887386,24.267199987662025,5.55599998915568,49.70590000448283,55.26189999363851
nominal_heatup,100,130.0,130.0,129.86781533236245,129.86781533236245,-0.13218466763754577,-47716.87732189539,optimal,-49929.17548099366,True,True,converged(kkt(residual=1.77e-02<=tol=2.71e-02); obj_plateau(range=7.20e-13)),converged,0.017662522840042657,0.027053294595273204,False,5,5,0.0,201,8000,7.015481600092244e-07,9.425110478744614e-07,10.0,0,0,0.00025340876622278986,115.98176819757866,115.58049947262326,114.67273575897944,1.0,1.0,0.9981424059126098,115.72516169530098,115.28528405636628,114.27462367201159,1.0,1.0,0.9980501164565021,0.9823393266123085,0.9823397704769599,5db3d6a0a295b3b1,a15259da1af355f4,False,False,2.245800002128817,9.976700006518513,12.22250000864733,2.129400003468618,24.42919999884907,26.55860000231769
nominal_heatup,101,130.0,130.0,129.69087862608697,129.69087862608697,-0.30912137391302963,-44365.10957168245,optimal,-46504.686213971996,False,False,max_iterations,max_iterations,0.030067420088524966,0.02649816488676098,False,5,5,0.0,8000,8000,5.966744680563352e-07,8.725216877891739e-07,10.0,0,0,0.00045901225322615106,115.68348693590274,115.39224911212568,114.77337518236125,1.0,1.0,0.9983375080857204,115.39818067494099,115.07313969168193,114.36613881751495,1.0,1.0,0.998248795959754,0.9823353823121168,0.9823360831861103,660f3399141ca4db,62493fce3bb3cfdd,False,False,10.071199998492375,16.844900004798546,26.91610000329092,3.7028000078862533,1629.2469000036363,1632.9497000115225
nominal_heatup,102,130.0,130.0,129.53511388357293,129.53511388357293,-0.464886116427067,-41413.56121085286,optimal,-43484.688499770615,False,False,max_iterations,max_iterations,0.030231801731252443,0.02601298407995769,False,5,5,0.0,8000,8000,6.315372615972592e-07,9.15293395742367e-07,10.0,0,0,0.00048637932091560485,115.46699663869947,115.27047571566254,114.89894911925747,1.0,1.0,0.9985053984442888,115.15656295456252,114.93117562734788,114.48611162234795,1.0,1.0,0.9984204447831795,0.9823302364061409,0.9823313503849223,d25c58cf95f3bd17,2e6cc413bf4384e7,False,False,4.100500009371899,14.95759999670554,19.05810000607744,4.789399987203069,1688.7761000107275,1693.5654999979306
nominal_heatup,103,130.0,130.0,129.3962361682535,129.3962361682535,-0.6037638317465053,-38782.99729947259,optimal,-40800.53943195901,True,True,converged(kkt(residual=2.19e-02<=tol=2.56e-02); obj_plateau(range=1.78e-13)),converged,0.02187927405330932,0.025587106018376427,False,5,5,0.0,251,8000,5.969069292177664e-07,8.728611318176149e-07,10.0,0,0,0.00036272203536094703,115.32091371415635,115.20543088434844,115.04440459602104,1.0,1.0,0.9986513191751448,114.98902232120062,114.8495278031649,114.6285308175649,1.0,1.0,0.9985702531969874,0.9823232979434253,0.9823251001086646,1673f4c02be802c8,0a9a2a79b14117f8,False,False,4.687799999373965,15.409200001158752,20.097000000532717,2.7623999922070652,35.87510000215843,38.6374999943655
nominal_heatup,104,127.48669284367095,127.48669284367095,129.4181139400535,129.4181139400535,1.9314210963825502,-36427.67378456073,optimal,-38390.08106313616,False,False,max_iterations,max_iterations,0.005398099777990602,0.02520898402580083,False,5,5,0.0,8000,8000,6.439690878323745e-07,9.377323957338035e-07,10.0,0,0,7.988692126512242e-05,115.23507008360468,115.18850362410683,115.20573369794738,1.0,1.0,0.9987791807943064,114.88532971260972,114.81923556090571,114.7887822450107,1.0,1.0,0.9987020729232847,0.9823134959866198,0.9823165120509935,85ef915624b12fa6,f38fd4ba13aeedcd,False,False,2.2213999909581617,49.261000007390976,51.48239999834914,42.840599999180995,1284.4189999887021,1327.2595999878831
nominal_heatup,105,123.48669284367095,123.48669284367095,127.12531033841323,127.12531033841323,3.6386174947422774,-33800.85260664699,optimal,-36244.4033293462,True,True,converged(kkt(residual=1.05e-03<=tol=2.49e-02); obj_plateau(range=2.21e-08)),converged,0.0010462547692522573,0.024879763784213076,False,5,5,0.0,551,8000,6.270011567721667e-07,9.087191701340203e-07,10.0,0,0,1.8184210545740624e-07,115.20045512004792,115.21221505396827,115.37967896366038,1.0,1.0,0.9988919728094758,114.83619892883915,114.83248228661735,114.96262771162723,1.0,1.0,0.9988188400070639,0.9822986665535975,0.9823040204538966,08de89a44808a7d7,136d17a6c58470c7,True,False,2.657099990756251,12.020699999993667,14.677799990749918,4.526000004261732,80.32259999890812,84.84860000316985
nominal_heatup,106,119.48669284367095,119.48669284367095,123.12531033841321,123.12531033841323,3.6386174947422774,-31210.663037505514,optimal,-33823.850754588566,True,True,converged(kkt(residual=5.71e-07<=tol=2.44e-02); obj_plateau(range=4.30e-16)),converged,5.712573858352032e-07,0.02442678703471487,False,5,5,0.0,251,8000,6.420127220962968e-07,9.304755623773531e-07,10.0,0,0,-1.1423046713655954e-08,115.20919681285584,115.2700859712025,115.56358275220734,1.0,1.0,0.998992028944209,114.83343617993256,114.88223516270912,115.14654907615544,1.0,1.0,0.9989228353332108,0.9822736572388161,0.9822842153481507,7486c7c7597e46e7,07afd376f72ac977,True,True,3.566700004739687,12.399999992339872,15.966699997079559,3.175799996824935,66.5588999981992,69.73469999502413
nominal_heatup,107,115.48669284367095,115.48669284367095,119.12531033841323,119.12531033841323,3.6386174947422774,-28994.86588406493,optimal,-31347.34591487379,True,True,converged(kkt(residual=5.87e-07<=tol=2.39e-02); obj_plateau(range=8.12e-16)),converged,5.868865326205935e-07,0.02390240400468291,False,5,5,0.0,201,8000,6.780717427545824e-07,9.87806213714748e-07,10.0,0,0,-1.219050258751274e-08,115.2544584887466,115.3565398745931,115.75525148507799,1.0,1.0,0.9990812048233698,114.8697106794035,114.96233617910072,115.33775428711763,1.0,1.0,0.9990158668457041,0.9822221568133849,0.9822479075135299,2182d0daee5bf0bc,7b9134c1e66f76af,True,True,3.6416000075405464,17.473499989137053,21.1150999966776,4.285700008040294,80.0325000018347,84.318200009875
nominal_heatup,108,111.48669284367095,111.48669284367095,115.12531033841326,115.12531033841326,3.638617494742306,-27113.520519625145,optimal,-29216.466513037703,True,True,converged(kkt(residual=5.28e-07<=tol=2.34e-02); obj_plateau(range=3.74e-16)),converged,5.28172450916908e-07,0.023427249130418944,False,5,5,0.0,201,8000,6.04860744601865e-07,8.766308328134187e-07,10.0,0,0,-1.131532716686032e-08,115.33034021754892,115.46678923138784,115.95286663685062,1.0,1.0,0.9991609998856466,114.9385634187146,115.06744247166264,115.53404621758244,1.0,1.0,0.9990993952521546,0.9820367104277263,0.9821571840555365,4c6f7a2536f72974,a4f3bf01d24d1fa5,True,True,2.6137999957427382,10.723800005507655,13.337600001250394,3.7548000109381974,81.13649999722838,84.89130000816658
nominal_heatup,109,107.48669284367094,107.48669284367094,111.15062959760736,111.15062959760736,3.663936753936426,-25530.199977947406,optimal,-27397.573106912678,True,True,converged(kkt(residual=1.13e-05<=tol=2.30e-02); obj_plateau(range=2.94e-08)),converged,1.1252306322635595e-05,0.02299888823659025,False,5,5,0.0,251,8000,6.058708663658763e-07,8.826248256710301e-07,10.0,0,0,1.721206167341361e-07,115.43176896459825,115.59673656005504,116.14515203641548,1.0,1.0,0.999232643169345,115.03436507014212,115.19296552049971,115.7342564047113,1.0,1.0,0.9991746208363336,0.9823254654379807,0.9818358203381726,8ae991b35178db4b,21b8592aef856762,True,False,2.4304000107804313,9.318700002040714,11.749100012821145,2.4265999963972718,45.1084000087576,47.53500000515487
nominal_heatup,110,104.73075163245878,104.73075163245878,108.03964269692011,108.03964269692011,3.308891064461335,-24215.13313710275,optimal,-25865.887204084713,True,True,converged(kkt(residual=2.65e-03<=tol=2.26e-02); obj_plateau(range=2.24e-08)),converged,0.002649703059637993,0.022616725736969417,False,5,5,0.0,451,8000,6.882470842128896e-07,9.9748350823603e-07,10.0,0,0,1.8394592898835336e-07,115.55439686816578,115.73925366964988,116.31824310083792,1.0,1.0,0.9992970712826046,115.15225998567607,115.33520110770372,115.92836414266168,1.0,1.0,0.9992425495125732,0.9840834827192095,0.9831472630079623,62ab64c26b20052e,16ed6571ed2c3673,False,False,2.789000005577691,21.2796999985585,24.06870000413619,2.5163999962387607,75.99949999712408,78.51589999336284
nominal_heatup,111,102.98795624271551,102.98795624271551,105.80434919598855,105.80434919598855,2.816392953273038,-23370.933988494395,optimal,-24752.00976358348,True,True,converged(kkt(residual=2.13e-03<=tol=2.23e-02); obj_plateau(range=1.86e-08)),converged,0.0021257115204525107,0.022330087841144264,False,5,5,0.0,601,8000,6.835191186382872e-07,9.995136007745486e-07,10.0,0,0,1.501061495462695e-07,115.69180932158383,115.88574200869103,116.46117734923658,1.0,1.0,0.9993549951911137,115.2882484275784,115.48766939409903,116.10261589150171,1.0,1.0,0.9993039586389828,0.9857129494458681,0.9848154304154327,5724beb6a4082a66,9ce087278c90a0ff,False,False,6.316700004390441,16.06799999717623,22.38470000156667,2.761399999144487,89.44630000041798,92.20769999956246
nominal_heatup,112,101.9907796065134,101.9907796065134,104.27261891091854,104.27261891091854,2.281839304405139,-22892.2982227374,optimal,-24003.913892460674,True,True,converged(kkt(residual=2.05e-03<=tol=2.21e-02); obj_plateau(range=2.18e-08)),converged,0.0020478702164668542,0.022131668765170427,False,5,5,0.0,651,8000,6.748923766508597e-07,9.805711789212523e-07,10.0,0,0,1.7810231833337613e-07,115.8359682928492,116.02753613033975,116.56563060096204,1.0,1.0,0.999406992609996,115.43648708611083,115.64210889050364,116.24622365561515,1.0,1.0,0.9993594352976303,0.9871596113157489,0.9862985683902905,ebe406d2a31318be,4390c27b351d931d,False,False,2.8485999937402084,36.899900005664676,39.748499999404885,2.682900012587197,91.74029999121558,94.42320000380278
nominal_heatup,113,101.56079793196874,101.56079793196874,103.32757830577481,103.32757830577481,1.7667803738060712,-22684.54922503024,optimal,-23543.739770647444,True,True,converged(kkt(residual=1.71e-03<=tol=2.20e-02); obj_plateau(range=1.91e-08)),converged,0.0017141378120986077,0.022003621577381994,False,5,5,0.0,701,8000,6.62665001982532e-07,9.628056689692244e-07,10.0,0,0,1.5450796866492577e-07,115.97836936402554,116.15633062005028,116.62558786021366,1.0,1.0,0.9994535652583282,115.5893351089643,115.79021784555036,116.3509047258197,1.0,1.0,0.9994094578027359,0.9884517128716271,0.9876273820986,3083f1b557714e11,9aca2aa1652c01ca,False,False,3.0332000023918226,11.93000000785105,14.963200010242872,2.3723999911453575,114.64230000274256,117.01469999388792
nominal_heatup,114,101.56676921940107,101.56676921940107,102.85134936451689,102.85134936451689,1.2845801451158252,-22682.46874242229,optimal,-23315.302221917253,True,True,converged(kkt(residual=1.82e-03<=tol=2.19e-02); obj_plateau(range=2.62e-08)),converged,0.0018186708549274475,0.021933095393729216,False,5,5,0.0,701,8000,6.563898580225214e-07,9.536883389671402e-07,10.0,0,0,2.1602943212447828e-07,116.11065604543185,116.26459738527059,116.6366853216233,1.0,1.0,0.9994951719197444,115.7386603675537,115.92394722347036,116.41080868447118,1.0,1.0,0.9994544452653958,0.9896106320497241,0.9888243450905986,fa70a90f923202be,0e07daee209e72d8,False,False,2.3462999961338937,16.638900007819757,18.98520000395365,3.547999993315898,105.50000000512227,109.04799999843817
nominal_heatup,115,101.90516916254057,101.90516916254057,102.77265052336467,102.77265052336467,0.867481360824101,-22837.269004390375,optimal,-23269.63970481564,True,True,converged(kkt(residual=1.37e-03<=tol=2.19e-02); obj_plateau(range=1.78e-08)),converged,0.0013667904314750446,0.02190827088784021,False,5,5,0.0,751,8000,6.545862447637774e-07,9.51067796073346e-07,10.0,0,0,1.4352914738328973e-07,116.22508763258405,116.34567652001468,116.60062013932642,1.0,1.0,0.9995322437766153,115.87639249995682,116.03603427150024,116.42504077031893,1.0,1.0,0.9994947875956305,0.9906510431121649,0.9899049207100497,bb2f3faee0a17fb6,7e8ee2a5de3e67c3,False,False,2.4634000001242384,10.003199990023859,12.466599990148097,4.6568999969167635,100.71790000074543,105.3747999976622
nominal_heatup,116,102.49078345155115,102.49078345155115,102.99229876062567,102.99229876062567,0.5015153090745201,-23110.140915207245,optimal,-23371.815104427413,True,True,converged(kkt(residual=1.37e-03<=tol=2.19e-02); obj_plateau(range=2.07e-08)),converged,0.0013657486355779192,0.021921018057908023,False,5,5,0.0,751,8000,6.567374128962911e-07,9.541932834977729e-07,10.0,0,0,1.6860207199014248e-07,116.31472682759208,116.3956125061074,116.52245780902655,1.0,1.0,0.9995652112733395,115.9950614768063,116.12128287920476,116.39632047276498,1.0,1.0,0.9995308740703117,0.9915842240279684,0.9908803806340899,afc6f5a3638b2507,9cdd4fffbaeff3f5,False,False,7.8874000028008595,13.11879999411758,21.00619999691844,6.323499997961335,93.95059999951627,100.2740999974776
nominal_heatup,117,103.25210796381708,103.25210796381708,103.44383747425378,103.44383747425378,0.1917295104367014,-23468.978441621628,optimal,-23585.12293186545,True,True,converged(kkt(residual=1.35e-03<=tol=2.20e-02); obj_plateau(range=2.30e-08)),converged,0.0013495306722950452,0.0219620581638223,False,5,5,0.0,751,8000,6.617326135938129e-07,9.6145097305822e-07,10.0,0,0,1.881400343733288e-07,116.3748528248069,116.41269444384731,116.4091644408769,1.0,1.0,0.9995945028687898,116.08888757591757,116.17659379492896,116.329608458036,1.0,1.0,0.9995630991029102,0.9924195730103686,0.9917596579819997,f1748dea5a96e1e6,da42532b469fe69a,False,False,3.8708999927621335,16.278200011583976,20.14910000434611,2.3882999958004802,107.85380000015721,110.24209999595769
nominal_heatup,118,104.12897098967149,104.12897098967149,104.06700970651495,104.06700970651495,-0.06196128315653482,-23886.677416351147,optimal,-23882.097572492363,True,True,converged(kkt(residual=1.33e-03<=tol=2.20e-02); obj_plateau(range=2.46e-08)),converged,0.0013270865562427468,0.022024647752768745,False,5,5,0.0,751,8000,6.688505891361274e-07,9.717928382002583e-07,10.0,0,0,2.018549127973535e-07,116.40298221832614,116.39731774134908,116.26821034708838,1.0,1.0,0.9996205352996466,116.15408359054953,116.20086716074523,116.2309848620171,1.0,1.0,0.9995918557178525,0.9931656203193691,0.9925505118898169,1b118fef512823fb,0795fc5cd5906595,False,False,9.766299990587868,9.653700006310828,19.419999996898696,4.154199996264651,92.97610000066925,97.1302999969339
nominal_heatup,119,105.07116749213762,105.07116749213762,104.80869490074403,104.80869490074403,-0.262472591393589,-24340.243316387594,optimal,-24238.53127114035,True,True,converged(kkt(residual=1.30e-03<=tol=2.21e-02); obj_plateau(range=2.55e-08)),converged,0.0013041558305149788,0.022102793126517622,False,5,5,0.0,751,8000,6.77454323749771e-07,9.842934725057262e-07,10.0,0,0,2.1007138313592273e-07,116.39877155541032,116.35143737886081,116.10691583341907,1.0,1.0,0.9996437019232538,116.18885994234527,116.1946729122275,116.10686204947538,1.0,1.0,0.9996175249904006,0.9938303861554451,0.9932601301197523,a0e7fb1c288f7987,1db6ad4ea32e92bd,False,False,2.9104999994160607,10.12829999672249,13.03879999613855,2.496799992513843,93.98610000789631,96.48290000041015
nominal_heatup,120,106.03750244032975,106.03750244032975,105.62320065644211,105.62320065644211,-0.4143017838876375,-24810.30275672243,optimal,-24633.355439908028,True,True,converged(kkt(residual=1.28e-03<=tol=2.22e-02); obj_plateau(range=2.59e-08)),converged,0.0012838967055241442,0.022191262571740276,False,5,5,0.0,751,8000,6.869924646935033e-07,9.98151734599162e-07,10.0,0,0,2.134880839615172e-07,116.36358591291314,116.27814821685813,115.93203205015591,1.0,1.0,0.9996643644377448,116.1931809867794,116.1598754894727,115.96359136997458,1.0,1.0,0.9996404663703187,0.9944215169372039,0.9938953589510144,6ad16e19550344ba,bbbf21ec73d2e700,False,False,2.948300010757521,10.2401999902213,13.18850000097882,3.71590000577271,102.79790000640787,106.51380001218058
nominal_heatup,121,106.99496943427316,106.99496943427316,106.47217417754948,106.47217417754948,-0.5227952567236827,-25280.803320508712,optimal,-25048.517959919864,True,True,converged(kkt(residual=1.27e-03<=tol=2.23e-02); obj_plateau(range=2.59e-08)),converged,0.0012675137340134065,0.02228557474191949,False,5,5,0.0,751,8000,5.325179586179729e-07,7.787034297379591e-07,10.0,0,0,2.156788680000562e-07,116.3000761943902,116.1812611455756,115.74955832854624,1.0,1.0,0.9996828484005736,116.16842349849398,116.09930078475472,115.80707708616342,1.0,1.0,0.9996610112146826,0.9949462824260211,0.9944628057777151,1847f6c3d794d1ca,f250a4ead9e5471c,False,False,4.335100005846471,10.950199997751042,15.285300003597513,3.047499994863756,88.60489999642596,91.65239999128971
nominal_heatup,122,107.91794819432512,107.91794819432512,107.32427592286396,107.32427592286396,-0.5936722714611591,-25738.78347168999,optimal,-25468.861463516474,True,True,converged(kkt(residual=1.26e-03<=tol=2.24e-02); obj_plateau(range=2.55e-08)),converged,0.00125536599940922,0.02238197362502288,False,5,5,0.0,751,8000,5.40232235834992e-07,7.899840346325959e-07,10.0,0,0,2.121934563548653e-07,116.21175557416134,116.06496930364793,115.56465570871154,1.0,1.0,0.9996994420918254,116.11704144705973,116.01638023911512,115.6426424955065,1.0,1.0,0.9996794591044099,0.9954115390389809,0.9949688138523741,b2d74eb11cfeae4a,75dfc7a1682e6694,False,False,3.3530000073369592,12.471699999878183,15.824700007215142,6.070400006137788,86.04809999815188,92.11850000428967
nominal_heatup,123,108.78738607310288,108.78738607310288,108.15468496724296,108.15468496724296,-0.6327011058599226,-26174.15123368243,optimal,-25881.98692059678,True,True,converged(kkt(residual=1.25e-03<=tol=2.25e-02); obj_plateau(range=2.49e-08)),converged,0.0012468186898033256,0.022477392846846654,False,5,5,0.0,751,8000,5.477820934629563e-07,8.010242629197251e-07,10.0,0,0,2.0655747192070782e-07,116.10264267489337,115.9335728480962,115.3816350879154,1.0,1.0,0.9997143976701018,116.04221540097085,115.91488514552042,115.47493783485795,1.0,1.0,0.9996960768843776,0.9958236867486367,0.9954194211310091,0e7f69294424a2ca,d3a0dfe00a78327b,False,False,5.836000011186115,12.971799995284528,18.807800006470643,4.4064999965485185,86.84490001178347,91.25140000833198
nominal_heatup,124,109.58996553551727,109.58996553551727,108.94449793965805,108.94449793965805,-0.6454675958592162,-26579.443430577157,optimal,-26278.090312799497,True,True,converged(kkt(residual=1.24e-03<=tol=2.26e-02); obj_plateau(range=2.40e-08)),converged,0.001241073938418892,0.022569409801914225,False,5,5,0.0,751,8000,5.549896826551048e-07,8.11563894309586e-07,10.0,0,0,1.9951843528242452e-07,115.9769653965209,115.79127128916258,115.20398312874903,1.0,1.0,0.9997279337292627,115.94756504104186,115.79869392022567,115.30791346259345,1.0,1.0,0.999711099529417,0.9961886385955503,0.99582031230482,a511b1fd8559c720,88c06156a5a96e33,False,False,3.1903000053716823,10.774700000183657,13.96500000555534,2.206300006946549,95.65170000132639,97.85800000827294
nominal_heatup,125,110.31727488983965,110.31727488983965,109.68006165710295,109.68006165710295,-0.6372132327366984,-26949.55742913243,optimal,-26649.766579542164,True,True,converged(kkt(residual=1.24e-03<=tol=2.27e-02); obj_plateau(range=2.32e-08)),converged,0.0012373011392350485,0.022656191159999766,False,5,5,0.0,751,8000,5.617249314582295e-07,8.214128861538939e-07,10.0,0,0,1.9169400135177405e-07,115.83893053563115,115.64200974275103,115.03441505862742,1.0,1.0,0.9997402385529278,115.8369023778874,115.6716155535082,115.14482183570692,1.0,1.0,0.9997247321807929,0.9965118056615783,0.9961767832020538,ea8516f8a4c379c5,2560049f845d1324,False,False,2.470699997502379,11.449300000094809,13.919999997597188,5.659600006765686,105.25209999468643,110.91170000145212
nominal_heatup,126,110.9650032231776,110.9650032231776,110.35227671458193,110.35227671458193,-0.6127265085956708,-27281.458887837605,optimal,-26991.781706200378,True,True,converged(kkt(residual=1.23e-03<=tol=2.27e-02); obj_plateau(range=2.22e-08)),converged,0.0012347736144064857,0.0227364314108507,False,5,5,0.0,751,8000,5.67899988368481e-07,8.304426950545007e-07,10.0,0,0,1.8357052476163778e-07,115.69255036967868,115.48937346835525,114.87494270228113,1.0,1.0,0.9997514735980657,115.7140371769682,115.53725330999362,114.98824741392578,1.0,1.0,0.9997371527978687,0.9967980974252036,0.9964937184909082,3fdfb3cd6f4e840c,929c6ccea033e539,False,False,2.4293000024044886,17.481799994129688,19.911099996534176,3.0097999988356605,163.54339999088552,166.55319998972118
nominal_heatup,127,111.53217882236207,111.53217882236207,110.9559017236433,110.9559017236433,-0.5762770987187764,-27573.875051567833,optimal,-27300.81948615048,True,True,converged(kkt(residual=1.23e-03<=tol=2.28e-02); obj_plateau(range=2.13e-08)),converged,0.0012329293135796495,0.022809286911901618,False,5,5,0.0,751,8000,5.734625148079431e-07,8.385767893415164e-07,10.0,0,0,1.7551383004500017e-07,115.54151975428024,115.33652163363953,114.72695190967607,1.0,1.0,0.9997617769131654,115.58262570229873,115.39890854306236,114.8401532441336,1.0,1.0,0.999748515054481,0.9970519346866128,0.99677558358498,61afc98f9b4e5205,ee23ba0fbd32b89f,False,False,3.699399996548891,17.136499998741783,20.835899995290674,8.435299998382106,116.25350000394974,124.68880000233185
nominal_heatup,128,112.02046632265736,112.02046632265736,111.48888191903588,111.48888191903588,-0.5315844036214799,-27826.985384507512,optimal,-27575.212600492232,True,True,converged(kkt(residual=1.23e-03<=tol=2.29e-02); obj_plateau(range=2.04e-08)),converged,0.0012314194916739764,0.02287430804936849,False,5,5,0.0,751,8000,6.165589070405986e-07,8.958167105888037e-07,10.0,0,0,1.6692645271049128e-07,115.38913534387622,115.18615341307765,114.59128413576909,1.0,1.0,0.9997712663264998,115.44606039670549,115.25951710469836,114.70193984929053,1.0,1.0,0.9997589512323758,0.9972772720317127,0.9970264284021386,348ed83cd6a33d65,f8bf9c82528f1dd8,False,False,8.35689999803435,14.468800000031479,22.82569999806583,3.2869999995455146,108.33829999319278,111.62529999273829
nominal_heatup,129,112.43353314396876,112.43353314396876,111.95171944968213,111.95171944968213,-0.4818136942866289,-28042.121150639035,optimal,-27814.66869975813,True,True,converged(kkt(residual=1.23e-03<=tol=2.29e-02); obj_plateau(range=1.96e-08)),converged,0.0012299347021226712,0.022931372027349815,False,5,5,0.0,751,8000,6.211135143985302e-07,9.024342215724346e-07,10.0,0,0,1.5969976575597664e-07,115.23824965892098,115.04049958450575,114.4683185975692,1.0,1.0,0.9997800423248965,115.30739429831156,115.12161390935205,114.57451086956331,1.0,1.0,0.9997685749654219,0.9974776268247918,0.9972499006095947,d4092c34315a7f4a,9559b95c43e2330c,False,False,18.406300005153753,67.05409999995027,85.46040000510402,3.0679000046802685,114.67550000816118,117.74340001284145
nominal_heatup,130,112.77649126210676,112.77649126210676,112.34689864677624,112.34689864677624,-0.4295926153305203,-28221.483894734654,optimal,-28020.00220128489,True,True,converged(kkt(residual=1.23e-03<=tol=2.30e-02); obj_plateau(range=1.88e-08)),converged,0.0012284045009198843,0.022980618442625445,False,5,5,0.0,751,8000,6.250162414289662e-07,9.081046155046124e-07,10.0,0,0,1.5308644862363717e-07,115.09125305035239,114.90133383590455,114.35805209001546,1.0,1.0,0.9997881905974141,115.16929530039029,114.9873201437796,114.45834181875422,1.0,1.0,0.9997774837554377,0.9976561121702492,0.9974492657445424,87894275301bdc7c,1514c74d1132e155,False,False,2.860699998564087,8.77030000265222,11.631000001216307,2.519500005291775,116.03489999833982,118.5544000036316
nominal_heatup,131,113.05541642578129,113.05541642578129,112.6783729341047,112.6783729341047,-0.3770434916765879,-28367.890380634173,optimal,-28192.88053752742,True,True,converged(kkt(residual=1.23e-03<=tol=2.30e-02); obj_plateau(range=1.81e-08)),converged,0.0012268066493287479,0.02302238943911926,False,5,5,0.0,751,8000,6.283029279074981e-07,9.128799307589475e-07,10.0,0,0,1.4714265746124534e-07,114.95007747553454,114.76999862940545,114.26017434916206,1.0,1.0,0.9997957842498512,115.03402490443918,114.85834853891333,114.35354872104509,1.0,1.0,0.99978576122631,0.9978154717551048,0.9976274319438346,c281618dc195b49f,13735f64bae0e6ee,False,False,3.0199000029824674,15.223900001728907,18.243800004711375,2.7741000085370615,126.4241999888327,129.19829999736976
nominal_heatup,132,113.2769437168762,113.2769437168762,112.95111769598655,112.95111769598655,-0.3258260208896502,-28484.548929962144,optimal,-28335.592004476974,True,True,converged(kkt(residual=1.23e-03<=tol=2.31e-02); obj_plateau(range=1.75e-08)),converged,0.0012251725192766701,0.023057175618825802,False,5,5,0.0,751,8000,6.310197875336598e-07,9.168273713555664e-07,10.0,0,0,1.418858418326922e-07,114.81621669326077,114.64744125326004,114.17413742474572,1.0,1.0,0.9998028857130892,114.90343668587937,114.73602233641307,114.2599542941055,1.0,1.0,0.9997934791113426,0.9979581149725419,0.9977869773492541,601d8fdb6b1044cd,67a386e9dfc43b3b,False,False,4.113200004212558,8.985699998447672,13.09890000266023,2.973900001961738,98.2127000024775,101.18660000443924
nominal_heatup,133,113.44793588388306,113.44793588388306,113.17074944089627,113.17074944089627,-0.27718644298678896,-28574.869625823252,optimal,-28450.83999649361,True,True,converged(kkt(residual=1.22e-03<=tol=2.31e-02); obj_plateau(range=1.70e-08)),converged,0.0012235601272632352,0.02308556851374212,False,5,5,0.0,751,8000,6.332191304636581e-07,9.200228419103951e-07,10.0,0,0,1.3730567719416088e-07,114.69075824595984,114.53425636456473,114.09921806976683,1.0,1.0,0.9998095483760899,114.77898999896897,114.62130418471577,114.17714990241035,1.0,1.0,0.9998006989855392,0.9980861511577055,0.9979301786584346,91f5bdec532383c2,0b30af37db291a7b,False,False,3.0968999926699325,10.358700004871935,13.455599997541867,4.787300000316463,107.3340000002645,112.12130000058096
nominal_heatup,134,113.57521910712055,113.57521910712055,113.34320932637291,113.34320932637291,-0.23200978074763157,-28642.308713274717,optimal,-28541.566273649725,True,True,converged(kkt(residual=1.22e-03<=tol=2.31e-02); obj_plateau(range=1.66e-08)),converged,0.0012220359669776223,0.02310821994634429,False,5,5,0.0,751,8000,6.498780180663744e-07,9.467335644330888e-07,10.0,0,0,1.3332047659134818e-07,114.574423292015,114.43073198346363,114.03457259736503,1.0,1.0,0.9998158179766432,114.66177497397776,114.5148316754385,114.10455208346706,1.0,1.0,0.9998074737633317,0.9982014221358951,0.998059039654904,03487dc086ad49eb,545f3b6731d501bb,False,False,3.362799994647503,16.72090000647586,20.08370000112336,2.3218999995151535,103.53689998737536,105.85879998689052
nominal_heatup,135,113.66537969672962,113.66537969672962,113.474506855994,113.474506855994,-0.19087284073562216,-28690.2458429036,optimal,-28610.804038000642,True,True,converged(kkt(residual=1.22e-03<=tol=2.31e-02); obj_plateau(range=1.62e-08)),converged,0.0012206547257131108,0.023125808265914323,False,5,5,0.0,751,8000,6.512180164008896e-07,9.48685610069333e-07,10.0,0,0,1.2999256215243021e-07,114.46761101849098,114.33689649116099,113.97928403115681,1.0,1.0,0.9998217337820716,114.55254534864879,114.41695676398265,114.04145290266469,1.0,1.0,0.9998138489860668,0.9983055325808896,0.9981753188768672,9f38e54ce988d98d,5477c0b19d6b4703,False,False,2.688100008526817,12.213900001370348,14.902000009897165,4.615599988028407,92.26600000692997,96.88159999495838
nominal_heatup,136,113.7246145837402,113.7246145837402,113.55601311923562,113.55601311923562,-0.16860146450459013,-28721.891587322963,optimal,-28661.55672441176,True,True,converged(kkt(residual=1.66e-03<=tol=2.31e-02); obj_plateau(range=2.91e-08)),converged,0.0016585038079784823,0.02313901114529489,False,5,5,0.0,701,8000,6.523659834556383e-07,9.503579656566785e-07,10.0,0,0,2.41958738219256e-07,114.37044497562108,114.25256472366871,113.93240167258297,1.0,1.0,0.9998273295895709,114.45175619766883,114.32778680509414,113.98706378034957,1.0,1.0,0.9998198639242681,0.9983998779135409,0.9982805558552426,b474f43902f17767,0f9ffa1763e1c89f,False,False,5.375399996410124,11.563399995793588,16.938799992203712,2.941300001111813,83.67390000785235,86.61520000896417
nominal_heatup,137,113.75862824245903,113.75862824245903,113.61702527337188,113.61702527337188,-0.14160296908714542,-28740.221881750007,optimal,-28693.869734398766,True,True,converged(kkt(residual=1.66e-03<=tol=2.31e-02); obj_plateau(range=2.88e-08)),converged,0.001657283318207416,0.023147569435514062,False,5,5,0.0,701,8000,6.530027860662813e-07,9.512856555815574e-07,10.0,0,0,2.390005214945825e-07,114.2828192323416,114.17738172934546,113.89297343863726,1.0,1.0,0.9998326345726339,114.3596041197054,114.24722539717024,113.94055274237253,1.0,1.0,0.9998255525186232,0.9984856696427139,0.9983760955692302,ff54b1accdc6235a,a62f7368f2b01320,False,False,5.427000010968186,11.77579999784939,17.202800008817576,3.135400009341538,77.97109999228269,81.10650000162423
nominal_heatup,138,113.77256878572823,113.77256878572823,113.65791904410312,113.65791904410312,-0.11464974162510089,-28747.935637220904,optimal,-28715.60121886008,True,True,converged(kkt(residual=1.66e-03<=tol=2.32e-02); obj_plateau(range=2.85e-08)),converged,0.0016563175699633318,0.023153674729621303,False,5,5,0.0,701,8000,6.534416172598867e-07,9.51924956638095e-07,10.0,0,0,2.3620442260228647e-07,114.2044427492874,114.11086317327332,113.86007148942544,1.0,1.0,0.9998376739966236,114.27606791302235,114.17501164657493,113.90107528603845,1.0,1.0,0.999830944181665,0.9985639581734347,0.9984631109354962,9f66f3a9a74d7fc3,69ee89cb2d43102c,False,False,2.7523000026121736,9.321100005763583,12.073400008375756,2.7716999902622774,81.5015999978641,84.27329998812638
nominal_heatup,139,113.77099631930655,113.77099631930655,113.68109712199525,113.68109712199525,-0.08989919731129703,-28747.431673168103,optimal,-28728.002906130183,True,True,converged(kkt(residual=1.66e-03<=tol=2.32e-02); obj_plateau(range=2.82e-08)),converged,0.0016556107017604044,0.023157550338214167,False,5,5,0.0,701,8000,6.537044754395538e-07,9.523078672302177e-07,10.0,0,0,2.3381544868468213e-07,114.13488080173298,114.0524317245221,113.83281177613839,1.0,1.0,0.9998424698233288,114.20094820201186,114.11075683505271,113.86779923136714,1.0,1.0,0.9998360644797551,0.9986356531880971,0.9985426232708888,35deb8ddd3c82364,de06912cad81ff9e,False,False,2.1455999958561733,9.439400004339404,11.585000000195578,2.2182999964570627,72.04460000502877,74.26290000148583
nominal_heatup,140,113.75787715459815,113.75787715459815,113.68964654235978,113.68964654235978,-0.06823061223836646,-28740.801238235057,optimal,-28732.692473070936,True,True,converged(kkt(residual=1.66e-03<=tol=2.32e-02); obj_plateau(range=2.80e-08)),converged,0.0016551538914816749,0.02315954139082353,False,5,5,0.0,701,8000,6.538209191830902e-07,9.524774950975257e-07,10.0,0,0,2.318999846996149e-07,114.07359265928626,114.00144905633239,113.81036820397782,1.0,1.0,0.9998470412214117,114.13390486407955,114.05397779522434,113.83992405048399,1.0,1.0,0.9998409357125566,0.9987015417568027,0.9986155207557171,1330d038795788f1,e53e1be9f77afa68,False,False,2.2753999946871772,9.472999998251908,11.748399992939085,3.0417000089073554,65.92120000277646,68.96290001168381
nominal_heatup,141,113.73659809887091,113.73659809887091,113.6867098510109,113.6867098510109,-0.04988824786001089,-28729.832663887897,optimal,-28731.32108845213,True,True,converged(kkt(residual=1.65e-03<=tol=2.32e-02); obj_plateau(range=2.78e-08)),converged,0.0016549250139528244,0.023160019574150727,False,5,5,0.0,701,8000,6.538210186590732e-07,9.524776718450312e-07,10.0,0,0,2.30444623956002e-07,114.01996504374428,113.95724332759606,113.7919821298613,1.0,1.0,0.9998514049970868,114.07449144494792,114.00412657131963,113.81663891220445,1.0,1.0,0.9998455774048884,0.9987623043586747,0.9986825783061978,1a0c030068e5ac11,89ec3d3cb6cc0456,False,False,2.0056000066688284,9.14080000075046,11.146400007419288,2.9964999994263053,73.43620000756346,76.43270000698976
nominal_heatup,142,113.70999571893272,113.70999571893272,113.67519932915695,113.67519932915695,-0.034796389775763714,-28716.025064618567,optimal,-28725.42125621541,True,True,converged(kkt(residual=1.65e-03<=tol=2.32e-02); obj_plateau(range=2.77e-08)),converged,0.001654892359015235,0.023159338994147943,False,5,5,0.0,701,8000,6.537337640111218e-07,9.523505299924295e-07,10.0,0,0,2.2940250030202023e-07,113.97334114443777,113.91913220151388,113.77696790921125,1.0,1.0,0.9998555759571728,114.02218603967158,113.96059522928704,113.79724173759324,1.0,1.0,0.9998500066902252,0.9988185290054186,0.998744466182628,161d817a49314b8b,9a44fc1611383a39,False,False,2.6439999928697944,9.153499995591119,11.797499988460913,2.024899993557483,62.779400002909824,64.80429999646731
nominal_heatup,143,113.6803961684893,113.6803961684893,113.65767713747184,113.65767713747184,-0.0227190310174592,-28700.608413421673,optimal,-28716.34238942876,True,True,converged(kkt(residual=1.66e-03<=tol=2.32e-02); obj_plateau(range=2.76e-08)),converged,0.001655019176188143,0.02315781677303259,False,5,5,0.0,701,8000,6.535840668675519e-07,9.52132395148908e-07,10.0,0,0,2.287148857707998e-07,113.93304517596613,113.88644159924135,113.76471517715295,1.0,1.0,0.9998595672147906,113.97640279396464,113.92277281866205,113.78110459237865,1.0,1.0,0.9998542387012594,0.9988707236563966,0.9988017652432962,ca08113fb4f8ebc6,cf6214b358dc61b5,False,False,3.9252999995369464,9.512299991911277,13.437599991448224,2.058400001260452,63.00599999667611,65.06439999793656
nominal_heatup,144,113.64966185113515,113.64966185113515,113.6363178633803,113.6363178633803,-0.013343987754851128,-28684.567745842236,optimal,-28705.230255306822,True,True,converged(kkt(residual=1.66e-03<=tol=2.32e-02); obj_plateau(range=2.75e-08)),converged,0.0016552675984660577,0.023155725875028284,False,5,5,0.0,701,8000,6.533935277275305e-07,9.518548811371375e-07,10.0,0,0,2.283213827656045e-07,113.8984026214894,113.85852048839695,113.75468850349499,1.0,1.0,0.99986339044642,113.93653719841222,113.89005140412716,113.76767539404071,1.0,1.0,0.9998582868745953,0.9989193271051348,0.9988549783034361,7a72171bc87ed644,29948c075a120c24,False,False,1.5413000073749572,9.13859999855049,10.679900005925447,2.9962999979034066,67.21560000733007,70.21190000523347
nominal_heatup,145,113.61924183830955,113.61924183830955,113.61291239304177,113.61291239304177,-0.006329445267780898,-28668.669655003338,optimal,-28693.028576674944,True,True,converged(kkt(residual=1.66e-03<=tol=2.32e-02); obj_plateau(range=2.75e-08)),converged,0.0016556015136308016,0.02315329408136955,False,5,5,0.0,701,8000,6.531799670028704e-07,9.51543785099318e-07,10.0,0,0,2.281646765043116e-07,113.8687564212318,113.83475207424524,113.74642500356158,1.0,1.0,0.9998670561077146,113.9019821969705,113.86184508263946,113.75646679424237,1.0,1.0,0.9998621632067306,0.9989647185044611,0.9989045411124663,3b3539cd38baa80a,d84062dd53fdbc51,False,False,1.8989000091096386,8.86809999065008,10.766999999759719,2.2782999876653776,61.77800000295974,64.05629999062512
nominal_heatup,146,113.5902235596986,113.5902235596986,113.58889268680427,113.58889268680427,-0.0013308728943286496,-28653.489617367493,optimal,-28680.491912088724,True,True,converged(kkt(residual=1.66e-03<=tol=2.32e-02); obj_plateau(range=2.75e-08)),converged,0.001655988440073533,0.023150706097999626,False,5,5,0.0,701,8000,6.529576097591416e-07,9.512198335670519e-07,10.0,0,0,2.281926821750128e-07,113.84347944625014,113.81456180080212,113.73953042298686,1.0,1.0,0.9998705736143816,113.87214645758158,113.83759671925678,113.74705394275726,1.0,1.0,0.9998658784636119,0.9990072256826209,0.998950831483258,ab3c0476cf7edc20,cb7938d897062686,False,False,2.434099995298311,8.726100000785664,11.160199996083975,2.230799989774823,66.4870000036899,68.71779999346472
nominal_heatup,147,113.56338382332045,113.56338382332045,113.56536671823693,113.56536671823693,0.0019828949164804044,-28639.43902542904,optimal,-28668.204046755593,True,True,converged(kkt(residual=1.66e-03<=tol=2.31e-02); obj_plateau(range=2.76e-08)),converged,0.0016564005697924692,0.023148107232669995,False,5,5,0.0,701,8000,6.527377678366975e-07,9.508995724161196e-07,10.0,0,0,2.2835942111096177e-07,113.82198364746868,113.79742258533919,113.7336741477939,1.0,1.0,0.9998739514935073,113.84646406845634,113.81678563552022,113.73907012909046,1.0,1.0,0.9998694423567532,0.9990471323877473,0.9989941773666724,0c0d05b6bf3ba4de,c65fd433c1d53887,False,False,2.2261999984038994,6.524299999000505,8.750499997404404,2.045499990344979,65.21169999905396,67.25719998939894
nominal_heatup,148,113.53923769911967,113.53923769911967,113.54315771566648,113.54315771566648,0.003920016546814509,-28626.79109512375,optimal,-28656.598724378666,True,True,converged(kkt(residual=1.66e-03<=tol=2.31e-02); obj_plateau(range=2.76e-08)),converged,0.0016568151795074428,0.023145607795693367,False,5,5,0.0,701,8000,6.525286124769991e-07,9.505948330712499e-07,10.0,0,0,2.2862521340792114e-07,113.80372629486564,113.78285770767262,113.72858352447086,1.0,1.0,0.9998771975099372,113.82440274179368,113.79893156666587,113.73220346291268,1.0,1.0,0.9998728636907093,0.9990846845839698,0.9990348637776757,e35aae9ee13c4185,855d8fc0a29b17e4,False,False,2.2152000019559637,9.335399998235516,11.55060000019148,2.0957999950041994,60.98799999745097,63.08379999245517
nominal_heatup,149,113.5180842121759,113.5180842121759,113.52284431032629,113.52284431032629,0.004760098150384806,-28615.7050623164,optimal,-28645.98087662315,True,True,converged(kkt(residual=1.66e-03<=tol=2.31e-02); obj_plateau(range=2.76e-08)),converged,0.0016572145877773543,0.0231432877410487,False,5,5,0.0,701,8000,6.52336410666976e-07,9.503148792333604e-07,10.0,0,0,2.2895653807189795e-07,113.78821372652875,113.77044175957496,113.72403781060471,1.0,1.0,0.9998803187716516,113.80546886087801,113.78359749256799,113.72619260245088,1.0,1.0,0.9998761504872782,0.9991200959092672,0.9990731388219003,fa6abdb421461a53,bbadeb7b31e9c126,False,False,2.0957999950041994,9.646399994380772,11.742199989384972,2.0491000032052398,70.02649999049027,72.0755999936955
nominal_heatup,150,113.50004814115549,113.50004814115549,113.50479955744375,113.50479955744375,0.004751416288257815,-28606.24828658136,optimal,-28636.54724759353,True,True,converged(kkt(residual=1.66e-03<=tol=2.31e-02); obj_plateau(range=2.77e-08)),converged,0.001657585799148352,0.023141201259945805,False,5,5,0.0,701,8000,6.521646724877428e-07,9.50064673155282e-07,10.0,0,0,2.2932567192668295e-07,113.77500301660854,113.75980003348343,113.71986201657572,1.0,1.0,0.9998833218175156,113.78921087980855,113.7703906525413,113.72082227849658,1.0,1.0,0.9998793100898966,0.9991535523932967,0.9991092189021946,e7e1c4bee316103b,7e7591bd423e99fd,False,False,2.523300005123019,8.824699994875118,11.347999999998137,11.316400006762706,79.44180000049528,90.75820000725798
nominal_heatup,151,113.48511750743175,113.48511750743175,113.48922758565953,113.48922758565953,0.00411007822778231,-28598.416045159207,optimal,-28628.405743964067,True,True,converged(kkt(residual=1.66e-03<=tol=2.31e-02); obj_plateau(range=2.77e-08)),converged,0.0016579199824742882,0.02313938115074304,False,5,5,0.0,701,8000,6.520160837908406e-07,9.4984821341626e-07,10.0,0,0,2.2971022186980627e-07,113.76370194900528,113.75060669666769,113.71592084395212,1.0,1.0,0.9998862126902903,113.77522095040419,113.75896240577724,113.71591844948775,1.0,1.0,0.9998823492514076,0.9991852165233338,0.9991432932264122,0e057228f6b7a318,d8c44db19f939118,False,False,2.0434000034583732,7.767000002786517,9.81040000624489,1.981199995498173,64.23129999893717,66.21249999443535
nominal_heatup,152,113.47317657539375,113.47317657539375,113.47619713469832,113.47619713469832,0.003020559304573567,-28592.148930065927,optimal,-28621.59311732597,True,True,converged(kkt(residual=1.66e-03<=tol=2.31e-02); obj_plateau(range=2.78e-08)),converged,0.0016582118386026525,0.02313784285839637,False,5,5,0.0,701,8000,6.51891170377894e-07,9.496662523034161e-07,10.0,0,0,2.300926061030262e-07,113.75396765339164,113.74258205990861,113.71211287720355,1.0,1.0,0.9998889969973715,113.76313523601198,113.74900699947676,113.71134339630977,1.0,1.0,0.9998852742077623,0.9992152307366373,0.9991755276977766,753174cbc1058720,523c732d0a5dac0b,False,False,1.9392000103835016,7.558999990578741,9.498200000962242,2.2951999999349937,69.36540000606328,71.66060000599828
nominal_heatup,153,113.46403436972113,113.46403436972113,113.46567157725732,113.46567157725732,0.001637207536191454,-28587.347861217393,optimal,-28616.09077014873,True,True,converged(kkt(residual=1.66e-03<=tol=2.31e-02); obj_plateau(range=2.78e-08)),converged,0.001658458965452021,0.02313658812254636,False,5,5,0.0,701,8000,6.517900317248859e-07,9.49518923043513e-07,10.0,0,0,2.3045948164653168e-07,113.74550422482659,113.73548921075735,113.70836514245829,1.0,1.0,0.9998916799613508,113.75263307634467,113.7402595461913,113.70699086247826,1.0,1.0,0.9998880907399048,0.9992437204100849,0.9992060682674195,bace213e8c6ec186,111ecc5f0ba7c998,False,False,2.4833999923430383,7.025300001259893,9.508699993602931,2.272199999424629,71.37420000799466,73.64640000741929
nominal_heatup,154,113.45744885698706,113.45744885698706,113.45753526153949,113.45753526153949,8.640455243380529e-05,-28583.886802817484,optimal,-28611.838605304307,True,True,converged(kkt(residual=1.66e-03<=tol=2.31e-02); obj_plateau(range=2.78e-08)),converged,0.0016586612371849885,0.023135608205142627,False,5,5,0.0,701,8000,6.517116446502769e-07,9.494047272795569e-07,10.0,0,0,2.3080119545687464e-07,113.73805961016691,113.7291302423599,113.70462811027022,1.0,1.0,0.9998942664621762,113.74343526959822,113.73249338802961,113.70278139586975,1.0,1.0,0.9998908042257516,0.999270796410055,0.9992350438149176,fe0e7f0c3f81537c,4951c0c3346fd79a,False,False,2.2834999981569126,8.361300002434291,10.644800000591204,2.177500005927868,78.83610000135377,81.01360000728164
nominal_heatup,155,113.45314704240037,113.45314704240037,113.45161618176911,113.45161618176911,-0.0015308606312629536,-28581.623323202955,optimal,-28608.746930642876,True,True,converged(kkt(residual=1.66e-03<=tol=2.31e-02); obj_plateau(range=2.79e-08)),converged,0.0016588202440235992,0.02313488669138969,False,5,5,0.0,701,8000,6.516544317491935e-07,9.493213601885486e-07,10.0,0,0,2.3111121968623183e-07,113.7314220056645,113.72334227099665,113.70087118852734,1.0,1.0,0.9998967610724094,113.73530167224459,113.72551705032777,113.69865797996823,1.0,1.0,0.9998934196839092,0.9992965572593153,0.9992625686164961,01954f1e8880dde1,4f98904b44a11951,False,False,2.0884999976260588,9.963400007109158,12.051900004735216,2.155299996957183,108.67659999348689,110.83189999044407
nominal_heatup,156,113.45084130357893,113.45084130357893,113.44770510792068,113.44770510792068,-0.0031361956582429684,-28580.407173677857,optimal,-28606.706494269576,True,True,converged(kkt(residual=1.66e-03<=tol=2.31e-02); obj_plateau(range=2.79e-08)),converged,0.0016589388008485136,0.023134401874099295,False,5,5,0.0,701,8000,6.516166592973605e-07,9.49266328653664e-07,10.0,0,0,2.313856467617577e-07,113.72541597204949,113.717993399888,113.6970787263612,1.0,1.0,0.9998991680868343,113.72802831853207,113.71917094395668,113.69458202591984,1.0,1.0,0.9998959418105321,0.9993210909717335,0.9992887444531848,f2e4c6dee887e117,728c095dc3e16d6d,False,False,2.016300000832416,7.687699995585717,9.703999996418133,2.004200010560453,70.76979998964816,72.77400000020862
nominal_heatup,157,113.45024232737474,113.45024232737474,113.4455713919867,113.4455713919867,-0.004670935388034536,-28580.087082976763,optimal,-28605.596770330565,True,True,converged(kkt(residual=1.66e-03<=tol=2.31e-02); obj_plateau(range=2.79e-08)),converged,0.0016590205354724812,0.023134128743095502,False,5,5,0.0,701,8000,6.515959825037498e-07,9.492362513796593e-07,10.0,0,0,2.3162268957839477e-07,113.71989843716197,113.71297875413116,113.6932465297453,1.0,1.0,0.9999014915474613,113.72144422986736,113.71332395870719,113.69052976339269,1.0,1.0,0.9998983750105068,0.9993444766000377,0.9993136624057883,0ebd6dc3c6884e99,a79ecb6e50a7098e,False,False,2.7809000021079555,7.387999998172745,10.1689000002807,3.00690000585746,70.29429999238346,73.30119999824092
nominal_heatup,158,113.45106903777835,113.45106903777835,113.44497572576925,113.44497572576925,-0.00609331200909935,-28580.515973729285,optimal,-28605.29264357519,True,True,converged(kkt(residual=1.66e-03<=tol=2.31e-02); obj_plateau(range=2.80e-08)),converged,0.0016590695424555596,0.02313404060910334,False,5,5,0.0,701,8000,6.515902271075902e-07,9.492278376654895e-07,10.0,0,0,2.318222464647147e-07,113.71475472259748,113.70821668227883,113.68937887386998,1.0,1.0,0.9999037352647954,113.71540806363717,113.70787006168223,113.68648904880449,1.0,1.0,0.9999007234239635,0.9993667855371567,0.999337404378436,6aa69007b3142d0d,3f599562bcdb5081,False,False,2.6212999946437776,13.169600002584048,15.790899997227825,3.1223999976646155,78.31729999452364,81.43969999218825
nominal_heatup,159,113.45305590748502,113.45305590748502,113.44568015792012,113.44568015792012,-0.007375749564900502,-28581.554808230394,optimal,-28605.66965740255,True,True,converged(kkt(residual=1.66e-03<=tol=2.31e-02); obj_plateau(range=2.80e-08)),converged,0.001659090125694897,0.023134110396434482,False,5,5,0.0,701,8000,6.515970483178535e-07,9.492377879283254e-07,10.0,0,0,2.319855136837276e-07,113.70989470038829,113.70364519425085,113.68548598580158,1.0,1.0,0.9999059028360763,113.70980472454343,113.70272499242233,113.6824565908818,1.0,1.0,0.9999029909489499,0.9993880826068028,0.9993600443878043,9d50ab771c368246,8c8b053a5b7e692d,False,False,2.8906999941682443,8.356100006494671,11.246800000662915,2.7670999988913536,80.61480001197197,83.38190001086332
disturbance_step60,0,32.0,32.0,32.0,32.0,0.0,-95998.82400512494,optimal,-95995.60480396192,False,False,max_iterations,max_iterations,0.01313055188238663,0.07645254018157442,False,5,5,0.0,8000,8000,6.865136228384472e-07,9.949711854417842e-07,10.0,0,0,3.353375623490067e-05,28.0,28.0,28.0,1e-05,1e-05,1e-05,28.0,28.0,28.0,1e-05,1e-05,1e-05,1.0000008521941652,1.0000008521941652,2dff947584e37cd8,2dff947584e37cd8,True,True,2.754699991783127,12.848800004576333,15.60349999635946,2.5141000078292564,822.7296999975806,825.2438000054099
disturbance_step60,1,36.0,36.0,36.0,36.0,0.0,-106602.11834510237,optimal,-106599.55481274643,True,True,converged(kkt(residual=9.46e-03<=tol=7.67e-02); obj_plateau(range=1.17e-10)),converged,0.00946192876202397,0.07672454183914508,False,5,5,0.0,351,8000,6.114478381391564e-07,8.869759353657969e-07,10.0,0,0,2.404766805543362e-05,28.000000056399145,28.000000056399145,28.000000056399145,1.0001630922571259e-05,1.0001630922571259e-05,1.0001630922571259e-05,28.000000056399145,28.000000056399145,28.000000056399145,1.0001630922571259e-05,1.0001630922571259e-05,1.0001630922571259e-05,1.0000008522669996,1.0000008522669996,7deb6d341e85e86e,7deb6d341e85e86e,True,True,2.0192999945720658,8.59850000415463,10.617799998726696,1.8734999903244898,29.21500000229571,31.0884999926202
disturbance_step60,2,40.0,40.0,40.0,40.0,0.0,-117129.27117072618,optimal,-117127.32958102174,False,False,max_iterations,max_iterations,0.006558336293111593,0.07696517179286803,False,5,5,0.0,8000,8000,6.750023473500733e-07,9.791691262250879e-07,10.0,0,0,1.6576468760082554e-05,28.000000112803107,28.000000112803107,28.000000091841084,1.0003261984532805e-05,1.0003261984532805e-05,1.0003261984532805e-05,28.000000112803107,28.000000112803107,28.000000091841084,1.0003261984532805e-05,1.0003261984532805e-05,1.0003261984532805e-05,1.0000008523398338,1.0000008523398338,dea493021349b947,dea493021349b947,True,True,2.616700003272854,9.250300005078316,11.86700000835117,2.5925999943865463,625.7964999967953,628.3890999911819
disturbance_step60,3,44.0,44.0,44.0,44.0,0.0,-127560.7145447529,optimal,-127560.03201344592,True,True,converged(kkt(residual=2.13e-03<=tol=7.72e-02); obj_plateau(range=4.56e-16)),converged,0.0021290285680746683,0.07717179203441876,False,5,5,0.0,501,8000,7.615793506943191e-07,9.623327761332234e-07,10.0,0,0,5.3506387871259956e-06,28.00000016921189,28.00000016142088,28.000000128607986,1.0004893185885736e-05,1.0004893185885736e-05,1.0004893185878145e-05,28.00000016921189,28.00000016142088,28.000000128607986,1.0004893185885736e-05,1.0004893185885736e-05,1.0004893185878145e-05,1.000000852412668,1.000000852412668,0edcd0738c543a27,0edcd0738c543a27,True,True,2.3336000012932345,8.328000010806136,10.66160001209937,2.1007999894209206,43.71700000774581,45.81779999716673
disturbance_step60,4,48.0,48.0,48.0,48.0,0.0,-137877.66920410897,optimal,-137877.65031387296,True,True,converged(kkt(residual=1.07e-03<=tol=7.73e-02); obj_plateau(range=2.01e-08)),converged,0.001071169199391304,0.07734236187294435,False,5,5,0.0,551,8000,5.533117999334536e-07,8.043587955697262e-07,10.0,0,0,1.3700721892568705e-07,28.00000021983408,28.000000208534534,28.00000016274716,1.0006524526631151e-05,1.0006524526628329e-05,1.0006524526608854e-05,28.00000021983408,28.000000208534534,28.00000016274716,1.0006524526631151e-05,1.0006524526628329e-05,1.0006524526608854e-05,1.000000852485502,1.000000852485502,680eee491494ebde,680eee491494ebde,True,True,3.9951999933691695,12.275500004761852,16.270699998131022,4.1074999899137765,49.174400002812035,53.28189999272581
disturbance_step60,5,52.0,52.0,51.99999999999999,51.99999999999999,-7.105427357601002e-15,-148066.06872664744,optimal,-148066.04645978825,True,True,converged(kkt(residual=2.82e-03<=tol=7.75e-02); obj_plateau(range=2.19e-08)),converged,0.0028238830587717636,0.07747532435764008,False,5,5,0.0,501,8000,6.522267455011388e-07,9.454484635185167e-07,10.0,0,0,1.5038468328793262e-07,28.00000026785304,28.000000252134775,28.015534364180088,1.0008156006768049e-05,1.0008156006761134e-05,1.0008156006725072e-05,28.00000026785304,28.000000252134775,28.015534364180088,1.0008156006768049e-05,1.0008156006761134e-05,1.0008156006725072e-05,1.0000008535389835,1.0000008535389835,7fcaea07eedb7f3f,7fcaea07eedb7f3f,True,True,5.260099991573952,15.739800001028925,20.999899992602877,2.7446000021882355,35.62539999256842,38.369999994756654
disturbance_step60,6,56.0,56.0,55.99999999999999,55.99999999999999,-7.105427357601002e-15,-158106.7165118793,optimal,-158106.6976433849,True,True,converged(kkt(residual=4.01e-03<=tol=7.76e-02); obj_plateau(range=1.77e-08)),converged,0.0040072790213808935,0.07756951146146501,False,5,5,0.0,451,8000,6.325446832988746e-07,9.190428951200147e-07,10.0,0,0,1.193403212043375e-07,28.000000312592185,28.00577391978186,28.057459750004423,1.000978762629658e-05,1.000978762628397e-05,1.0009793262776227e-05,28.000000312592185,28.00577391978186,28.057459750004423,1.000978762629658e-05,1.000978762628397e-05,1.0009793262776227e-05,1.0000008566302483,1.0000008566302483,d021821520a1ff94,d021821520a1ff94,True,True,1.946100004715845,8.561199996620417,10.507300001336262,2.592199991340749,65.89070000336505,68.4828999947058
disturbance_step60,7,60.0,60.0,59.99999999999998,59.99999999999998,-2.1316282072803006e-14,-167979.73364055506,optimal,-167979.7112512882,True,True,converged(kkt(residual=5.72e-03<=tol=7.76e-02); obj_plateau(range=1.95e-08)),converged,0.005715923154556874,0.0776240733607983,False,5,5,0.0,301,8000,6.204439984003329e-07,9.014614565927559e-07,10.0,0,0,1.3328560037645516e-07,28.004292153377847,28.022838296226645,28.135109522234508,1.001141938521665e-05,1.0011421478125678e-05,1.0011445967490528e-05,28.004292153377847,28.022838296226645,28.135109522234508,1.001141938521665e-05,1.0011421478125678e-05,1.0011445967490528e-05,1.0000008630022164,1.0000008630022164,1fcae77276133a49,1fcae77276133a49,True,True,2.5334999954793602,22.633799992036074,25.167299987515435,2.6797999889822677,27.33270000317134,30.012499992153607
disturbance_step60,8,64.0,64.0,64.0,63.99999999999998,-2.1316282072803006e-14,-177665.39997974408,optimal,-177664.62204661613,False,False,max_iterations,max_iterations,0.006731265545315815,0.07763842165555288,False,5,5,0.0,8000,8000,6.111417008014541e-07,8.879458581745325e-07,10.0,0,0,4.378641784332362e-06,28.01807839987666,28.057673407757182,28.254795432951447,1.0013052839181873e-05,1.0013061671269752e-05,1.0013127537634136e-05,28.01807839987666,28.057673407757182,28.254795432951447,1.0013052839181873e-05,1.0013061671269752e-05,1.0013127537634136e-05,1.0000008738881738,1.0000008738881738,fa7da7a4150261e1,fa7da7a4150261e1,True,True,5.839000004925765,10.481799996341579,16.320800001267344,9.001500002341345,491.263899995829,500.2653999981703
disturbance_step60,9,67.99999999999999,67.99999999999999,67.99999999999997,67.99999999999997,-1.4210854715202004e-14,-187142.34148828022,optimal,-187135.54164842775,False,False,max_iterations,max_iterations,0.0206577702340634,0.07761218466603557,False,5,5,0.0,8000,8000,6.305568689413121e-07,9.140364349846664e-07,10.0,0,0,3.633512165316918e-05,28.047511223592842,28.11622195693027,28.42117301871507,1.0014691440074805e-05,1.0014714737108251e-05,1.0014854481868797e-05,28.047511223592842,28.11622195693027,28.42117301871507,1.0014691440074805e-05,1.0014714737108251e-05,1.0014854481868797e-05,1.0000008905547881,1.0000008905547881,7ff7f670344ac907,ddec85241e2b9cda,True,True,2.672799993888475,11.19940000353381,13.872199997422285,2.9357000021263957,691.3511999882758,694.2868999904022
disturbance_step60,10,71.99999999999997,71.99999999999997,71.99999999999997,71.99999999999997,0.0,-196384.77840504333,optimal,-196371.79533760427,False,False,max_iterations,max_iterations,0.032268010628203316,0.07754517108972717,False,5,5,0.0,8000,8000,6.510454397812282e-07,9.437360697361896e-07,10.0,0,0,6.611035394748055e-05,28.098587088330618,28.204026095810903,28.637444447596287,1.0016340922523065e-05,1.0016389563010768e-05,1.0016646422525322e-05,28.098587088330618,28.204026095810903,28.637444447596287,1.0016340922523065e-05,1.0016389563010768e-05,1.0016646422525322e-05,1.0000009143124624,1.0000009143124624,b049dda0d6760132,b049dda0d6760132,True,True,6.216099995072,21.20400000421796,27.42009999928996,2.696499999728985,637.7486999990651,640.4451999987941
disturbance_step60,11,75.99999999999996,75.99999999999996,75.99999999999997,75.99999999999997,1.4210854715202004e-14,-205373.05633183158,optimal,-205353.13708846018,False,False,max_iterations,max_iterations,0.04468186684309657,0.0774373403969535,False,5,5,0.0,8000,8000,5.271957235208902e-07,7.66393557505296e-07,10.0,0,0,9.699053742428005e-05,28.17696474743232,28.325927123648107,28.905878723964744,1.001800935059378e-05,1.0018097472067574e-05,1.0018526362451092e-05,28.17696474743232,28.325927123648107,28.905878723964744,1.001800935059378e-05,1.0018097472067574e-05,1.0018526362451092e-05,1.0000009465851527,1.0000009465851527,d41ebe08cf942e48,c3db9d26fe549d9a,True,True,2.558599997428246,16.390899996622466,18.94949999405071,2.5162999954773113,585.8693000045605,588.3856000000378
disturbance_step60,12,79.99999999999994,79.99999999999994,79.99999999999997,79.99999999999997,2.842170943040401e-14,-214088.40646751056,optimal,-214063.13103090762,False,False,max_iterations,max_iterations,0.05233237507592734,0.07728877836373677,False,5,5,0.0,8000,8000,5.292319258387579e-07,7.548050309225118e-07,10.0,0,0,0.0001180607427245016,28.287695303581557,28.48611411336325,29.228022559149494,1.0019707186055292e-05,1.0019852307914455e-05,1.0020521334415317e-05,28.287695303581557,28.48611411336325,29.228022559149494,1.0019707186055292e-05,1.0019852307914455e-05,1.0020521334415317e-05,1.000000988985778,1.000000988985778,584bfb1129999d58,584bfb1129999d58,True,True,2.1991000103298575,8.424899991950952,10.624000002280809,1.91199999244418,597.0033000048716,598.9152999973157
disturbance_step60,13,83.99999999999996,83.99999999999996,83.99999999999999,83.99999999999997,1.4210854715202004e-14,-222512.42859610394,optimal,-222480.51988485045,False,False,max_iterations,max_iterations,0.06202510355126661,0.07709967676208208,False,5,5,0.0,8000,8000,5.225643917583511e-07,7.480034200924024e-07,10.0,0,0,0.00014340192624152882,28.435189073687383,28.68811443723295,29.60491107244096,1.0021447366458453e-05,1.0021670668093506e-05,1.002266335713411e-05,28.435189073687383,28.68811443723295,29.60491107244096,1.0021447366458453e-05,1.0021670668093506e-05,1.002266335713411e-05,1.0000010434153785,1.0000010434153785,9b6501f11b4b8036,9b6501f11b4b8036,True,True,5.567300002439879,21.501799987163395,27.069099989603274,3.859699994791299,703.9819000056013,707.8416000003926
disturbance_step60,14,87.99999999999994,87.99999999999994,87.99999999999997,87.99999999999997,2.842170943040401e-14,-230627.10638262113,optimal,-230592.75647918278,True,True,converged(kkt(residual=6.28e-02<=tol=7.69e-02); obj_plateau(range=3.59e-12)),converged,0.06284742154109518,0.07687031639273208,False,5,5,0.0,201,8000,5.8437012739887e-07,8.495088472670886e-07,10.0,0,0,0.00014894130835796672,28.623200041918288,28.934857331659494,30.037186768688905,1.0023245495954168e-05,1.0023572281445382e-05,1.0024990765584491e-05,28.623200041918288,28.934857331659494,30.037186768688905,1.0023245495954168e-05,1.0023572281445382e-05,1.0024990765584491e-05,1.0000011121797336,1.0000011121797336,918a245a8a0a134e,918a245a8a0a134e,True,True,2.9678999999305233,15.016599994851276,17.9844999947818,3.516600001603365,29.03429999423679,32.550899995840155
disturbance_step60,15,91.99999999999993,91.99999999999993,91.99999999999997,91.99999999999997,4.263256414560601e-14,-238414.81733931246,optimal,-238380.63498478293,True,True,converged(kkt(residual=5.92e-02<=tol=7.66e-02); obj_plateau(range=3.00e-12)),converged,0.059168227041612426,0.07660105287427336,False,5,5,0.0,201,8000,5.89629024716487e-07,8.164697193890902e-07,10.0,0,0,0.00014337344626715655,28.854869120086413,29.22872865371056,30.525195733226727,1.0025120171607514e-05,1.0025580580941484e-05,1.0027549973976509e-05,28.854869120086413,29.22872865371056,30.525195733226727,1.0025120171607514e-05,1.0025580580941484e-05,1.0027549973976509e-05,1.0000011981334345,1.0000011981334345,89999277de89617c,7f9a5aab0edd7596,True,True,5.057500005932525,10.857999994186684,15.91550000011921,3.5432000004220754,23.351800002274103,26.89500000269618
disturbance_step60,16,95.99999999999993,95.99999999999993,95.99999999999997,95.99999999999997,4.263256414560601e-14,-245858.33849909017,optimal,-245826.0319697086,True,True,converged(kkt(residual=5.32e-02<=tol=7.63e-02); obj_plateau(range=1.08e-12)),converged,0.05315918070658588,0.07629230471555298,False,5,5,0.0,201,8000,6.278478394960985e-07,8.693920507951702e-07,10.0,0,0,0.00013140302262758358,29.132775953652295,29.571636766375924,31.069051976588753,1.0027093488534011e-05,1.0027723503453636e-05,1.0030397793205575e-05,29.132775953652295,29.571636766375924,31.069051976588753,1.0027093488534011e-05,1.0027723503453636e-05,1.0030397793205575e-05,1.0000013048593073,1.0000013048593073,825c10fb4549c9ca,825c10fb4549c9ca,True,True,2.6680000009946525,12.14260001142975,14.810600012424402,3.093899998930283,21.914800003287382,25.008700002217665
disturbance_step60,17,99.99999999999993,99.99999999999993,99.99999999999997,99.99999999999997,4.263256414560601e-14,-252940.84866524732,optimal,-252907.01068154193,False,False,max_iterations,max_iterations,0.05326826545366716,0.07594454330281392,False,5,5,0.0,8000,8000,6.361106272834149e-07,8.808334657217642e-07,10.0,0,0,0.00013377824614855405,29.459001193484145,29.965072618383886,31.66868726952701,1.0029191757879237e-05,1.0030034571632905e-05,1.0033604465787608e-05,29.459001193484145,29.965072618383886,31.66868726952701,1.0029191757879237e-05,1.0030034571632905e-05,1.0033604465787608e-05,1.0000014368973875,1.0000014368973875,9e94efa170440ac9,9e94efa170440ac9,True,True,2.738999988650903,10.136000011698343,12.875000000349246,2.456799993524328,645.6550000002608,648.1117999937851
disturbance_step60,18,103.99999999999993,103.99999999999993,103.99999999999997,103.99999999999997,4.263256414560601e-14,-259645.92794660272,optimal,-259612.18191372926,True,True,converged(kkt(residual=5.09e-02<=tol=7.56e-02); obj_plateau(range=2.57e-13)),converged,0.050926387749484346,0.07555828450109504,False,5,5,0.0,201,8000,6.76804603472192e-07,9.810758152539734e-07,10.0,0,0,0.000129969425822879,29.83518713825559,30.410166831002797,32.32388788410938,1.0031446486637145e-05,1.003255432719756e-05,1.0037257650833878e-05,29.83518713825559,30.410166831002797,32.32388788410938,1.0031446486637145e-05,1.003255432719756e-05,1.0037257650833878e-05,1.0000016000414043,1.0000016000414043,b52c585128b36b86,b52c585128b36b86,True,True,4.596800004946999,8.591999998316169,13.188800003263168,2.135099988663569,18.130199998267926,20.265299986931495
disturbance_step60,19,107.99999999999994,107.99999999999994,107.99999999999997,107.99999999999997,2.842170943040401e-14,-265957.55516190745,optimal,-265928.55130507593,True,True,converged(kkt(residual=4.20e-02<=tol=7.51e-02); obj_plateau(range=2.99e-13)),converged,0.04199558813565572,0.07513408162614542,False,5,5,0.0,201,8000,6.510827432748556e-07,9.116205230697005e-07,10.0,0,0,0.00010905445421866546,30.26259573381852,30.907740544433675,33.03432342597463,1.0033895682563044e-05,1.0035332213742204e-05,1.0041467676231376e-05,30.26259573381852,30.907740544433675,33.03432342597463,1.0033895682563044e-05,1.0035332213742204e-05,1.0041467676231376e-05,1.0000018017276073,1.0000018017276073,79fccccf8f15c6a9,79fccccf8f15c6a9,True,True,2.1342999971238896,8.434800009126775,10.569100006250665,2.678999997442588,13.294399992446415,15.973399989889003
disturbance_step60,20,111.99999999999994,111.99999999999994,111.99999999999997,111.99999999999997,2.842170943040401e-14,-271860.1035881512,optimal,-271837.459729102,True,True,converged(kkt(residual=3.15e-02<=tol=7.47e-02); obj_plateau(range=2.98e-13)),converged,0.03152322154606667,0.07467251958521323,False,5,5,0.0,201,8000,6.837688459881974e-07,9.468268560297588e-07,10.0,0,0,8.329231811291875e-05,30.742161255455276,31.45835074073644,33.799569377951165,1.0036585572181912e-05,1.0038429042220354e-05,1.0046374493864521e-05,30.742161255455276,31.45835074073644,33.799569377951165,1.0036585572181912e-05,1.0038429042220354e-05,1.0046374493864521e-05,1.000002051549314,1.000002051549314,26237f67a7a0e7c8,711287311a7e82e7,True,True,2.551300000050105,9.117800000240095,11.6691000002902,2.4699000059626997,13.65369999257382,16.12359999853652
disturbance_step60,21,115.99999999999996,115.99999999999996,115.99999999999997,115.99999999999997,1.4210854715202004e-14,-277338.3354374501,optimal,-277322.4093909128,False,False,max_iterations,max_iterations,0.0213626851783019,0.07417421001996738,False,5,5,0.0,8000,8000,7.106024639824682e-07,9.839836936365032e-07,10.0,0,0,5.7424610074087085e-05,31.274537519628144,32.06232983559645,34.619125239305966,1.0039572851893256e-05,1.0041920221372836e-05,1.0052156935043224e-05,31.274537519628144,32.06232983559645,34.619125239305966,1.0039572851893256e-05,1.0041920221372836e-05,1.0052156935043224e-05,1.000002361942879,1.000002361942879,9b751e3902f36ed4,846a7839e22c80d8,True,True,4.086899993126281,11.082800003350712,15.169699996476993,2.3366999957943335,605.4287000006298,607.7653999964241
disturbance_step60,22,119.99999999999996,119.99999999999996,119.99999999999999,119.99999999999997,1.4210854715202004e-14,-282249.2601844363,optimal,-282197.07596616494,False,False,max_iterations,max_iterations,0.06976883802459596,0.07363978731247066,False,5,5,0.0,8000,8000,6.560766223628889e-07,9.55763558074807e-07,10.0,0,0,0.00018488699522014034,31.860139431473698,32.71982012895055,35.492429218553006,1.0042927636276365e-05,1.0045900001126806e-05,1.0059045087611502e-05,31.860139431473698,32.71982012895055,35.492429218553006,1.0042927636276365e-05,1.0045900001126806e-05,1.0059045087611502e-05,1.0000027491075865,1.0000027491075865,c0c53ccfd1fbff75,f3b09411b8df9c38,True,True,2.0253999973647296,9.302599995862693,11.327999993227422,2.4073999957181513,434.96779999986757,437.3751999955857
disturbance_step60,23,123.99999999999997,123.99999999999997,124.0000004330801,123.99999999999997,0.0,-285922.71912266745,optimal,-285869.86250708776,False,False,max_iterations,max_iterations,0.07005100500993405,0.07306990534601678,False,5,5,0.0,8000,8000,6.280502446998071e-07,9.073960827166161e-07,10.0,0,0,0.00018486333622724544,32.499179256904526,33.43080354993059,36.418870302862096,1.0046737327042226e-05,1.0050487067028725e-05,1.0067336928314506e-05,32.499179256904526,33.43080354993059,36.4188703028621,1.0046737327042226e-05,1.0050487067028725e-05,1.0067336928314506e-05,1.0000032342458494,1.0000032342458494,f2ac192c71e9e327,35bc48c120ce9f9a,True,True,1.9013999990420416,8.437900003627874,10.339300002669916,2.4933000095188618,305.5317999969702,308.0251000064891
disturbance_step60,24,127.99999999999997,127.99999999999997,127.99999999999997,127.99999999999997,0.0,-287335.8751669478,optimal,-287286.2186274071,False,False,max_iterations,max_iterations,0.06552642851850562,0.07246523490438808,False,5,5,0.0,8000,8000,6.228404316743763e-07,8.998690477213245e-07,10.0,0,0,0.00017281711064910416,33.19169804282029,34.19512725832241,37.397798234444124,1.005111170702066e-05,1.0055831947088486e-05,1.0077420781319361e-05,33.19169804282029,34.195127258322415,37.39779823444413,1.005111170702066e-05,1.0055831947088486e-05,1.0077420781319361e-05,1.0000038452434135,1.0000038452434135,097cf872b54ada68,ebba7cf0531ae575,True,True,1.9146999984513968,6.703100007143803,8.6178000055952,2.038099992205389,260.84370000171475,262.88179999392014
disturbance_step60,25,130.0,130.0,130.0,130.0,0.0,-285421.3433542201,optimal,-285377.5666791368,False,False,max_iterations,max_iterations,0.05765787060924054,0.07182646166125428,False,5,5,0.0,8000,8000,5.973794827696111e-07,8.63083653435126e-07,10.0,0,0,0.00015337569250107358,33.93759271203294,35.01252560136735,38.42853181431628,1.005618967429849e-05,1.0062126862556018e-05,1.0089805789359043e-05,33.937592712032945,35.01252560136736,38.42853181431629,1.005618967429849e-05,1.0062126862556018e-05,1.0089805789359043e-05,1.0000046189564815,1.000004618956481,311707fff0b6f53b,02ece3e105871a13,False,False,1.7912000039359555,6.7808999883709475,8.572099992306903,2.030799994827248,245.00049999915063,247.03129999397788
disturbance_step60,26,130.0,130.0,130.0,130.0,0.0,-281039.4561664829,optimal,-281001.29480649665,False,False,max_iterations,max_iterations,0.05025774587858509,0.07100872566817841,False,5,5,0.0,8000,8000,5.907819797812408e-07,8.251904946021682e-07,10.0,0,0,0.00013578657749524058,34.73663933886756,35.88263890591761,39.51036584016605,1.0062148184087887e-05,1.0069618889944927e-05,1.0105163455459045e-05,34.73663933886757,35.88263890591762,39.51036584016606,1.0062148184087887e-05,1.0069618889944927e-05,1.0105163455459045e-05,1.0000056043396808,1.000005604339681,8eb29ce445d7875e,8e327865e710a1f4,False,False,2.158900009817444,6.477299990365282,8.636200000182725,1.218200006405823,242.0010999921942,243.21929999860004
disturbance_step60,27,130.0,130.0,130.0,130.0,0.0,-276121.9701775234,optimal,-276086.84566948604,False,False,max_iterations,max_iterations,0.04632589418899749,0.07002782567582269,False,5,5,0.0,8000,8000,6.886176748821526e-07,9.989197486959256e-07,10.0,0,0,0.00012720660968460574,35.588513092118,36.80502953120534,40.64257692132613,1.0069214176848358e-05,1.007862763007317e-05,1.0124384554526784e-05,35.588513092118006,36.80502953120535,40.64257692132614,1.0069214176848358e-05,1.007862763007317e-05,1.0124384554526784e-05,1.0000068667446973,1.0000068667446973,f92e3f8c7735ab34,e8668d64e152b3bc,False,False,2.1840999979758635,8.516100002452731,10.700200000428595,2.206600009230897,256.7815999937011,258.988200002932
disturbance_step60,28,130.0,130.0,130.0,130.0,0.0,-271205.5947255437,optimal,-271172.8414221514,False,False,max_iterations,max_iterations,0.04329331370305631,0.06904684438486627,False,5,5,0.0,8000,8000,5.62927851888162e-07,8.133082021188898e-07,10.0,0,0,0.00012076942748884269,36.49280528639047,37.779195562592335,41.82442836075675,1.00776805645182e-05,1.0089569039656567e-05,1.0148657494724979e-05,36.49280528639048,37.77919556259234,41.824428360756755,1.00776805645182e-05,1.0089569039656569e-05,1.0148657494724979e-05,1.0000084938573894,1.0000084938573894,69a6587c63d2f50b,cc704d544d1cc699,False,False,2.2040000039851293,6.9528000021819025,9.156800006167032,1.7991000058827922,197.40780000574887,199.20690001163166
disturbance_step60,29,130.0,130.0,130.0,130.0,0.0,-266303.80334732385,optimal,-266272.99330798956,False,False,max_iterations,max_iterations,0.04084776900129335,0.06806870211644805,False,5,5,0.0,8000,8000,5.667616420623744e-07,8.188471385395246e-07,10.0,0,0,0.0001156952814517901,37.44903793778677,38.804582478445084,43.05517425772096,1.008792775660128e-05,1.0102987727945596e-05,1.0179576783908196e-05,37.44903793778678,38.80458247844509,43.055174257720964,1.008792775660128e-05,1.0102987727945598e-05,1.0179576783908196e-05,1.000010603941939,1.000010603941939,45a465e323453ee7,cbef66634e65b801,False,False,1.8976000137627125,8.789599989540875,10.687200003303587,2.3283999908016995,193.94920000922866,196.27760000003036
disturbance_step60,30,130.0,130.0,130.0,130.0,0.0,-261427.50537077658,optimal,-261400.23919893746,False,False,max_iterations,max_iterations,0.03621876021548192,0.06709577262615266,False,5,5,0.0,8000,8000,5.538212235478568e-07,8.001514517630426e-07,10.0,0,0,0.00010429753492625475,38.456676172467965,39.88059307969842,44.326295872218694,1.0100452783556139e-05,1.0119600936431951e-05,1.0219294017606023e-05,38.45667617246797,39.88059307969843,44.3262958722187,1.0100452783556139e-05,1.0119600936431953e-05,1.0219294017606023e-05,1.0000133502968045,1.0000133502968045,1d55e7d7dec0aadb,d766628155f089a8,False,False,1.2092999968444929,4.808800003957003,6.018100000801496,1.7922000115504488,270.0559999939287,271.84820000547916
disturbance_step60,31,130.0,130.0,130.0,130.0,0.0,-256585.55027185671,optimal,-256564.02894684317,False,False,max_iterations,max_iterations,0.028561413459431438,0.06612998763889327,False,5,5,0.0,8000,8000,5.940057548059485e-07,8.616741871136924e-07,10.0,0,0,8.387618553868833e-05,39.51513879282676,41.00370911940793,45.62384309440204,1.0115908887980325e-05,1.0140358723565775e-05,1.027064961864798e-05,39.51513879282677,41.00370911940794,45.62384309440205,1.0115908887980325e-05,1.0140358723565776e-05,1.027064961864798e-05,1.0000169276166246,1.0000169276166246,ea7b1a85f35d0c10,f4598c01e819090e,False,False,2.180200011935085,15.757299988763407,17.937500000698492,1.8683999951463193,214.72309999808203,216.59149999322835
disturbance_step60,32,130.0,130.0,129.99999999999997,129.99999999999997,-2.842170943040401e-14,-251785.1210583345,optimal,-251766.1225075383,False,False,max_iterations,max_iterations,0.02529616846404484,0.06517292008472327,False,5,5,0.0,8000,8000,5.815408030684921e-07,8.435923115612809e-07,10.0,0,0,7.545583520540911e-05,40.62166136640787,42.16762674340835,46.9369658648656,1.0135159609374298e-05,1.0166511340095577e-05,1.0337306087914461e-05,40.62166136640788,42.167626743408356,46.936965864865606,1.0135159609374298e-05,1.0166511340095578e-05,1.0337306087914461e-05,1.0000215859513406,1.0000215859513406,1db3ac0cd269c8a4,c8108ff38536af88,False,False,2.764199991361238,9.667599995736964,12.431799987098202,2.4762999964877963,253.35489999270067,255.83119998918846
disturbance_step60,33,130.0,130.0,130.0,130.0,0.0,-247032.03577662606,optimal,-247016.38974330595,False,False,max_iterations,max_iterations,0.02087809175193523,0.06422584808922023,False,5,5,0.0,8000,8000,5.690584288231548e-07,8.254851762146131e-07,10.0,0,0,6.333660369495334e-05,41.77084845737515,43.36566791672193,48.25708836034171,1.0159342426202962e-05,1.0199689056691246e-05,1.0423972055584554e-05,41.77084845737516,43.36566791672194,48.25708836034172,1.0159342426202962e-05,1.0199689056691248e-05,1.0423972055584554e-05,1.0000276448036494,1.00002764480365,d30ed634c9a4c473,f570a98128e82bb5,False,False,1.7730999970808625,6.451499997638166,8.224599994719028,1.2260000075912103,267.3750999965705,268.6011000041617
disturbance_step60,34,130.0,130.0,129.99999999999997,129.99999999999997,-2.842170943040401e-14,-242330.98516355816,optimal,-242317.9885951913,False,False,max_iterations,max_iterations,0.017413058683337358,0.06328980583168345,False,5,5,0.0,8000,8000,5.568244176856751e-07,8.077383908400293e-07,10.0,0,0,5.363216805291025e-05,42.95635122779743,44.590925972232014,49.57797689401694,1.018994412676557e-05,1.0242010082863204e-05,1.053668028779401e-05,42.956351227797434,44.59092597223202,49.57797689401695,1.018994412676557e-05,1.0242010082863206e-05,1.053668028779401e-05,1.0000355128009815,1.0000355128009815,c3b2fb0fe2b01822,a58c6a9f950e2c1a,False,False,1.9890000112354755,7.653099994058721,9.642100005294196,1.7573000077391043,254.46379999630153,256.22110000404064
disturbance_step60,35,130.0,130.0,130.0,130.0,0.0,-237685.72111121414,optimal,-237674.90484817396,False,False,max_iterations,max_iterations,0.01458914404033879,0.06236562404468214,False,5,5,0.0,8000,8000,5.448339237545952e-07,7.903447718504708e-07,10.0,0,0,4.5507463504588684e-05,44.171406195469075,45.83695172260524,50.8949572932192,1.0228899307463622e-05,1.0296214244032104e-05,1.0683152902901279e-05,44.17140619546908,45.83695172260525,50.89495729321921,1.0228899307463622e-05,1.0296214244032106e-05,1.0683152902901279e-05,1.0000457117886863,1.0000457117886863,4337d30d6b6bcb33,245c2ee087137189,False,False,2.24089999392163,6.960300001082942,9.201199995004572,2.132499997969717,262.0279999973718,264.1604999953415
disturbance_step60,36,130.0,130.0,130.0,130.0,0.0,-233099.20843406662,optimal,-233090.1740238631,False,False,max_iterations,max_iterations,0.012326457347394527,0.061453962781997,False,5,5,0.0,8000,8000,6.873501803283943e-07,9.961835987226664e-07,10.0,0,0,3.8758961880480685e-05,45.40948352759254,47.0978389175981,52.20455455144949,1.0278713971231812e-05,1.0365834296490869e-05,1.0873268743414286e-05,45.40948352759255,47.097838917598104,52.2045545514495,1.0278713971231812e-05,1.036583429649087e-05,1.0873268743414286e-05,1.0000589086745004,1.000058908674502,5ffec732c83b4c47,d17f5bc5bb87af0a,False,False,1.717299994197674,5.9643000131472945,7.681600007344969,1.6872999985935166,224.39390000363346,226.08120000222698
disturbance_step60,37,130.0,130.0,130.0,130.0,0.0,-228573.74763891986,optimal,-228566.99554763146,False,False,max_iterations,max_iterations,0.00934040952431906,0.0605553380433324,False,5,5,0.0,8000,8000,6.722444538809214e-07,9.742907538523582e-07,10.0,0,0,2.9541703602928718e-05,46.664516953800415,48.3683532001705,53.504128266444766,1.0342623010345865e-05,1.045541181963181e-05,1.1119674734577008e-05,46.66451695380042,48.36835320017051,53.50412826644477,1.0342623010345865e-05,1.0455411819631811e-05,1.1119674734577008e-05,1.0000759571416176,1.0000759571416173,cb73d96bed4df43d,a199123315829f09,False,False,1.738799997838214,6.569800010765903,8.308600008604117,1.9982000085292384,245.55149998923298,247.54969999776222
disturbance_step60,38,130.0,130.0,130.0,130.0,0.0,-224111.07441737008,optimal,-224106.0304609699,False,False,max_iterations,max_iterations,0.0071976943362498345,0.059670143460892076,False,5,5,0.0,8000,8000,6.576610047659415e-07,9.531547506824722e-07,10.0,0,0,2.2508581304982423e-05,47.93105863475706,49.643915160377404,54.791662659233666,1.0424789135198688e-05,1.057077204438009e-05,1.1438591403752979e-05,47.931058634757065,49.64391516037741,54.79166265923367,1.0424789135198688e-05,1.0570772044380092e-05,1.1438591403752979e-05,1.0000979538377246,1.0000979538377246,dc9dd1c04ee405ee,aa457fa9e6d107ef,False,False,1.9795999978668988,7.910200001788326,9.889799999655224,1.9280000124126673,249.74049998854753,251.6685000009602
disturbance_step60,39,130.0,130.0,130.0,130.0,0.0,-219712.43955652008,optimal,-219709.87412985804,False,False,max_iterations,max_iterations,0.0038254944615679913,0.0587986678777465,False,5,5,0.0,8000,8000,6.425929797160279e-07,9.313165323376893e-07,10.0,0,0,1.1679213609050417e-05,49.20430631494216,50.92057550494544,56.065602396874425,1.0530555493521728e-05,1.0719374634412517e-05,1.1850890373346329e-05,49.204306314942166,50.92057550494545,56.06560239687443,1.0530555493521728e-05,1.0719374634412519e-05,1.1850890373346329e-05,1.0001263149983302,1.0001263149983302,f9231ad42e3bec27,c4c1fa5ef74bc075,False,False,1.7514000064693391,7.057799986796454,8.809199993265793,2.24539999908302,242.13199999940116,244.37739999848418
disturbance_step60,40,130.0,130.0,130.0,130.0,0.0,-215378.67168252845,optimal,-215377.67516622983,False,False,max_iterations,max_iterations,0.001917483602040908,0.0579411092478518,False,5,5,0.0,8000,8000,6.286500848773358e-07,9.111089527280569e-07,10.0,0,0,4.6302235264592335e-06,50.480091836351285,52.19495775967505,57.32474554955665,1.0666767540547945e-05,1.0910765749966644e-05,1.238355239644559e-05,50.48009183635129,52.194957759675056,57.32474554955666,1.0666767540547945e-05,1.0910765749966646e-05,1.2383552396445595e-05,1.0001628826826376,1.0001628826826376,23ec3ae69006c90b,c4e639f2ad5b4b97,False,False,2.0474000048125163,6.637700003921054,8.68510000873357,2.4089999933494255,265.99800000258256,268.406999995932
disturbance_step60,41,130.0,130.0,130.0,130.0,0.0,-211111.14689637834,optimal,-211111.11987272018,True,True,converged(kkt(residual=4.91e-04<=tol=5.71e-02); obj_plateau(range=1.66e-08)),converged,0.0004906672057895514,0.05709758542047869,False,5,5,0.0,501,8000,6.800675294016401e-07,9.865167793776664e-07,10.0,0,0,1.331226545365167e-07,51.75483560174434,53.4641995143953,58.568163767464874,1.0842186462087133e-05,1.1157166424599133e-05,1.3071662770483212e-05,51.75483560174435,53.464199514395304,58.56816376746488,1.0842186462087133e-05,1.1157166424599135e-05,1.3071662770483217e-05,1.000210073755604,1.000210073755604,a381559fbb950d1d,83adbca440833e0f,False,False,2.6673999964259565,8.698999998159707,11.366399994585663,2.500799993867986,18.53810000466183,21.038899998529814
disturbance_step60,42,130.0,130.0,130.0,130.0,0.0,-206912.32783061662,optimal,-206912.29927938865,True,True,converged(kkt(residual=1.08e-03<=tol=5.63e-02); obj_plateau(range=1.74e-08)),converged,0.0010777874525396572,0.05626814156472215,False,5,5,0.0,451,8000,6.726167924853144e-07,9.757086418815675e-07,10.0,0,0,1.396652582936762e-07,53.02549121637783,54.725890756821585,59.79514556110168,1.1068025253675922e-05,1.1474247701261863e-05,1.3961166177047799e-05,53.02549121637784,54.72589075682159,59.79514556110168,1.1068025253675922e-05,1.1474247701261865e-05,1.3961166177047804e-05,1.0002710907268957,1.0002710907268957,17ca43bda6c11d13,593df6c439998031,False,False,2.619799997773953,8.871600002748892,11.491400000522844,2.5034999998752028,16.743400003178976,19.24690000305418
disturbance_step60,43,130.0,130.0,130.0,130.0,0.0,-202781.96203119605,optimal,-202781.9225624983,True,True,converged(kkt(residual=1.96e-03<=tol=5.55e-02); obj_plateau(range=2.45e-08)),converged,0.0019581857838933373,0.055452754518273084,False,5,5,0.0,351,8000,6.654502158198738e-07,9.653126786801636e-07,10.0,0,0,1.969723575200269e-07,54.28948544658737,55.978016398292105,61.00515332643331,1.1358651936153698e-05,1.1882164517023142e-05,1.5112695179349733e-05,54.28948544658738,55.97801639829211,61.005153326433316,1.1358651936153698e-05,1.1882164517023144e-05,1.5112695179349738e-05,1.0003502217184121,1.0003502217184117,e26f249b1c4df875,5fa3f11b8b534d2c,False,False,1.8214000010630116,8.436799995251931,10.258199996314943,2.689100001589395,12.926800001878291,15.615900003467686
disturbance_step60,44,130.0,130.0,130.0,130.0,0.0,-198719.33643193133,optimal,-198719.3156142013,True,True,converged(kkt(residual=1.92e-03<=tol=5.47e-02); obj_plateau(range=1.36e-08)),converged,0.001916083601354186,0.054651332468782544,False,5,5,0.0,201,8000,6.579060851663598e-07,9.54369027361679e-07,10.0,0,0,1.0855043302219586e-07,55.54466009462919,57.218903246915346,62.19779083408778,1.1732523445269194e-05,1.2406951562850738e-05,1.660691317248316e-05,55.544660094629194,57.21890324691535,62.19779083408779,1.1732523445269194e-05,1.240695156285074e-05,1.6606913172483163e-05,1.0004532681750724,1.0004532681750724,7abf743314cafe75,4b8e405ad8115bad,False,False,2.5270000041928142,7.254700001794845,9.781700005987659,1.3532000011764467,5.358399997930974,6.7115999991074204
disturbance_step60,45,130.0,130.0,130.0,130.0,0.0,-194722.73380527928,optimal,-194717.56614164304,True,True,converged(kkt(residual=6.79e-03<=tol=5.39e-02); obj_plateau(range=1.64e-15)),converged,0.006792242239706767,0.05386371158789679,False,5,5,0.0,201,8000,5.547224048996213e-07,8.039648209390293e-07,10.0,0,0,2.6542455921816896e-05,56.789217674450455,58.44717272868526,63.3727778009778,1.221344127067576e-05,1.3082428465613037e-05,1.8551986542778224e-05,56.78921767445046,58.44717272868527,63.372777800977815,1.221344127067576e-05,1.3082428465613039e-05,1.8551986542778255e-05,1.0005881542511206,1.000588154251119,0f32fd1f0e955319,2f7f300362350972,False,False,1.6749999922467396,5.799100006697699,7.474099998944439,1.6911000129766762,11.087099992437288,12.778200005413964
disturbance_step60,46,130.0,130.0,130.0,130.0,0.0,-190788.5057477284,optimal,-190776.0252087976,True,True,converged(kkt(residual=1.64e-02<=tol=5.31e-02); obj_plateau(range=1.98e-15)),converged,0.01641217459706913,0.053089645351986896,False,5,5,0.0,201,8000,6.665222542778793e-07,9.661708171293526e-07,10.0,0,0,6.541881938613467e-05,58.021672340212916,59.66169913612939,64.52992981579378,1.283225903535136e-05,1.3952823801894357e-05,2.1094037516679103e-05,58.02167234021292,59.6616991361294,64.52992981579379,1.283225903535136e-05,1.3952823801894359e-05,2.1094037516679137e-05,1.0007657922929525,1.0007657922929523,bd5a7865fc375bfa,3da7aa2bd3e10d90,False,False,1.668600001721643,5.945400000200607,7.61400000192225,1.7120999982580543,11.189099997864105,12.901199996122159
disturbance_step60,47,130.00000000000003,130.00000000000003,130.0,130.0,-2.842170943040401e-14,-186914.6052038146,optimal,-186895.54245825604,True,True,converged(kkt(residual=2.51e-02<=tol=5.23e-02); obj_plateau(range=1.56e-15)),converged,0.02508518587213351,0.05232878897371409,False,5,5,0.0,201,8000,5.445816384508362e-07,7.912388344522014e-07,10.0,0,0,0.00010199791697651682,59.24080627823816,60.86157324805601,65.66914222531284,1.3629227439716847e-05,1.5076414058007537e-05,2.4431749600808593e-05,59.24080627823817,60.861573248056025,65.66914222531285,1.3629227439716847e-05,1.5076414058007539e-05,2.4431749600808675e-05,1.0010013058592755,1.0010013058592766,c59eeed7c1c5b42a,57410f0dbe537f86,False,False,1.640000002225861,6.082399995648302,7.722399997874163,2.450400002999231,11.065099999541417,13.515500002540648
disturbance_step60,48,130.0,130.0,130.0,130.0,0.0,-183098.4962159504,optimal,-183073.5480565016,True,True,converged(kkt(residual=3.29e-02<=tol=5.16e-02); obj_plateau(range=1.75e-15)),converged,0.03285424718806865,0.05158067040320104,False,5,5,0.0,201,8000,5.492548069696568e-07,7.980286893527477e-07,10.0,0,0,0.0001362814350249375,60.445631502829244,62.046070844933716,66.79037712551896,1.4657239205824328e-05,1.6530593465596096e-05,2.8836727925755446e-05,60.44563150282925,62.04607084493373,66.79037712551897,1.4657239205824328e-05,1.6530593465596096e-05,2.8836727925755534e-05,1.0013157471013447,1.0013157471013459,915f66a05d6b3bc0,acf3212e4ff77131,False,False,2.4201000051107258,8.563399998820387,10.983500003931113,2.544200004194863,10.424799998872913,12.969000003067777
disturbance_step60,49,130.0,130.0,130.0,130.0,0.0,-179336.71123913286,optimal,-179306.54257688686,True,True,converged(kkt(residual=3.98e-02<=tol=5.08e-02); obj_plateau(range=1.62e-15)),converged,0.03976118670774211,0.05084464613348719,False,5,5,0.0,201,8000,6.126449534349376e-07,8.901301260522132e-07,10.0,0,0,0.0001682742521870521,61.63535669095368,63.21462566327623,67.89365282436218,1.5986343757010025e-05,1.841895514025872e-05,3.468179049773312e-05,61.63535669095369,63.214625663276244,67.89365282436219,1.5986343757010025e-05,1.8418955140258733e-05,3.468179049773321e-05,1.0017384914685052,1.0017384914685026,ed7ef8cc2b0a80a3,2a9068b35bc49550,False,False,1.2416999961715192,4.70109999878332,5.942799994954839,1.3437000015983358,7.339200004935265,8.6829000065336
disturbance_step60,50,130.0,130.0,130.0,130.0,0.0,-175624.46633158968,optimal,-175589.7114279555,True,True,converged(kkt(residual=4.58e-02<=tol=5.01e-02); obj_plateau(range=1.82e-15)),converged,0.045846446500416735,0.05011983276830526,False,5,5,0.0,201,8000,5.614874254433744e-07,8.158018873771766e-07,10.0,0,0,0.00019798507763495177,62.80935862777153,64.36680630859729,68.97903535661555,1.771004879334599e-05,2.0881188322763476e-05,4.248012413352573e-05,62.809358627771545,64.3668063085973,68.97903535661558,1.771004879334599e-05,2.088118832276349e-05,4.248012413352589e-05,1.0023105527641403,1.00231055276414,419b9d3d97799a0b,15a0d58fd374debd,False,False,1.2764999992214143,7.966400007717311,9.242900006938726,2.53129999327939,10.327100011636503,12.858400004915893
disturbance_step60,51,130.0,130.0,129.99999999999997,129.99999999999997,-2.842170943040401e-14,-171955.0484212246,optimal,-171916.31299291278,False,False,max_iterations,max_iterations,0.0511492945833689,0.049404998490476915,False,5,5,0.0,8000,8000,6.772483089889647e-07,9.824272613201401e-07,10.0,0,0,0.00022542448441267537,63.96715780299739,65.50229669912929,70.04663175947263,1.9954127492003092e-05,2.4106900556497137e-05,5.293923003597164e-05,63.967157802997406,65.50229669912932,70.04663175947266,1.9954127492003092e-05,2.4106900556497154e-05,5.2939230035971814e-05,1.0030891393708201,1.0030891393708201,0db767955c2f20b3,1f3541454ecb8c0a,False,False,1.7290000105276704,7.483699999283999,9.21270000981167,2.0255999988876283,425.94990000361577,427.9755000025034
disturbance_step60,52,130.0,130.0,130.0,130.0,0.0,-168318.8191011335,optimal,-168276.68266804464,False,False,max_iterations,max_iterations,0.05570658151412078,0.04869838716390785,False,5,5,0.0,8000,8000,5.388176731457861e-07,7.828644656981965e-07,10.0,0,0,0.00025060830516421365,65.10839773149326,66.62087966539485,71.09658492755244,2.288892387473418e-05,2.8354882832899212e-05,6.703486721298806e-05,65.10839773149327,66.62087966539488,71.09658492755247,2.288892387473418e-05,2.835488283289929e-05,6.703486721298836e-05,1.0041538720862668,1.0041538720862666,d38914f9ce1ff888,72f3b2bfae1d0a28,False,False,1.2836000096285716,5.141199988429435,6.424799998058006,1.2845000019297004,414.12809999019373,415.41259999212343
disturbance_step60,53,130.0,130.0,130.0,130.0,0.0,-164701.53886287927,optimal,-164656.55929792352,False,False,max_iterations,max_iterations,0.05955259873985551,0.04799742373518355,False,5,5,0.0,8000,8000,5.226749522080354e-07,7.594102973129679e-07,10.0,0,0,0.0002735531934523726,66.23282762269274,67.72242340235863,72.1290699518052,2.6746518406205812e-05,3.397988237098335e-05,8.611184642383605e-05,66.23282762269277,67.72242340235866,72.12906995180523,2.6746518406205812e-05,3.397988237098351e-05,8.611184642383666e-05,1.0056152093333455,1.0056152093333455,ef5e8cd39f893654,cbafe0eab8873078,False,False,1.69419999292586,7.815799996023998,9.509999988949858,1.9465999939711764,407.6606000016909,409.6071999956621
disturbance_step60,54,130.0,130.0,130.0,130.0,0.0,-161081.43521375846,optimal,-161034.15571237323,False,False,max_iterations,max_iterations,0.06271634982012717,0.04729820150154353,False,5,5,0.0,8000,8000,5.324442753362746e-07,7.736046150341735e-07,10.0,0,0,0.0002942774789036434,67.34028809419578,68.80687054634413,73.14429192629686,3.1844611049781495e-05,4.1469671910037346e-05,0.0001120206141967142,67.34028809419581,68.80687054634416,73.14429192629689,3.1844611049781495e-05,4.146967191003758e-05,0.00011202061419671508,1.0076257803464348,1.0076257803464352,fae8f4b58ac9cfb1,f22cd4b86f2a93c1,False,False,1.58680000458844,6.261900009121746,7.848700013710186,1.348399993730709,317.06929999927524,318.41769999300595
disturbance_step60,55,130.0,130.0,130.0,130.0,0.0,-157423.84626396018,optimal,-157374.80903137755,False,False,max_iterations,max_iterations,0.06521778119891196,0.04659455098201135,False,5,5,0.0,8000,8000,6.854863840999315e-07,9.93660663972662e-07,10.0,0,0,0.00031279007619330006,68.43069970476232,69.87422973194204,74.14248528314019,3.8619637364567744e-05,5.1496155359949186e-05,0.00014730119077533435,68.43069970476235,69.87422973194207,74.1424852831402,3.8619637364567744e-05,5.1496155359949457e-05,0.00014730119077533538,1.010395516954784,1.0103955169547845,0cbbb4972aab60d1,31ea2b98cbae8fab,False,False,1.4223999896785244,6.005700008245185,7.4280999979237095,1.368400000501424,294.0999999991618,295.46839999966323
disturbance_step60,56,130.0,130.0,130.0,130.0,0.0,-153677.66506215444,optimal,-153627.42050591615,False,False,max_iterations,max_iterations,0.06705005614355472,0.04587736519847325,False,5,5,0.0,8000,8000,6.315961798009084e-07,9.176660267229408e-07,10.0,0,0,0.0003290167313335109,69.5040541714148,70.924569573403,75.12391479571387,4.767250118687801e-05,6.498548706359931e-05,0.00019542929915612015,69.50405417141482,70.92456957340303,75.12391479571389,4.767250118687801e-05,6.498548706359971e-05,0.00019542929915612135,1.014211710750462,1.0142117107504625,cb4328268b2389c5,9e2a65872c1cadd9,False,False,1.433299999916926,5.076100002042949,6.509400001959875,1.2247999984538183,322.41169999178965,323.63649999024346
disturbance_step60,57,130.0,130.0,130.0,130.0,0.0,-149805.94532267828,optimal,-149755.12754503702,False,False,max_iterations,max_iterations,0.06813282364235725,0.045139561529521324,False,5,5,0.0,8000,8000,5.111084391273835e-07,7.407546833704259e-07,10.0,0,0,0.00034248681630001963,70.56040823389365,71.95801511327056,76.0888784775621,5.983144181865124e-05,8.321377814266961e-05,0.0002611435762269537,70.56040823389368,71.95801511327059,76.08887847756213,5.983144181865133e-05,8.321377814267008e-05,0.0002611435762269551,1.0194654224269877,1.0194654224269861,bfe5674a528f23e7,73cfec6533f776c9,False,False,1.814100003684871,7.134400002541952,8.948500006226823,1.3040000048931688,313.967699999921,315.2717000048142
disturbance_step60,58,130.0,130.0,130.0,130.0,0.0,-145752.89089884126,optimal,-145702.22869304856,False,False,max_iterations,max_iterations,0.06837435282458458,0.04437125278222234,False,5,5,0.0,8000,8000,5.172672388198407e-07,7.496806917473009e-07,10.0,0,0,0.00035265996424735374,71.59988023965894,72.97474689074429,77.03771270348125,7.623802393224706e-05,0.00010793700677174436,0.0003508777483324809,71.59988023965897,72.97474689074431,77.03771270348128,7.623802393224716e-05,0.00010793700677174491,0.0003508777483324832,1.0266860520935506,1.026686052093552,126049ec5398d36e,335059e238518eaf,False,False,1.2350000033620745,5.789099988760427,7.024099992122501,1.6925000090850517,288.51029998622835,290.2027999953134
disturbance_step60,59,130.0,130.0,130.0,130.0,0.0,-141444.60886665623,optimal,-141394.9878511902,False,False,max_iterations,max_iterations,0.06761341151065153,0.043559618061664425,False,5,5,0.0,8000,8000,5.440314509996824e-07,7.904421304161247e-07,10.0,0,0,0.0003585965893057353,72.62264964699986,73.9750029073809,77.9707999945643,9.846413029699062e-05,0.0001415663492820105,0.0004733277732075414,72.62264964699989,73.97500290738093,77.97079999456433,9.846413029699087e-05,0.00014156634928201114,0.00047332777320754406,1.0365863512084827,1.036586351208483,9c67a6f84aafe4ab,2e9b22cd2dea2eaf,False,False,1.448399998480454,5.451000004541129,6.899400003021583,1.2808999890694395,295.4866000072798,296.7674999963492
disturbance_step60,60,130.0,130.0,130.0,130.0,0.0,-197715.49044895777,optimal,-197715.5028465736,True,True,converged(kkt(residual=1.79e-03<=tol=5.44e-02); obj_plateau(range=1.17e-08)),converged,0.0017886511182398821,0.05441583320422288,False,5,5,0.0,201,8000,6.575700837174736e-07,9.538816874155032e-07,10.0,0,0,9.352945833769744e-08,58.62895978704016,59.95908391297361,63.88858004554173,0.00012867025852995718,0.00018740344468097736,0.0006401914369111129,58.62895978704019,59.95908391297364,63.888580045541744,0.00012867025852995748,0.00018740344468097845,0.0006401914369111172,1.003738322704595,1.0037383227045942,27bb104928f93e01,898eab6f3a6c585a,False,False,1.8305999983567744,6.093699994380586,7.92429999273736,1.6781000012997538,6.972699993639253,8.650799994939007
disturbance_step60,61,130.0,130.0,130.0,130.0,0.0,-194104.73019912242,optimal,-194099.7757071646,True,True,converged(kkt(residual=6.51e-03<=tol=5.37e-02); obj_plateau(range=1.65e-15)),converged,0.006514607679010273,0.05371027894071237,False,5,5,0.0,201,8000,5.47189017652272e-07,7.930466212613396e-07,10.0,0,0,2.5538929483807706e-05,59.617804514945526,60.925359455789945,64.78433259412324,0.00013165092344799627,0.00019202816826026023,0.0006579915215409055,59.617804514945554,60.92535945578997,64.78433259412327,0.00013165092344799657,0.00019202816826026137,0.00065799152154091,1.0044980070258664,1.004498007025866,d68ce432e8706585,35d71081b43b4659,False,False,1.2153999996371567,5.050499996286817,6.265899995923974,1.1935999937122688,10.452999995322898,11.646599989035167
disturbance_step60,62,130.0,130.0,130.0,130.0,0.0,-190479.67190079085,optimal,-190467.7498817265,True,True,converged(kkt(residual=1.57e-02<=tol=5.30e-02); obj_plateau(range=1.68e-15)),converged,0.015679001606087768,0.0530022405954857,False,5,5,0.0,201,8000,6.567030794712991e-07,9.519372250466063e-07,10.0,0,0,6.260059720460818e-05,60.58989440225476,61.87384487761886,65.66784275654052,0.00013526370675729537,0.00019760719214877428,0.0006791469975475745,60.589894402254785,61.873844877618886,65.66784275654054,0.00013526370675729567,0.00019760719214877547,0.0006791469975475791,1.005403863798956,1.005403863798955,ec398d58af85af75,0220be27e06a5b41,False,False,1.3380000018514693,4.892900004051626,6.230900005903095,1.2129000097047538,6.548699995619245,7.761600005323999
disturbance_step60,63,130.0,130.0,130.00000000000003,130.0,0.0,-186850.08049305418,optimal,-186831.77726764316,True,True,converged(kkt(residual=2.41e-02<=tol=5.23e-02); obj_plateau(range=1.71e-15)),converged,0.0240901881722366,0.05229385753833225,False,5,5,0.0,201,8000,6.878456275671851e-07,9.969016732114255e-07,10.0,0,0,9.799270957353084e-05,61.5444642245246,62.80699325747213,66.53568085720023,0.0001396342976870587,0.0002043241993671914,0.0007042708242781398,61.54446422452463,62.80699325747215,66.53568085720025,0.00013963429768705906,0.00020432419936719263,0.0007042708242781449,1.0064836358861171,1.0064836358861171,ed8d2c487c9287ab,ea27caba3d5ddbd1,False,False,1.2024000025121495,4.474100001971237,5.676500004483387,1.1783999943872914,6.983200000831857,8.161599995219149
disturbance_step60,64,130.00000000000003,130.00000000000003,130.0,130.0,-2.842170943040401e-14,-183221.92224951016,optimal,-183197.82203629432,True,True,converged(kkt(residual=3.17e-02<=tol=5.16e-02); obj_plateau(range=1.59e-15)),converged,0.03174661122645096,0.05158648363098087,False,5,5,0.0,201,8000,5.430995315691689e-07,7.89085794039579e-07,10.0,0,0,0.00013161063573638776,62.4831419089163,63.72387640132329,67.38883755124013,0.00014491269146478026,0.00021240167424555823,0.0007340746906852151,62.48314190891632,63.72387640132331,67.38883755124014,0.0001449126914647806,0.00021240167424555948,0.0007340746906852203,1.0077721104828512,1.0077721104828514,3cfc7e75f82e3fee,574cdeef0f01e9af,False,False,1.2141000042902306,4.696500007412396,5.910600011702627,1.7820000066421926,7.030799999483861,8.812800006126054
disturbance_step60,65,130.0,130.0,130.0,130.0,0.0,-179597.52939866734,optimal,-179568.21119039983,True,True,converged(kkt(residual=3.87e-02<=tol=5.09e-02); obj_plateau(range=1.62e-15)),converged,0.03865653060893741,0.05088077473519934,False,5,5,0.0,201,8000,6.075265019944709e-07,8.826937785144651e-07,10.0,0,0,0.00016337980411781645,63.40565640577899,64.62523083478906,68.28537300921911,0.0001512808117099384,0.00022210534219837985,0.0007694075747355301,63.40565640577901,64.62523083478908,68.28537300921913,0.00015128081170993874,0.00022210534219838112,0.0007694075747355354,1.0093430235759835,1.0093430235759828,4ce14cde1d8b511c,66c985067dd174ab,False,False,1.2682999949902296,6.13599999633152,7.40429999132175,1.3176999927964061,9.473500002059154,10.79119999485556
disturbance_step60,66,130.0,130.0,130.0,130.0,0.0,-175975.3352876567,optimal,-175941.3684069019,True,True,converged(kkt(residual=4.48e-02<=tol=5.02e-02); obj_plateau(range=2.15e-15)),converged,0.04483423022534657,0.05017663723866882,False,5,5,0.0,201,8000,5.569004031258373e-07,8.091376466623501e-07,10.0,0,0,0.00019325145756144584,64.31248693928103,65.53272614573089,69.20816389265492,0.00015895809894429417,0.00023375634956334233,0.000811701664730124,64.31248693928104,65.5327261457309,69.20816389265494,0.00015895809894429458,0.00023375634956334363,0.0008117016647301294,1.011271328609491,1.0112713286094912,c1ef817f58da8f2e,786b4794d4bfffb7,False,False,1.4353000005939975,4.63589999708347,6.071199997677468,1.2663999950746074,6.8614000047091395,8.127799999783747
disturbance_step60,67,130.0,130.0,130.0,130.0,0.0,-172349.10553437233,optimal,-172311.04809465958,False,False,max_iterations,max_iterations,0.05029845723666568,0.04947310688865564,False,5,5,0.0,8000,8000,6.735106978794647e-07,9.77005537805553e-07,10.0,0,0,0.00022119561178314719,65.21986612539649,66.44574192786797,70.15168242962642,0.0001682111982516161,0.0002477960608959799,0.0008626888748955432,65.2198661253965,66.44574192786799,70.15168242962643,0.00016821119825161655,0.0002477960608959814,0.0008626888748955491,1.013659680905474,1.0136596809054748,e6b9fbd5c4478e8d,93c0073fd15c1ae2,False,False,1.2448999914340675,6.175100003019907,7.419999994453974,1.8233000009786338,316.8316000082996,318.6549000092782
disturbance_step60,68,130.0,130.0,130.0,130.0,0.0,-168712.71374320448,optimal,-168671.11993719367,False,False,max_iterations,max_iterations,0.055053498080982956,0.04876912487651333,False,5,5,0.0,8000,8000,5.363860111629037e-07,7.793319696247636e-07,10.0,0,0,0.00024712191328372284,66.13150206350883,67.36810159590945,71.10489859034305,0.0001793963993580977,0.0002647799645724335,0.0009245603135961777,66.13150206350885,67.36810159590947,71.10489859034307,0.00017939639935809815,0.0002647799645724351,0.0009245603135961839,1.016633567134259,1.0166335671342595,7560ddcf1a85ffbf,f8f8519cb1e45c57,False,False,2.459299998008646,8.732300004339777,11.191600002348423,2.568800002336502,275.49179999914486,278.06060000148136
disturbance_step60,69,130.00000000000003,130.00000000000003,130.0,130.0,-2.842170943040401e-14,-165055.69351154016,optimal,-165011.11750239274,False,False,max_iterations,max_iterations,0.05910791808095897,0.04806289652939768,False,5,5,0.0,8000,8000,5.215266156710641e-07,7.577425318316955e-07,10.0,0,0,0.00027095707567014056,67.05119206327696,68.29807074175987,72.06186457118348,0.0001929709475826723,0.00028542712346317267,0.0010000246155650757,67.05119206327697,68.29807074175989,72.06186457118349,0.00019297094758267277,0.00028542712346317435,0.0010000246155650822,1.0203561178925005,1.0203561178925011,aeda082628c005ad,6eaf5a99b3683c1e,False,False,1.6603999974904582,5.1189999940106645,6.779399991501123,1.254599992535077,387.78830000956077,389.04290000209585
disturbance_step60,70,130.0,130.0,130.0,130.0,0.0,-161361.9979919818,optimal,-161314.99675924086,False,False,max_iterations,max_iterations,0.062466244323158324,0.04735165210428476,False,5,5,0.0,8000,8000,5.316288422818616e-07,7.724206394499333e-07,10.0,0,0,0.0002926188733680663,67.97862616760467,69.23441179319113,73.01742295359622,0.00020952829556562647,0.00031065472826406824,0.0010924865329780163,67.97862616760469,69.23441179319114,73.01742295359624,0.00020952829556562696,0.00031065472826407003,0.001092486532978023,1.025036548155856,1.025036548155856,e0337aaa1c8f1b45,50aafb9f4e2e92a6,False,False,1.3805999915348366,5.0036000029649585,6.384199994499795,1.2504000042099506,354.0369999973336,355.2874000015436
disturbance_step60,71,130.0,130.0,130.0,130.0,0.0,-157608.82390655926,optimal,-157559.96961026892,False,False,max_iterations,max_iterations,0.06511987187090608,0.04663142052679138,False,5,5,0.0,8000,8000,6.849211189319249e-07,9.928412660897834e-07,10.0,0,0,0.0003119702870052649,68.91281079442136,70.17478407721799,73.96837113486994,0.00022983289871541943,0.0003416410916242353,0.0012062362148036899,68.91281079442138,70.174784077218,73.96837113486995,0.00022983289871542024,0.0003416410916242371,0.001206236214803697,1.0309467390097358,1.030946739009736,0f76254cfa00d7eb,52626585d4d86985,False,False,2.9320000030566007,7.598700001835823,10.530700004892424,1.749299990478903,330.08970000082627,331.8389999913052
disturbance_step60,72,130.0,130.0,130.0,130.0,0.0,-153765.06334712278,optimal,-153714.96241331525,False,False,max_iterations,max_iterations,0.06704016271819563,0.04589675200056921,False,5,5,0.0,8000,8000,6.315175511417692e-07,9.175530761851292e-07,10.0,0,0,0.00032878713085853254,69.85175874812633,71.1170388702028,74.91231789863814,0.00025487304282852764,0.000379900784106299,0.0013467181170469065,69.85175874812636,71.11703887020282,74.91231789863815,0.0002548730428285285,0.00037990078410630123,0.001346718117046914,1.0384399266623487,1.0384399266623487,581e392434f1b982,33612411dd797b9d,False,False,1.3252999924588948,4.7260999999707565,6.051399992429651,1.313900007517077,348.62809999322053,349.9420000007376
disturbance_step60,73,130.0,130.0,130.0,130.0,0.0,-149788.97406743406,optimal,-149738.29615835045,False,False,max_iterations,max_iterations,0.06816793188420192,0.045140315626689895,False,5,5,0.0,8000,8000,5.112439112053835e-07,7.409510205391712e-07,10.0,0,0,0.00034269223384628106,70.79337283151318,72.05901258555055,75.84768275534985,0.00028592819904410137,0.0004273887727824974,0.0015208666521763828,70.7933728315132,72.05901258555058,75.84768275534987,0.0002859281990441025,0.0004273887727824998,0.001520866652176391,1.0479764651395789,1.0479764651395782,3082a4cb0e4ebdc9,228665e7464e4322,False,False,1.5672000008635223,5.02119999146089,6.588399992324412,1.2654000020120293,279.2660999984946,280.53150000050664
disturbance_step60,74,130.0,130.0,130.0,130.0,0.0,-145625.03011747403,optimal,-145574.5515289941,False,False,max_iterations,max_iterations,0.06839724594050026,0.04435238566404948,False,5,5,0.0,8000,8000,5.17615362127799e-07,7.501852055114e-07,10.0,0,0,0.0003530547392707974,71.73551972893111,72.99880294447458,76.77336161284563,0.00032466046922720266,0.0004866358136696428,0.0017375453938515105,71.73551972893112,72.99880294447459,76.77336161284565,0.0003246604692272039,0.0004866358136696462,0.0017375453938515194,1.0601564322801702,1.0601564322801706,0b9ed84e8547257f,425e8f0889f7d6df,False,False,1.3846000074408948,4.843999995500781,6.2286000029416755,1.2765999999828637,313.05469998915214,314.331299989135
disturbance_step60,75,130.0,130.0,130.0,130.0,0.0,-141199.4014919087,optimal,-141150.07164684802,False,False,max_iterations,max_iterations,0.0675493414548268,0.04352003203973487,False,5,5,0.0,8000,8000,5.445274808835165e-07,7.911644681612984e-07,10.0,0,0,0.00035881277724658943,72.67625526899548,73.93474459335145,77.68864963979864,0.0003732352377011828,0.0005609283084167881,0.0020081092765721125,72.67625526899549,73.93474459335147,77.68864963979865,0.0003732352377011845,0.0005609283084167929,0.002008109276572122,1.0757621475863735,1.0757621475863723,4759b312da5d00ad,fa6b414b98d87626,False,False,1.2046000047121197,4.8633999977028,6.068000002414919,1.2093999976059422,308.30190000415314,309.5113000017591
disturbance_step60,76,130.0,130.0,130.0,130.0,0.0,-136414.247829908,optimal,-136367.2928316883,False,False,max_iterations,max_iterations,0.06533191918812875,0.04262637029404656,False,5,5,0.0,8000,8000,5.51061106079942e-07,8.006586904585333e-07,10.0,0,0,0.00035815611580360904,73.61386548933405,74.86545984639139,78.5931344417454,0.00043448157769852326,0.0006545444385531403,0.0023471282542447012,73.61386548933406,74.8654598463914,78.59313444174542,0.0004344815776985251,0.0006545444385531455,0.0023471282542447116,1.0836785482033264,1.0836785482033269,cfe853b2c47f74c1,2e14caa260a37b85,False,False,1.2721999955829233,5.32050000037998,6.592699995962903,1.3036000018473715,285.67430000111926,286.97790000296663
disturbance_step60,77,129.99999999999997,129.99999999999997,130.0,130.0,2.842170943040401e-14,-131139.01449070714,optimal,-131096.09979498098,False,False,max_iterations,max_iterations,0.06127265057721625,0.041649092132172875,False,5,5,0.0,8000,8000,5.200947867933792e-07,7.537786759215237e-07,10.0,0,0,0.00034795460033967867,74.54691667660828,75.78984983922196,79.48665703201614,0.0005121041666726825,0.0007730646510376052,0.0027733131750708444,74.54691667660829,75.78984983922197,79.48665703201615,0.0005121041666726845,0.0007730646510376109,0.0027733131750708557,1.08999176131445,1.089991761314452,64b0c3c5299251d8,04c09a450886dfa1,False,False,1.328400001511909,4.975200004992075,6.303600006503984,1.3285000022733584,380.26520000130404,381.5937000035774
disturbance_step60,78,130.0,130.0,130.0,130.0,0.0,-125202.34468400406,optimal,-125165.83095502837,False,False,max_iterations,max_iterations,0.05461457756999066,0.04055939201089351,False,5,5,0.0,8000,8000,5.243772136509506e-07,7.599852382966787e-07,10.0,0,0,0.0003226886756271772,75.47426398047558,76.7070996790227,80.36928281199523,0.0006109630682109459,0.0009237783852600327,0.0033106985694120795,75.4742639804756,76.70709967902272,80.36928281199523,0.0006109630682109495,0.0009237783852600391,0.0033106985694120955,1.0961009031063653,1.0961009031063647,50d1b5b3815db348,7380d368858e2447,False,False,1.9198000081814826,6.6900999954668805,8.609900003648363,1.8760999955702573,310.32580000464804,312.2019000002183
disturbance_step60,79,130.0,130.0,130.0,130.0,0.0,-118376.51736515424,optimal,-118355.28686210813,False,False,max_iterations,max_iterations,0.03649075289378006,0.03931983513435001,False,5,5,0.0,8000,8000,6.488546517857685e-07,9.403916410022362e-07,10.0,0,0,0.00022659801636872642,76.39506051628614,77.61667651527145,81.2412973750337,0.0007374421043111854,0.0011162161056939065,0.003990148572089675,76.39506051628615,77.61667651527145,81.2412973750337,0.0007374421043111894,0.0011162161056939136,0.003990148572089693,1.1019364098637237,1.101936409863724,927bdaa055183b37,53e392be67129877,False,False,1.3438000023597851,6.701099991914816,8.044899994274601,1.4847999991616234,269.0654000034556,270.5502000026172
disturbance_step60,80,130.0,130.0,130.0,130.0,0.0,-110355.89906824875,optimal,-110349.41456340057,False,False,max_iterations,max_iterations,0.018430958465560095,0.03788153942845942,False,5,5,0.0,8000,8000,5.916398890803976e-07,8.574697121233044e-07,10.0,0,0,0.00012025841485932238,77.30876227454941,78.51833648953126,82.10321542494485,0.00089993310934672,0.001362843888124316,0.004851269817928865,77.30876227454941,78.51833648953128,82.10321542494485,0.0008999331093467245,0.001362843888124324,0.004851269817928886,1.107447829742061,1.1074478297420607,def791d515758905,86d829d661bb3226,False,False,1.2816999951610342,4.864000002271496,6.14569999743253,1.2589999969350174,255.1130999927409,256.3720999896759
disturbance_step60,81,130.0,130.0,130.0,130.0,0.0,-100725.98071010677,optimal,-100734.16818924068,True,True,converged(kkt(residual=2.62e-04<=tol=3.62e-02); obj_plateau(range=1.91e-08)),converged,0.0002615865225508206,0.03618158614233623,False,5,5,0.0,601,8000,5.225409722697805e-07,7.573239715341629e-07,10.0,0,0,1.6279051976827987e-07,78.21513978309747,79.41213896531704,82.95580553864035,0.00110947159706889,0.0016799692972920117,0.0059448359778406165,78.21513978309748,79.41213896531704,82.95580553864035,0.001109471597068895,0.0016799692972920206,0.005944835977840639,1.112606856447124,1.1126068564471225,c20a237ad887f893,1c3be020a1a44557,False,False,1.904299992020242,6.766300008166581,8.670600000186823,1.4888000005157664,26.112899999134243,27.60169999965001
disturbance_step60,82,130.0,130.0,130.0,130.0,0.0,-89008.62889206299,optimal,-88988.00908608838,True,True,converged(kkt(residual=3.00e-02<=tol=3.41e-02); obj_plateau(range=1.31e-15)),converged,0.029989021540035396,0.034139529794022225,False,5,5,0.0,201,8000,5.370538076476805e-07,7.783575428632616e-07,10.0,0,0,0.00024899528884280396,79.11429853506885,80.29847323522542,83.80012970776376,0.0013805707187173357,0.002088922468561391,0.007335856553785984,79.11429853506885,80.29847323522542,83.80012970776376,0.0013805707187173413,0.0020889224685614015,0.007335856553786009,1.117409263811668,1.117409263811668,e44f5bf80e05c7d7,64b6025a3f7fe22c,False,False,2.398399999947287,7.733999998890795,10.132399998838082,1.7865999980131164,12.096499995095655,13.883099993108772
disturbance_step60,83,130.0,130.0,130.0,130.0,0.0,-74433.36297615466,optimal,-74404.21512524033,False,False,max_iterations,max_iterations,0.051446404962898394,0.031670401431849675,False,5,5,0.0,8000,8000,6.793773081881227e-07,9.898102577565737e-07,10.0,0,0,0.0005014151805154426,80.00671309778389,81.17810012307744,84.63760020807078,0.0017323158637796352,0.0026175974602227025,0.009107459150643125,80.00671309778389,81.17810012307744,84.63760020807078,0.0017323158637796417,0.0026175974602227143,0.009107459150643153,1.1218760638489564,1.1218760638489584,33b3cadd604381ae,ef0b25602d3dbff5,False,False,2.274900005431846,7.114799998817034,9.38970000424888,1.830100009101443,402.9428999929223,404.77300000202376
disturbance_step60,84,130.0,130.0,129.92919716737248,129.92919716737248,-0.07080283262752118,-55758.968744117934,optimal,-55785.76903050023,True,True,converged(kkt(residual=1.37e-02<=tol=2.86e-02); obj_plateau(range=3.37e-14)),converged,0.013715779821974115,0.028649009236433726,False,5,5,0.0,201,8000,5.380901200169319e-07,7.798594880981113e-07,10.0,0,0,0.00017660777860531272,80.89327871821037,82.0522129087193,85.47005678585818,0.002189804145517443,0.0033024688154309834,0.011365804379491537,80.89327871821037,82.0522129087193,85.47005678585818,0.0021898041455174506,0.003302468815430997,0.011365804379491569,1.1260543570119657,1.126054357011966,1fe4b68b706d6852,6ddafc7addcbe2f0,False,False,1.3292999938130379,4.7310000081779435,6.060300001990981,1.2391000054776669,13.956399998278357,15.195500003756024
disturbance_step60,85,126.0,126.0,125.92919716737245,125.92919716737248,-0.07080283262752118,-32194.637098218227,optimal,-32192.337564098452,True,True,converged(kkt(residual=6.56e-07<=tol=2.51e-02); obj_plateau(range=6.78e-16)),converged,6.56222289055345e-07,0.025060615691920692,False,5,5,0.0,201,8000,6.377600101359349e-07,9.243120588919851e-07,10.0,0,0,-1.4149145916426973e-08,81.77538579070459,82.92252274661578,86.2998692503646,0.0027860446808960055,0.004191241808834706,0.014246321778364632,81.77538579070459,82.92252274661578,86.2998692503646,0.0027860446808960137,0.0041912418088347215,0.014246321778364667,1.130018458111644,1.130018458111644,d9c37b3673b7c2eb,627b1c83bad6db61,True,True,1.3376999995671213,4.9227000126848,6.260400012251921,1.2525000056484714,36.756499990588054,38.008999996236525
disturbance_step60,86,122.0,122.0,121.92919716737248,121.92919716737248,-0.07080283262752118,-2115.372996851089,optimal,-2145.5754882747096,True,True,converged(kkt(residual=9.01e-07<=tol=2.09e-02); obj_plateau(range=5.09e-15)),converged,9.009245532873067e-07,0.020943263487989392,False,5,5,0.0,201,8000,6.52057678962592e-07,9.450338440686323e-07,10.0,0,0,-2.8087313623662505e-07,82.6550240402027,83.79137604139085,87.13007264658518,0.0035644827710387345,0.005346359925044506,0.01792165356002709,82.6550240402027,83.79137604139085,87.13007264658518,0.003564482771038744,0.005346359925044524,0.017921653560027128,1.1338719836240558,1.1338719836240567,39d35a1e3de5e12b,b0ab921702adae5f,True,True,1.4934000064386055,6.109299996751361,7.602700003189966,1.7788000113796443,56.999499996891245,58.77830000827089
disturbance_step60,87,118.0,118.0,117.92919716737248,117.92919716737248,-0.07080283262752118,39056.305869257485,optimal,39040.051792415805,False,False,max_iterations,max_iterations,0.1016441706158508,0.02158401333187288,False,5,5,0.0,8000,8000,6.861457393370074e-07,9.998593419879853e-07,10.0,0,0,0.0016771310085743007,83.53492622739988,84.66191436559458,87.96454548405339,0.0045823833802913876,0.0068496930591620915,0.02261183563591431,83.53492622739988,84.66191436559458,87.96454548405339,0.004582383380291399,0.006849693059162111,0.022611835635914353,1.1377517327885673,1.1377517327885658,b43fe374975ec1ec,91fe846584827a3e,True,True,1.7066000000340864,4.946800007019192,6.653400007053278,1.211100010550581,1921.6290999902412,1922.8402000007918
disturbance_step60,88,114.0,114.0,113.92919716737246,113.92919716737248,-0.07080283262752118,104078.79321378762,optimal,104186.07062180378,False,False,max_iterations,max_iterations,0.4530295531332466,0.03477179689737632,False,5,5,0.0,8000,8000,6.880459295643959e-07,9.971919725515477e-07,10.0,0,0,0.00275162671492385,84.41876569862092,85.53829262116562,88.80824626426839,0.005915423168626318,0.008808887426151775,0.028597455867751347,84.41876569862092,85.53829262116562,88.80824626426839,0.005915423168626331,0.0088088874261518,0.028597455867751396,1.141834454642398,1.1418344546423982,16da59d6477df8f7,f3efc59a2373ff59,True,True,1.44680000084918,5.269899993436411,6.716699994285591,1.3792999961879104,2214.15590000106,2215.535199997248
disturbance_step60,89,110.0,110.0,109.92919716737248,109.92919716737248,-0.07080283262752118,218495.4785625211,optimal,218959.66173208298,False,False,max_iterations,max_iterations,1.3005650993890179,0.057198188727530436,False,5,5,0.0,8000,8000,6.014623181727075e-07,8.717054784668221e-07,10.0,0,0,0.003932150866625076,85.31142950104572,86.425979271221,89.66753088100468,0.007664024625163804,0.01136611287505479,0.0362368447748384,85.31142950104572,86.425979271221,89.66725591523557,0.0076640246251638185,0.011366112875054818,0.036236844774838455,1.1463480708360265,1.1463459433046934,400afffd79836e71,acf944dea344702d,True,True,1.2430000060703605,4.7374999994644895,5.98050000553485,1.7625000036787242,2484.873900000821,2486.6364000044996
disturbance_step60,90,106.00000000000001,106.00000000000001,105.92919716737246,105.92919716737248,-0.0708028326275354,443423.918997998,optimal,444812.3147390128,False,False,max_iterations,max_iterations,2.9722033457241013,0.09256428513370496,False,5,5,0.0,8000,8000,6.620496009190902e-07,9.595152308250476e-07,10.0,0,0,0.0052742671230858905,86.21940095981533,87.33217585033769,90.53505065461766,0.009962272676885745,0.014710366359779698,0.04598883177392084,86.21940095981533,87.3320736530676,90.53429436308305,0.009962272676885762,0.01471036635977973,0.04598842163418461,1.1514652988878278,1.15145880282263,41f9a01ad17817fb,6c1db16660b24d8a,True,True,2.3188999912235886,10.494300004211254,12.813199995434843,1.6807000065455213,2603.380400003516,2605.0611000100616
disturbance_step60,91,102.00000000000003,102.00000000000003,101.92919716737246,101.92919716737248,-0.0708028326275496,931531.2863425082,optimal,935036.9509866297,False,False,max_iterations,max_iterations,5.53070368980232,0.14843269712068338,False,5,5,0.0,8000,8000,6.723611676306973e-07,9.803239278127762e-07,10.0,0,0,0.006534563247900322,87.15130627932051,88.26064189347113,91.40954521793115,0.012990780563354455,0.019095213479631647,0.05841391447147193,87.15123031144968,88.26033217006994,91.40811592228664,0.012990780563354476,0.01909514404625636,0.05841202375243627,1.157440229576797,1.157426543104848,678adeac6fa11db8,5e041d59e0ddf533,True,True,1.8007999897236004,6.87840000318829,8.67919999291189,1.748299997416325,2549.6264999965206,2551.374799993937
disturbance_step60,92,98.00000000000001,98.00000000000001,97.92919716737248,97.92919716737248,-0.0708028326275354,2123244.283237864,optimal,2131305.3142178208,False,False,max_iterations,max_iterations,9.253671655615003,0.2405060037096576,False,5,5,0.0,8000,8000,6.02284359274563e-07,8.728968454718711e-07,9.076776626985307,0,0,0.007570100714664506,88.11442409430185,89.2180461338794,92.29338601897717,0.01699580561326554,0.024859993515115565,0.07418988908903486,88.114172733462,89.2173972999513,92.29112312846081,0.016995758423645105,0.024859638474041434,0.07418436188830785,1.1646148296889096,1.164590671791472,03d75f600d8faf5c,b735fdb88ead0fb6,True,True,1.8249999993713573,7.167300005676225,8.992300005047582,1.2992999982088804,2625.120299999253,2626.419599997462
disturbance_step60,93,94.00000000000001,94.00000000000001,93.9291971673725,93.9291971673725,-0.07080283262752118,5422409.952595256,optimal,5438814.0914143305,False,False,max_iterations,max_iterations,15.08944788918081,0.39982473643371735,False,5,5,0.0,8000,8000,6.536882324326143e-07,9.537300940110072e-07,47.15322912137228,0,0,0.008216015286021937,89.11874413569336,90.21378984289167,93.1942197234305,0.022315113552254937,0.03246269537141045,0.09412335791790752,89.11818992736855,90.21266085639566,93.19096260244311,0.022314852728995027,0.03246153116957554,0.09411042883247545,1.173474806729158,1.173435911776387,c5539aabb7abdfd0,e4df810f8a826fe9,True,True,1.8860000127460808,6.728399996063672,8.614400008809753,1.3060000055702403,2197.773199994117,2199.0791999996873
disturbance_step60,94,90.00000000000001,90.00000000000001,89.9291971673725,89.9291971673725,-0.07080283262752118,15180616.175883893,optimal,15206811.48710138,False,False,max_iterations,max_iterations,23.9914836220938,0.6719597726805238,False,5,5,2.510719733924228,8000,8000,6.752423757916404e-07,9.786356516272576e-07,185.25226445404115,0,0,0.008204970394633216,90.17837426183029,91.26258505593385,94.12417801417772,0.029418205428307483,0.04252741556662693,0.11916289087737086,90.17737050265401,91.2608128900372,94.11974833447411,0.029417299971933923,0.04252434745755009,0.11913645473819943,1.1846935476802478,1.1846339806633057,f74a2c1281f01087,fd9dbeaf43055fb5,True,True,1.3632999907713383,5.4942999995546415,6.85759999032598,1.3617000076919794,2366.1220999929355,2367.4838000006275
disturbance_step60,95,86.0,86.0,85.92919716737252,85.92919716737252,-0.07080283262747855,29096047.38961312,optimal,29299363.89143848,False,False,max_iterations,max_iterations,29.683056460790464,0.8733488083285362,False,5,5,9.111484493969499,8000,8000,6.15649994983869e-07,8.922678036427101e-07,276.77161100488036,0,0,0.007503870370882651,91.31460960125548,92.38626872237381,95.10012240338645,0.03896943301259937,0.05591851220002912,0.15040764612575833,91.31297921485461,92.3836547028643,95.09429858297256,0.03896692449628762,0.055911403619038014,0.150358310412511,1.1992038402850915,1.1991148091502883,f89a7aad205062a3,7ad91e5e2ebe92db,True,True,1.3325000036275014,5.4610999941360205,6.793599997763522,1.4893000043230131,2132.4115000024904,2133.9008000068134
disturbance_step60,96,90.0,90.0,89.92919716737254,89.92919716737252,-0.07080283262747855,28171993.681227278,optimal,27945526.939116612,False,False,max_iterations,max_iterations,6.8263195997094925,0.778380142126604,False,5,5,19.21683352032492,8000,8000,5.956284212516039e-07,8.643212554559909e-07,243.55445375690806,0,0,0.0018228501124338355,92.55952897123377,93.61705125150074,96.14379483118616,0.05193333864494486,0.07385961660931029,0.18910813508058197,92.55704323751633,93.61333106241923,96.13628577359313,0.051927239494883454,0.07384444687518373,0.18902201592543488,1.2182934895422,1.2181615386593203,ada9a54fba0c5147,da97c8f8ce597745,True,True,1.9362000020919368,7.460299995727837,9.396499997819774,1.251499998033978,662.9026000009617,664.1540999989957
disturbance_step60,97,86.0,86.0,85.92919716737251,85.92919716737252,-0.07080283262747855,24605465.56044045,optimal,24463452.215738587,False,False,max_iterations,max_iterations,1.5420811457951054,0.7020160096057299,False,5,5,35.57603637022143,8000,8000,6.843775111065042e-07,9.976430836999839e-07,208.99065087387083,0,0,0.0004334908048383693,93.96208159718171,95.00256585968972,97.28227683765596,0.06975948613301695,0.0981342770914498,0.23664673288563678,93.95841551890167,94.99735893840335,97.27269153315576,0.06974578983811926,0.09810356921295718,0.23650404853395535,1.2437293021134286,1.2435335864541353,b66296dbdce560e6,2ec7fc6b70c0135d,True,True,2.347300003748387,8.665100001962855,11.012400005711243,1.7478999943705276,2304.6245000005,2306.3723999948706
disturbance_step60,98,90.0,90.0,86.57118194757176,86.57118194757176,-3.428818052428241,16227605.498246849,optimal,16149801.868259763,False,False,max_iterations,max_iterations,1.5578914137536837,0.572963306823322,False,5,5,63.99124449154462,8000,8000,5.31781310542101e-07,7.76196430685161e-07,165.32877489816377,0,0,0.0005378393079061917,95.59896541450802,96.61491377300024,98.54842224200523,0.09472815130293401,0.1314403377814648,0.2944731554687175,95.59361113138824,96.6076307480605,98.53623970687003,0.09469875782592065,0.13138009161266184,0.29424687475078065,1.277860091376956,1.2775687269743337,989c53d463df233a,a7efc26ae29b613d,True,False,3.8483999960590154,20.214000003761612,24.062399999820627,3.000799988512881,250.4017000028398,253.40249999135267
disturbance_step60,99,94.0,94.0,88.74069996904147,88.74069996904147,-5.259300030958528,8808473.488409016,optimal,8776957.478530347,False,False,max_iterations,max_iterations,0.9744058642020764,0.4244117842054964,False,5,5,115.83915092680043,8000,8000,6.884413039642823e-07,9.996290861735702e-07,113.87874611363497,0,0,0.0004582135646436605,97.59626286504347,98.56774639640253,99.98102891770884,0.13064649620729796,0.17804959078003788,0.36394220369712244,97.58834811221655,98.55740947811032,99.96558084220527,0.13058451997823572,0.1779329629974224,0.36359758091609934,1.3234365451019612,1.3230039841183072,9f1de2fd00d9df5b,f4fcacbc1f7be86f,True,False,1.1931000044569373,4.932799987727776,6.1258999921847135,1.229600005899556,488.9701999927638,490.19979999866337
disturbance_step60,100,97.99999999999999,97.99999999999999,92.74069996904147,92.74069996904147,-5.259300030958514,1843709.6638089647,optimal,1844973.616835328,False,False,max_iterations,max_iterations,0.8996744086760317,0.20405118469971156,False,5,5,181.96283484421463,8000,8000,6.714873279634048e-07,9.94377853835715e-07,10.0,0,0,0.0009796077702431934,100.176706841667,101.050750393485,101.62448228852615,0.18438378668118946,0.2451034856975038,0.44595311804428706,100.16457211897155,101.03561371659325,101.60498112924547,0.18425184557837815,0.24487696173995482,0.44545027782181323,1.3818261615953389,1.381205442584413,26c0ba9208705095,b18d7b8d9b480345,True,True,1.221999991685152,4.81890000810381,6.040899999788962,1.1955999943893403,306.9465000007767,308.14209999516606
disturbance_step60,101,101.99999999999999,101.99999999999999,96.74070042592359,96.74069996904147,-5.259300030958514,1304770.5626045607,optimal,1288224.6377725822,False,False,max_iterations,max_iterations,0.37268758841164223,0.17319317086591507,False,5,5,111.9902577440496,8000,8000,5.142526475765408e-07,9.994102185828524e-07,10.0,0,0,0.0004991885927586096,103.77521534296085,104.40285942844847,103.56019073339628,0.2696555043101241,0.3452658229319564,0.5402287394257231,103.75528275254565,104.37954130171966,103.53585953929658,0.2693625974126042,0.34481735609453595,0.5395330309876359,1.4429157972701145,1.4421780839517326,bb4a68a87458f060,16fac4ddc332729f,True,True,1.2152999988757074,4.612799995811656,5.8280999946873635,1.5086000057635829,278.82880000106525,280.33740000682883
disturbance_step60,102,105.99999999999999,105.99999999999999,100.74069996904146,100.74069996904146,-5.259300030958528,-125422.46321973695,optimal,-121056.72249926634,True,True,converged(kkt(residual=1.39e-03<=tol=4.78e-02); obj_plateau(range=1.44e-15)),converged,0.001385487789872989,0.04777703711600374,False,5,5,77.96599890406657,251,8000,6.675703474456895e-07,9.683970647600404e-07,10.0,0,0,7.093135401291322e-06,109.35837850916717,109.27317359572893,105.86088152957133,0.4176150130485716,0.5019058600247122,0.6445498540424125,109.32160917229463,109.23470397126448,105.8311614829896,0.41690800388997046,0.5009937507251676,0.6436565492007829,1.4072165416667362,1.4076703691023016,ee38476583156875,fceac047e6ac9e87,True,True,1.223500003106892,4.425799997989088,5.64930000109598,1.213000010466203,8.044299989705905,9.257300000172108
disturbance_step60,103,110.0,110.0,104.74070039056481,104.74069996904146,-5.259300030958542,-98796.16087298737,optimal,-95523.80891744958,True,True,converged(kkt(residual=4.72e-03<=tol=3.75e-02); obj_plateau(range=3.05e-16)),converged,0.004715104484887873,0.03750080865542211,False,5,5,25.68960822221949,251,8000,6.165696362359085e-07,8.958625183907998e-07,10.0,0,0,3.167609319470102e-05,119.34186871504478,116.71731822936393,108.69006691187425,0.7081441903864624,0.7529309831638686,0.7528166741251181,119.26215171771418,116.65197392856324,108.64158124178374,0.7062317908602284,0.7511294116872278,0.7517948228239281,1.1240971624385345,1.1220503547579839,879500c432c956c3,67ca73be2043c652,True,True,1.1871000024257228,4.348100002971478,5.535200005397201,1.3131000014254823,8.738499993341975,10.051599994767457
disturbance_step60,104,114.0,114.0,108.74069996904146,108.74069996904146,-5.259300030958542,-92466.95360285907,optimal,-89782.77506389591,False,False,max_iterations,max_iterations,0.00200609388924071,0.03517693635111417,False,5,5,13.245292362928012,8000,8000,6.677630040030635e-07,9.772269544683354e-07,10.0,0,0,1.4897269678360518e-05,135.6228224750851,125.13288560216714,112.35910340882178,1.0,1.0,0.8546576806648303,135.51375351863817,125.07692027321883,112.26846115571016,1.0,1.0,0.8535015779936855,1.1009739445592754,1.0818477527894093,7d87e73670c3e8a0,d23b4e127c2e0272,True,True,1.2529999949038029,6.1950999952387065,7.448099990142509,1.6927999968174845,281.97690000524744,283.6697000020649
disturbance_step60,105,118.00000000000001,118.00000000000001,112.74069996904146,112.74069996904146,-5.259300030958556,-95046.66487804672,optimal,-92598.69906527657,True,True,converged(kkt(residual=2.73e-03<=tol=3.52e-02); obj_plateau(range=1.89e-15)),converged,0.002726759358904118,0.03520084069899729,False,5,5,1.6055683790620066,251,8000,6.790412214741082e-07,9.931106186300553e-07,10.0,0,0,2.0329642819175325e-05,127.82517613296706,124.28404264321803,116.2811357179379,1.0,1.0,0.9367581163654881,127.7555815138526,124.19545167953673,116.1500131347906,1.0,1.0,0.9354954947407126,0.9816713534760246,0.9816560186058365,ce231f265bacbace,93bc5906ff5d688c,True,True,1.2295999913476408,5.2909000078216195,6.52049999916926,1.420999993570149,9.708800003863871,11.12979999743402
disturbance_step60,106,122.00006031154618,122.00006031154618,116.74069996904146,116.74069996904146,-5.259360342504721,-97488.57434649227,optimal,-95299.85385628123,False,False,max_iterations,max_iterations,0.0021120333158990787,0.035417981604508146,False,5,5,0.0,8000,8000,6.753448076324275e-07,9.796666473604887e-07,10.0,0,0,1.581556263146921e-05,125.19289083537096,122.62572325910668,116.33002554156599,1.0,1.0,0.9794409571625183,125.10917537086728,122.52838487623443,116.15787919446474,1.0,1.0,0.9786528916470758,0.9821557478686489,0.982146669309327,47b853c19fad609b,bf58ecc79733627f,True,True,1.8450000061420724,6.473599991295487,8.318599997437559,1.5519000007770956,287.4034999986179,288.955399999395
disturbance_step60,107,126.00002072227629,126.00002072227629,120.7407004256928,120.74069996904146,-5.259320753234832,-97117.21233571669,optimal,-95319.70867436938,False,False,max_iterations,max_iterations,0.0010980281427541518,0.035135493636976885,False,5,5,0.0,8000,8000,5.024007379006434e-07,9.464821459914674e-07,10.0,0,0,8.255303400376538e-06,123.2845986213023,121.23993039067383,115.39609288272536,1.0,1.0,0.9878147249731322,123.19075662306703,121.11985119654477,115.16462755577263,1.0,1.0,0.9873010214723366,0.9822472726507961,0.9822412744641799,010a1363edbf7e45,2625e3a39737b800,False,True,1.261999990674667,4.703600003267638,5.9655999939423054,1.308399994741194,259.87770000938326,261.18610000412446
disturbance_step60,108,130.0000094134933,130.0000094134933,124.74070041002359,124.74069996904146,-5.259309444451844,-94776.35375596979,optimal,-94092.45514893277,False,False,max_iterations,max_iterations,0.0016722545822281199,0.03467023340510127,False,5,5,0.0,8000,8000,5.277948957882472e-07,9.13986184514215e-07,10.0,0,0,7.119289427053784e-06,121.76470389337817,119.82788288375014,114.9583670434866,1.0,1.0,0.9912470885422089,121.65135859621296,119.67615615424359,114.66005191224744,1.0,1.0,0.9908371636923198,0.9822844639049492,0.9822795715043636,036c95744704e562,78cea9bf733a49b0,False,True,1.279199990676716,4.7310000081779435,6.0101999988546595,1.301900003454648,274.3163999984972,275.61830000195187
disturbance_step60,109,130.0,130.0,128.74069996904146,128.74069996904146,-1.259300030958542,-90700.23253476252,optimal,-91704.50394481835,True,True,converged(kkt(residual=1.02e-03<=tol=3.41e-02); obj_plateau(range=2.13e-08)),converged,0.0010231387692803443,0.0341219187570598,False,5,5,0.0,501,8000,5.129246574142599e-07,7.433869031459039e-07,10.0,0,0,1.8164802557028245e-07,120.32497690130693,118.7378802747882,114.54858005621644,1.0,1.0,0.9932374145731057,120.18310094288728,118.54593596869908,114.18226022419998,1.0,1.0,0.9928828439419665,0.9823059209797554,0.9823015754759437,304d112845b3de67,b5c1e102cba0e6f1,False,True,1.298500006669201,4.7304000036092475,6.0289000102784485,1.8591999978525564,22.715500002959743,24.5747000008123
disturbance_step60,110,130.0,130.0,130.0,130.0,0.0,-85403.68799754941,optimal,-88080.0793336267,True,True,converged(kkt(residual=8.05e-03<=tol=3.35e-02); obj_plateau(range=3.21e-14)),converged,0.008049216095672058,0.03353902936738833,False,5,5,0.0,201,8000,5.565643022009681e-07,8.066343015755706e-07,10.0,0,0,6.772804933429594e-05,119.14521592139941,117.77071223713277,114.26028215989604,1.0,1.0,0.9945262442987204,118.9661218869522,117.53256634634471,113.82397886239343,1.0,1.0,0.9942057870699441,0.9823198004830529,0.9823157556033574,d21fc738d01f81de,32cb843e45abe049,False,False,1.3612000038847327,4.756099995574914,6.117299999459647,1.2519000010797754,8.96880000072997,10.220700001809746
disturbance_step60,111,130.0,130.0,130.0,130.0,0.0,-80052.31816427916,optimal,-83357.58112180703,True,True,converged(kkt(residual=2.74e-02<=tol=3.27e-02); obj_plateau(range=9.83e-14)),converged,0.02741411919956515,0.032740235784717936,False,5,5,0.0,201,8000,7.41562743655777e-07,9.319678193620007e-07,10.0,0,0,0.00024290965632543503,118.12348492762003,116.97684670548331,114.03455219835786,1.0,1.0,0.9954344183172226,117.90049496728022,116.68699907906135,113.52714636964812,1.0,1.0,0.9951371470932342,0.9823295845929298,0.9823257112679552,d3fe32538b7defcf,51bf0a6b4e5e4885,False,False,1.2295000051381066,4.7101000091061,5.939600014244206,1.2163000064902008,9.122100003878586,10.338400010368787
disturbance_step60,112,130.0,130.0,130.0,130.0,0.0,-74723.39474150684,optimal,-78365.40399766283,False,False,max_iterations,max_iterations,0.03927429749660412,0.031861308373489834,False,5,5,0.0,8000,8000,6.869624797900542e-07,9.98108984795465e-07,10.0,0,0,0.0003685591881680833,117.27113667739744,116.30945028394275,113.89358973423788,1.0,1.0,0.9961088292208615,116.9984483783847,115.96359138218449,113.31416545675772,1.0,1.0,0.995828429841465,0.9823368838889385,0.9823331076745229,2e0bec94fc4468fd,dc611219e704615a,False,False,1.2119000020902604,4.6645999973407015,5.876499999430962,1.2011000071652234,398.95780000369996,400.1589000108652
disturbance_step60,113,130.0,130.0,130.0,130.0,0.0,-69437.68844417174,optimal,-73451.50616800951,False,False,max_iterations,max_iterations,0.04386956547878014,0.031004976933301308,False,5,5,0.0,8000,8000,5.573597974262157e-07,8.119561307751155e-07,10.0,0,0,0.00043658404202924495,116.55627151862355,115.76897344753961,113.82753234348448,1.0,1.0,0.9966317014606386,116.22919218849582,115.36350018728015,113.1756052506376,1.0,1.0,0.9963643028203577,0.9823425933889961,0.9823388698037627,350cc91aece7fd6a,d701e43f6bc66a4c,False,False,1.9743000011658296,7.4210999882780015,9.395399989443831,2.210400009062141,593.0397000047378,595.2501000138
disturbance_step60,114,130.0,130.0,130.0,130.0,0.0,-64196.08065050102,optimal,-68615.4769914778,False,False,max_iterations,max_iterations,0.04151437885693484,0.03017158349332612,False,5,5,0.0,8000,8000,5.924064225837355e-07,8.63011388574364e-07,10.0,0,0,0.0004380475659703487,115.9710371174525,115.34000998911483,113.82437930949898,1.0,1.0,0.9970506473186888,115.58568401981391,114.87207345097696,113.11525497619537,1.0,1.0,0.9967937742505413,0.9823464521910751,0.9823435392947402,a1a8c31f051c1ae3,df587d947c24ecc2,False,False,1.796600001398474,6.3368999981321394,8.133499999530613,1.7165999888675287,539.8837000102503,541.6002999991179
disturbance_step60,115,129.99999999999997,129.99999999999997,130.0,130.0,2.842170943040401e-14,-59083.83335810373,optimal,-63843.17647838386,False,False,max_iterations,max_iterations,0.03247965262636188,0.029359233619993312,False,5,5,0.0,8000,8000,6.833912493675598e-07,9.929199240588105e-07,10.0,0,0,0.00036128091247274256,115.50196600304352,115.01122699788172,113.8703362559454,1.0,1.0,0.9973949401951453,115.05522488462557,114.48434155085185,113.11981333257755,1.0,1.0,0.9971477028992511,0.9823446577744916,0.9823450468780605,439b5798be179be3,3bba63b8f983d436,False,False,1.3789999939035624,5.088000005343929,6.466999999247491,1.268399995751679,522.0632999989903,523.3316999947419
disturbance_step60,116,130.0,130.0,130.0,130.0,0.0,-54643.699904913046,optimal,-59373.97282594002,False,False,max_iterations,max_iterations,0.01413286579539559,0.02860869353641538,False,5,5,0.0,8000,8000,6.341731619841084e-07,9.214093639187126e-07,10.0,0,0,0.00016180034478607724,115.13717741995741,114.76958334580361,113.95531916780516,1.0,1.0,0.9976834231649048,114.63086138336662,114.1893654129809,113.17637965464128,1.0,1.0,0.9974457492705314,0.9823424834854809,0.9823430769248128,3947a826cf4c8c96,3f567ce8d6303a89,False,False,1.6632000042591244,5.683299998054281,7.346500002313405,1.6768000059528276,483.2085999951232,484.88540000107605
disturbance_step60,117,130.00000000000003,130.00000000000003,130.0,130.0,-2.842170943040401e-14,-50795.87884420334,optimal,-55434.186827293655,True,True,converged(kkt(residual=3.54e-04<=tol=2.80e-02); obj_plateau(range=2.03e-08)),converged,0.00035415688549361843,0.027957699446885656,False,5,5,0.0,651,8000,6.834753634166191e-07,9.930419695436399e-07,10.0,0,0,1.7476991257045665e-07,114.86392805511997,114.60356826184396,114.07099256534802,1.0,1.0,0.9979288448899127,114.30267738376354,113.97695825988824,113.27327256058207,1.0,1.0,0.9977009724027582,0.9823398235818844,0.9823407185598568,c86eda2000ba9fe9,adf74db6c0b6f5ea,False,False,2.1524000039789826,7.32879999850411,9.481200002483092,2.1972999966237694,36.30249999696389,38.49979999358766
disturbance_step60,118,130.0,130.0,129.97155057449106,129.97155057449106,-0.028449425508938475,-47396.9061319899,optimal,-51955.13642020995,True,True,converged(kkt(residual=4.41e-03<=tol=2.74e-02); obj_plateau(range=1.40e-13)),converged,0.004410617491808014,0.027386926550742194,False,5,5,0.0,201,8000,6.321362064909408e-07,9.161614515917904e-07,10.0,0,0,6.1032854557056094e-05,114.67039079991353,114.50239304183432,114.21106561608914,1.0,1.0,0.9981401612255077,114.06055557067606,113.83647840190356,113.40171528935399,1.0,1.0,0.9979223695436146,0.9823365246582958,0.9823378664099117,9dec086bdfe7bf26,7b1e490e9b825192,False,False,1.3559000071836635,5.9157999930903316,7.271700000273995,1.8979000014951453,15.628299996023998,17.526199997519143
disturbance_step60,119,130.0,130.0,129.80860873609066,129.80860873609066,-0.19139126390933825,-44365.80443555239,optimal,-48821.2033314794,True,True,converged(kkt(residual=2.33e-02<=tol=2.69e-02); obj_plateau(range=7.60e-15)),converged,0.023326902319885146,0.026878064473021036,False,5,5,0.0,251,8000,6.739387146126319e-07,9.054186138612863e-07,10.0,0,0,0.00034141426665704037,114.54551043889322,114.45655477113733,114.37050275680272,1.0,1.0,0.9983238839860602,113.89398883756806,113.75817218811355,113.55480036608816,1.0,1.0,0.9981163836218396,0.9823323553384471,0.9823343675367119,14ecd5b0d81634e3,4590003ec98676d6,False,False,1.971699995920062,7.375000001047738,9.3466999969678,1.7194999963976443,16.875599991180934,18.59509998757858
disturbance_step60,120,130.0,130.0,129.6616302120665,129.6616302120665,-0.3383697879334875,-41631.931725053866,optimal,-45966.160663046554,False,False,max_iterations,max_iterations,0.030970449987701945,0.0264151169065831,False,5,5,0.0,8000,8000,6.757977928373293e-07,9.84493933486874e-07,10.0,0,0,0.00047737979387563564,114.47938565228195,114.45763397984723,114.54532794498638,1.0,1.0,0.9984848817450351,113.79303015567629,113.73306377465643,113.7272446597843,1.0,1.0,0.9982877756980784,0.9823269508780809,0.982329992893216,1d0dd3a42d26743d,06afee545d444560,False,False,1.3442000054055825,6.441099991207011,7.7852999966125935,1.937199995154515,672.2207999991952,674.1579999943497
disturbance_step60,121,130.0,130.0,129.5275453963259,129.5275453963259,-0.47245460367409464,-39145.59899450825,optimal,-43368.542911546145,False,False,max_iterations,max_iterations,0.030134988475252124,0.025998478230984123,False,5,5,0.0,8000,8000,6.326440029624791e-07,9.168974033357813e-07,10.0,0,0,0.0004856646681354032,114.46321664659104,114.49831193557888,114.7323157115306,1.0,1.0,0.9986268849419548,113.74845442206852,113.75318883531827,113.91487548334825,1.0,1.0,0.9984401654175834,0.9823197019547899,0.9823243845012161,fa51dba7d7618470,bc3404d6fe245949,False,False,2.0598000119207427,7.50129998777993,9.561099999700673,1.9094000017503276,681.6543000022648,683.5637000040151
disturbance_step60,122,128.2498870606093,128.2498870606093,129.40438940509978,129.40438940509978,1.1545023444904814,-36874.69661481328,optimal,-40987.99907825366,True,True,converged(kkt(residual=2.28e-02<=tol=2.56e-02); obj_plateau(range=1.20e-13)),converged,0.022781613384855882,0.025620656782217654,False,5,5,0.0,251,8000,5.962894249478268e-07,8.719580213423228e-07,10.0,0,0,0.00037740299672556866,114.48930456829324,114.57224079018403,114.92884137172003,1.0,1.0,0.9987528122467386,113.75197372638905,113.81152369634975,114.11438474347709,1.0,1.0,0.9985763711663516,0.9823095094229155,0.9823169518231425,5b49effa7728ebab,e947339ae60c9255,False,False,1.1801999935414642,4.809400008525699,5.989600002067164,1.1724999931175262,16.231200002948754,17.40369999606628
disturbance_step60,123,124.24988706060931,124.24988706060931,129.40727214778144,129.40727214778144,5.1573850871721305,-34450.29914556819,optimal,-38793.889727855916,False,False,max_iterations,max_iterations,0.008195240995857828,0.025275787694855528,False,5,5,0.0,8000,8000,6.544238146943826e-07,9.529561912913209e-07,10.0,0,0,0.0001298869102080554,114.55095482749789,114.67395436190554,115.13274210783345,1.0,1.0,0.9988649895419525,113.79623992275064,113.90195578158772,114.32299004354816,1.0,1.0,0.9986986340991202,0.982294165437817,0.9823066469308123,ebc94ed4b9262df5,c3fd60e3e372221b,True,False,1.4121000131126493,7.909299994935282,9.321400008047931,2.4913000088417903,687.8046999918297,690.2960000006715
disturbance_step60,124,120.2498870606093,120.2498870606093,128.05961355286735,128.05961355286735,7.809726492258051,-31836.277952044,optimal,-36786.47298019232,True,True,converged(kkt(residual=6.14e-04<=tol=2.50e-02); obj_plateau(range=1.67e-08)),converged,0.0006141238904421734,0.024967081476203072,False,5,5,0.0,651,8000,6.338122915394706e-07,9.185905982533882e-07,10.0,0,0,1.353964045038567e-07,114.64238596585223,114.79875767345106,115.34222793280898,1.0,1.0,0.9989653003056294,113.87482332033933,114.01915102415705,114.5379169075279,1.0,1.0,0.9988087674895885,0.9822684556160549,0.9822914101647353,002390b7af76d608,4b8724a09af2d0b0,True,False,1.7575999954715371,6.508999998914078,8.266599994385615,1.7336000018985942,59.82469998707529,61.558299988973886
disturbance_step60,125,116.2498870606093,116.2498870606093,124.38317269123073,124.38317269123073,8.13328563062143,-29580.468541181708,optimal,-34653.61245960304,True,True,converged(kkt(residual=1.66e-03<=tol=2.46e-02); obj_plateau(range=1.45e-08)),converged,0.0016624560142108852,0.02459129748078351,False,5,5,0.0,201,8000,6.064254307602823e-07,8.788985441654518e-07,10.0,0,0,1.1699610768274112e-07,114.75862415570414,114.94263163774328,115.55580897833237,1.0,1.0,0.9990552915611202,113.98210865535846,114.1583194737156,114.75700752280555,1.0,1.0,0.9989082559203243,0.982216086515706,0.982266545612689,101394d7e9b70b9b,2f333f1f00bfd506,True,False,2.346000008401461,7.612400004290976,9.958400012692437,2.2477000020444393,19.25840000330936,21.5061000053538
disturbance_step60,126,112.24988706060928,112.24988706060928,120.38317269123071,120.38317269123073,8.133285630621444,-27650.026203999372,optimal,-32247.46045007499,True,True,converged(kkt(residual=5.10e-07<=tol=2.41e-02); obj_plateau(range=5.64e-16)),converged,5.098558993815476e-07,0.024090613176343947,False,5,5,0.0,251,8000,5.764907911043338e-07,8.355139700100267e-07,10.0,0,0,-1.0420235959606209e-08,114.89540527141791,115.10214235826578,115.77224207666085,1.0,1.0,0.9991362499994685,114.113094156973,114.3153427271804,114.97851839493698,1.0,1.0,0.9989983362504451,0.9820332406667124,0.9822182770504254,b1fb34abca65518d,a48d7249ee946f50,True,True,1.818499993532896,5.586500003118999,7.404999996651895,1.240700003108941,34.106599996448494,35.347299999557436
disturbance_step60,127,108.3664648541537,108.3664648541537,116.38317269123073,116.38317269123073,8.016707837077021,-26013.499774324424,optimal,-30081.031552066743,True,True,converged(kkt(residual=5.03e-07<=tol=2.36e-02); obj_plateau(range=7.26e-16)),converged,5.032724066275566e-07,0.023611646434408353,False,5,5,0.0,251,8000,5.756133987233625e-07,8.342423827301104e-07,10.0,0,0,-1.0604610135532201e-08,115.04908233435633,115.27436159908343,115.98369114825248,1.0,1.0,0.9992092577208653,114.26343470170477,114.4866567464986,115.20109118937283,1.0,1.0,0.9990800537521382,0.9822737246308311,0.9820744088593498,4ece88507b9315a7,52084dd58c69706b,False,True,1.4192000089678913,5.917399990721606,7.336599999689497,1.7909000016516075,38.260200002696365,40.05110000434797
disturbance_step60,128,105.66021138594616,105.66021138594616,112.65292490097715,112.65292490097715,6.992713515030999,-24666.587591770545,optimal,-28211.138894698768,True,True,converged(kkt(residual=1.21e-03<=tol=2.32e-02); obj_plateau(range=4.02e-09)),converged,0.0012143649609315532,0.023176454779346232,False,5,5,0.0,201,8000,6.211236325270875e-07,9.048448639248363e-07,10.0,0,0,2.485658881304144e-08,115.21654263996498,115.45426987573019,116.17579678596842,1.0,1.0,0.9992751741251333,114.42936578233505,114.66922698526635,115.42409886051344,1.0,1.0,0.9991543032824901,0.9839023984407846,0.9820960368553274,b9653cce5399cb57,bc599114a411c6b6,False,False,1.801200007321313,6.3445999985560775,8.14580000587739,1.8781999970087782,21.76280001003761,23.641000007046387
disturbance_step60,129,103.8351215672819,103.8351215672819,109.62726145317018,109.62726145317018,5.792139885888275,-23776.354138106293,optimal,-26667.153765205145,True,True,converged(kkt(residual=2.90e-03<=tol=2.28e-02); obj_plateau(range=2.76e-08)),converged,0.002903101279798101,0.022800740345805946,False,5,5,0.0,451,8000,6.028127614854384e-07,8.781697999893368e-07,10.0,0,0,2.2923245627859407e-07,115.39325608760947,115.6340850074929,116.33763800439274,1.0,1.0,0.9993346446760376,114.60766550466055,114.86064239289873,115.64172707396408,1.0,1.0,0.999221863135615,0.9854829318792461,0.9834533319089489,f3963123440593e1,b4a313b8fb54264d,False,False,1.1966000020038337,6.161500001326203,7.358100003330037,1.6730000061215833,39.574399997945875,41.24740000406746
disturbance_step60,130,102.69889711195428,102.69889711195428,107.32107280064012,107.32107280064012,4.622175688685843,-23228.291448563625,optimal,-25498.777133688058,True,True,converged(kkt(residual=2.02e-03<=tol=2.25e-02); obj_plateau(range=1.64e-08)),converged,0.002017292784135428,0.02250803930333656,False,5,5,0.0,601,8000,6.795174982698882e-07,9.848316269156498e-07,10.0,0,0,1.3277458195108606e-07,115.5722751578818,115.80606691502335,116.460594170981,1.0,1.0,0.9993881960415295,114.79571471135345,115.05692564268712,115.8408057994096,1.0,1.0,0.9992833709834796,0.9869014630700047,0.9849613489014707,4085faff82109663,3d36db4ad54a7964,False,False,2.271800010930747,7.82799998705741,10.099799997988157,2.7652000135276467,48.20319999998901,50.96840001351666
disturbance_step60,131,102.11149168614783,102.11149168614783,105.63236552226059,105.63236552226059,3.520873836112756,-22945.07278301842,optimal,-24663.32564128708,True,True,converged(kkt(residual=1.93e-03<=tol=2.23e-02); obj_plateau(range=1.84e-08)),converged,0.001929136305866268,0.022292850696441383,False,5,5,0.0,651,8000,5.281795267819689e-07,7.723596615605288e-07,10.0,0,0,1.507615065922015e-07,115.74606318558659,115.96244281428221,116.53857083149992,1.0,1.0,0.9994362888969184,114.98988465612155,115.25118752542603,116.01018261594801,1.0,1.0,0.9993393043581482,0.9881804749434558,0.9863260768458713,c3678dcbf688c27f,2b48d1160467cba3,False,False,1.7414000030839816,6.035800004610792,7.777200007694773,1.6452999989269301,60.66859999555163,62.31389999447856
disturbance_step60,132,101.96165301982658,101.96165301982658,104.47603414789637,104.47603414789637,2.514381128069786,-22869.67231906902,optimal,-24102.046898888093,True,True,converged(kkt(residual=2.22e-03<=tol=2.21e-02); obj_plateau(range=2.96e-08)),converged,0.0022232695150259897,0.0221428347757578,False,5,5,0.0,651,8000,6.769728173594558e-07,9.835939396296567e-07,10.0,0,0,2.4550274839632686e-07,115.90690798767146,116.09615146953087,116.56758019169473,1.0,1.0,0.9994793517043723,115.18412294255752,115.43616613756127,116.14104937921769,1.0,1.0,0.9993900472670656,0.9893368478010607,0.9875687803026865,e44ba6bc7a5dbfef,3d4c70243d9b80de,False,False,1.666199997998774,5.358399997930974,7.024599995929748,1.9164999976055697,63.38030000915751,65.29680000676308
disturbance_step60,133,102.1562634272829,102.1562634272829,103.79738550060361,103.79738550060361,1.641122073320716,-22957.19726310654,optimal,-23767.578974493306,True,True,converged(kkt(residual=1.77e-03<=tol=2.20e-02); obj_plateau(range=2.26e-08)),converged,0.001765137088482047,0.022047720535584243,False,5,5,0.0,701,8000,6.679659918518155e-07,9.705076653432343e-07,10.0,0,0,1.8513798729558565e-07,116.04758125977669,116.20103201998205,116.5493684118825,1.0,1.0,0.999517796942184,115.3714780926777,115.60447442082949,116.2281346969352,1.0,1.0,0.9994359370063871,0.9903819748128454,0.9887042488336663,2a6fb27a3eed5aa8,0a71ea3ee7090e2e,False,False,1.8577000009827316,6.499700000858866,8.357400001841597,1.8908000056399032,74.03969998995308,75.93049999559298
disturbance_step60,134,102.61526983902795,102.61526983902795,103.50092060231309,103.50092060231309,0.8856507632851418,-23170.63332574647,optimal,-23624.030354721894,True,True,converged(kkt(residual=1.83e-03<=tol=2.20e-02); obj_plateau(range=2.87e-08)),converged,0.0018272957261308603,0.02199988005485628,False,5,5,0.0,701,8000,6.639136529429379e-07,9.646198613211254e-07,10.0,0,0,2.3801216189194115e-07,116.16164817681408,116.27346568910365,116.48858597390485,1.0,1.0,0.9995520445730831,115.5446748419003,115.74967354555564,116.27033667446688,1.0,1.0,0.999477300020991,0.9913248120664875,0.9897423887137746,6d45e5913daaaacb,7e6ed060373df906,False,False,2.5901000044541433,8.742399993934669,11.332499998388812,2.5812999956542626,71.62329999846406,74.20459999411833
disturbance_step60,135,103.26931750829513,103.26931750829513,103.53501326961913,103.53501326961913,0.26569576132399675,-23478.588833902104,optimal,-23631.912297423663,True,True,converged(kkt(residual=1.36e-03<=tol=2.20e-02); obj_plateau(range=1.86e-08)),converged,0.0013577621571168777,0.021989751994331747,False,5,5,0.0,751,8000,6.635127931531315e-07,9.640374605268676e-07,10.0,0,0,1.5046373064414856e-07,116.2447672104415,116.31186050958563,116.39167392835104,1.0,1.0,0.9995825174242691,115.69705968568557,115.86699739510559,116.26975965901674,1.0,1.0,0.9995144737771846,0.9921730465534886,0.9906902045814987,969ea510fbbbbcf0,9063fc355432e08e,False,False,2.647800007252954,9.727299999212846,12.3751000064658,2.6005999970948324,77.13609999336768,79.73669999046251
disturbance_step60,136,104.05857759767422,104.05857759767422,103.81424480047924,103.81424480047924,-0.24433279719497136,-23854.07402795103,optimal,-23763.67426733444,True,True,converged(kkt(residual=1.35e-03<=tol=2.20e-02); obj_plateau(range=2.10e-08)),converged,0.0013516288066119108,0.02201105206515232,False,5,5,0.0,751,8000,6.664382539156577e-07,9.682879129613298e-07,10.0,0,0,1.7082991525007426e-07,116.29464070586762,116.31658823080254,116.26562950468899,1.0,1.0,0.9996096303486406,115.82338210061525,115.95353192613648,116.23053678499707,1.0,1.0,0.9995478103465638,0.9929339368248937,0.9915532903014621,1bc9a37e386bbf37,a8c38967a2fe3ad9,False,False,2.64620000962168,9.596099989721552,12.242299999343231,2.6713999977800995,73.0213999922853,75.6927999900654
disturbance_step60,137,104.93207635100178,104.93207635100178,104.28414448578788,104.28414448578788,-0.6479318652139057,-24273.84326774684,optimal,-23987.79378753983,True,True,converged(kkt(residual=1.34e-03<=tol=2.21e-02); obj_plateau(range=2.28e-08)),converged,0.0013356522542245651,0.022055806788824153,False,5,5,0.0,751,8000,6.717056635352492e-07,9.759410852794304e-07,10.0,0,0,1.8638874611345196e-07,116.31095529761403,116.2894909675543,116.1174371935054,1.0,1.0,0.9996337779014938,115.92012837499207,116.00811393303572,116.15793168499239,1.0,1.0,0.9995776689768853,0.9936145534914004,0.9923367197393015,73ed26dfe518c509,076bcd08a052cb76,False,False,2.2228000016184524,7.716499996604398,9.93929999822285,1.89870000758674,76.87939998868387,78.77809999627061
disturbance_step60,138,105.8471686114908,105.8471686114908,104.89418687322562,104.89418687322562,-0.95298173826518,-24718.029678942246,optimal,-24281.068755768396,True,True,converged(kkt(residual=1.32e-03<=tol=2.21e-02); obj_plateau(range=2.40e-08)),converged,0.0013159969234257723,0.022118370127668145,False,5,5,0.0,751,8000,6.787118138618098e-07,9.861205390038208e-07,10.0,0,0,1.9700164218081658e-07,116.29499988655637,116.23352098216215,115.95365785955038,1.0,1.0,0.9996553254739186,115.98553203500927,116.0310952715572,116.05779078828671,1.0,1.0,0.9996044051367452,0.9942218443656535,0.99304546778778,30b3447b5ac106c6,5ea38dd98576a0a7,False,False,1.8103000038536265,6.47019999451004,8.280499998363666,1.9797999993897974,65.0928999966709,67.07269999606069
disturbance_step60,139,106.76900179023961,106.76900179023961,105.59931953245706,105.59931953245706,-1.1696822577825543,-25169.919700506794,optimal,-24622.72517738627,True,True,converged(kkt(residual=1.30e-03<=tol=2.22e-02); obj_plateau(range=2.47e-08)),converged,0.0012966388003245195,0.022193636591747203,False,5,5,0.0,751,8000,6.869156123912035e-07,9.980400816900215e-07,10.0,0,0,2.0301071630742904e-07,116.2492998256528,116.15235352991766,115.78023079012831,1.0,1.0,0.9996746041390759,116.019401257399,116.02408265517025,115.93599578764027,1.0,1.0,0.999628360572663,0.9947625763240437,0.9936846176110007,297edc4c2be91e8e,7f73749c49612dfc,False,False,1.6501000063726678,7.085499993991107,8.735600000363775,2.059699996607378,58.8047000055667,60.86440000217408
disturbance_step60,140,107.66991222951064,107.66991222951064,106.36058803007745,106.36058803007745,-1.309324199433192,-25615.777168094406,optimal,-24994.553247209766,True,True,converged(kkt(residual=1.28e-03<=tol=2.23e-02); obj_plateau(range=2.50e-08)),converged,0.0012796238457535632,0.022277112874571285,False,5,5,0.0,751,8000,5.316365729868266e-07,7.77414608243987e-07,10.0,0,0,2.077368557319671e-07,116.17723524247378,116.05007795769968,115.6023598130652,1.0,1.0,0.9996919088588224,116.02288115290735,115.98960322343704,115.79825559808275,1.0,1.0,0.9996498554252182,0.9952432559199105,0.99425934147085,f4c3a6daa03dd782,7bb46c0b1df04314,False,False,1.9186999998055398,6.957500008866191,8.87620000867173,1.971900011994876,76.40779999201186,78.37970000400674
disturbance_step60,141,108.52874894074553,108.52874894074553,107.14525220070911,107.14525220070911,-1.3834967400364206,-26044.667078701063,optimal,-25380.92527590495,True,True,converged(kkt(residual=1.27e-03<=tol=2.24e-02); obj_plateau(range=2.48e-08)),converged,0.00126601772064823,0.022364939493474286,False,5,5,0.0,751,8000,5.387131665202105e-07,7.877627439256685e-07,10.0,0,0,2.065685148579785e-07,116.08271345950173,115.93093423707494,115.42447434181695,1.0,1.0,0.9997074990644945,115.99814415704635,115.93085303261884,115.64980322525003,1.0,1.0,0.9996691835570486,0.9956700512833653,0.9947748658483276,3c188e3044a37d2e,37ac1811818768f3,False,False,3.082200011704117,6.788399987271987,9.870599998976104,1.9598000071709976,70.19679999211803,72.15659999928903
disturbance_step60,142,109.33014283152181,109.33014283152181,107.92659485818066,107.92659485818066,-1.4035479733411478,-26448.254572086116,optimal,-25768.749443870263,True,True,converged(kkt(residual=1.26e-03<=tol=2.25e-02); obj_plateau(range=2.44e-08)),converged,0.0012557056416677306,0.022453884817299773,False,5,5,0.0,751,8000,5.457942364728297e-07,7.981173855142742e-07,10.0,0,0,2.029459243600302e-07,115.96988907238637,115.79910911340511,115.25023076479997,1.0,1.0,0.9997216007629571,115.94812360910542,115.85140476556414,115.49531908393952,1.0,1.0,0.9996866101092481,0.996048733475724,0.9952363643811802,bb9f31aa0bdba30c,057dc9e34dc0d204,False,False,2.231599995866418,5.72709999687504,7.958699992741458,1.2897999986307696,57.16349999420345,58.45329999283422
disturbance_step60,143,110.06374851590778,110.06374851590778,108.68353891151546,108.68353891151546,-1.38020960439232,-26820.57156084889,optimal,-26147.374141579956,True,True,converged(kkt(residual=1.25e-03<=tol=2.25e-02); obj_plateau(range=2.38e-08)),converged,0.0012482280000587836,0.022541320542779908,False,5,5,0.0,751,8000,5.526819961687579e-07,8.081893749789515e-07,10.0,0,0,1.9758257856933037e-07,115.84294057511796,115.65858026368329,115.08254502770738,1.0,1.0,0.9997344094676284,115.8762281014689,115.75500519229938,115.33886556654255,1.0,1.0,0.9997023712047657,0.9963846388310883,0.9956488685771763,8fbae5a99273d592,f7f6481b3ed76db1,False,False,1.8168999959016219,5.827699991641566,7.644599987543188,1.2325999996392056,52.89029999403283,54.122899993672036
disturbance_step60,144,110.72348635028101,110.72348635028101,109.40014206808948,109.40014206808948,-1.3233442821915276,-27157.753918143244,optimal,-26508.44897051144,True,True,converged(kkt(residual=1.24e-03<=tol=2.26e-02); obj_plateau(range=2.31e-08)),converged,0.0012429433030073478,0.022625183873537805,False,5,5,0.0,751,8000,5.592263079279292e-07,8.177591421798525e-07,10.0,0,0,1.9109896577922893e-07,115.70589718529531,115.51300538655828,114.92364450127779,1.0,1.0,0.9997460934708798,115.78611760931646,115.6453926996702,115.1838749023768,1.0,1.0,0.9997166750113927,0.9966826513928384,0.9960171891315982,2ee01ea701d62ef7,80aaddb9e0514f76,False,False,1.60160000086762,4.597599996486679,6.199199997354299,1.180999999633059,42.03820000111591,43.21920000074897
disturbance_step60,145,111.30680904516407,111.30680904516407,110.06502086433348,110.06502086433348,-1.2417881808305964,-27457.758106915022,optimal,-26845.746720815827,True,True,converged(kkt(residual=1.24e-03<=tol=2.27e-02); obj_plateau(range=2.23e-08)),converged,0.0012392030728030198,0.02270392955847245,False,5,5,0.0,751,8000,5.653183308140797e-07,8.266675095569553e-07,10.0,0,0,1.8400668573447715e-07,115.56251195361394,115.36564865029278,114.77513299793249,1.0,1.0,0.9997567971398674,115.68151039477915,115.52616274065123,115.03315614099232,1.0,1.0,0.9997297036646837,0.9969472017779244,0.9963458597508009,7a94911813aa45d5,01ce0c09e1d236c9,False,False,1.221999991685152,4.276599996956065,5.498599988641217,1.3254999939817935,70.42400000500493,71.74949999898672
disturbance_step60,146,111.81401219654887,111.81401219654887,110.67074273612894,110.67074273612894,-1.1432694604199298,-27720.068743317475,optimal,-27154.95349673982,True,True,converged(kkt(residual=1.24e-03<=tol=2.28e-02); obj_plateau(range=2.14e-08)),converged,0.0012364501729757306,0.02277647485541008,False,5,5,0.0,751,8000,5.708860015829487e-07,8.348091284915427e-07,10.0,0,0,1.767086934958468e-07,115.41617452226079,115.21933881846357,114.63806312190017,1.0,1.0,0.9997666440478862,115.56603343036628,115.40066412834305,114.88892530257125,1.0,1.0,0.99974161562371,0.9971822787405008,0.9966390997876802,ca2d0ab2cf3efc7e,035f48455c2ece53,False,False,1.1954000074183568,4.714399998192675,5.909800005611032,1.3035000010859221,51.683700003195554,52.987200004281476
disturbance_step60,147,112.24760272602902,112.24760272602902,111.21321602256953,111.21321602256953,-1.0343867034594894,-27945.408858860246,optimal,-27433.436096235557,True,True,converged(kkt(residual=1.23e-03<=tol=2.28e-02); obj_plateau(range=2.06e-08)),converged,0.0012342981799464785,0.022842140275910982,False,5,5,0.0,751,8000,6.139057120435609e-07,8.919618235125881e-07,10.0,0,0,1.686507912749175e-07,115.26985760688686,115.07645296797307,114.51301187652341,1.0,1.0,0.9997757398413426,115.44310692006962,115.27192803190133,114.75284876866546,1.0,1.0,0.9997525481848444,0.997391449813769,0.9969007943501321,a639f50c46d52049,fe97c4750a7390df,False,False,1.2275000044610351,4.34629998926539,5.573799993726425,1.1737000022549182,64.8226000048453,65.99630000710022
disturbance_step60,148,112.61173417136753,112.61173417136753,111.69110009667227,111.69110009667227,-0.9206340746952577,-28135.463368227574,optimal,-27679.996844198562,True,True,converged(kkt(residual=1.23e-03<=tol=2.29e-02); obj_plateau(range=1.98e-08)),converged,0.0012323823757729353,0.022900588799093357,False,5,5,0.0,751,8000,6.185951093584663e-07,8.987751822786549e-07,10.0,0,0,1.6176243039280561e-07,115.12609115781811,114.93892052018418,114.40015612439839,1.0,1.0,0.999784174800784,115.3158618806243,115.14262295981501,114.62609704238209,1.0,1.0,0.9997626199681917,0.9975778879679004,0.9971344882108792,8e88eb0426e86c1f,b1a0cde00c7ef722,False,False,1.6394999984186143,6.125600004452281,7.765100002870895,1.7413000023225322,42.89009999774862,44.63140000007115
disturbance_step60,149,112.91171337048283,112.91171337048283,112.10525322678153,112.10525322678153,-0.806460143701301,-28292.624133444653,optimal,-27894.626442369074,True,True,converged(kkt(residual=1.23e-03<=tol=2.30e-02); obj_plateau(range=1.91e-08)),converged,0.0012305710819251405,0.022951765896218404,False,5,5,0.0,751,8000,6.226728572755746e-07,9.046998359352187e-07,10.0,0,0,1.5533594450097117e-07,114.98695872493703,114.80824271843103,114.29934536991345,1.0,1.0,0.9997920260900989,115.18708552538726,115.01503255455576,114.50940399937335,1.0,1.0,0.9997719332679936,0.9977444017769866,0.9973433904849609,5abc744bad314e6c,51e25e8338c51407,False,False,1.375199994072318,10.53870000760071,11.913900001673028,1.934700005222112,69.42369999887887,71.35840000410099
disturbance_step60,150,113.15357945516813,113.15357945516813,112.45822813394985,112.45822813394985,-0.6953513212182827,-28419.762550131523,optimal,-28078.263934425802,True,True,converged(kkt(residual=1.23e-03<=tol=2.30e-02); obj_plateau(range=1.84e-08)),converged,0.0012287884483068293,0.02299584239902225,False,5,5,0.0,751,8000,6.26161011041404e-07,9.097679205538611e-07,10.0,0,0,1.4946134287521462e-07,114.85411100323078,114.68552332722005,114.21016995619681,1.0,1.0,0.9997993597086028,115.05919074061325,114.89105161612662,114.40312860417863,1.0,1.0,0.9997805762077784,0.9978934671513338,0.9975303870942396,feeae00eabc66e5b,c92e989ba6046099,False,False,1.3651000044774264,8.103799991658889,9.468899996136315,2.5400000013178214,41.4392999955453,43.97929999686312
disturbance_step60,151,113.34375323059137,113.34375323059137,112.75382302104174,112.75382302104174,-0.5899302095496353,-28520.033136095713,optimal,-28232.571581591244,True,True,converged(kkt(residual=1.23e-03<=tol=2.30e-02); obj_plateau(range=1.78e-08)),converged,0.001227022403434889,0.023033161628836462,False,5,5,0.0,751,8000,6.29094017767784e-07,9.140293277809519e-07,10.0,0,0,1.441848606773767e-07,114.72879212942848,114.57150689277529,114.13202336651315,1.0,1.0,0.9998062321712695,114.93420529552397,114.77219667493202,114.30731624631821,1.0,1.0,0.9997886246755746,0.998027259182736,0.9976980585685862,ad8ef78ae6587404,3c93c84e4cd1a73f,False,False,1.8367000011494383,6.229899998288602,8.06659999943804,1.692300007562153,70.82860000082292,72.52090000838507
disturbance_step60,152,113.4887529112972,113.4887529112972,112.99669099139783,112.99669099139783,-0.49206191989937054,-28596.70941425584,optimal,-28359.730484439464,True,True,converged(kkt(residual=1.23e-03<=tol=2.31e-02); obj_plateau(range=1.73e-08)),converged,0.0012252994323273029,0.02306419188666324,False,5,5,0.0,751,8000,6.315147089708262e-07,9.175464494859398e-07,10.0,0,0,1.3952008680405073e-07,114.61187487195438,114.46662149225385,114.0641578078271,1.0,1.0,0.9998126919466659,114.81377693231696,114.65962749198252,114.22175768237739,1.0,1.0,0.9997961440358493,0.9981476830716316,0.997848701156085,36ab1e0b89365890,ea2101bb16c89928,False,False,1.7280999891227111,5.880900003830902,7.608999992953613,2.104200000758283,68.50269999995362,70.6069000007119
disturbance_step60,153,113.59497073153115,113.59497073153115,113.19200822667419,113.19200822667419,-0.4029625048569585,-28653.05158222397,optimal,-28462.260682195483,True,True,converged(kkt(residual=1.22e-03<=tol=2.31e-02); obj_plateau(range=1.68e-08)),converged,0.0012236638851347026,0.023089484893944974,False,5,5,0.0,751,8000,6.334718278822038e-07,9.203899749010702e-07,10.0,0,0,1.354569845464513e-07,114.503901440024,114.37102344356676,114.00573267248404,1.0,1.0,0.9998187806826817,114.69919065461812,114.55417637600203,114.14604403516846,1.0,1.0,0.9998031906277579,0.998256403446211,0.9979843496661465,473977cbda30c8ce,cd7d7c15ffbcdb3a,False,False,2.024000001256354,8.911200013244525,10.935200014500879,2.572199999121949,72.51290000567678,75.08510000479873
disturbance_step60,154,113.6685040501958,113.6685040501958,113.34519908976601,113.34519908976601,-0.3233049604297946,-28692.204098481492,optimal,-28542.867654376838,True,True,converged(kkt(residual=1.22e-03<=tol=2.31e-02); obj_plateau(range=1.64e-08)),converged,0.0012221647396169885,0.02310964042437222,False,5,5,0.0,751,8000,6.499385705183158e-07,9.468217614383434e-07,10.0,0,0,1.3191670318731253e-07,114.40512719232592,114.28464195987077,113.9558558093338,1.0,1.0,0.9998245342485954,114.59139495737946,114.4563825751312,114.07961682697855,1.0,1.0,0.9998098130661964,0.9983548716532382,0.9981068008513032,d21e68ab63bca2b3,f6c328c6f21b1b20,False,False,1.719399995636195,5.8530999958748,7.572499991510995,1.7771999991964549,72.3466999916127,74.12389999080915
disturbance_step60,155,113.71503412963298,113.71503412963298,113.4471312034318,113.4471312034318,-0.26790292620118805,-28717.12038076848,optimal,-28604.312221296117,True,True,converged(kkt(residual=1.66e-03<=tol=2.31e-02); obj_plateau(range=2.95e-08)),converged,0.0016604443941471549,0.023125277063844246,False,5,5,0.0,701,8000,6.512859442864283e-07,9.487846011069223e-07,10.0,0,0,2.451546625941866e-07,114.3155650487673,114.20722219502291,113.91361780007502,1.0,1.0,0.9998299836194195,114.49103412381746,114.36652944864548,114.02181241533765,1.0,1.0,0.9998160533652435,0.9984443508041456,0.9982176364650199,01cc52194bc409bd,d28ff2ebd79755bd,False,False,1.625500008231029,5.85079999291338,7.476300001144409,1.7534999933559448,61.94339999638032,63.696899989736266
disturbance_step60,156,113.73974568769594,113.73974568769594,113.5269430479011,113.5269430479011,-0.2128026397948446,-28730.511260043255,optimal,-28646.45904431753,True,True,converged(kkt(residual=1.66e-03<=tol=2.31e-02); obj_plateau(range=2.91e-08)),converged,0.0016589833857680429,0.023136089266402378,False,5,5,0.0,701,8000,6.521056263864011e-07,9.499786726152593e-07,10.0,0,0,2.418719312667903e-07,114.23502888659308,114.13836553760916,113.87811963365363,1.0,1.0,0.9998351556254897,114.39848414599655,114.28468252669973,113.97190054771961,1.0,1.0,0.9998219479042602,0.9985259385090625,0.9983182454008335,32f2ac43cc842857,ab2568d328364e07,False,False,1.7408999992767349,6.385899992892519,8.126799992169254,1.804900006391108,54.13380000391044,55.938700010301545
disturbance_step60,157,113.74728051770656,113.74728051770656,113.58480851365722,113.58480851365722,-0.16247200404933437,-28734.813597927154,optimal,-28677.086355970998,True,True,converged(kkt(residual=1.66e-03<=tol=2.31e-02); obj_plateau(range=2.88e-08)),converged,0.0016577902522826031,0.023144249302189782,False,5,5,0.0,701,8000,6.52709999826584e-07,9.50859134540849e-07,10.0,0,0,2.3874009953213555e-07,114.16317463058061,114.07756636756353,113.84849431019899,1.0,1.0,0.9998400735872646,114.31389023554814,114.21072695896683,113.92911701944034,1.0,1.0,0.9998275282561913,0.9986005873346121,0.9984098445311568,c9766c90d843cbf4,5e6852415b3eef25,False,False,2.059899998130277,7.920899995951913,9.98079999408219,2.068500005407259,64.73250000271946,66.80100000812672
disturbance_step60,158,113.74171886493525,113.74171886493525,113.62303778969599,113.62303778969599,-0.11868107523926597,-28732.175485550517,optimal,-28697.389711160926,True,True,converged(kkt(residual=1.66e-03<=tol=2.31e-02); obj_plateau(range=2.84e-08)),converged,0.001656863034728723,0.0231499638549038,False,5,5,0.0,701,8000,6.531199403525534e-07,9.514563261703302e-07,10.0,0,0,2.3601955557260234e-07,114.09953812189069,114.0242447916202,113.82392299397875,1.0,1.0,0.9998447578525036,114.2372042882426,114.14440320576246,113.89269062998243,1.0,1.0,0.9998328218961321,0.9986691230890196,0.9984934980266481,14446acb5a25926e,78f718a9dc282b8f,False,False,1.7948000022443011,5.979699999443255,7.7745000016875565,1.3484999944921583,39.804200001526624,41.15269999601878
disturbance_step60,159,113.72658277623174,113.72658277623174,113.6447086218979,113.6447086218979,-0.08187415433383194,-28724.454628274852,optimal,-28708.975918608307,True,True,converged(kkt(residual=1.66e-03<=tol=2.32e-02); obj_plateau(range=2.82e-08)),converged,0.0016561942928805845,0.0231535723141323,False,5,5,0.0,701,8000,6.533652907592113e-07,9.518137646935543e-07,10.0,0,0,2.3378648805059253e-07,114.04356917103024,113.97777512344838,113.8036463808331,1.0,1.0,0.9998492262504818,114.16822103027714,114.08534014182499,113.86186478668566,1.0,1.0,0.9998378528064129,0.9987322610782958,0.9985701350571268,e4b38e259a90982c,06a8b0095c634c01,False,False,1.2784999998984858,5.948299993178807,7.226799993077293,1.1973999935435131,42.289900011383,43.48730000492651
