scenario,step,Ta_cvx_raw,Ta_cvx_applied,Ta_snn_raw,Ta_snn_applied,control_diff_e_u,cvxpy_objective,cvxpy_status,snn_objective,snn_converged,snn_verified_converged,snn_iterations,snn_max_iterations,snn_constraint_residual,snn_constraint_residual_scaled,snn_bound_violation,snn_clipped,cvxpy_clipped,objective_gap_snn_vs_reference,Tc1_cvx,Tc2_cvx,Tc3_cvx,alpha1_cvx,alpha2_cvx,alpha3_cvx,Tc1_snn,Tc2_snn,Tc3_snn,alpha1_snn,alpha2_snn,alpha3_snn,rho_Ap_cvx,rho_Ap_snn,qp_fingerprint_cvx,qp_fingerprint_snn,slew_saturated_cvx,slew_saturated_snn
nominal_heatup,0,31.999999999999996,31.999999999999996,32.0,32.0,3.552713678800501e-15,-2198585.5400207387,optimal,-3213356.118589756,False,False,8000,8000,12.010358738239681,18.924858028995928,0.0,0,0,,28.0,28.0,28.0,1e-05,1e-05,1e-05,28.0,28.0,28.0,1e-05,1e-05,1e-05,1.0000008521941652,0.9999000000003917,5f7c8079bd260ecf,5f7c8079bd260ecf,True,True
nominal_heatup,1,36.0,36.0,40.49902888613858,36.0,0.0,-2379544.5573612694,optimal,-3366419.530674624,False,False,8000,8000,10.860178786225163,16.765420047374878,0.0,1,0,,28.000000056399145,28.000000056399145,28.000000056399145,1.0001630922571259e-05,1.0001630922571259e-05,1.0001630922571259e-05,28.000000056399145,28.000000056399145,28.000000056399145,1.0001630922571259e-05,1.0001630922571259e-05,1.0001630922571259e-05,1.0000008522669996,0.9999000000003914,4f836d205da94698,6ee12f1fec92c62d,True,True
nominal_heatup,2,40.0,40.0,44.28316376834187,40.0,0.0,-2557999.5068418547,optimal,-3488574.599056136,False,False,8000,8000,10.794514512088824,16.500590974947627,0.0,1,0,,28.000000112803107,28.000000112803107,28.000000091841084,1.0003261984532805e-05,1.0003261984532805e-05,1.0003261984532805e-05,28.000000112803107,28.000000112803107,28.000000091841084,1.0003261984532805e-05,1.0003261984532805e-05,1.0003261984532805e-05,1.0000008523398338,0.9999000000003917,56f732089cf031fd,56f732089cf031fd,True,True
nominal_heatup,3,44.0,44.0,48.02641275708783,44.0,0.0,-2733615.558104433,optimal,-3594678.7876826935,False,False,8000,8000,9.680962336226003,14.94500258463935,0.0,1,0,,28.00000016921189,28.00000016142088,28.000000128607986,1.0004893185885736e-05,1.0004893185885736e-05,1.0004893185878145e-05,28.00000016921189,28.00000016142088,28.000000128607986,1.0004893185885736e-05,1.0004893185885736e-05,1.0004893185878145e-05,1.000000852412668,0.9999000000003918,73d2fedc8f893055,73d2fedc8f893055,True,True
nominal_heatup,4,48.0,48.0,52.643636672957776,48.0,0.0,-2906059.851470105,optimal,-3690641.0589576433,False,False,8000,8000,9.483943631269142,14.790367706658005,1.2152449247730033,1,0,,28.00000021983408,28.000000208534534,28.00000016274716,1.0006524526631151e-05,1.0006524526628329e-05,1.0006524526608854e-05,28.00000021983408,28.000000208534534,28.00000016274716,1.0006524526631151e-05,1.0006524526628329e-05,1.0006524526608854e-05,1.000000852485502,0.9999000000003919,8c4d95413aaeb4d2,8c4d95413aaeb4d2,True,True
nominal_heatup,5,52.0,52.0,51.99999999999999,51.99999999999999,-7.105427357601002e-15,-3075002.7437421586,optimal,-3781854.688130987,False,False,8000,8000,9.188745880006607,14.33000190777815,0.0,0,0,,28.00000026785304,28.000000252134775,28.015534364180088,1.0008156006768049e-05,1.0008156006761134e-05,1.0008156006725072e-05,28.00000026785304,28.000000252134775,28.015534364180088,1.0008156006768049e-05,1.0008156006761134e-05,1.0008156006725072e-05,1.0000008535389835,0.9999000000003935,903293a58f35d33d,bb1d7404d04da75a,True,True
nominal_heatup,6,55.99999999999999,55.99999999999999,55.99999999999998,55.99999999999998,-1.4210854715202004e-14,-3240118.7683481663,optimal,-3867032.4049375784,False,False,8000,8000,7.7758649025921045,11.774968247806513,0.0,0,0,,28.000000312592185,28.00577391978186,28.057459750004423,1.000978762629658e-05,1.000978762628397e-05,1.0009793262776227e-05,28.000000312592185,28.00577391978186,28.057459750004423,1.000978762629658e-05,1.000978762628397e-05,1.0009793262776227e-05,1.0000008566302483,0.999900000000395,7b5ca0546bd133c7,7b5ca0546bd133c7,True,True
nominal_heatup,7,60.0,60.0,63.60176365984886,59.99999999999998,-2.1316282072803006e-14,-3401087.3747966266,optimal,-3976824.0351366415,False,False,8000,8000,6.749138264998223,10.220199266259534,0.0,1,0,,28.004292153377847,28.022838296226645,28.135109522234508,1.001141938521665e-05,1.0011421478125678e-05,1.0011445967490528e-05,28.004292153377847,28.022838296226645,28.135109522234508,1.001141938521665e-05,1.0011421478125678e-05,1.0011445967490528e-05,1.0000008630022164,0.9999000000004014,3e298ab1470acbe1,3e298ab1470acbe1,True,True
nominal_heatup,8,64.0,64.0,67.33234451395575,63.99999999999998,-2.1316282072803006e-14,-3557593.4863152155,optimal,-4083225.4924267777,False,False,8000,8000,6.6979942494093905,10.554105254941572,2.842170943040401e-14,1,0,,28.01807839987666,28.057673407757182,28.254795432951447,1.0013052839181873e-05,1.0013061671269752e-05,1.0013127537634136e-05,28.01807839987666,28.057673407757182,28.254795432951447,1.0013052839181873e-05,1.0013061671269752e-05,1.0013127537634136e-05,1.0000008738881738,0.9999000000004111,98436667f5f347a3,98436667f5f347a3,True,True
nominal_heatup,9,68.0,68.0,67.99999999999999,67.99999999999997,-2.842170943040401e-14,-3709327.9124762886,optimal,-4141369.689979089,False,False,8000,8000,4.462637431057544,7.105253376034403,2.842170943040401e-14,0,0,,28.047511223592842,28.11622195693027,28.42117301871507,1.0014691440074805e-05,1.0014714737108251e-05,1.0014854481868797e-05,28.047511223592842,28.11622195693027,28.42117301871507,1.0014691440074805e-05,1.0014714737108251e-05,1.0014854481868797e-05,1.0000008905547881,0.9999000000004272,0df178a0528a63d3,0df178a0528a63d3,True,True
nominal_heatup,10,72.0,72.0,73.90976068342209,71.99999999999997,-2.842170943040401e-14,-3855987.643942374,optimal,-4232292.876245406,False,False,8000,8000,2.811003737839002,4.3226467224769465,2.842170943040401e-14,1,0,,28.098587088330618,28.204026095810903,28.637444447596287,1.0016340922523065e-05,1.0016389563010768e-05,1.0016646422525322e-05,28.098587088330618,28.204026095810903,28.637444447596287,1.0016340922523065e-05,1.0016389563010768e-05,1.0016646422525322e-05,1.0000009143124624,0.9999000000004492,4fb94bd9e1c6992e,4fb94bd9e1c6992e,True,True
nominal_heatup,11,76.0,76.0,77.9067283210885,75.99999999999997,-2.842170943040401e-14,-3997276.052680686,optimal,-4309984.901180453,False,False,8000,8000,2.474902779550476,4.31578312527634,0.0,1,0,,28.17696474743232,28.325927123648107,28.905878723964744,1.001800935059378e-05,1.0018097472067574e-05,1.0018526362451092e-05,28.17696474743232,28.325927123648107,28.905878723964744,1.001800935059378e-05,1.0018097472067574e-05,1.0018526362451092e-05,1.0000009465851527,0.9999000000004814,76e252ba65d6acc4,76e252ba65d6acc4,True,True
nominal_heatup,12,79.99999999999999,79.99999999999999,79.99999999999994,79.99999999999994,-4.263256414560601e-14,-4132774.880872062,optimal,-4363925.998892108,False,False,8000,8000,3.52050137163441,5.43478017070252,0.0,0,0,,28.287695303581557,28.48611411336325,29.228022559149494,1.0019707186055292e-05,1.0019852307914455e-05,1.0020521334415317e-05,28.287695303581557,28.48611411336325,29.228022559149494,1.0019707186055292e-05,1.0019852307914455e-05,1.0020521334415317e-05,1.000000988985778,0.9999000000005247,1044b2f80afc7279,1044b2f80afc7279,True,True
nominal_heatup,13,83.99999999999999,83.99999999999999,83.99999999999993,83.99999999999993,-5.684341886080802e-14,-4261544.896129359,optimal,-4436728.199135939,False,False,8000,8000,2.4451325443608027,3.7376513766915487,0.0,0,0,,28.435189073687383,28.68811443723295,29.60491107244096,1.0021447366458453e-05,1.0021670668093506e-05,1.002266335713411e-05,28.435189073687383,28.68811443723295,29.60491107244096,1.0021447366458453e-05,1.0021670668093506e-05,1.002266335713411e-05,1.0000010434153785,0.9999000000005833,4c30fd0939b86137,4c30fd0939b86137,True,True
nominal_heatup,14,87.99999999999999,87.99999999999999,87.99999999999999,87.99999999999993,-5.684341886080802e-14,-4382300.404325929,optimal,-4547735.708161489,False,False,8000,8000,2.593048980474265,4.128560823027733,2.842170943040401e-14,0,0,,28.623200041918288,28.934857331659494,30.037186768688905,1.0023245495954168e-05,1.0023572281445382e-05,1.0024990765584491e-05,28.623200041918288,28.934857331659494,30.037186768688905,1.0023245495954168e-05,1.0023572281445382e-05,1.0024990765584491e-05,1.0000011121797336,0.9999000000006616,04d5fd5d42a63407,04d5fd5d42a63407,True,True
nominal_heatup,15,91.99999999999999,91.99999999999999,91.99999999999999,91.99999999999993,-5.684341886080802e-14,-4493717.36531285,optimal,-4599053.34913407,False,False,8000,8000,1.6140364072906124,2.339659110870529,0.0,0,0,,28.854869120086413,29.22872865371056,30.525195733226727,1.0025120171607514e-05,1.0025580580941484e-05,1.0027549973976509e-05,28.854869120086413,29.22872865371056,30.525195733226727,1.0025120171607514e-05,1.0025580580941484e-05,1.0027549973976509e-05,1.0000011981334345,0.9999000000007657,2c997153558cb235,9b55dafb9badcee9,True,True
nominal_heatup,16,95.99999999999999,95.99999999999999,95.99999999999994,95.99999999999993,-5.684341886080802e-14,-4594311.755577716,optimal,-4654729.878565671,False,False,8000,8000,0.6350956459712478,0.9799978126635622,0.0,0,0,,29.132775953652295,29.571636766375924,31.069051976588753,1.0027093488534011e-05,1.0027723503453636e-05,1.0030397793205575e-05,29.132775953652295,29.571636766375924,31.069051976588753,1.0027093488534011e-05,1.0027723503453636e-05,1.0030397793205575e-05,1.0000013048593073,0.999900000000905,97b024212e116b47,97b024212e116b47,True,True
nominal_heatup,17,99.99999999999999,99.99999999999999,100.51767571458961,99.99999999999993,-5.684341886080802e-14,-4682485.98775227,optimal,-4742233.985729072,False,False,8000,8000,1.2330585851491662,1.9035363594577959,0.0,1,0,,29.459001193484145,29.965072618383886,31.66868726952701,1.0029191757879237e-05,1.0030034571632905e-05,1.0033604465787608e-05,29.459001193484145,29.965072618383886,31.66868726952701,1.0029191757879237e-05,1.0030034571632905e-05,1.0033604465787608e-05,1.0000014368973875,0.999900000001095,6cf5caf88310d69d,6cf5caf88310d69d,True,True
nominal_heatup,18,103.99999999999999,103.99999999999999,103.9999999999999,103.9999999999999,-8.526512829121202e-14,-4756573.33574245,optimal,-4780610.389735749,False,False,8000,8000,0.4038767751039529,0.5858700640238217,0.0,0,0,,29.83518713825559,30.410166831002797,32.32388788410938,1.0031446486637145e-05,1.003255432719756e-05,1.0037257650833878e-05,29.83518713825559,30.410166831002797,32.32388788410938,1.0031446486637145e-05,1.003255432719756e-05,1.0037257650833878e-05,1.0000016000414043,0.9999000000013538,4975ae8d240b840d,4975ae8d240b840d,True,True
nominal_heatup,19,107.99999999999997,107.99999999999997,107.99999999999993,107.9999999999999,-7.105427357601002e-14,-4814879.122501915,optimal,-4826020.124003166,False,False,8000,8000,0.32204985396548125,0.4667501320583769,0.0,0,0,,30.26259573381852,30.907740544433675,33.03432342597463,1.0033895682563044e-05,1.0035332213742204e-05,1.0041467676231376e-05,30.26259573381852,30.907740544433675,33.03432342597463,1.0033895682563044e-05,1.0035332213742204e-05,1.0041467676231376e-05,1.0000018017276073,0.9999000000017101,a5f89d1e7cd31789,a5f89d1e7cd31789,True,True
nominal_heatup,20,111.99999999999997,111.99999999999997,111.99999999999994,111.9999999999999,-7.105427357601002e-14,-4855717.335599005,optimal,-4859957.961105504,False,False,8000,8000,0.18733684525766137,0.29827109835767995,0.0,0,0,,30.742161255455276,31.45835074073644,33.799569377951165,1.0036585572181912e-05,1.0038429042220354e-05,1.0046374493864521e-05,30.742161255455276,31.45835074073644,33.799569377951165,1.0036585572181912e-05,1.0038429042220354e-05,1.0046374493864521e-05,1.000002051549314,0.9999000000022081,ad7fc304bc330e62,ad7fc304bc330e62,True,True
nominal_heatup,21,115.99999999999999,115.99999999999999,115.99999999999991,115.9999999999999,-8.526512829121202e-14,-4877442.577002665,optimal,-4867781.390327949,False,False,8000,8000,0.040361029702367546,0.06426140400508462,0.0,0,0,,31.274537519628144,32.06232983559645,34.619125239305966,1.0039572851893256e-05,1.0041920221372836e-05,1.0052156935043224e-05,31.274537519628144,32.06232983559645,34.619125239305966,1.0039572851893256e-05,1.0041920221372836e-05,1.0052156935043224e-05,1.000002361942879,0.999900000002915,4c62af936cf0ac74,4c62af936cf0ac74,True,True
nominal_heatup,22,119.99999999999999,119.99999999999999,120.00448153654595,119.9999999999999,-8.526512829121202e-14,-4878477.418998424,optimal,-4855961.642065326,False,False,8000,8000,0.005995312844930822,0.010143731529694833,0.0,1,0,,31.860139431473698,32.71982012895055,35.492429218553006,1.0042927636276365e-05,1.0045900001126806e-05,1.0059045087611502e-05,31.860139431473698,32.71982012895055,35.492429218553006,1.0042927636276365e-05,1.0045900001126806e-05,1.0059045087611502e-05,1.0000027491075865,0.9999000000039309,ea6c1ad04a7e6cdc,ea6c1ad04a7e6cdc,True,True
nominal_heatup,23,123.99999999999997,123.99999999999997,124.00043076664963,123.9999999999999,-7.105427357601002e-14,-4857335.535405974,optimal,-4827487.631711037,False,False,8000,8000,0.0013296579082293647,0.0019274325072595744,2.842170943040401e-14,1,0,0.006144912880324829,32.499179256904526,33.43080354993059,36.4188703028621,1.0046737327042226e-05,1.0050487067028725e-05,1.0067336928314506e-05,32.499179256904526,33.43080354993059,36.418870302862096,1.0046737327042226e-05,1.0050487067028725e-05,1.0067336928314506e-05,1.0000032342458494,0.999900000005413,0f216d01d16f6196,0f216d01d16f6196,True,True
nominal_heatup,24,127.99999999999996,127.99999999999996,127.99999999999984,127.99999999999984,-1.1368683772161603e-13,-4812641.025914493,optimal,-4781785.54537281,False,False,8000,8000,0.0005089164278189173,0.0007375777600033828,2.842170943040401e-14,0,0,0.006411340545930775,33.19169804282029,34.195127258322415,37.39779823444413,1.005111170702066e-05,1.0055831947088486e-05,1.0077420781319361e-05,33.19169804282029,34.19512725832241,37.397798234444124,1.005111170702066e-05,1.0055831947088486e-05,1.0077420781319361e-05,1.0000038452434135,0.9999000000076116,36966a3230d97c0b,36966a3230d97c0b,True,True
nominal_heatup,25,130.0,130.0,130.0,130.0,0.0,-4743144.390473815,optimal,-4714979.572024602,False,False,8000,8000,0.0008673728824390992,0.001257092349033151,2.842170943040401e-14,0,0,0.0059380057049758,33.937592712032945,35.01252560136736,38.42853181431629,1.005618967429849e-05,1.0062126862556018e-05,1.0089805789359043e-05,33.93759271203294,35.01252560136735,38.42853181431628,1.005618967429849e-05,1.0062126862556018e-05,1.0089805789359043e-05,1.000004618956481,0.9999000000109206,d249cd98e5654aa5,d249cd98e5654aa5,False,False
nominal_heatup,26,130.0,130.0,130.0,130.0,0.0,-4660857.028411634,optimal,-4650757.403386301,False,False,8000,8000,0.0006554201966366691,0.0009484634460195096,0.0,0,0,0.002166902989072703,34.73663933886757,35.88263890591762,39.51036584016606,1.0062148184087887e-05,1.0069618889944927e-05,1.0105163455459045e-05,34.73663933886756,35.88263890591761,39.510365840166045,1.0062148184087887e-05,1.0069618889944927e-05,1.0105163455459045e-05,1.000005604339681,0.9999000000159837,0c862183674c339d,7f2cb9e3c8e29823,False,False
nominal_heatup,27,130.0,130.0,130.0,130.0,0.0,-4578740.64713441,optimal,-4578690.141001066,False,False,8000,8000,0.000472293870672047,0.0006845003150717233,2.842170943040401e-14,0,0,1.1030573406460481e-05,35.588513092118006,36.80502953120535,40.64257692132614,1.0069214176848358e-05,1.007862763007317e-05,1.0124384554526784e-05,35.588513092118,36.80502953120534,40.642576921326125,1.0069214176848358e-05,1.007862763007317e-05,1.0124384554526784e-05,1.0000068667446973,0.9999000000238464,eb6e3d688d8a9519,7b48a38566ec60de,False,False
nominal_heatup,28,130.0,130.0,130.0,130.0,0.0,-4497417.026190166,optimal,-4497378.405628792,False,False,8000,8000,0.0004631402583754607,0.0006712338915635385,2.842170943040401e-14,0,0,8.587276436210093e-06,36.49280528639048,37.77919556259234,41.824428360756755,1.00776805645182e-05,1.0089569039656569e-05,1.0148657494724979e-05,36.49280528639047,37.779195562592335,41.82442836075675,1.00776805645182e-05,1.0089569039656567e-05,1.0148657494724979e-05,1.0000084938573894,0.9999000000362466,b7542b0a0b463af6,ab500d01cfc933bc,False,False
nominal_heatup,29,130.0,130.0,129.99999999999997,129.99999999999997,-2.842170943040401e-14,-4416968.952529828,optimal,-4416947.269378119,False,False,8000,8000,0.0007902503712529096,0.0011453179084073284,2.842170943040401e-14,0,0,4.909057405265358e-06,37.44903793778678,38.80458247844509,43.055174257720964,1.008792775660128e-05,1.0102987727945598e-05,1.0179576783908196e-05,37.44903793778677,38.804582478445084,43.05517425772095,1.008792775660128e-05,1.0102987727945596e-05,1.0179576783908196e-05,1.000010603941939,0.9999000000561059,d2303d8545cbd14c,12df89a9b68a8946,False,False
nominal_heatup,30,130.0,130.0,129.99999999999997,129.99999999999997,-2.842170943040401e-14,-4337463.228155296,optimal,-4337448.9242306175,False,False,8000,8000,0.0007740893089476231,0.0011218955162464184,0.0,0,0,3.2977634969222225e-06,38.45667617246797,39.88059307969843,44.3262958722187,1.0100452783556139e-05,1.0119600936431953e-05,1.0219294017606023e-05,38.456676172467965,39.88059307969842,44.32629587221869,1.0100452783556139e-05,1.0119600936431951e-05,1.0219294017606023e-05,1.0000133502968045,0.9999000000882996,1656a08076a1c85b,588cc1a148b5cfc0,False,False
nominal_heatup,31,130.0,130.0,130.0,130.0,0.0,-4258954.0956230685,optimal,-4258947.640634692,False,False,8000,8000,0.0007574268179837418,0.001097746398483146,2.842170943040401e-14,0,0,1.5156286224982726e-06,39.51513879282677,41.00370911940794,45.62384309440205,1.0115908887980325e-05,1.0140358723565776e-05,1.027064961864798e-05,39.51513879282676,41.00370911940793,45.623843094402034,1.0115908887980325e-05,1.0140358723565775e-05,1.027064961864798e-05,1.0000169276166246,0.9999000001409178,b4590aaf1558464a,1f828896bb39f0c7,False,False
nominal_heatup,32,130.0,130.0,130.0,130.0,0.0,-4181485.864571804,optimal,-4181484.8091790304,False,False,8000,8000,0.0007393453131641081,0.0010715406894634683,2.842170943040401e-14,0,0,2.523980282493128e-07,40.62166136640788,42.167626743408356,46.936965864865606,1.0135159609374298e-05,1.0166511340095578e-05,1.0337306087914461e-05,40.62166136640787,42.16762674340834,46.93696586486559,1.0135159609374298e-05,1.0166511340095577e-05,1.0337306087914461e-05,1.0000215859513406,0.999900000227421,f00d2eb240dca7f9,cb5fd164af724c00,False,False
nominal_heatup,33,130.0,130.0,129.99999999999997,129.99999999999997,-2.842170943040401e-14,-4105090.8588292957,optimal,-4105090.9646462747,False,False,8000,8000,0.0007241111375009268,0.0010494616435723358,0.0,0,0,-2.5774938934528593e-08,41.77084845737516,43.36566791672194,48.25708836034172,1.0159342426202962e-05,1.0199689056691248e-05,1.0423972055584554e-05,41.770848457375145,43.365667916721925,48.257088360341704,1.0159342426202962e-05,1.0199689056691246e-05,1.0423972055584554e-05,1.00002764480365,0.9999000003701379,9f5bfdefabf9c2e7,651d01ac1ae91542,False,False
nominal_heatup,34,130.0,130.0,130.0,130.0,0.0,-4029793.1559638185,optimal,-4029793.2597437142,False,False,8000,8000,0.0007162477012485624,0.001038065085350759,2.842170943040401e-14,0,0,-2.5750085064103013e-08,42.956351227797434,44.59092597223202,49.57797689401695,1.018994412676557e-05,1.0242010082863206e-05,1.053668028779401e-05,42.95635122779742,44.59092597223201,49.577976894016935,1.018994412676557e-05,1.0242010082863204e-05,1.053668028779401e-05,1.0000355128009815,0.9999000006060512,f1b068022e5efbe8,f042893a40456fd1,False,False
nominal_heatup,35,130.0,130.0,130.0,130.0,0.0,-3955609.343254412,optimal,-3955586.392634334,False,False,8000,8000,0.003446460717995592,0.004999490653267991,2.842170943040401e-14,0,0,5.80204884280673e-06,44.17140619546908,45.83695172260525,50.89495729321921,1.0228899307463622e-05,1.0296214244032106e-05,1.0683152902901279e-05,44.17140619546907,45.836951722605235,50.89495729321919,1.0228899307463622e-05,1.0296214244032104e-05,1.0683152902901279e-05,1.0000457117886863,0.9999000009962531,9c8e50cceb0ec654,1cbcbad6e0ddf482,False,False
nominal_heatup,36,130.0,130.0,130.00000000000003,130.0,0.0,-3882548.676645856,optimal,-3882491.7033367683,False,False,8000,8000,0.004414109070609129,0.006397413214938474,2.842170943040401e-14,0,0,1.4674210799321523e-05,45.40948352759255,47.097838917598104,52.2045545514495,1.0278713971231812e-05,1.036583429649087e-05,1.0873268743414286e-05,45.409483527592535,47.09783891759809,52.20455455144948,1.0278713971231812e-05,1.0365834296490869e-05,1.0873268743414286e-05,1.000058908674502,0.999900001641464,beaabf4818532b84,321b4c79cae1d12a,False,False
nominal_heatup,37,130.0,130.0,130.0,130.0,0.0,-3810617.5952469516,optimal,-3810530.016406399,False,False,8000,8000,0.005645757691922881,0.006785014217632224,0.0,0,0,2.2982858834638465e-05,46.66451695380042,48.36835320017051,53.50412826644477,1.0342623010345865e-05,1.0455411819631811e-05,1.1119674734577008e-05,46.66451695380041,48.368353200170496,53.50412826644475,1.0342623010345865e-05,1.045541181963181e-05,1.1119674734577006e-05,1.0000759571416173,0.9999000027074945,d808e6d496d3e62f,fa21d7236d2af1c6,False,False
nominal_heatup,38,130.0,130.0,130.0,130.0,0.0,-3739818.5513807777,optimal,-3739703.3669549027,False,False,8000,8000,0.005910690085670467,0.008566423316364258,2.842170943040401e-14,0,0,3.079948927455564e-05,47.931058634757065,49.64391516037741,54.79166265923367,1.0424789135198688e-05,1.0570772044380092e-05,1.1438591403752979e-05,47.93105863475705,49.64391516037739,54.79166265923365,1.0424789135198687e-05,1.0570772044380089e-05,1.1438591403752977e-05,1.0000979538377246,0.9999000044672416,944a36b0dba20b4b,8d9205fb1b472d2a,False,False
nominal_heatup,39,130.0,130.0,130.0,130.0,0.0,-3670150.4290669584,optimal,-3670010.698945375,False,False,8000,8000,0.0037926592515589164,0.005496739665358241,0.0,0,0,3.807207721572426e-05,49.204306314942166,50.92057550494545,56.06560239687443,1.0530555493521728e-05,1.0719374634412519e-05,1.1850890373346329e-05,49.20430631494215,50.920575504945425,56.06560239687441,1.0530555493521726e-05,1.0719374634412516e-05,1.1850890373346327e-05,1.0001263149983302,0.9999000073703812,882bfc39e0d7a8df,7038376884e7c6e4,False,False
nominal_heatup,40,130.0,130.0,130.0,130.0,0.0,-3601609.047296805,optimal,-3601447.786682736,False,False,8000,8000,0.004067281834693404,0.005909474213856569,0.0,0,0,4.477466588103907e-05,50.48009183635129,52.194957759675056,57.32474554955666,1.0666767540547945e-05,1.0910765749966646e-05,1.2383552396445595e-05,50.48009183635127,52.194957759675034,57.32474554955664,1.0666767540547944e-05,1.0910765749966642e-05,1.2383552396445588e-05,1.0001628826826376,0.999900012160134,8c7343f0dd0a220d,f77c0ff847b719f4,False,False
nominal_heatup,41,130.0,130.0,129.99999999999997,129.99999999999997,-2.842170943040401e-14,-3534187.5585183143,optimal,-3534007.5097676106,False,False,8000,8000,0.007389392272585837,0.010709521450150028,0.0,0,0,,51.75483560174435,53.464199514395304,58.56816376746488,1.0842186462087133e-05,1.1157166424599135e-05,1.3071662770483217e-05,51.754835601744325,53.46419951439528,58.56816376746486,1.0842186462087131e-05,1.1157166424599132e-05,1.3071662770483205e-05,1.000210073755604,0.9999000200710952,5453bc001ae80818,e25204a93cf5bfcb,False,False
nominal_heatup,42,130.0,130.0,130.0,130.0,0.0,-3467876.74472851,optimal,-3467680.510881486,False,False,8000,8000,0.007615406678311842,0.01103708642936585,2.842170943040401e-14,0,0,,53.02549121637784,54.72589075682159,59.79514556110168,1.1068025253675922e-05,1.1474247701261865e-05,1.3961166177047804e-05,53.025491216377816,54.72589075682157,59.79514556110166,1.106802525367592e-05,1.1474247701261856e-05,1.3961166177047792e-05,1.0002710907268957,0.999900033168888,3389231fdbf04d4b,843dfc3f06dc4434,False,False
nominal_heatup,43,130.0,130.0,130.0,130.0,0.0,-3402665.2068732097,optimal,-3402455.2605689997,False,False,8000,8000,0.006375919022715948,0.009240684351209616,0.0,0,0,6.170098939664805e-05,54.28948544658738,55.97801639829211,61.005153326433316,1.1358651936153698e-05,1.1882164517023144e-05,1.5112695179349738e-05,54.289485446587356,55.97801639829209,61.005153326433295,1.1358651936153696e-05,1.1882164517023135e-05,1.5112695179349724e-05,1.0003502217184117,0.9999000549414918,ee36806f45461bfb,b2e569a3daea85f4,False,False
nominal_heatup,44,130.0,130.0,130.0,130.0,0.0,-3338539.4346956075,optimal,-3338318.391274942,False,False,8000,8000,0.00628674088876835,0.009111437573761982,2.842170943040401e-14,0,0,6.62105134336806e-05,55.544660094629194,57.21890324691535,62.19779083408779,1.1732523445269194e-05,1.240695156285074e-05,1.6606913172483163e-05,55.54466009462917,57.21890324691533,62.197790834087776,1.1732523445269192e-05,1.2406951562850731e-05,1.660691317248315e-05,1.0004532681750724,0.9999000913436553,0b5405583e5ae6d8,3d0f014a13466557,False,False
nominal_heatup,45,130.0,130.0,129.99999999999997,129.99999999999997,-2.842170943040401e-14,-3275483.7327483776,optimal,-3275253.5294059603,False,False,8000,8000,0.007937253733970806,0.010399061887352623,2.842170943040401e-14,0,0,,56.78921767445046,58.44717272868527,63.372777800977815,1.221344127067576e-05,1.3082428465613039e-05,1.8551986542778255e-05,56.78921767445044,58.447172728685246,63.372777800977794,1.2213441270675758e-05,1.3082428465613025e-05,1.855198654277821e-05,1.000588154251119,0.9999001526674044,3e111dcf17dc338b,754e28b6a78a0652,False,False
nominal_heatup,46,130.0,130.0,130.0,130.0,0.0,-3213479.9624020406,optimal,-3213242.9580649706,False,False,8000,8000,0.008051723091597296,0.010549073625822025,0.0,0,0,,58.02167234021292,59.6616991361294,64.52992981579379,1.283225903535136e-05,1.3952823801894359e-05,2.1094037516679137e-05,58.0216723402129,59.66169913612938,64.52992981579376,1.2832259035351359e-05,1.3952823801894344e-05,2.109403751667909e-05,1.0007657922929523,0.9999002569356484,6365a5580d323dd2,cac5606fbf1a766f,False,False
nominal_heatup,47,129.99999999999997,129.99999999999997,129.99999999999997,129.99999999999997,0.0,-3152507.0368123525,optimal,-3152265.4772166787,False,False,8000,8000,0.007699485266940087,0.011158942383855397,2.842170943040401e-14,0,0,,59.24080627823817,60.861573248056025,65.66914222531285,1.3629227439716847e-05,1.5076414058007539e-05,2.4431749600808675e-05,59.240806278238146,60.861573248056,65.66914222531283,1.362922743971684e-05,1.5076414058007507e-05,2.443174960080858e-05,1.0010013058592766,0.9999004361304307,a80b91b71a888a9b,98d76ebb64481322,False,False
nominal_heatup,48,130.0,130.0,130.0,130.0,0.0,-3092540.0715405596,optimal,-3092295.7738139913,False,False,8000,8000,0.0077581757215909875,0.011244003057282903,0.0,0,0,,60.44563150282925,62.04607084493373,66.79037712551897,1.4657239205824328e-05,1.6530593465596096e-05,2.8836727925755534e-05,60.44563150282923,62.0460708449337,66.79037712551894,1.4657239205824321e-05,1.6530593465596062e-05,2.8836727925755432e-05,1.0013157471013459,0.9999007477361714,f458595b6e0e2094,765dc5bb02dab7fc,False,False
nominal_heatup,49,130.0,130.0,130.00000000000003,130.0,0.0,-3033549.039859713,optimal,-3033303.968133181,False,False,8000,8000,0.00614826094926002,0.00891876508496825,2.842170943040401e-14,0,0,8.083184842014296e-05,61.63535669095369,63.214625663276244,67.89365282436219,1.5986343757010025e-05,1.8418955140258733e-05,3.468179049773321e-05,61.635356690953664,63.214625663276216,67.89365282436216,1.5986343757010012e-05,1.8418955140258686e-05,3.46817904977331e-05,1.0017384914685026,0.9999012963029393,813ab20b2ed52411,3e9c4186d9351778,False,False
nominal_heatup,50,130.0,130.0,130.0,130.0,0.0,-2975496.6937473565,optimal,-2975252.698437598,False,False,8000,8000,0.006192851485835149,0.008983448861815013,0.0,0,0,8.210695489401246e-05,62.809358627771545,64.3668063085973,68.97903535661558,1.771004879334599e-05,2.088118832276349e-05,4.248012413352589e-05,62.809358627771516,64.36680630859728,68.97903535661555,1.7710048793345962e-05,2.0881188322763388e-05,4.248012413352571e-05,1.00231055276414,0.9999022739641754,e8d31d8f3323ca2f,60f74433359076f7,False,False
nominal_heatup,51,130.0,130.0,130.0,130.0,0.0,-2918335.360449077,optimal,-2918094.170734893,False,False,8000,8000,0.008232075928759741,0.009991565385473855,2.842170943040401e-14,0,0,8.290082273258063e-05,63.967157802997406,65.50229669912932,70.04663175947266,1.9954127492003092e-05,2.4106900556497154e-05,5.2939230035971814e-05,63.96715780299738,65.50229669912929,70.04663175947263,1.9954127492003065e-05,2.4106900556497043e-05,5.293923003597161e-05,1.0030891393708201,0.9999040368563414,1c73594134e60f85,52169203f3eee38d,False,False
nominal_heatup,52,130.0,130.0,130.0,130.0,0.0,-2862001.953966233,optimal,-2861766.070880733,False,False,8000,8000,0.008278420049933288,0.01004782695720241,2.842170943040401e-14,0,0,,65.10839773149327,66.62087966539488,71.09658492755247,2.288892387473418e-05,2.835488283289929e-05,6.703486721298836e-05,65.10839773149324,66.62087966539485,71.09658492755244,2.288892387473413e-05,2.8354882832899107e-05,6.703486721298803e-05,1.0041538720862666,0.9999072494797795,eed460bd5363cee2,fa93da2f77d01f8c,False,False
nominal_heatup,53,130.0,130.0,129.99999999999997,129.99999999999997,-2.842170943040401e-14,-2806410.037221197,optimal,-2806182.6379615096,False,False,8000,8000,0.008324229414512274,0.010103439371943246,0.0,0,0,,66.23282762269277,67.72242340235866,72.12906995180523,2.6746518406205812e-05,3.397988237098351e-05,8.611184642383666e-05,66.23282762269274,67.72242340235863,72.1290699518052,2.6746518406205758e-05,3.397988237098323e-05,8.611184642383603e-05,1.0056152093333455,0.9999131572052078,7d353479f5c311a2,c9838459453bb2e6,False,False
nominal_heatup,54,130.0,130.0,130.0,130.0,0.0,-2751436.796862879,optimal,-2751223.765603296,False,False,8000,8000,0.0046428099604014506,0.006745677780311432,2.842170943040401e-14,0,0,8.148985988478328e-05,67.34028809419581,68.80687054634416,73.14429192629689,3.1844611049781495e-05,4.146967191003758e-05,0.00011202061419671508,67.34028809419578,68.80687054634413,73.14429192629686,3.1844611049781434e-05,4.146967191003722e-05,0.00011202061419671416,1.0076257803464352,0.9999240989587874,3747185d7dd4a0ac,7d68e915c24d091a,False,False
nominal_heatup,55,130.0,130.0,130.0,130.0,0.0,-2696900.8343173997,optimal,-2696714.1631807154,False,False,8000,8000,0.004654098874439683,0.006762080405802173,0.0,0,0,7.98210768937397e-05,68.43069970476235,69.87422973194207,74.1424852831402,3.8619637364567744e-05,5.1496155359949457e-05,0.00014730119077533538,68.43069970476232,69.87422973194204,74.14248528314018,3.8619637364567676e-05,5.149615535994904e-05,0.0001473011907753343,1.0103955169547845,0.9999444653498709,95d27f9b5ab57aae,63b9f5ab1bfae1ad,False,False
nominal_heatup,56,130.0,130.0,130.0,130.0,0.0,-2642522.566591518,optimal,-2642392.012203641,False,False,8000,8000,0.004665413630149828,0.0067785208129640395,0.0,0,0,7.747033905665478e-05,69.50405417141482,70.92456957340303,75.12391479571389,4.767250118687801e-05,6.498548706359971e-05,0.00019542929915612135,69.5040541714148,70.924569573403,75.12391479571386,4.7672501186877936e-05,6.498548706359914e-05,0.00019542929915611975,1.0142117107504625,0.9999824686862298,6ecfb77d92c1ff12,e25f0020ee03e46c,False,False
nominal_heatup,57,130.0,130.0,130.0,130.0,0.0,-2587849.9786919514,optimal,-2587852.278709716,False,False,8000,8000,0.004676871449419195,0.00679516940532654,2.842170943040401e-14,0,0,7.435225659793169e-05,70.56040823389368,71.95801511327059,76.08887847756213,5.983144181865133e-05,8.321377814267008e-05,0.0002611435762269551,70.56040823389365,71.95801511327056,76.0888784775621,5.983144181865115e-05,8.321377814266942e-05,0.00026114357622695323,1.0194654224269861,1.0000533494003485,979fe7f91d6fc742,fce5eef8c2a0cb28,False,False
nominal_heatup,58,130.0,130.0,130.0,130.0,0.0,-2532111.3979361337,optimal,-2532450.4965723576,False,False,8000,8000,0.004688659950730312,0.0068122989000602985,2.842170943040401e-14,0,0,7.031708711162001e-05,71.59988023965897,72.97474689074431,77.03771270348128,7.623802393224716e-05,0.00010793700677174491,0.0003508777483324832,71.59988023965894,72.97474689074429,77.03771270348125,7.623802393224696e-05,0.00010793700677174414,0.0003508777483324804,1.026686052093552,1.0001849912011342,0ecbd319d60dc190,a4e260fa49b903d4,False,False
nominal_heatup,59,130.0,130.0,130.0,130.0,0.0,-2473904.648564989,optimal,-2475842.0990077546,False,False,8000,8000,0.00738348115901033,0.01072769137207974,2.842170943040401e-14,0,0,,72.62264964699989,73.97500290738093,77.97079999456433,9.846413029699087e-05,0.00014156634928201114,0.00047332777320754406,72.62264964699986,73.9750029073809,77.9707999945643,9.84641302969905e-05,0.00014156634928201025,0.00047332777320754075,1.036586351208483,1.0003684865025209,dc137939ce547513,d36fe2365a97ecb0,False,False
nominal_heatup,60,130.0,130.0,130.0,130.0,0.0,-2410492.0331998337,optimal,-2418311.796262272,False,False,8000,8000,0.005876669679793167,0.008538401460467249,0.0,0,0,4.7141246195433446e-05,73.62895978704019,74.95908391297364,78.88858004554174,0.00012867025852995748,0.00018740344468097845,0.0006401914369111172,73.62895978704016,74.95908391297361,78.88858004554173,0.00012867025852995704,0.0001874034446809771,0.0006401914369111121,1.0501207185103965,1.0005355286137465,8b9d53c2ffbd7219,2712bed07bd1cd32,False,False
nominal_heatup,61,130.0,130.0,130.0,130.0,0.0,-2336062.706157227,optimal,-2358158.993079922,False,False,8000,8000,0.004248130933390826,0.0061722490677063035,2.842170943040401e-14,0,0,3.895716982792808e-05,74.6191243932407,75.92736260605591,79.79156473703163,0.00016981851204121614,0.00024995427820754916,0.0008671270578939291,74.61912439324067,75.9273626060559,79.7915647370316,0.00016981851204121565,0.00024995427820754667,0.0008671270578939231,1.0685602951995172,1.0007599725453609,530a4849b6501fc4,d4f1ed27a2c6f734,False,False
nominal_heatup,62,129.99999999999997,129.99999999999997,130.0,130.0,2.842170943040401e-14,-2237009.9558919696,optimal,-2294146.1986085637,False,False,8000,8000,0.00542910256628204,0.007888127909305709,0.0,0,0,2.6845232380928324e-05,75.59353860711927,76.88029754981154,80.6803580759811,0.0002259576169972283,0.00033534566642785715,0.0011749892088737384,75.59353860711926,76.88029754981152,80.68035807598109,0.00022595761699722777,0.00033534566642785417,0.001174989208873729,1.093589235840848,1.0010597367428875,353504f07d72523c,43e433635fe38278,False,False
nominal_heatup,63,130.00000000000003,130.00000000000003,130.0,130.0,-2.842170943040401e-14,-2077567.3273492514,optimal,-2224547.2678220547,False,False,8000,8000,0.0051705937489714415,0.0075125397688928786,0.0,0,0,1.4928971930717545e-05,76.55269541198888,77.81845285698668,81.55568225699332,0.00030260234746778145,0.00045187509501607115,0.0015914133079866655,76.55269541198885,77.81845285698665,81.55568225699331,0.0003026023474677808,0.0004518750950160676,0.0015914133079866545,1.1274277236504195,1.0014574206443432,1692816e2067a40d,4ba2985b412652be,False,False
nominal_heatup,64,130.0,130.0,129.99999999999997,129.99999999999997,-2.842170943040401e-14,-1797774.2490590166,optimal,-2147042.189867418,False,False,8000,8000,0.005944779112965648,0.008637393758356815,2.842170943040401e-14,0,0,2.5666019094016314e-06,77.49720874793377,78.74252501387187,82.4184113536539,0.00040723626907685016,0.0006107334110202738,0.0021528384063738693,77.49720874793374,78.74252501387184,82.41841135365387,0.00040723626907684864,0.0006107334110202674,0.002152838406373852,1.1637021882955465,1.0019811895741428,39ac2b0eff004d9c,6dba0dc8a3c771aa,False,False
nominal_heatup,65,130.0,130.0,130.0,130.0,0.0,-1578769.4976307785,optimal,-2058471.411433095,False,False,8000,8000,0.0144116179264131,0.020905753283666506,0.0,0,0,,78.42784494406877,79.65337861958594,83.26961456008874,0.000549975270075777,0.0008269513780813502,0.002907079780448611,78.42784494406874,79.65337861958591,83.26961456008871,0.0005499752700757752,0.0008269513780813426,0.00290707978044859,1.1641786564642533,1.0026657887567325,942832efd27fefb5,19232acaa3e1baee,False,False
nominal_heatup,66,130.00000000000003,130.00000000000003,130.0,130.0,-2.842170943040401e-14,-1300162.171021104,optimal,-1954432.5013598967,False,False,8000,8000,0.022996859619539123,0.03335967710347276,2.842170943040401e-14,0,0,,79.34556460405537,80.55209335323582,84.11061145147471,0.0007444407920444479,0.0011206365717723007,0.003916591951351905,79.34556460405534,80.55209335323579,84.11061145147468,0.0007444407920444457,0.0011206365717722896,0.00391659195135188,1.1643772541985693,1.0035537941752073,f581092126f84709,ea1ef498dc84c00d,False,False
nominal_heatup,67,130.0,130.0,130.0,130.0,0.0,-943057.0581463089,optimal,-1829023.057501446,False,False,8000,8000,0.029875223013206664,0.04329846486497235,0.0,0,0,,80.25157775443299,81.44002521218516,84.94304248452003,0.0010089073546693866,0.0015185884408711794,0.005262601461617021,80.25157775443296,81.44002521218513,84.94304248452,0.0010089073546693803,0.0015185884408711661,0.005262601461616992,1.1644013940425086,1.004697315045323,b5ffc768bc9cdd70,7d4a933c8c10ff1a,False,False
nominal_heatup,68,130.0,130.0,130.0,130.0,0.0,-497867.85284418263,optimal,-1673822.477009637,False,False,8000,8000,0.03816163790753535,0.05544717076765959,2.842170943040401e-14,0,0,,81.14741600362292,82.3188860926227,85.76895901918328,0.001367811079314047,0.0020564096870771863,0.007050341719914163,81.1474160036229,82.31888609262268,85.76895901918326,0.0013678110793140345,0.0020564096870771672,0.007050341719914115,1.164359655468941,1.0061605044155577,5e3a2089834221e8,42075edf11724cd5,False,False
nominal_heatup,69,130.0,130.0,130.0,130.0,0.0,,infeasible,-1476743.926134584,False,False,8000,8000,0.033155300646242836,0.04809583547389984,0.0,0,0,,82.0350268109892,83.19084727609177,86.59093867531232,0.0018537380486049937,0.002781276491450212,0.00941569660395888,82.03502681098917,83.19084727609174,86.59093867531229,0.0018537380486049755,0.002781276491450174,0.009415696603958825,1.1643695061459745,1.008023403825705,019f38016b977a02,1e6007d774665f6b,False,False
nominal_heatup,70,130.0,130.0,130.0,130.0,0.0,,infeasible,-1219848.5580049208,False,False,8000,8000,0.053640173797504076,0.07814952600361913,0.0,0,0,,82.91689697522982,84.05867461721587,87.41223410291703,0.002510059480288654,0.0037555969502026144,0.012533666425099226,82.91689697522979,84.05867461721584,87.412234102917,0.0025100594802886325,0.0037555969502025693,0.012533666425099116,1.1645625162363435,1.010387856581238,a5e05ad14b0a927d,db3f8f603e56d2ae,False,False
nominal_heatup,71,130.0,130.0,129.99999999999997,129.99999999999997,-2.842170943040401e-14,,infeasible,-877260.2875040409,False,False,8000,8000,0.16744150272020875,0.24329092032261812,2.842170943040401e-14,0,0,,83.7962155297241,84.92590665561906,88.23696665853339,0.0033944549666518613,0.0050618905306662266,0.01662922679636189,83.79621552972407,84.92590665561903,88.23696665853336,0.0033944549666518357,0.005061890530666174,0.016629226796361765,1.165091583715119,1.0133865283118015,0276ecb35b20fcb9,b49d9119bcac0521,False,False
nominal_heatup,72,130.0,130.0,128.30433230666856,128.30433230666856,-1.695667693331444,,infeasible,-429684.85639109387,False,False,8000,8000,1.2170478411380543,1.7759024569387716,0.0,0,0,,84.6770910770563,85.79709227301235,89.07038171308204,0.004583682868340464,0.006809385686102616,0.021991385533526652,84.67709107705628,85.79709227301232,89.070381713082,0.004583682868340426,0.006809385686102541,0.021991385533526468,1.1661410862828383,1.0171965931441678,b4649a78d84d4392,b68b24f7908c1215,False,False
nominal_heatup,73,130.0,130.0,124.30433230666856,124.30433230666856,-5.695667693331444,,infeasible,142995.23237442662,False,False,8000,8000,2.0894966785256344,3.0283288088120743,0.0,0,0,,85.56484641891113,86.67811322409727,89.9191904596178,0.006180149049943068,0.009143100525628278,0.028991598833990027,85.5648464189111,86.67811322409723,89.91919045961777,0.006180149049943023,0.009143100525628174,0.028991598833989714,1.167941507712735,1.022060579561978,304ec06427d99765,ce9966c38e1a2a87,False,True
nominal_heatup,74,130.0,130.0,136.61193414114854,128.30433230666856,-1.695667693331444,,infeasible,1643265.0170961,False,False,8000,8000,76.1972941568363,158.06257554605298,76.1972941568363,1,0,,86.46642630771656,87.57663126830747,90.79203593339747,0.008321147062830138,0.012256619320811159,0.03810825559328094,86.46642630771652,87.57663126830742,90.79203593339743,0.008321147062830055,0.012256619320811016,0.03810825559328058,1.1707911326094786,1.0283185487194624,258c9c2cf9294a5f,61fedc6c1bea5755,False,True
nominal_heatup,75,130.0,130.0,31.356676443512924,124.30433230666856,-5.695667693331444,,infeasible,5198534.416701132,False,False,8000,8000,217.95131585694457,448.400129281616,217.95131585694457,1,0,,87.39097626199029,88.50272408829731,91.70014145855632,0.01119219856107451,0.016410548496615482,0.04995978923821838,87.39097626199025,88.50272408829727,91.70014145855629,0.011192198561074392,0.016410548496615315,0.04995978923821788,1.1750891879995875,1.0364587783221115,2845a24d96f6b3cd,5da6b6161a422a2c,False,True
nominal_heatup,76,130.0,130.0,-115.38725710218093,120.30433230666856,-9.695667693331444,,infeasible,11405113.174630746,False,False,8000,8000,630.3037792999597,1301.5939213495149,630.3037792999597,1,0,,88.35068932083905,89.46981702470539,92.65823275589247,0.015046914377713098,0.021960005976080575,0.06535030444463605,88.35068932083901,89.46981702470535,92.65823275589243,0.015046914377712904,0.021960005976080343,0.06535030444463538,1.1813879290299873,1.0471995626406108,1bb5c4a313fec299,8207b5b71877b597,False,True
nominal_heatup,77,130.0,130.0,-395.7714917930914,116.30433230666856,-13.695667693331444,,infeasible,30181429.122759525,False,False,8000,8000,805.3853789331084,1860.8710393058318,805.3853789331084,1,0,,89.3620887604584,90.49609543290775,93.68587825189826,0.02023763582494402,0.029397025738530307,0.08533367124196665,89.36208876045836,90.49609543290771,93.67929305531548,0.020237635824943794,0.02939702573852998,0.08533367124196575,1.190476719727846,1.0616057281205098,cc8b6397c44ec2c5,570f631a655ec5db,False,True
nominal_heatup,78,130.0,130.0,-842.4251453147265,112.30433230666856,-17.695667693331444,,infeasible,126326287.11188203,False,False,8000,8000,1812.3039608351155,3840.3961524080196,1812.3039608351155,1,0,,90.44805069111254,91.60672970793601,94.80947702826941,0.027264684785215862,0.03941863042598115,0.11130516953259109,90.4480506911125,91.60428217013533,94.77528548825462,0.027264684785215595,0.03941863042598077,0.11127959183631828,1.2035211378350563,1.0812684977817926,0fe95cf3e1154753,519dfbd85da65679,False,True
nominal_heatup,79,130.0,130.0,-2563.0750754780693,108.30433230666856,-21.695667693331444,,infeasible,-356007227.18706,False,False,8000,8000,3678.36363452287,18730369101.499634,3678.36363452287,1,0,,91.6411440825098,92.83753789381889,96.06525190296503,0.0368593592166733,0.0530411990208073,0.1451341334958264,91.63932471653933,92.82402720277126,95.99969220517167,0.03685935921667291,0.05303615415401293,0.1449343434082191,1.2222978094400265,1.108798380359076,337d5c5b588bfb2c,1b031be4b2af49c7,False,True
nominal_heatup,80,130.0,130.0,-4807.534364915432,104.30433230666856,-25.695667693331444,,infeasible,-1619252319.3706608,False,False,8000,8000,6554.974146470473,93576886317.77385,6554.974146470473,1,0,,92.98945270582381,94.24132834969811,97.50376487690549,0.05013176533163734,0.07180299815263494,0.18935552699620475,92.97881631663391,94.21147425698537,97.38456304258854,0.05012811216922734,0.07175910108057107,0.1887130154526179,1.249594500779338,1.148351056648139,ccd2cb3d6bbbee70,3c0d11b031e5cd59,False,True
nominal_heatup,81,130.0,130.0,-10004.592381636196,100.30433230666856,-29.695667693331444,,infeasible,-11142304128.03671,False,False,8000,8000,13013.127139225691,220202701423.26666,13013.127139225691,1,0,,94.56740261306116,95.899560464125,99.19651725492236,0.06885220410521001,0.0981457334347132,0.24743572060150673,94.54142642278444,95.83936548351613,98.98388234060413,0.06881806004867287,0.0979782005134215,0.24575214467078876,1.2898759326356828,1.2069327428441081,219d7b2ab75ba7ee,67c95438e3509fbe,False,True
nominal_heatup,82,130.0,130.0,-24740.126265059855,96.30433230666856,-33.695667693331444,,infeasible,-156784932846.6989,False,False,8000,8000,29848.90147646055,455304198154.24365,29848.90147646055,1,0,,96.49757570880556,97.9453853995447,101.24435608025374,0.09603233721268024,0.13618852886014518,0.3240846056850277,96.44234157968627,97.8287842775171,100.87183995714221,0.09588768321837171,0.13566049383282644,0.32004818123562967,1.3502398305524912,1.2968505822758327,27abbc5975f499cc,57576d6309a5b7da,False,True
nominal_heatup,83,130.0,130.0,-68755.00893353246,92.30433230666856,-37.695667693331444,,infeasible,-4948470584796.432,False,False,8000,8000,73289.7469277238,938650880495.2566,73289.7469277238,1,0,,98.99937588410154,100.61338418066556,103.7822326794387,0.13725648316409342,0.1934444036004107,0.425362268062216,98.88618455028451,100.38879031714158,103.14486433043831,0.13675497752469737,0.19188446015620833,0.41625726509578087,1.440704598907607,1.4224674738935539,d03a3c63d319587b,e570a44b55e390a9,False,True
nominal_heatup,84,130.0,130.0,-146878.15130720157,88.30433230666856,-41.695667693331444,,infeasible,-149422303417828.53,False,False,8000,8000,151817.34064212846,1767932404380.9595,151817.34064212846,1,0,,102.51323197548452,104.35913305761741,106.95147905621361,0.20417420763061336,0.28505093392653147,0.5573699439380232,102.2770372414481,103.91730222146815,105.89412277066009,0.2025104252396448,0.2804481388570685,0.5382848547787916,1.5650258249124196,1.55417847936779,b17d44cc3812895a,4758506f8564c498,False,True
nominal_heatup,85,130.0,130.0,-171801.79920249994,84.30433230666856,-45.695667693331444,,infeasible,-148427953239401.2,False,False,8000,8000,171886.1035348066,1877447316199.249,171811.79920249994,1,0,,108.08088051178426,110.1808347614059,110.72919926038543,0.3254977909318904,0.44537735201314044,0.7188909146044106,107.54782737445446,109.25567472902395,109.0981920325352,0.3196698948318041,0.4312033102148456,0.6838929463065699,1.623645571527352,1.5517791507084133,4830f5aa55029e0f,a339876811c43dd5,False,True
nominal_heatup,86,130.0,130.0,-185388.54987631054,80.30433230666856,-49.695667693331444,,infeasible,-173213150056371.53,False,False,8000,8000,185468.8542086172,2101967750860.7937,185398.54987631054,1,0,,118.82183615064409,120.42882368329714,114.44480516197929,0.5909594642587204,0.758399883878105,0.8779352899514692,117.37052686101106,118.29080242951855,112.40596934794014,0.5670065006013739,0.7125249532939619,0.8311856516665777,1.4171851472258403,1.5545363917635848,db06ff51d18e81b2,fd91b69bd2b886f3,False,True
nominal_heatup,87,130.0,130.0,-7232.34677179797,76.30433230666856,-53.695667693331444,,infeasible,-3817842742.247325,False,False,8000,8000,9579.660864809424,405223362256.78394,9579.660864809424,1,0,,145.51314898821158,134.08250041187122,117.45071428097924,1.0,1.0,0.9631738062791475,140.47490956171146,131.34694848716728,115.55551832890569,1.0,1.0,0.9327475456165523,2.4927724736462187,1.1458854011496096,759b0cd4b8cec5fc,65efa49a65efdfa9,False,True
nominal_heatup,88,130.0,130.0,-420.6151447338166,72.30433230666856,-57.695667693331444,,infeasible,-4494634.790825238,False,False,8000,8000,655.7804164645155,39501223306.46337,655.7804164645155,1,0,,137.01622892671426,132.1493795686082,121.98890272596904,1.0,1.0,0.9859342738506854,133.68968166699716,128.87031893467636,119.73955933635082,1.0,1.0,0.9750898464890714,0.9822384672647233,1.0078695287809034,b35bf1e1462d9901,c62e16694423aeed,False,True
nominal_heatup,89,130.0,130.0,88.1981380736832,76.30433230666856,-53.695667693331444,,infeasible,-290086.8122332606,False,False,8000,8000,11.89380576701464,4996856454.543206,0.0,1,0,,133.3984788339705,130.18188274325206,122.80642686179144,1.0,1.0,0.9959955329237946,130.107230539189,127.2678904163306,119.60754489373468,1.0,1.0,0.9924599711959367,0.9823432008015338,0.9856453738809423,5eec65e39b9d12a8,969c111dadbf0658,False,True
nominal_heatup,90,130.0,130.0,80.30433230666856,80.30433230666856,-49.695667693331444,-1365300.897886697,optimal,-534357.2650213196,False,False,8000,8000,2.1622077300345666,3.133709676016349,0.0,0,0,,131.0074369197321,128.63614809167441,122.99161453047057,1.0,1.0,0.9977547636636204,127.99662011404952,125.47605431779088,119.19105823459019,1.0,1.0,0.99541315993008,0.9823529121004092,0.983656646431054,473b5a393141ca0f,48b52812cb415fbf,False,True
nominal_heatup,91,129.99999999999997,129.99999999999997,85.89197101832796,84.30433230666856,-45.695667693331416,-1389778.9481056086,optimal,-664983.8348153855,False,False,8000,8000,3.066426034156251,4.735831244983616,0.0,1,0,,129.24475027249912,127.41957238061514,123.05315206401738,1.0,1.0,0.998522399248032,126.12296911887468,124.07691834525157,118.61340378554863,1.0,1.0,0.9967581670624158,0.9823509921673623,0.9830151330738551,599c94165c8a85e1,4e10f4794c6f320b,False,True
nominal_heatup,92,130.0,130.0,88.30433230666856,88.30433230666856,-41.695667693331444,-1263870.8460973278,optimal,-784357.6156228026,False,False,8000,8000,2.2565756124292875,3.5945067512971427,0.0,0,0,,127.88801267867174,126.47506194468187,123.04250251775667,1.0,1.0,0.9989398085038045,124.60204668397236,122.80674034925026,117.99135765635609,1.0,1.0,0.9975058225827688,0.9823477583432864,0.9827320711424348,139d063f40bded81,222382b1277b3f50,False,True
nominal_heatup,93,130.0,130.0,93.42691338900963,92.30433230666856,-37.695667693331444,-1056690.3068828615,optimal,-911209.6995743162,False,False,8000,8000,2.222506005790919,3.5028906236279225,0.0,1,0,,126.83770224725879,125.72442852678046,123.01249427898509,1.0,1.0,0.9991952343868575,123.26751397481289,121.68426041192977,117.29077503980436,1.0,1.0,0.9979738946374439,0.9823422125173796,0.9825830293601708,42d9ed7f8d7e53d4,5dd5096658b396aa,False,True
nominal_heatup,94,130.0,130.0,97.00704671781794,96.30433230666856,-33.695667693331444,-858692.6318174048,optimal,-1028287.0528753247,False,False,8000,8000,0.9303063353456906,1.5909068647885931,2.842170943040401e-14,1,0,,126.01015534593513,125.1302500505827,122.97961368058387,1.0,1.0,0.9993646494650382,122.09060971858864,120.63977396490378,116.57817137101807,1.0,1.0,0.9982879986439002,0.982331950554215,0.9824960666223718,8af607bd664150b9,36e05a6756144ea9,False,True
nominal_heatup,95,130.0,130.0,100.8037457400621,100.30433230666856,-29.695667693331444,-699386.4285657837,optimal,-1132071.4533847754,False,False,8000,8000,0.7318944826476326,1.130575263924186,0.0,1,0,,125.35608179040891,124.65795399980217,122.95584161253635,1.0,1.0,0.9994836744757074,121.01213763197943,119.66942320167978,115.87194640716736,1.0,1.0,0.9985109516565066,0.9823092098496302,0.982438952836621,3a581ad3d0f8a171,4f716edae518c721,False,True
nominal_heatup,96,130.0,130.0,104.30433230666856,104.30433230666856,-25.695667693331444,-578223.5725202563,optimal,-1220784.018202053,False,False,8000,8000,0.6732673809882499,0.9759483459393303,0.0,0,0,,124.83713170722874,124.28480033298206,122.94476823265958,1.0,1.0,0.9995710456122895,120.01403703397051,118.75705504341705,115.19808004825857,1.0,1.0,0.9986761833604103,0.9822251219903654,0.9823963673450813,8d6c58c3f74b6200,011f8a424552ee1c,False,True
nominal_heatup,97,130.0,130.0,108.30433230666857,108.30433230666856,-21.695667693331444,-487453.71735792083,optimal,-1296398.767359058,False,False,8000,8000,0.47265842180762263,0.7526136161530115,0.0,0,0,,124.42655871978295,123.99203347652814,122.94817265098278,1.0,1.0,0.9996374098781503,119.07966525085214,117.90146708567244,114.56848453355794,1.0,1.0,0.9988031622766663,0.9831759612792248,0.9823590055499724,1654b784d5735839,d508ebd1d627f335,False,True
nominal_heatup,98,130.0,130.0,112.30433230666856,112.30433230666856,-17.695667693331444,-419689.8785313318,optimal,-1358120.6962766438,False,False,8000,8000,0.24056165675136754,0.2891045543111854,0.0,0,0,,124.10355637814146,123.76556007483222,122.96571474264164,1.0,1.0,0.9996892180553326,118.20385706208006,117.10059255247035,113.99323265298176,1.0,1.0,0.9989037531830274,0.986900571330522,0.9823183809495286,a4d48fe6fa9d38d6,c0acfa87061d8729,False,True
nominal_heatup,99,126.54829388243978,126.54829388243978,116.30433230666854,116.30433230666854,-10.243961575771237,-369213.16858745064,optimal,-1313288.000960696,False,False,8000,8000,0.11900990188324556,0.17248226240839148,0.0,0,0,,123.8523083801718,123.59390339880565,122.99644877174529,1.0,1.0,0.9997305755787697,117.3837504616336,116.35572500581763,113.47784753604105,1.0,1.0,0.9989855609156536,0.9895660382809588,0.982289497358968,052df5e7e7e9a6e8,43d196908c5fa625,False,True
nominal_heatup,100,122.5482938824398,122.5482938824398,120.30433230666853,120.30433230666853,-2.243961575771266,-332989.16744719644,optimal,-1260996.9193575275,False,False,8000,8000,0.06236242497534761,0.09929594278273512,0.0,0,0,,123.6602242254104,123.46788790121151,123.03896112240932,1.0,1.0,0.999764206349455,116.61957246587815,115.66818551130649,113.02623926324104,1.0,1.0,0.9990536360924855,0.9915301647636134,0.9822244218662022,18e58e3af9fcf479,5ceb35a6db5b84c9,True,True
nominal_heatup,101,118.54829388243981,118.54829388243981,124.30433230666853,124.30433230666853,5.75603842422872,-308007.0212099451,optimal,-1212343.9247212356,False,False,8000,8000,0.04788550866437902,0.06940095521725897,2.842170943040401e-14,0,0,,123.51725190317289,123.37995368791418,123.09175926155947,1.0,1.0,0.9997919808006104,115.91236334764149,115.03985077246365,112.64064660042075,1.0,1.0,0.999111449342005,0.9930138675910272,0.9817550870676833,ba75bdbc4dab3ab5,55882b4f77ea36a1,True,True
nominal_heatup,102,114.54829388243981,114.54829388243981,128.3043323066685,128.3043323066685,13.756038424228691,-291655.9474707381,optimal,-1165540.0653039997,False,False,8000,8000,0.060714057047078995,0.0729655367362394,2.842170943040401e-14,0,0,,123.41519190615276,123.32386968556284,123.15335635019754,1.0,1.0,0.9998152218645168,115.26378513666558,114.4724211830363,112.32244636730003,1.0,1.0,0.9991614529907469,0.9941587915069503,0.9837766592111972,a47032257d33dda4,5855ec8abbbb4070,True,True
nominal_heatup,103,110.54829388243982,110.54829388243982,130.0,130.0,19.451706117560178,-282143.04849985853,optimal,-1119136.645111579,False,False,8000,8000,0.04417906549269901,0.059288580295729254,2.842170943040401e-14,0,0,,123.34730795337364,123.2944365100377,123.2223691308027,1.0,1.0,0.9998348892651541,114.67552838039924,113.96746261428547,112.07231918981813,1.0,1.0,0.9992054247802237,0.9950587310186977,0.9858790444722886,30731d971cedacae,b7ffc0c654194ecf,True,False
nominal_heatup,104,106.54829388243984,106.54829388243984,130.0,130.0,23.451706117560164,-278237.38529428834,optimal,-1075308.8268913357,False,False,8000,8000,0.07456509554349111,0.1086254579164061,2.842170943040401e-14,0,0,,123.30800620907092,123.28730190469355,123.28413636081436,1.0,1.0,0.9998516948365773,114.14919094882038,113.52625825468783,111.89051285262272,1.0,1.0,0.9992446827240452,0.9957799879042135,0.9875440641048124,44c244677b721bf2,c98998f7c01979f0,True,False
nominal_heatup,105,102.54829388243985,102.54829388243985,130.0,130.0,27.45170611756015,-279143.6454049674,optimal,-1035971.9917353212,False,False,8000,8000,0.06906845213765678,0.1001016108511239,0.0,0,0,,123.29261575960967,123.2938205831804,123.32604455483157,1.0,1.0,0.9998661520528074,113.68613679485985,113.14982341990583,111.77695002050729,1.0,1.0,0.9992802244120712,0.9963677216124314,0.988875630303524,d16c09f9ce39ad0c,ae4d45d9bc035f0a,True,False
nominal_heatup,106,98.54829388243985,98.54829388243985,130.0,130.0,31.45170611756015,-284393.97970831656,optimal,-1000650.8093324121,False,False,8000,8000,0.07393115435975517,0.0988116769513967,0.0,0,0,,123.29351135967124,123.30534955373072,123.33757455483034,1.0,1.0,0.9998786451963356,113.28747071353806,112.83889689605738,111.73132924730788,1.0,1.0,0.9993128193353538,0.9968536065725496,0.9899490011118106,fe21ceecab06e663,60b5740b05b332d0,True,False
nominal_heatup,107,98.65637614576856,98.65637614576856,130.0,130.0,31.34362385423144,-293741.0407883453,optimal,-968635.4193482283,False,False,8000,8000,0.07157766156417722,0.09567832608861426,0.0,0,0,,123.30231122679375,123.31292677336845,123.31115331792007,1.0,1.0,0.999889472121827,112.95402542884064,112.59396687883591,111.75318167456209,1.0,1.0,0.9993430716386905,0.9972601705665352,0.990819652269673,5d0e83a8b6a7aa6b,7518c4e994186ccd,False,False
nominal_heatup,108,101.66620064819533,101.66620064819533,130.00000000000003,130.0,28.33379935180467,-305178.6883644949,optimal,-939284.7885971437,False,False,8000,8000,0.07559436441277967,0.10104871376939872,2.842170943040401e-14,0,0,,123.31020224453013,123.30832211952362,123.2411688791124,1.0,1.0,0.9998988722584509,112.68637756123134,112.41529390479268,111.83296702249575,1.0,1.0,0.9993714635815288,0.9976038659372066,0.9915325181605409,f303156311946e91,b540d7e73263991e,False,False
nominal_heatup,109,105.32961251491359,105.32961251491359,130.0,130.0,24.670387485086408,-316306.9104729287,optimal,-912054.8386280902,False,False,8000,8000,0.06097889527829636,0.0896112920380272,2.842170943040401e-14,0,0,,123.30880466225129,123.28406188441733,123.12359525288059,1.0,1.0,0.9999070430919246,112.4848687716509,112.29961329436458,111.95716047798604,1.0,1.0,0.9993983534689913,0.9978969487211103,0.9921235452659215,ca309597d68af99b,97cfb0ec59479c2c,False,False
nominal_heatup,110,108.92061546159749,108.92061546159749,130.0,130.0,21.079384538402508,-325919.512899873,optimal,-886522.2347038243,False,False,8000,8000,0.13046353773449937,0.18911605916578456,2.842170943040401e-14,0,0,,123.29041223211485,123.23361703311913,122.95550293870053,1.0,1.0,0.9999141506141138,112.34715996440836,112.24118733475143,112.11502751268326,1.0,1.0,0.9994239919482586,0.9981487444656595,0.992620246105393,9479341143f2de54,74a334a3013d7476,False,False
nominal_heatup,111,112.18454819009598,112.18454819009598,130.0,130.0,17.81545180990402,-333612.9580737253,optimal,-862385.7809196847,False,False,8000,8000,0.13122839722551305,0.1901906521012906,0.0,0,0,,123.24819378208373,123.15135884147114,122.73479374882695,1.0,1.0,0.9999203360167367,112.26838569741135,112.23368430642199,112.29816723867175,1.0,1.0,0.9994485552608591,0.9983664766779133,0.9930438022319633,46df06ae10679896,6607b6dcb3862fd0,False,False
nominal_heatup,112,115.2283862311926,115.2283862311926,130.0,130.0,14.771613768807399,-339337.74203126994,optimal,-839393.8359194547,False,False,8000,8000,0.1358368872093223,0.1949997527760674,0.0,0,0,,123.17621197422305,123.03252387226887,122.47593318933052,1.0,1.0,0.9999257203075138,112.24259057797521,112.27054841173886,112.50037377781229,1.0,1.0,0.9994721677135706,0.9985548470115982,0.9934104290913698,bc0b659077619a45,e2e8dd8dff4d7a64,False,False
nominal_heatup,113,117.90064850746434,117.90064850746434,130.0,130.0,12.09935149253566,-343111.45478772407,optimal,-817342.4673206622,False,False,8000,8000,0.08223800946565518,0.12085251537218067,2.842170943040401e-14,0,0,,123.06940208430831,122.87905925473744,122.20032123660195,1.0,1.0,0.999930417288337,112.26337290515427,112.34557706272014,112.71695073952279,1.0,1.0,0.9994949180893199,0.9987174367439006,0.993732612954042,de507a857a663a82,51df5b8fbe77341a,False,False
nominal_heatup,114,119.98278962763331,119.98278962763331,130.0,130.0,10.01721037236669,-345044.7652900741,optimal,-796080.9666775381,False,False,8000,8000,0.11299106243671986,0.16460387603280857,0.0,0,0,,122.92791161713653,122.69753609583975,121.92729901705067,1.0,1.0,0.9999345338920711,112.324478987709,112.45305347898676,112.9443334929869,1.0,1.0,0.9995168703027805,0.998857396448957,0.9940199829071823,956935cfe9074fd4,ed281d7e9791bddc,False,False
nominal_heatup,115,121.36709204749795,121.36709204749795,130.0,130.0,8.632907952502052,-345427.28304206574,optimal,-775490.707918837,False,False,8000,8000,0.14479263647329788,0.2100385002223435,0.0,0,0,,122.75666303263922,122.49688429259115,121.67123838099735,1.0,1.0,0.9999381660394451,112.42005424461928,112.5878612202909,113.17975356672812,1.0,1.0,0.9995380707735815,0.9989776289766259,0.9942799904607713,f51a86cff89b10cf,b6b4c3305965a1f5,False,False
nominal_heatup,116,122.18069015105029,122.18069015105029,130.00000000000003,130.0,7.819309848949715,-344687.27191691473,optimal,-755471.7323564088,False,False,8000,8000,0.14911041192723928,0.21722206066271443,2.842170943040401e-14,0,0,,122.56355770067812,122.2865669125257,121.44141030044416,1.0,1.0,0.9999413961730476,112.54479278841413,112.7454821755053,113.42103307446746,1.0,1.0,0.999558553462303,0.9990808059018762,0.9945184076787726,f44d67968ce9b657,02290b9f80aff123,False,False
nominal_heatup,117,122.55690583461393,122.55690583461393,130.0,130.0,7.443094165386071,-343244.1819515595,optimal,-735942.9921936886,False,False,8000,8000,0.19403024224185117,0.28373132259270495,2.842170943040401e-14,0,0,,122.35765787189905,122.0753951861202,121.24363569911584,1.0,1.0,0.9999442930427708,112.69397432154551,112.92197523623157,113.66643112171728,1.0,1.0,0.9995783434621348,0.999169321359733,0.994739705956449,2bdcf9e5971f71ba,4442e2b33803483f,False,False
nominal_heatup,118,122.62025567939574,122.62025567939574,130.0,130.0,7.37974432060426,-341437.3986798692,optimal,-716853.2636712051,False,False,8000,8000,0.21689326105921225,0.3143456113872789,0.0,0,0,,122.14783920225938,121.87116222580832,121.08059369903154,1.0,1.0,0.9999469131582372,112.86345775313711,113.11392745018252,113.91454146826777,1.0,1.0,0.9995974595901679,0.9992453118984358,0.994947341206246,f11054e184ec056c,90ab3d753661ff7f,False,False
nominal_heatup,119,122.47804069145526,122.47804069145526,130.0,130.0,7.521959308544737,-339521.3913234433,optimal,-698187.2970200512,False,False,8000,8000,0.20467821738282055,0.29817249378657174,0.0,0,0,,121.94217264396562,121.68016276526876,120.95193126348333,1.0,1.0,0.9999493024532393,113.04964325078484,113.31840107593275,114.1642175894311,1.0,1.0,0.9996159163063679,0.9993106783810056,0.99514397270841,0483a1fa3b5ce0fe,de723aeb2a5998e9,False,False
nominal_heatup,120,122.21676411466491,122.21676411466491,130.0,130.0,7.783235885335088,-337671.86222050554,optimal,-679902.4006577688,False,False,8000,8000,0.2237421361566163,0.32508158691489797,0.0,0,0,,121.74740880534864,121.50688091534273,120.85464123897137,1.0,1.0,0.9999514978296765,113.24942314436939,113.5328780372775,114.41451909703294,1.0,1.0,0.9996337251501733,0.9993671018965751,0.995331631996342,599919a9aa0a5475,326dc90a9bdca87b,False,False
nominal_heatup,121,121.90191752006363,121.90191752006363,130.0,130.0,8.098082479936366,-335998.053547778,optimal,-661979.4798470775,False,False,8000,8000,0.18830721298009223,0.2729645282482105,2.842170943040401e-14,0,0,,121.56861350425164,121.3538588836636,120.78423622209368,1.0,1.0,0.9999535285654737,113.46012803569688,113.75520750562086,114.66467143999456,1.0,1.0,0.999650895827297,0.9994160414358901,0.9955118549626784,c28e5b2a47d326e4,c774367ffa696f4f,False,False
nominal_heatup,122,121.57981645029999,121.57981645029999,130.0,130.0,8.420183549700013,-334556.94753281743,optimal,-644391.7702139027,False,False,8000,8000,0.20386685906923674,0.3017232994590291,2.842170943040401e-14,0,0,,121.40897664447182,121.22196412036713,120.73562469890312,1.0,1.0,0.9999554177333021,113.67947400289971,113.983557438986,114.91403536555578,1.0,1.0,0.9996674370323465,0.9994587439814038,0.9956857861299877,b8a7c254dead7579,75c0b2d7bc94acf0,False,False
nominal_heatup,123,121.28052326329524,121.28052326329524,130.0,130.0,8.719476736704763,-333367.1456787204,optimal,-627122.3326566056,False,False,8000,8000,0.2459983437096298,0.35652790398384315,0.0,0,0,,121.2699617445557,121.11071248393844,120.70379035574207,1.0,1.0,0.999957183478856,113.90551302694936,114.21637117116639,115.16208306582145,1.0,1.0,0.999683357068153,0.9994962592693339,0.9958542617845579,43c7cf91339eb89e,4af4520db46b34af,False,False
nominal_heatup,124,121.02116054639541,121.02116054639541,130.0,130.0,8.978839453604593,-332421.0899138275,optimal,-610169.1661719689,False,False,8000,8000,0.2994330381252439,0.4378622844067843,0.0,0,0,,121.15158453889843,121.0186592402766,120.68419927760429,1.0,1.0,0.9999588401228298,114.13658799913813,114.4523289793427,115.40837928327498,1.0,1.0,0.9996986643049619,0.9995294600029565,0.9960178767495802,57ff9300112dc8f1,953c2a65ee46c178,False,False
nominal_heatup,125,120.8091604479266,120.8091604479266,130.0,130.0,9.190839552073399,-331695.098349578,optimal,-593547.5532584134,False,False,8000,8000,0.2829365166132334,0.3645421416770036,0.0,0,0,,121.0527751293538,120.94375430734034,120.67301949476492,1.0,1.0,0.9999603990666406,114.37129260500713,114.69031447517918,115.65256606295148,1.0,1.0,0.9997133675119265,0.9995590638766827,0.9961770383403536,2c87d780577e6810,e65e241815be50dd,False,False
nominal_heatup,126,120.64517586565407,120.64517586565407,130.0,130.0,9.354824134345932,-331157.11255303945,optimal,-577237.2523850345,False,False,8000,8000,0.24754003530173918,0.3587622933038519,0.0,0,0,,120.97173500258405,120.88364963167588,120.66719148096497,1.0,1.0,0.9999618695157224,114.60843604534804,114.92938540169429,115.89435030305215,1.0,1.0,0.9997274760858527,0.9995856559762201,0.9963320101137527,252f212c3e478d57,285dd078acee9a06,False,False
nominal_heatup,127,120.5255165569859,120.5255165569859,130.0,130.0,9.474483443014094,-330772.32693151553,optimal,-561239.4802253754,False,False,8000,8000,0.3547508492214462,0.5142362667415208,0.0,0,0,,120.90625714713293,120.8359369738695,120.66440411353952,1.0,1.0,0.9999632590410845,114.84701227367403,115.16874839880592,116.13349347649628,1.0,1.0,0.9997410001971235,0.999609710063299,0.9964829473853416,8acf2b625bb27b22,a542a27e494c5574,False,False
nominal_heatup,128,120.44406833572685,120.44406833572685,130.0,130.0,9.555931664273146,-330506.9968302569,optimal,-545557.9458613566,False,False,8000,8000,0.3332000711078251,0.48411626157787335,0.0,0,0,,120.85398496966727,120.79831898109025,120.66301223468741,1.0,1.0,0.9999645740049192,115.08617334295928,115.40773727298166,116.36980307912052,1.0,1.0,0.9997539508690777,0.9996316080263189,0.9966299260225285,1ff3cd4f3a73593d,9662b9595c13d40c,False,False
nominal_heatup,129,120.39371623652576,120.39371623652576,130.0,130.0,9.606283763474238,-330330.7718093299,optimal,-530202.7239915483,False,False,8000,8000,0.3284283221284596,0.47599451090452494,0.0,0,0,,120.81260591300882,120.76871868551805,120.66192631457558,1.0,1.0,0.9999658198753213,115.32520641180163,115.64579433528456,116.60312546887097,1.0,1.0,0.9997663400044013,0.9996516570581695,0.9967729656924916,fa15b62f6fc0a859,a868ca17f8d958e1,False,False
nominal_heatup,130,120.36732929662062,120.36732929662062,130.0,130.0,9.632670703379375,-330217.897384965,optimal,-515166.23342759,False,False,8000,8000,0.39348215090736005,0.5717018809303553,0.0,0,0,,120.77998254424551,120.74533856094348,120.66049440202889,1.0,1.0,0.9999670014535033,115.56351397067053,115.88245440403819,116.83333984231801,1.0,1.0,0.9997781803699618,0.9996701044333606,0.9969120485035138,8b6da317b1b59a3b,d601177ab860c088,False,False
nominal_heatup,131,120.35838235777885,120.35838235777885,130.0,130.0,9.64161764222115,-330147.59772279364,optimal,-500463.78669083613,False,False,8000,8000,0.4079334208154677,0.5974022909639789,0.0,0,0,,120.75423009854978,120.72668052608202,120.65839004608576,1.0,1.0,0.9999681230339765,115.80059687533733,116.11733111090832,117.06035314999728,1.0,1.0,0.9997894855497708,0.9996871499221809,0.9970471338021514,303f7aea5fba7b0c,6c05ccc9b7d2b180,False,False
nominal_heatup,132,120.36129458064296,120.36129458064296,130.0,130.0,9.638705419357038,-330103.9060086329,optimal,-486090.2070605674,False,False,8000,8000,0.4572610288572605,0.6633101137244761,0.0,0,0,,120.73375125052785,120.711538242939,120.6555139002769,1.0,1.0,0.9999691885150108,116.03603981301602,116.35010519045608,117.28409579341928,1.0,1.0,0.9998002698742937,0.999702956002867,0.9971781697571653,6ae7b5d381eb1570,dd272cac1d24f87b,False,False
nominal_heatup,133,120.3715599247314,120.3715599247314,130.0,130.0,9.6284400752686,-330075.158333478,optimal,-472073.1083672902,False,False,8000,8000,0.42951214453454156,0.6280774990124698,2.842170943040401e-14,0,0,,120.71723931347131,120.69897149270732,120.65191265075927,1.0,1.0,0.9999702014734221,116.26949886727438,116.58051447345505,117.50451797681195,1.0,1.0,0.9998105483330495,0.9997176560989018,0.9973051022600061,1ef3adbb997a4784,5ebf43d87f3ae480,False,False
nominal_heatup,134,120.38573533719777,120.38573533719777,130.0,130.0,9.614264662802228,-330053.3166526611,optimal,-458393.65135959233,False,False,8000,8000,0.4474134401706209,0.6715831832121877,0.0,0,0,,120.7036600129012,120.6882706560988,120.64771593284992,1.0,1.0,0.9999711652146869,116.50069088808982,116.80834534088949,117.72158660993448,1.0,1.0,0.9998203364763206,0.999731361103049,0.9974278815916783,9e42eeab27adf6bb,793964c173aa7d9e,False,False
nominal_heatup,135,120.40134056479555,120.40134056479555,130.0,130.0,9.598659435204453,-330033.24054526014,optimal,-445042.540601331,False,False,8000,8000,0.4699236383063834,0.6905739576658787,0.0,0,0,,120.69222040528186,120.67891737637954,120.64309005379596,1.0,1.0,0.9999720828066587,116.72938441099396,117.0334254285839,117.93528267632486,1.0,1.0,0.9998296503108008,0.9997441644571506,0.9975464672415846,bc02fa88dd56b2bb,33593394aea39e46,False,False
nominal_heatup,136,120.41671127798942,120.41671127798942,130.0,130.0,9.583288722010579,-330011.9881887851,optimal,-432072.1939088734,False,False,8000,8000,0.5031571899790208,0.731051991039112,0.0,0,0,,120.68233165991418,120.67054571130852,120.63820627572949,1.0,1.0,0.9999729571028696,116.9553919034494,117.25561740155614,118.14559899569741,1.0,1.0,0.9998385061931224,0.9997561460462314,0.9976608312096579,a806c49a893053dd,a82b936680037b72,False,False
nominal_heatup,137,120.43083581400025,120.43083581400025,130.0,130.0,9.569164185999753,-329988.1950765148,optimal,-419441.0703641769,False,False,8000,8000,0.5181221535784175,0.7509197120487388,2.842170943040401e-14,0,0,,120.67357062920955,120.6629065412898,120.63322096331618,1.0,1.0,0.9999737907595575,117.17856314704062,117.47481364271074,118.35253832076427,1.0,1.0,0.9998469207244224,0.9997673751429895,0.9977709600771157,850d01f710b7dc19,a4c7c1e2259efcea,False,False
nominal_heatup,138,120.44319600977698,120.44319600977698,130.00000000000003,130.0,9.556803990223017,-329961.5545590867,optimal,-407188.9829893117,False,False,8000,8000,0.5162578034248924,0.7500862589806356,2.842170943040401e-14,0,0,,120.66564352848751,120.6558367727041,120.62826485788047,1.0,1.0,0.9999745862491474,117.39877959084751,117.69093172264904,118.55611171821025,1.0,1.0,0.99985491064842,0.9997779126091707,0.9978768560910034,45748cf627a20347,73d79d4d8597320a,False,False
nominal_heatup,139,120.45362460479484,120.45362460479484,130.0,130.0,9.54637539520516,-329932.4066746208,optimal,-395287.0873907008,False,False,8000,8000,0.5160677574252048,0.7684414958374317,0.0,0,0,,120.65835372166704,120.64923394805962,120.62343895994891,1.0,1.0,0.9999753458718751,117.61594953471682,117.9039105365308,118.7563371913549,1.0,1.0,0.9998624927548768,0.999787812528669,0.9979785374723082,90253510c8c1c3f4,d3ae5e4831a672ab,False,False
nominal_heatup,140,120.4621855754378,120.4621855754378,130.0,130.0,9.5378144245622,-329901.4300184027,optimal,-383751.6223002156,False,False,8000,8000,0.5125604487624713,0.7466911562595913,0.0,0,0,,120.65157457988836,120.64303622604514,120.6188148635168,1.0,1.0,0.9999760717665194,117.83000402138056,118.1137070104166,118.95323850853524,1.0,1.0,0.9998696837897959,0.9997971234147948,0.9980760381262331,7ad1f8b48f544fe8,5a16b470a6791741,False,False
nominal_heatup,141,120.46907935895476,120.46907935895476,130.0,130.0,9.530920641045242,-329869.424429764,optimal,-372588.7899957825,False,False,8000,8000,0.4014388408304228,0.5832623846046872,0.0,0,0,,120.64522763381805,120.63720727984706,120.61443780350871,1.0,1.0,0.9999767659207269,118.04089333382402,118.32029329368979,119.14684420668745,1.0,1.0,0.9998765003732771,0.9998058891053704,0.9981694069050263,303aa7fc2a6f7686,7b5bffef58dacacd,False,False
nominal_heatup,142,120.47457199293946,120.47457199293946,130.0,130.0,9.52542800706054,-329837.16895673686,optimal,-361778.13051544054,False,False,8000,8000,0.4179714693632661,0.6389158673816002,0.0,0,0,,120.63926574057102,120.63172543369915,120.61033109361388,1.0,1.0,0.9999774301811158,118.24858400931892,118.52365436630454,119.3371867441896,1.0,1.0,0.999882958925577,0.9998141494327409,0.9982587065493255,d0560798d0df53e9,b0a781b0a907cddd,False,False
nominal_heatup,143,120.47894544219017,120.47894544219017,129.49988096712906,129.49988096712906,9.020935524938892,-329805.33880552545,optimal,-351332.8976718341,False,False,8000,8000,0.37174394626178753,0.5535386314047859,0.0,0,0,,120.63366068812788,120.62657626775474,120.60650100893251,1.0,1.0,0.9999780662631743,118.45305629442024,118.7237860000075,119.5243017808989,1.0,1.0,0.9998890756016207,0.9998219407346776,0.9983440124118842,8066ee67b010b437,5993ef535617970f,False,False
nominal_heatup,144,120.48246553026742,120.48246553026742,127.53332060310673,127.53332060310673,7.050855072839312,-329774.4659544312,optimal,-341485.96855492407,False,False,8000,8000,0.3805996734201358,0.55930830897994,0.0,0,0,,120.62839451681742,120.62174792773989,120.60294148734353,1.0,1.0,0.9999786757608874,118.65430197626274,118.92069302157716,119.70822756659668,1.0,1.0,0.9998948662339698,0.9998292962538309,0.9984254110484998,17da05e96dcfa992,d0539444fb99cb4a,False,False
nominal_heatup,145,120.48536367357178,120.48536367357178,125.17896205961117,125.17896205961117,4.693598386039383,-329744.93004791165,optimal,-333043.40504347155,False,False,8000,8000,0.31565259345678953,0.4738053071622943,0.0,0,0,,120.62345380538743,120.61722844295625,120.59963827844662,1.0,1.0,0.999979260155998,118.85232253494044,119.11438783373019,119.88900442183771,1.0,1.0,0.9999003462840556,0.9998362464600081,0.9985029987439601,734a9318cea33002,2ea0abb2953f75e3,False,False
nominal_heatup,146,120.48782881698318,120.48782881698318,122.57361810202217,122.57361810202217,2.0857892850389845,-329716.96858617896,optimal,-326528.66380721313,False,False,8000,8000,0.24745619146111153,0.3747224811525012,0.0,0,0,,120.61882621084821,120.61300445627123,120.59657236081529,1.0,1.0,0.9999798208268116,119.04712756982866,119.30488915584085,120.06667429756502,1.0,1.0,0.9999055308013416,0.9998428193187706,0.9985768800267842,38180551f3e0248c,158f3dd1a53b5906,False,False
nominal_heatup,147,120.49000641553144,120.49000641553144,120.21723146331276,120.21723146331276,-0.27277495221868264,-329690.6978886962,optimal,-322123.68819849554,False,False,8000,8000,0.28026598012641557,0.42068876448123227,0.0,0,0,,120.61449863635164,120.60906088221803,120.59372258371793,1.0,1.0,0.9999803590564728,119.238733459612,119.4922209521687,120.24128040186463,1.0,1.0,0.9999104343899743,0.9998490405221797,0.9986471662137159,65e594c445ee2168,4ed3e6580858ef9e,False,False
nominal_heatup,148,120.49200186582289,120.49200186582289,118.34174293560132,118.34174293560132,-2.150258930221568,-329666.1386007434,optimal,-319747.60711369145,False,False,8000,8000,0.15973053253537728,0.23976095201485226,0.0,0,0,,120.61045650681903,120.60538112015179,120.59106757755113,1.0,1.0,0.9999808760406703,119.42716222167734,119.6764115200271,120.4109246507141,1.0,1.0,0.9999150711824013,0.9998549336920728,0.9987140741168875,0d2f00a5ccf864eb,2faf08ec876150c2,False,False
nominal_heatup,149,120.49388637213409,120.49388637213409,117.08495537395976,117.08495537395976,-3.408930998174327,-329643.2414936474,optimal,-319086.15735913394,False,False,8000,8000,0.3167672804234627,0.4602405634407285,0.0,0,0,,120.60668374147639,120.6019475497836,120.58858702793124,1.0,1.0,0.9999813728947501,119.61244054156602,119.85677083929791,120.56859939224682,1.0,1.0,0.9999194537127684,0.9998605205623756,0.9987780641986672,fa5c5f600f5b6b68,ee81d6c094465f92,False,False
nominal_heatup,150,120.49570377491882,120.49570377491882,116.43132251313747,116.43132251313747,-4.0643812617813495,-329621.910918886,optimal,-319712.6145170734,False,False,8000,8000,0.2989415334170502,0.43364933677869466,0.0,0,0,,120.6031631151584,120.59874212169872,120.58626243124378,1.0,1.0,0.9999818506602376,119.7940623449628,120.03052717853532,120.70769651287038,1.0,1.0,0.9999235904874417,0.999865821144516,0.9988395482882115,baa145f58716f0f0,3988c25ab40f0b95,False,False
nominal_heatup,151,120.49747733991977,120.49747733991977,116.27456561415643,116.27456561415643,-4.222911725763339,-329602.0245114827,optimal,-321168.6121694504,False,False,8000,8000,0.30686679611459056,0.44703940435456424,0.0,0,0,,120.59987678999772,120.5957469240198,120.58407745290704,1.0,1.0,0.9999823103107907,119.96983739174183,120.19432501068424,120.82202332181659,1.0,1.0,0.9999274872948788,0.9998708538784946,0.9988988819104397,9ec45624bb48e9ef,082cafcdb704e0f9,False,False
nominal_heatup,152,120.4992158901895,120.4992158901895,116.48152666112433,116.48152666112433,-4.017689229065169,-329583.448634843,optimal,-323052.9296764812,False,False,8000,8000,0.3279747837248692,0.47542247957451966,0.0,0,0,,120.59680687311202,120.59294465861473,120.58201800067182,1.0,1.0,0.9999827527576125,120.13670923109639,120.34418741772956,120.90811005403724,1.0,1.0,0.9999311482822085,0.9998756357710292,0.998956248658488,35a7c778c1f258ab,0f62f87341f6982d,False,False
nominal_heatup,153,120.50091895743344,120.50091895743344,116.92086290649814,116.92086290649814,-3.5800560509352977,-329566.0496535735,optimal,-325048.65819688636,False,False,8000,8000,0.3289042071246371,0.47711366703392244,0.0,0,0,,120.59393591372378,120.59031899783811,120.58007210943927,1.0,1.0,0.9999831788543645,120.29093718715265,120.47666808910273,120.96524089712783,1.0,1.0,0.9999345778462726,0.999880182521983,0.9990116740013383,016ba1fc6a8a85ca,2b5d8a79a36e04d6,False,False
nominal_heatup,154,120.50258084266828,120.50258084266828,117.48035591334967,117.48035591334967,-3.022224929318611,-329549.70148884086,optimal,-326932.85712996835,False,False,8000,8000,0.30427379485279005,0.4498639997196774,0.0,0,0,,120.59124729593063,120.58785481804647,120.57822971537284,1.0,1.0,0.9999835894016206,120.428999399133,120.58922615831487,120.99544519483098,1.0,1.0,0.9999377819317359,0.9998845086397025,0.9990650461829578,607a055633d47ad8,f2aeb79ac9ec7623,False,False
nominal_heatup,155,120.50419361834912,120.50419361834912,118.07431308741076,118.07431308741076,-2.4298805309383624,-329534.29008948756,optimal,-328560.01783237694,False,False,8000,8000,0.3365507738345457,0.49758499825858316,0.0,0,0,,120.58872551309393,120.58553832155654,120.57648237828904,1.0,1.0,0.9999839851509065,120.54810322385377,120.6806547724611,121.00267702497369,1.0,1.0,0.999940768799684,0.999888627546065,0.9991161765482679,8a0440e9a9bd0eff,fee576b2852cb300,False,False
nominal_heatup,156,120.50574919023948,120.50574919023948,118.63353081384133,118.63353081384133,-1.872218376398152,-329519.7155088081,optimal,-329862.41532017046,False,False,8000,8000,0.32153561857225554,0.4725109877827949,0.0,0,0,,120.58635632891921,120.58335706674941,120.57482299417433,1.0,1.0,0.9999843668083657,120.64663480804361,120.75107586074523,120.9919229494039,1.0,1.0,0.9999435490734417,0.9998925516718459,0.9991648567663625,1043cb0d00b03af8,e88a560c3e7fa686,False,False
nominal_heatup,157,120.50724057993511,120.50724057993511,119.12442118578356,119.12442118578356,-1.3828193941515536,-329505.89224549936,optimal,-330832.45386646764,False,False,8000,8000,0.31828312236224576,0.46170655260579796,0.0,0,0,,120.5841268411758,120.58129992881646,120.57324552513158,1.0,1.0,0.9999847350380917,120.72427058435302,120.80177426056446,120.968379209216,1.0,1.0,0.9999461352894211,0.999896292543104,0.9992109055299875,c5aa9b1a606b8dbe,b1039c2917da756f,False,False
nominal_heatup,158,120.50866260086174,120.50866260086174,119.53030123407731,119.53030123407731,-0.9783613667844264,-329492.7484271725,optimal,-331487.32024139585,False,False,8000,8000,0.3166332906378102,0.4752771959359414,0.0,0,0,,120.58202546887154,120.57935701299596,120.57174476245899,1.0,1.0,0.9999850904651622,120.78188258570557,120.83489077115635,120.93686079521059,1.0,1.0,0.9999485411958332,0.9998998608592612,0.9992541970487218,a71a3f3aa49d3103,8bf6c28bb7ae1527,False,False
nominal_heatup,159,120.51001209179393,120.51001209179393,119.84164839926677,119.84164839926677,-0.6683636925271514,-329480.22430890345,optimal,-331878.48808051663,False,False,8000,8000,0.31925399545244204,0.4792109526376196,0.0,0,0,,120.58004188446589,120.57751953948089,120.57031612985834,1.0,1.0,0.9999854336784069,120.82128597663062,120.85308854995688,120.90143940965454,1.0,1.0,0.9999507810208402,0.9999032665636379,0.9992946733090502,72f95bbf1cddb1a9,ac83dd42085f3acc,False,False
disturbance_step60,0,31.999999999999996,31.999999999999996,32.0,32.0,3.552713678800501e-15,-2198585.5400207387,optimal,-3213356.118589756,False,False,8000,8000,12.010358738239681,18.924858028995928,0.0,0,0,,28.0,28.0,28.0,1e-05,1e-05,1e-05,28.0,28.0,28.0,1e-05,1e-05,1e-05,1.0000008521941652,0.9999000000003917,5f7c8079bd260ecf,5f7c8079bd260ecf,True,True
disturbance_step60,1,36.0,36.0,40.49902888613858,36.0,0.0,-2379544.5573612694,optimal,-3366419.530674624,False,False,8000,8000,10.860178786225163,16.765420047374878,0.0,1,0,,28.000000056399145,28.000000056399145,28.000000056399145,1.0001630922571259e-05,1.0001630922571259e-05,1.0001630922571259e-05,28.000000056399145,28.000000056399145,28.000000056399145,1.0001630922571259e-05,1.0001630922571259e-05,1.0001630922571259e-05,1.0000008522669996,0.9999000000003914,4f836d205da94698,6ee12f1fec92c62d,True,True
disturbance_step60,2,40.0,40.0,44.28316376834187,40.0,0.0,-2557999.5068418547,optimal,-3488574.599056136,False,False,8000,8000,10.794514512088824,16.500590974947627,0.0,1,0,,28.000000112803107,28.000000112803107,28.000000091841084,1.0003261984532805e-05,1.0003261984532805e-05,1.0003261984532805e-05,28.000000112803107,28.000000112803107,28.000000091841084,1.0003261984532805e-05,1.0003261984532805e-05,1.0003261984532805e-05,1.0000008523398338,0.9999000000003917,56f732089cf031fd,56f732089cf031fd,True,True
disturbance_step60,3,44.0,44.0,48.02641275708783,44.0,0.0,-2733615.558104433,optimal,-3594678.7876826935,False,False,8000,8000,9.680962336226003,14.94500258463935,0.0,1,0,,28.00000016921189,28.00000016142088,28.000000128607986,1.0004893185885736e-05,1.0004893185885736e-05,1.0004893185878145e-05,28.00000016921189,28.00000016142088,28.000000128607986,1.0004893185885736e-05,1.0004893185885736e-05,1.0004893185878145e-05,1.000000852412668,0.9999000000003918,73d2fedc8f893055,73d2fedc8f893055,True,True
disturbance_step60,4,48.0,48.0,52.643636672957776,48.0,0.0,-2906059.851470105,optimal,-3690641.0589576433,False,False,8000,8000,9.483943631269142,14.790367706658005,1.2152449247730033,1,0,,28.00000021983408,28.000000208534534,28.00000016274716,1.0006524526631151e-05,1.0006524526628329e-05,1.0006524526608854e-05,28.00000021983408,28.000000208534534,28.00000016274716,1.0006524526631151e-05,1.0006524526628329e-05,1.0006524526608854e-05,1.000000852485502,0.9999000000003919,8c4d95413aaeb4d2,8c4d95413aaeb4d2,True,True
disturbance_step60,5,52.0,52.0,51.99999999999999,51.99999999999999,-7.105427357601002e-15,-3075002.7437421586,optimal,-3781854.688130987,False,False,8000,8000,9.188745880006607,14.33000190777815,0.0,0,0,,28.00000026785304,28.000000252134775,28.015534364180088,1.0008156006768049e-05,1.0008156006761134e-05,1.0008156006725072e-05,28.00000026785304,28.000000252134775,28.015534364180088,1.0008156006768049e-05,1.0008156006761134e-05,1.0008156006725072e-05,1.0000008535389835,0.9999000000003935,903293a58f35d33d,bb1d7404d04da75a,True,True
disturbance_step60,6,55.99999999999999,55.99999999999999,55.99999999999998,55.99999999999998,-1.4210854715202004e-14,-3240118.7683481663,optimal,-3867032.4049375784,False,False,8000,8000,7.7758649025921045,11.774968247806513,0.0,0,0,,28.000000312592185,28.00577391978186,28.057459750004423,1.000978762629658e-05,1.000978762628397e-05,1.0009793262776227e-05,28.000000312592185,28.00577391978186,28.057459750004423,1.000978762629658e-05,1.000978762628397e-05,1.0009793262776227e-05,1.0000008566302483,0.999900000000395,7b5ca0546bd133c7,7b5ca0546bd133c7,True,True
disturbance_step60,7,60.0,60.0,63.60176365984886,59.99999999999998,-2.1316282072803006e-14,-3401087.3747966266,optimal,-3976824.0351366415,False,False,8000,8000,6.749138264998223,10.220199266259534,0.0,1,0,,28.004292153377847,28.022838296226645,28.135109522234508,1.001141938521665e-05,1.0011421478125678e-05,1.0011445967490528e-05,28.004292153377847,28.022838296226645,28.135109522234508,1.001141938521665e-05,1.0011421478125678e-05,1.0011445967490528e-05,1.0000008630022164,0.9999000000004014,3e298ab1470acbe1,3e298ab1470acbe1,True,True
disturbance_step60,8,64.0,64.0,67.33234451395575,63.99999999999998,-2.1316282072803006e-14,-3557593.4863152155,optimal,-4083225.4924267777,False,False,8000,8000,6.6979942494093905,10.554105254941572,2.842170943040401e-14,1,0,,28.01807839987666,28.057673407757182,28.254795432951447,1.0013052839181873e-05,1.0013061671269752e-05,1.0013127537634136e-05,28.01807839987666,28.057673407757182,28.254795432951447,1.0013052839181873e-05,1.0013061671269752e-05,1.0013127537634136e-05,1.0000008738881738,0.9999000000004111,98436667f5f347a3,98436667f5f347a3,True,True
disturbance_step60,9,68.0,68.0,67.99999999999999,67.99999999999997,-2.842170943040401e-14,-3709327.9124762886,optimal,-4141369.689979089,False,False,8000,8000,4.462637431057544,7.105253376034403,2.842170943040401e-14,0,0,,28.047511223592842,28.11622195693027,28.42117301871507,1.0014691440074805e-05,1.0014714737108251e-05,1.0014854481868797e-05,28.047511223592842,28.11622195693027,28.42117301871507,1.0014691440074805e-05,1.0014714737108251e-05,1.0014854481868797e-05,1.0000008905547881,0.9999000000004272,0df178a0528a63d3,0df178a0528a63d3,True,True
disturbance_step60,10,72.0,72.0,73.90976068342209,71.99999999999997,-2.842170943040401e-14,-3855987.643942374,optimal,-4232292.876245406,False,False,8000,8000,2.811003737839002,4.3226467224769465,2.842170943040401e-14,1,0,,28.098587088330618,28.204026095810903,28.637444447596287,1.0016340922523065e-05,1.0016389563010768e-05,1.0016646422525322e-05,28.098587088330618,28.204026095810903,28.637444447596287,1.0016340922523065e-05,1.0016389563010768e-05,1.0016646422525322e-05,1.0000009143124624,0.9999000000004492,4fb94bd9e1c6992e,4fb94bd9e1c6992e,True,True
disturbance_step60,11,76.0,76.0,77.9067283210885,75.99999999999997,-2.842170943040401e-14,-3997276.052680686,optimal,-4309984.901180453,False,False,8000,8000,2.474902779550476,4.31578312527634,0.0,1,0,,28.17696474743232,28.325927123648107,28.905878723964744,1.001800935059378e-05,1.0018097472067574e-05,1.0018526362451092e-05,28.17696474743232,28.325927123648107,28.905878723964744,1.001800935059378e-05,1.0018097472067574e-05,1.0018526362451092e-05,1.0000009465851527,0.9999000000004814,76e252ba65d6acc4,76e252ba65d6acc4,True,True
disturbance_step60,12,79.99999999999999,79.99999999999999,79.99999999999994,79.99999999999994,-4.263256414560601e-14,-4132774.880872062,optimal,-4363925.998892108,False,False,8000,8000,3.52050137163441,5.43478017070252,0.0,0,0,,28.287695303581557,28.48611411336325,29.228022559149494,1.0019707186055292e-05,1.0019852307914455e-05,1.0020521334415317e-05,28.287695303581557,28.48611411336325,29.228022559149494,1.0019707186055292e-05,1.0019852307914455e-05,1.0020521334415317e-05,1.000000988985778,0.9999000000005247,1044b2f80afc7279,1044b2f80afc7279,True,True
disturbance_step60,13,83.99999999999999,83.99999999999999,83.99999999999993,83.99999999999993,-5.684341886080802e-14,-4261544.896129359,optimal,-4436728.199135939,False,False,8000,8000,2.4451325443608027,3.7376513766915487,0.0,0,0,,28.435189073687383,28.68811443723295,29.60491107244096,1.0021447366458453e-05,1.0021670668093506e-05,1.002266335713411e-05,28.435189073687383,28.68811443723295,29.60491107244096,1.0021447366458453e-05,1.0021670668093506e-05,1.002266335713411e-05,1.0000010434153785,0.9999000000005833,4c30fd0939b86137,4c30fd0939b86137,True,True
disturbance_step60,14,87.99999999999999,87.99999999999999,87.99999999999999,87.99999999999993,-5.684341886080802e-14,-4382300.404325929,optimal,-4547735.708161489,False,False,8000,8000,2.593048980474265,4.128560823027733,2.842170943040401e-14,0,0,,28.623200041918288,28.934857331659494,30.037186768688905,1.0023245495954168e-05,1.0023572281445382e-05,1.0024990765584491e-05,28.623200041918288,28.934857331659494,30.037186768688905,1.0023245495954168e-05,1.0023572281445382e-05,1.0024990765584491e-05,1.0000011121797336,0.9999000000006616,04d5fd5d42a63407,04d5fd5d42a63407,True,True
disturbance_step60,15,91.99999999999999,91.99999999999999,91.99999999999999,91.99999999999993,-5.684341886080802e-14,-4493717.36531285,optimal,-4599053.34913407,False,False,8000,8000,1.6140364072906124,2.339659110870529,0.0,0,0,,28.854869120086413,29.22872865371056,30.525195733226727,1.0025120171607514e-05,1.0025580580941484e-05,1.0027549973976509e-05,28.854869120086413,29.22872865371056,30.525195733226727,1.0025120171607514e-05,1.0025580580941484e-05,1.0027549973976509e-05,1.0000011981334345,0.9999000000007657,2c997153558cb235,9b55dafb9badcee9,True,True
disturbance_step60,16,95.99999999999999,95.99999999999999,95.99999999999994,95.99999999999993,-5.684341886080802e-14,-4594311.755577716,optimal,-4654729.878565671,False,False,8000,8000,0.6350956459712478,0.9799978126635622,0.0,0,0,,29.132775953652295,29.571636766375924,31.069051976588753,1.0027093488534011e-05,1.0027723503453636e-05,1.0030397793205575e-05,29.132775953652295,29.571636766375924,31.069051976588753,1.0027093488534011e-05,1.0027723503453636e-05,1.0030397793205575e-05,1.0000013048593073,0.999900000000905,97b024212e116b47,97b024212e116b47,True,True
disturbance_step60,17,99.99999999999999,99.99999999999999,100.51767571458961,99.99999999999993,-5.684341886080802e-14,-4682485.98775227,optimal,-4742233.985729072,False,False,8000,8000,1.2330585851491662,1.9035363594577959,0.0,1,0,,29.459001193484145,29.965072618383886,31.66868726952701,1.0029191757879237e-05,1.0030034571632905e-05,1.0033604465787608e-05,29.459001193484145,29.965072618383886,31.66868726952701,1.0029191757879237e-05,1.0030034571632905e-05,1.0033604465787608e-05,1.0000014368973875,0.999900000001095,6cf5caf88310d69d,6cf5caf88310d69d,True,True
disturbance_step60,18,103.99999999999999,103.99999999999999,103.9999999999999,103.9999999999999,-8.526512829121202e-14,-4756573.33574245,optimal,-4780610.389735749,False,False,8000,8000,0.4038767751039529,0.5858700640238217,0.0,0,0,,29.83518713825559,30.410166831002797,32.32388788410938,1.0031446486637145e-05,1.003255432719756e-05,1.0037257650833878e-05,29.83518713825559,30.410166831002797,32.32388788410938,1.0031446486637145e-05,1.003255432719756e-05,1.0037257650833878e-05,1.0000016000414043,0.9999000000013538,4975ae8d240b840d,4975ae8d240b840d,True,True
disturbance_step60,19,107.99999999999997,107.99999999999997,107.99999999999993,107.9999999999999,-7.105427357601002e-14,-4814879.122501915,optimal,-4826020.124003166,False,False,8000,8000,0.32204985396548125,0.4667501320583769,0.0,0,0,,30.26259573381852,30.907740544433675,33.03432342597463,1.0033895682563044e-05,1.0035332213742204e-05,1.0041467676231376e-05,30.26259573381852,30.907740544433675,33.03432342597463,1.0033895682563044e-05,1.0035332213742204e-05,1.0041467676231376e-05,1.0000018017276073,0.9999000000017101,a5f89d1e7cd31789,a5f89d1e7cd31789,True,True
disturbance_step60,20,111.99999999999997,111.99999999999997,111.99999999999994,111.9999999999999,-7.105427357601002e-14,-4855717.335599005,optimal,-4859957.961105504,False,False,8000,8000,0.18733684525766137,0.29827109835767995,0.0,0,0,,30.742161255455276,31.45835074073644,33.799569377951165,1.0036585572181912e-05,1.0038429042220354e-05,1.0046374493864521e-05,30.742161255455276,31.45835074073644,33.799569377951165,1.0036585572181912e-05,1.0038429042220354e-05,1.0046374493864521e-05,1.000002051549314,0.9999000000022081,ad7fc304bc330e62,ad7fc304bc330e62,True,True
disturbance_step60,21,115.99999999999999,115.99999999999999,115.99999999999991,115.9999999999999,-8.526512829121202e-14,-4877442.577002665,optimal,-4867781.390327949,False,False,8000,8000,0.040361029702367546,0.06426140400508462,0.0,0,0,,31.274537519628144,32.06232983559645,34.619125239305966,1.0039572851893256e-05,1.0041920221372836e-05,1.0052156935043224e-05,31.274537519628144,32.06232983559645,34.619125239305966,1.0039572851893256e-05,1.0041920221372836e-05,1.0052156935043224e-05,1.000002361942879,0.999900000002915,4c62af936cf0ac74,4c62af936cf0ac74,True,True
disturbance_step60,22,119.99999999999999,119.99999999999999,120.00448153654595,119.9999999999999,-8.526512829121202e-14,-4878477.418998424,optimal,-4855961.642065326,False,False,8000,8000,0.005995312844930822,0.010143731529694833,0.0,1,0,,31.860139431473698,32.71982012895055,35.492429218553006,1.0042927636276365e-05,1.0045900001126806e-05,1.0059045087611502e-05,31.860139431473698,32.71982012895055,35.492429218553006,1.0042927636276365e-05,1.0045900001126806e-05,1.0059045087611502e-05,1.0000027491075865,0.9999000000039309,ea6c1ad04a7e6cdc,ea6c1ad04a7e6cdc,True,True
disturbance_step60,23,123.99999999999997,123.99999999999997,124.00043076664963,123.9999999999999,-7.105427357601002e-14,-4857335.535405974,optimal,-4827487.631711037,False,False,8000,8000,0.0013296579082293647,0.0019274325072595744,2.842170943040401e-14,1,0,0.006144912880324829,32.499179256904526,33.43080354993059,36.4188703028621,1.0046737327042226e-05,1.0050487067028725e-05,1.0067336928314506e-05,32.499179256904526,33.43080354993059,36.418870302862096,1.0046737327042226e-05,1.0050487067028725e-05,1.0067336928314506e-05,1.0000032342458494,0.999900000005413,0f216d01d16f6196,0f216d01d16f6196,True,True
disturbance_step60,24,127.99999999999996,127.99999999999996,127.99999999999984,127.99999999999984,-1.1368683772161603e-13,-4812641.025914493,optimal,-4781785.54537281,False,False,8000,8000,0.0005089164278189173,0.0007375777600033828,2.842170943040401e-14,0,0,0.006411340545930775,33.19169804282029,34.195127258322415,37.39779823444413,1.005111170702066e-05,1.0055831947088486e-05,1.0077420781319361e-05,33.19169804282029,34.19512725832241,37.397798234444124,1.005111170702066e-05,1.0055831947088486e-05,1.0077420781319361e-05,1.0000038452434135,0.9999000000076116,36966a3230d97c0b,36966a3230d97c0b,True,True
disturbance_step60,25,130.0,130.0,130.0,130.0,0.0,-4743144.390473815,optimal,-4714979.572024602,False,False,8000,8000,0.0008673728824390992,0.001257092349033151,2.842170943040401e-14,0,0,0.0059380057049758,33.937592712032945,35.01252560136736,38.42853181431629,1.005618967429849e-05,1.0062126862556018e-05,1.0089805789359043e-05,33.93759271203294,35.01252560136735,38.42853181431628,1.005618967429849e-05,1.0062126862556018e-05,1.0089805789359043e-05,1.000004618956481,0.9999000000109206,d249cd98e5654aa5,d249cd98e5654aa5,False,False
disturbance_step60,26,130.0,130.0,130.0,130.0,0.0,-4660857.028411634,optimal,-4650757.403386301,False,False,8000,8000,0.0006554201966366691,0.0009484634460195096,0.0,0,0,0.002166902989072703,34.73663933886757,35.88263890591762,39.51036584016606,1.0062148184087887e-05,1.0069618889944927e-05,1.0105163455459045e-05,34.73663933886756,35.88263890591761,39.510365840166045,1.0062148184087887e-05,1.0069618889944927e-05,1.0105163455459045e-05,1.000005604339681,0.9999000000159837,0c862183674c339d,7f2cb9e3c8e29823,False,False
disturbance_step60,27,130.0,130.0,130.0,130.0,0.0,-4578740.64713441,optimal,-4578690.141001066,False,False,8000,8000,0.000472293870672047,0.0006845003150717233,2.842170943040401e-14,0,0,1.1030573406460481e-05,35.588513092118006,36.80502953120535,40.64257692132614,1.0069214176848358e-05,1.007862763007317e-05,1.0124384554526784e-05,35.588513092118,36.80502953120534,40.642576921326125,1.0069214176848358e-05,1.007862763007317e-05,1.0124384554526784e-05,1.0000068667446973,0.9999000000238464,eb6e3d688d8a9519,7b48a38566ec60de,False,False
disturbance_step60,28,130.0,130.0,130.0,130.0,0.0,-4497417.026190166,optimal,-4497378.405628792,False,False,8000,8000,0.0004631402583754607,0.0006712338915635385,2.842170943040401e-14,0,0,8.587276436210093e-06,36.49280528639048,37.77919556259234,41.824428360756755,1.00776805645182e-05,1.0089569039656569e-05,1.0148657494724979e-05,36.49280528639047,37.779195562592335,41.82442836075675,1.00776805645182e-05,1.0089569039656567e-05,1.0148657494724979e-05,1.0000084938573894,0.9999000000362466,b7542b0a0b463af6,ab500d01cfc933bc,False,False
disturbance_step60,29,130.0,130.0,129.99999999999997,129.99999999999997,-2.842170943040401e-14,-4416968.952529828,optimal,-4416947.269378119,False,False,8000,8000,0.0007902503712529096,0.0011453179084073284,2.842170943040401e-14,0,0,4.909057405265358e-06,37.44903793778678,38.80458247844509,43.055174257720964,1.008792775660128e-05,1.0102987727945598e-05,1.0179576783908196e-05,37.44903793778677,38.804582478445084,43.05517425772095,1.008792775660128e-05,1.0102987727945596e-05,1.0179576783908196e-05,1.000010603941939,0.9999000000561059,d2303d8545cbd14c,12df89a9b68a8946,False,False
disturbance_step60,30,130.0,130.0,129.99999999999997,129.99999999999997,-2.842170943040401e-14,-4337463.228155296,optimal,-4337448.9242306175,False,False,8000,8000,0.0007740893089476231,0.0011218955162464184,0.0,0,0,3.2977634969222225e-06,38.45667617246797,39.88059307969843,44.3262958722187,1.0100452783556139e-05,1.0119600936431953e-05,1.0219294017606023e-05,38.456676172467965,39.88059307969842,44.32629587221869,1.0100452783556139e-05,1.0119600936431951e-05,1.0219294017606023e-05,1.0000133502968045,0.9999000000882996,1656a08076a1c85b,588cc1a148b5cfc0,False,False
disturbance_step60,31,130.0,130.0,130.0,130.0,0.0,-4258954.0956230685,optimal,-4258947.640634692,False,False,8000,8000,0.0007574268179837418,0.001097746398483146,2.842170943040401e-14,0,0,1.5156286224982726e-06,39.51513879282677,41.00370911940794,45.62384309440205,1.0115908887980325e-05,1.0140358723565776e-05,1.027064961864798e-05,39.51513879282676,41.00370911940793,45.623843094402034,1.0115908887980325e-05,1.0140358723565775e-05,1.027064961864798e-05,1.0000169276166246,0.9999000001409178,b4590aaf1558464a,1f828896bb39f0c7,False,False
disturbance_step60,32,130.0,130.0,130.0,130.0,0.0,-4181485.864571804,optimal,-4181484.8091790304,False,False,8000,8000,0.0007393453131641081,0.0010715406894634683,2.842170943040401e-14,0,0,2.523980282493128e-07,40.62166136640788,42.167626743408356,46.936965864865606,1.0135159609374298e-05,1.0166511340095578e-05,1.0337306087914461e-05,40.62166136640787,42.16762674340834,46.93696586486559,1.0135159609374298e-05,1.0166511340095577e-05,1.0337306087914461e-05,1.0000215859513406,0.999900000227421,f00d2eb240dca7f9,cb5fd164af724c00,False,False
disturbance_step60,33,130.0,130.0,129.99999999999997,129.99999999999997,-2.842170943040401e-14,-4105090.8588292957,optimal,-4105090.9646462747,False,False,8000,8000,0.0007241111375009268,0.0010494616435723358,0.0,0,0,-2.5774938934528593e-08,41.77084845737516,43.36566791672194,48.25708836034172,1.0159342426202962e-05,1.0199689056691248e-05,1.0423972055584554e-05,41.770848457375145,43.365667916721925,48.257088360341704,1.0159342426202962e-05,1.0199689056691246e-05,1.0423972055584554e-05,1.00002764480365,0.9999000003701379,9f5bfdefabf9c2e7,651d01ac1ae91542,False,False
disturbance_step60,34,130.0,130.0,130.0,130.0,0.0,-4029793.1559638185,optimal,-4029793.2597437142,False,False,8000,8000,0.0007162477012485624,0.001038065085350759,2.842170943040401e-14,0,0,-2.5750085064103013e-08,42.956351227797434,44.59092597223202,49.57797689401695,1.018994412676557e-05,1.0242010082863206e-05,1.053668028779401e-05,42.95635122779742,44.59092597223201,49.577976894016935,1.018994412676557e-05,1.0242010082863204e-05,1.053668028779401e-05,1.0000355128009815,0.9999000006060512,f1b068022e5efbe8,f042893a40456fd1,False,False
disturbance_step60,35,130.0,130.0,130.0,130.0,0.0,-3955609.343254412,optimal,-3955586.392634334,False,False,8000,8000,0.003446460717995592,0.004999490653267991,2.842170943040401e-14,0,0,5.80204884280673e-06,44.17140619546908,45.83695172260525,50.89495729321921,1.0228899307463622e-05,1.0296214244032106e-05,1.0683152902901279e-05,44.17140619546907,45.836951722605235,50.89495729321919,1.0228899307463622e-05,1.0296214244032104e-05,1.0683152902901279e-05,1.0000457117886863,0.9999000009962531,9c8e50cceb0ec654,1cbcbad6e0ddf482,False,False
disturbance_step60,36,130.0,130.0,130.00000000000003,130.0,0.0,-3882548.676645856,optimal,-3882491.7033367683,False,False,8000,8000,0.004414109070609129,0.006397413214938474,2.842170943040401e-14,0,0,1.4674210799321523e-05,45.40948352759255,47.097838917598104,52.2045545514495,1.0278713971231812e-05,1.036583429649087e-05,1.0873268743414286e-05,45.409483527592535,47.09783891759809,52.20455455144948,1.0278713971231812e-05,1.0365834296490869e-05,1.0873268743414286e-05,1.000058908674502,0.999900001641464,beaabf4818532b84,321b4c79cae1d12a,False,False
disturbance_step60,37,130.0,130.0,130.0,130.0,0.0,-3810617.5952469516,optimal,-3810530.016406399,False,False,8000,8000,0.005645757691922881,0.006785014217632224,0.0,0,0,2.2982858834638465e-05,46.66451695380042,48.36835320017051,53.50412826644477,1.0342623010345865e-05,1.0455411819631811e-05,1.1119674734577008e-05,46.66451695380041,48.368353200170496,53.50412826644475,1.0342623010345865e-05,1.045541181963181e-05,1.1119674734577006e-05,1.0000759571416173,0.9999000027074945,d808e6d496d3e62f,fa21d7236d2af1c6,False,False
disturbance_step60,38,130.0,130.0,130.0,130.0,0.0,-3739818.5513807777,optimal,-3739703.3669549027,False,False,8000,8000,0.005910690085670467,0.008566423316364258,2.842170943040401e-14,0,0,3.079948927455564e-05,47.931058634757065,49.64391516037741,54.79166265923367,1.0424789135198688e-05,1.0570772044380092e-05,1.1438591403752979e-05,47.93105863475705,49.64391516037739,54.79166265923365,1.0424789135198687e-05,1.0570772044380089e-05,1.1438591403752977e-05,1.0000979538377246,0.9999000044672416,944a36b0dba20b4b,8d9205fb1b472d2a,False,False
disturbance_step60,39,130.0,130.0,130.0,130.0,0.0,-3670150.4290669584,optimal,-3670010.698945375,False,False,8000,8000,0.0037926592515589164,0.005496739665358241,0.0,0,0,3.807207721572426e-05,49.204306314942166,50.92057550494545,56.06560239687443,1.0530555493521728e-05,1.0719374634412519e-05,1.1850890373346329e-05,49.20430631494215,50.920575504945425,56.06560239687441,1.0530555493521726e-05,1.0719374634412516e-05,1.1850890373346327e-05,1.0001263149983302,0.9999000073703812,882bfc39e0d7a8df,7038376884e7c6e4,False,False
disturbance_step60,40,130.0,130.0,130.0,130.0,0.0,-3601609.047296805,optimal,-3601447.786682736,False,False,8000,8000,0.004067281834693404,0.005909474213856569,0.0,0,0,4.477466588103907e-05,50.48009183635129,52.194957759675056,57.32474554955666,1.0666767540547945e-05,1.0910765749966646e-05,1.2383552396445595e-05,50.48009183635127,52.194957759675034,57.32474554955664,1.0666767540547944e-05,1.0910765749966642e-05,1.2383552396445588e-05,1.0001628826826376,0.999900012160134,8c7343f0dd0a220d,f77c0ff847b719f4,False,False
disturbance_step60,41,130.0,130.0,129.99999999999997,129.99999999999997,-2.842170943040401e-14,-3534187.5585183143,optimal,-3534007.5097676106,False,False,8000,8000,0.007389392272585837,0.010709521450150028,0.0,0,0,,51.75483560174435,53.464199514395304,58.56816376746488,1.0842186462087133e-05,1.1157166424599135e-05,1.3071662770483217e-05,51.754835601744325,53.46419951439528,58.56816376746486,1.0842186462087131e-05,1.1157166424599132e-05,1.3071662770483205e-05,1.000210073755604,0.9999000200710952,5453bc001ae80818,e25204a93cf5bfcb,False,False
disturbance_step60,42,130.0,130.0,130.0,130.0,0.0,-3467876.74472851,optimal,-3467680.510881486,False,False,8000,8000,0.007615406678311842,0.01103708642936585,2.842170943040401e-14,0,0,,53.02549121637784,54.72589075682159,59.79514556110168,1.1068025253675922e-05,1.1474247701261865e-05,1.3961166177047804e-05,53.025491216377816,54.72589075682157,59.79514556110166,1.106802525367592e-05,1.1474247701261856e-05,1.3961166177047792e-05,1.0002710907268957,0.999900033168888,3389231fdbf04d4b,843dfc3f06dc4434,False,False
disturbance_step60,43,130.0,130.0,130.0,130.0,0.0,-3402665.2068732097,optimal,-3402455.2605689997,False,False,8000,8000,0.006375919022715948,0.009240684351209616,0.0,0,0,6.170098939664805e-05,54.28948544658738,55.97801639829211,61.005153326433316,1.1358651936153698e-05,1.1882164517023144e-05,1.5112695179349738e-05,54.289485446587356,55.97801639829209,61.005153326433295,1.1358651936153696e-05,1.1882164517023135e-05,1.5112695179349724e-05,1.0003502217184117,0.9999000549414918,ee36806f45461bfb,b2e569a3daea85f4,False,False
disturbance_step60,44,130.0,130.0,130.0,130.0,0.0,-3338539.4346956075,optimal,-3338318.391274942,False,False,8000,8000,0.00628674088876835,0.009111437573761982,2.842170943040401e-14,0,0,6.62105134336806e-05,55.544660094629194,57.21890324691535,62.19779083408779,1.1732523445269194e-05,1.240695156285074e-05,1.6606913172483163e-05,55.54466009462917,57.21890324691533,62.197790834087776,1.1732523445269192e-05,1.2406951562850731e-05,1.660691317248315e-05,1.0004532681750724,0.9999000913436553,0b5405583e5ae6d8,3d0f014a13466557,False,False
disturbance_step60,45,130.0,130.0,129.99999999999997,129.99999999999997,-2.842170943040401e-14,-3275483.7327483776,optimal,-3275253.5294059603,False,False,8000,8000,0.007937253733970806,0.010399061887352623,2.842170943040401e-14,0,0,,56.78921767445046,58.44717272868527,63.372777800977815,1.221344127067576e-05,1.3082428465613039e-05,1.8551986542778255e-05,56.78921767445044,58.447172728685246,63.372777800977794,1.2213441270675758e-05,1.3082428465613025e-05,1.855198654277821e-05,1.000588154251119,0.9999001526674044,3e111dcf17dc338b,754e28b6a78a0652,False,False
disturbance_step60,46,130.0,130.0,130.0,130.0,0.0,-3213479.9624020406,optimal,-3213242.9580649706,False,False,8000,8000,0.008051723091597296,0.010549073625822025,0.0,0,0,,58.02167234021292,59.6616991361294,64.52992981579379,1.283225903535136e-05,1.3952823801894359e-05,2.1094037516679137e-05,58.0216723402129,59.66169913612938,64.52992981579376,1.2832259035351359e-05,1.3952823801894344e-05,2.109403751667909e-05,1.0007657922929523,0.9999002569356484,6365a5580d323dd2,cac5606fbf1a766f,False,False
disturbance_step60,47,129.99999999999997,129.99999999999997,129.99999999999997,129.99999999999997,0.0,-3152507.0368123525,optimal,-3152265.4772166787,False,False,8000,8000,0.007699485266940087,0.011158942383855397,2.842170943040401e-14,0,0,,59.24080627823817,60.861573248056025,65.66914222531285,1.3629227439716847e-05,1.5076414058007539e-05,2.4431749600808675e-05,59.240806278238146,60.861573248056,65.66914222531283,1.362922743971684e-05,1.5076414058007507e-05,2.443174960080858e-05,1.0010013058592766,0.9999004361304307,a80b91b71a888a9b,98d76ebb64481322,False,False
disturbance_step60,48,130.0,130.0,130.0,130.0,0.0,-3092540.0715405596,optimal,-3092295.7738139913,False,False,8000,8000,0.0077581757215909875,0.011244003057282903,0.0,0,0,,60.44563150282925,62.04607084493373,66.79037712551897,1.4657239205824328e-05,1.6530593465596096e-05,2.8836727925755534e-05,60.44563150282923,62.0460708449337,66.79037712551894,1.4657239205824321e-05,1.6530593465596062e-05,2.8836727925755432e-05,1.0013157471013459,0.9999007477361714,f458595b6e0e2094,765dc5bb02dab7fc,False,False
disturbance_step60,49,130.0,130.0,130.00000000000003,130.0,0.0,-3033549.039859713,optimal,-3033303.968133181,False,False,8000,8000,0.00614826094926002,0.00891876508496825,2.842170943040401e-14,0,0,8.083184842014296e-05,61.63535669095369,63.214625663276244,67.89365282436219,1.5986343757010025e-05,1.8418955140258733e-05,3.468179049773321e-05,61.635356690953664,63.214625663276216,67.89365282436216,1.5986343757010012e-05,1.8418955140258686e-05,3.46817904977331e-05,1.0017384914685026,0.9999012963029393,813ab20b2ed52411,3e9c4186d9351778,False,False
disturbance_step60,50,130.0,130.0,130.0,130.0,0.0,-2975496.6937473565,optimal,-2975252.698437598,False,False,8000,8000,0.006192851485835149,0.008983448861815013,0.0,0,0,8.210695489401246e-05,62.809358627771545,64.3668063085973,68.97903535661558,1.771004879334599e-05,2.088118832276349e-05,4.248012413352589e-05,62.809358627771516,64.36680630859728,68.97903535661555,1.7710048793345962e-05,2.0881188322763388e-05,4.248012413352571e-05,1.00231055276414,0.9999022739641754,e8d31d8f3323ca2f,60f74433359076f7,False,False
disturbance_step60,51,130.0,130.0,130.0,130.0,0.0,-2918335.360449077,optimal,-2918094.170734893,False,False,8000,8000,0.008232075928759741,0.009991565385473855,2.842170943040401e-14,0,0,8.290082273258063e-05,63.967157802997406,65.50229669912932,70.04663175947266,1.9954127492003092e-05,2.4106900556497154e-05,5.2939230035971814e-05,63.96715780299738,65.50229669912929,70.04663175947263,1.9954127492003065e-05,2.4106900556497043e-05,5.293923003597161e-05,1.0030891393708201,0.9999040368563414,1c73594134e60f85,52169203f3eee38d,False,False
disturbance_step60,52,130.0,130.0,130.0,130.0,0.0,-2862001.953966233,optimal,-2861766.070880733,False,False,8000,8000,0.008278420049933288,0.01004782695720241,2.842170943040401e-14,0,0,,65.10839773149327,66.62087966539488,71.09658492755247,2.288892387473418e-05,2.835488283289929e-05,6.703486721298836e-05,65.10839773149324,66.62087966539485,71.09658492755244,2.288892387473413e-05,2.8354882832899107e-05,6.703486721298803e-05,1.0041538720862666,0.9999072494797795,eed460bd5363cee2,fa93da2f77d01f8c,False,False
disturbance_step60,53,130.0,130.0,129.99999999999997,129.99999999999997,-2.842170943040401e-14,-2806410.037221197,optimal,-2806182.6379615096,False,False,8000,8000,0.008324229414512274,0.010103439371943246,0.0,0,0,,66.23282762269277,67.72242340235866,72.12906995180523,2.6746518406205812e-05,3.397988237098351e-05,8.611184642383666e-05,66.23282762269274,67.72242340235863,72.1290699518052,2.6746518406205758e-05,3.397988237098323e-05,8.611184642383603e-05,1.0056152093333455,0.9999131572052078,7d353479f5c311a2,c9838459453bb2e6,False,False
disturbance_step60,54,130.0,130.0,130.0,130.0,0.0,-2751436.796862879,optimal,-2751223.765603296,False,False,8000,8000,0.0046428099604014506,0.006745677780311432,2.842170943040401e-14,0,0,8.148985988478328e-05,67.34028809419581,68.80687054634416,73.14429192629689,3.1844611049781495e-05,4.146967191003758e-05,0.00011202061419671508,67.34028809419578,68.80687054634413,73.14429192629686,3.1844611049781434e-05,4.146967191003722e-05,0.00011202061419671416,1.0076257803464352,0.9999240989587874,3747185d7dd4a0ac,7d68e915c24d091a,False,False
disturbance_step60,55,130.0,130.0,130.0,130.0,0.0,-2696900.8343173997,optimal,-2696714.1631807154,False,False,8000,8000,0.004654098874439683,0.006762080405802173,0.0,0,0,7.98210768937397e-05,68.43069970476235,69.87422973194207,74.1424852831402,3.8619637364567744e-05,5.1496155359949457e-05,0.00014730119077533538,68.43069970476232,69.87422973194204,74.14248528314018,3.8619637364567676e-05,5.149615535994904e-05,0.0001473011907753343,1.0103955169547845,0.9999444653498709,95d27f9b5ab57aae,63b9f5ab1bfae1ad,False,False
disturbance_step60,56,130.0,130.0,130.0,130.0,0.0,-2642522.566591518,optimal,-2642392.012203641,False,False,8000,8000,0.004665413630149828,0.0067785208129640395,0.0,0,0,7.747033905665478e-05,69.50405417141482,70.92456957340303,75.12391479571389,4.767250118687801e-05,6.498548706359971e-05,0.00019542929915612135,69.5040541714148,70.924569573403,75.12391479571386,4.7672501186877936e-05,6.498548706359914e-05,0.00019542929915611975,1.0142117107504625,0.9999824686862298,6ecfb77d92c1ff12,e25f0020ee03e46c,False,False
disturbance_step60,57,130.0,130.0,130.0,130.0,0.0,-2587849.9786919514,optimal,-2587852.278709716,False,False,8000,8000,0.004676871449419195,0.00679516940532654,2.842170943040401e-14,0,0,7.435225659793169e-05,70.56040823389368,71.95801511327059,76.08887847756213,5.983144181865133e-05,8.321377814267008e-05,0.0002611435762269551,70.56040823389365,71.95801511327056,76.0888784775621,5.983144181865115e-05,8.321377814266942e-05,0.00026114357622695323,1.0194654224269861,1.0000533494003485,979fe7f91d6fc742,fce5eef8c2a0cb28,False,False
disturbance_step60,58,130.0,130.0,130.0,130.0,0.0,-2532111.3979361337,optimal,-2532450.4965723576,False,False,8000,8000,0.004688659950730312,0.0068122989000602985,2.842170943040401e-14,0,0,7.031708711162001e-05,71.59988023965897,72.97474689074431,77.03771270348128,7.623802393224716e-05,0.00010793700677174491,0.0003508777483324832,71.59988023965894,72.97474689074429,77.03771270348125,7.623802393224696e-05,0.00010793700677174414,0.0003508777483324804,1.026686052093552,1.0001849912011342,0ecbd319d60dc190,a4e260fa49b903d4,False,False
disturbance_step60,59,130.0,130.0,130.0,130.0,0.0,-2473904.648564989,optimal,-2475842.0990077546,False,False,8000,8000,0.00738348115901033,0.01072769137207974,2.842170943040401e-14,0,0,,72.62264964699989,73.97500290738093,77.97079999456433,9.846413029699087e-05,0.00014156634928201114,0.00047332777320754406,72.62264964699986,73.9750029073809,77.9707999945643,9.84641302969905e-05,0.00014156634928201025,0.00047332777320754075,1.036586351208483,1.0003684865025209,dc137939ce547513,d36fe2365a97ecb0,False,False
disturbance_step60,60,130.0,130.0,130.0,130.0,0.0,-3345995.516935423,optimal,-3345780.296485368,False,False,8000,8000,0.006254309306555683,0.009064434151480505,0.0,0,0,6.493451645989952e-05,58.62895978704019,59.95908391297364,63.888580045541744,0.00012867025852995748,0.00018740344468097845,0.0006401914369111172,58.62895978704016,59.95908391297361,63.88858004554173,0.00012867025852995704,0.0001874034446809771,0.0006401914369111121,1.0037383227045942,0.9999061129981102,cd3f8358e987d9fb,3edb8edac4a5b491,False,False
disturbance_step60,61,130.0,130.0,130.0,130.0,0.0,-3285397.9935508687,optimal,-3285174.361011961,False,False,8000,8000,0.006348433807133347,0.009200849748435935,2.842170943040401e-14,0,0,6.908774315960868e-05,59.617804514945554,60.92535945578997,64.78433259412327,0.00013165092344799657,0.00019202816826026137,0.00065799152154091,59.617804514945526,60.925359455789945,64.78433259412324,0.00013165092344799613,0.00019202816826025996,0.0006579915215409048,1.004498007025866,0.9999087975838948,75e3d1119d819cd9,98d6524a4a4db181,False,False
disturbance_step60,62,130.0,130.0,130.0,130.0,0.0,-3225301.6161671816,optimal,-3225072.4102400756,False,False,8000,8000,0.008011854747053349,0.010496827160904054,0.0,0,0,,60.589894402254785,61.873844877618886,65.66784275654054,0.00013526370675729567,0.00019760719214877547,0.0006791469975475791,60.58989440225476,61.87384487761886,65.66784275654052,0.00013526370675729523,0.000197607192148774,0.0006791469975475738,1.005403863798955,0.9999126235445991,42a3e8496c6d05cf,efaae6df51cfb765,False,False
disturbance_step60,63,130.0,130.0,130.0,130.0,0.0,-3165746.7915638415,optimal,-3165515.8695732057,False,False,8000,8000,0.008177247160091383,0.009827332533538069,0.0,0,0,7.581151595117866e-05,61.54446422452463,62.80699325747215,66.53568085720025,0.00013963429768705906,0.00020432419936719263,0.0007042708242781449,61.5444642245246,62.80699325747213,66.53568085720022,0.00013963429768705857,0.00020432419936719114,0.000704270824278139,1.0064836358861171,0.9999180667887436,4017ee088f314d19,02c7adbdc1a86271,False,False
disturbance_step60,64,130.0,130.0,130.0,130.0,0.0,-3106755.0149287838,optimal,-3106526.6039928454,False,False,8000,8000,0.007738090958227417,0.011214894005274978,0.0,0,0,,62.48314190891632,63.72387640132331,67.38883755124014,0.0001449126914647806,0.00021240167424555948,0.0007340746906852203,62.4831419089163,63.72387640132329,67.38883755124013,0.00014491269146478013,0.00021240167424555793,0.0007340746906852139,1.0077721104828514,0.9999258109072152,3e8a6dfcda2e9ba3,030873798d5557e4,False,False
disturbance_step60,65,130.0,130.0,130.0,130.0,0.0,-3048313.2015297567,optimal,-3048093.6240822934,False,False,8000,8000,0.006133220382679383,0.008896947475445671,2.842170943040401e-14,0,0,8.03704507736627e-05,63.40565640577901,64.62523083478908,68.28537300921913,0.00015128081170993874,0.00022210534219838112,0.0007694075747355354,63.40565640577899,64.62523083478906,68.2853730092191,0.00015128081170993825,0.00022210534219837953,0.0007694075747355289,1.0093430235759828,0.9999370784874454,b132d847d73000bd,49c4baae971d8410,False,False
disturbance_step60,66,130.0,130.0,130.0,130.0,0.0,-2990389.009709388,optimal,-2990187.9242869364,False,False,8000,8000,0.006178760527575378,0.008963008854897758,2.842170943040401e-14,0,0,8.182298185791502e-05,64.31248693928104,65.5327261457309,69.20816389265494,0.00015895809894429458,0.00023375634956334363,0.0008117016647301294,64.31248693928103,65.53272614573088,69.20816389265492,0.000158958098944294,0.000233756349563342,0.0008117016647301225,1.0112713286094912,0.9999536323331998,06a4e3a81e6be6dd,8fbf13b25f49e1dd,False,False
disturbance_step60,67,130.0,130.0,130.0,130.0,0.0,-2932913.5591450264,optimal,-2932747.058595229,False,False,8000,8000,0.008218330849558697,0.009974879858316577,0.0,0,0,8.278099428273106e-05,65.2198661253965,66.44574192786799,70.15168242962643,0.00016821119825161655,0.0002477960608959814,0.0008626888748955491,65.21986612539648,66.44574192786797,70.1516824296264,0.00016821119825161595,0.0002477960608959795,0.0008626888748955416,1.0136596809054748,0.9999782597687736,d88d104d904767c6,9e250f169a204a54,False,False
disturbance_step60,68,130.0,130.0,130.0,130.0,0.0,-2875774.8222108893,optimal,-2875672.2402566485,False,False,8000,8000,0.008266374509631191,0.010033204826396691,0.0,0,0,,66.13150206350885,67.36810159590947,71.10489859034307,0.00017939639935809815,0.0002647799645724351,0.0009245603135961839,66.13150206350882,67.36810159590944,71.10489859034305,0.00017939639935809755,0.00026477996457243314,0.000924560313596176,1.0166335671342595,1.000015235855505,a86c176f4f65c3b5,55555347c07cbbac,False,False
disturbance_step60,69,130.0,130.0,130.0,130.0,0.0,-2818793.0632667397,optimal,-2818808.7140546134,False,False,8000,8000,0.00831436836899968,0.010091469402863318,0.0,0,0,,67.05119206327697,68.29807074175989,72.06186457118349,0.00019297094758267277,0.00028542712346317435,0.0010000246155650822,67.05119206327694,68.29807074175987,72.06186457118346,0.00019297094758267215,0.00028542712346317213,0.001000024615565074,1.0203561178925011,1.0000712469754964,07706959de5d5247,6d1b4972c49f24db,False,False
disturbance_step60,70,129.99999999999997,129.99999999999997,130.0,130.0,2.842170943040401e-14,-2761685.2739340994,optimal,-2761924.343367002,False,False,8000,8000,0.00464106159913058,0.00674314153619715,2.842170943040401e-14,0,0,8.16253097407887e-05,67.97862616760469,69.23441179319114,73.01742295359624,0.00020952829556562696,0.00031065472826407003,0.001092486532978023,67.97862616760467,69.23441179319111,73.01742295359622,0.00020952829556562629,0.0003106547282640677,0.0010924865329780145,1.025036548155856,1.000156719230873,adfd29a3a3f10634,fb4ccebfd6db7598,False,False
disturbance_step60,71,130.0,130.0,129.99999999999997,129.99999999999997,-2.842170943040401e-14,-2703997.547087964,optimal,-2704668.7927302797,False,False,8000,8000,0.004653272853644808,0.006760884975961723,2.842170943040401e-14,0,0,7.986224176368214e-05,68.91281079442138,70.174784077218,73.96837113486995,0.00022983289871542024,0.0003416410916242371,0.001206236214803697,68.91281079442135,70.17478407721799,73.96837113486994,0.00022983289871541924,0.00034164109162423425,0.001206236214803688,1.030946739009736,1.0002879346535019,cf1f25c64f8f8604,7cbd68ce331f66e2,False,False
disturbance_step60,72,130.0,130.0,130.0,130.0,0.0,-2644981.7571860626,optimal,-2647619.777447165,False,False,8000,8000,0.004665471511287933,0.0067786104610165765,2.842170943040401e-14,0,0,7.732305066963741e-05,69.85175874812636,71.11703887020282,74.91231789863815,0.0002548730428285285,0.00037990078410630123,0.001346718117046914,69.85175874812633,71.11703887020279,74.91231789863814,0.0002548730428285274,0.0003799007841062979,0.0013467181170469045,1.0384399266623487,1.0004000745359034,2e02de80856ffa79,68f9c22e3eec8e9d,False,False
disturbance_step60,73,130.0,130.0,130.0,130.0,0.0,-2583354.3023583246,optimal,-2590212.203404548,False,False,8000,8000,0.004677824901648364,0.006796561214867047,2.842170943040401e-14,0,0,7.390273817466713e-05,70.7933728315132,72.05901258555058,75.84768275534987,0.0002859281990441025,0.0004273887727824998,0.001520866652176391,70.79337283151317,72.05901258555055,75.84768275534985,0.00028592819904410115,0.00042738877278249626,0.0015208666521763809,1.0479764651395782,1.0005188856200162,53c7a07b7644bb33,7c47268959ddde4b,False,False
disturbance_step60,74,130.0,130.0,130.0,130.0,0.0,-2516801.2093165717,optimal,-2531795.455100223,False,False,8000,8000,0.004690522730328439,0.006815013002451131,2.842170943040401e-14,0,0,6.943378392422448e-05,71.73551972893112,72.99880294447459,76.77336161284565,0.0003246604692272039,0.0004866358136696462,0.0017375453938515194,71.7355197289311,72.99880294447458,76.77336161284563,0.00032466046922720245,0.0004866358136696416,0.0017375453938515085,1.0601564322801706,1.0006690141117685,3969f529bd12b452,07216ddd15446ceb,False,False
disturbance_step60,75,130.0,130.0,130.0,130.0,0.0,-2440894.2387671396,optimal,-2471797.612028994,False,False,8000,8000,0.007312537752426351,0.010624629271909214,2.842170943040401e-14,0,0,,72.67625526899549,73.93474459335147,77.68864963979865,0.0003732352377011845,0.0005609283084167929,0.002008109276572122,72.67625526899548,73.93474459335144,77.68864963979864,0.0003732352377011826,0.0005609283084167868,0.0020081092765721104,1.0757621475863723,1.0008590765288907,fc76c6ee38b7bb05,e5ab5d32f8810354,False,False
disturbance_step60,76,129.99999999999997,129.99999999999997,130.0,130.0,2.842170943040401e-14,-2361582.119730548,optimal,-2409474.4300939403,False,False,8000,8000,0.005810185284332192,0.008441816878326236,0.0,0,0,4.397181659135436e-05,73.61386548933406,74.8654598463914,78.59313444174542,0.0004344815776985251,0.0006545444385531455,0.0023471282542447116,73.61386548933405,74.86545984639139,78.59313444174539,0.00043448157769852304,0.0006545444385531376,0.0023471282542446986,1.0836785482033269,1.0010999889887182,28ce7a04984f21b4,ba4af993a710426e,False,False
disturbance_step60,77,130.0,130.0,130.0,130.0,0.0,-2273303.2656622976,optimal,-2343762.917651776,False,False,8000,8000,0.006641324364892398,0.009649415278968121,0.0,0,0,3.520550057152753e-05,74.54691667660829,75.78984983922197,79.48665703201615,0.0005121041666726845,0.0007730646510376109,0.0027733131750708557,74.54691667660828,75.78984983922196,79.48665703201614,0.0005121041666726823,0.0007730646510376023,0.0027733131750708414,1.089991761314452,1.0014055005033664,4f7860208c2435a4,194905f385612dca,False,False
disturbance_step60,78,130.0,130.0,130.0,130.0,0.0,-2170740.183774212,optimal,-2273346.4327608384,False,False,8000,8000,0.006419151135887091,0.009326621873021246,2.842170943040401e-14,0,0,2.2932765350960217e-05,75.4742639804756,76.70709967902272,80.36928281199525,0.0006109630682109495,0.0009237783852600391,0.0033106985694120955,75.47426398047558,76.7070996790227,80.36928281199522,0.0006109630682109456,0.0009237783852600296,0.003310698569412076,1.0961009031063647,1.001792815999307,d537d557b14afa75,40f846dfd10cfe56,False,False
disturbance_step60,79,130.0,130.0,130.0,130.0,0.0,-2048439.029391753,optimal,-2196423.0131109925,False,False,8000,8000,0.00501644859647854,0.00728859352000466,0.0,0,0,7.620349772000577e-06,76.39506051628615,77.61667651527146,81.24129737503371,0.0007374421043111894,0.0011162161056939136,0.003990148572089703,76.39506051628614,77.61667651527144,81.2412973750337,0.0007374421043111851,0.001116216105693903,0.003990148572089671,1.1019364098637252,1.0022833247316325,c02351622261b913,a72b760026d7ba7d,False,False
disturbance_step60,80,130.0,130.0,130.0,130.0,0.0,-1898931.0072628313,optimal,-2110568.7497275295,False,False,8000,8000,0.004686677873181111,0.006809468821790787,2.842170943040401e-14,0,0,-8.585717037137004e-07,77.30876227454942,78.51833648953128,82.10321542494486,0.0008999331093467245,0.001362843888124324,0.0048512698179288966,77.3087622745494,78.51833648953126,82.10321542494484,0.0008999331093467197,0.0013628438881243103,0.004851269817928862,1.1074478297420594,1.0029034637797694,3e7200a4e4b228a4,9bb01ad009e18322,False,False
disturbance_step60,81,130.0,130.0,130.0,130.0,0.0,-1712134.338946045,optimal,-2012476.0609952346,False,False,8000,8000,0.02104409220157777,0.030657685340997887,0.0,0,0,,78.21513978309748,79.41213896531706,82.95580553864036,0.001109471597068895,0.0016799692972920206,0.005944835977840658,78.21513978309747,79.41213896531703,82.95580553864033,0.0011094715970688897,0.0016799692972920052,0.005944835977840612,1.112606856447122,1.0036857776160166,e27d321134def99b,eefc2d9082fa3505,False,False
disturbance_step60,82,130.00000000000003,130.00000000000003,130.0,130.0,-2.842170943040401e-14,-1474461.833772423,optimal,-1897723.4209154113,False,False,8000,8000,0.027550495713441592,0.040029467488006176,0.0,0,0,,79.11429853506887,80.29847323522543,83.80012970776377,0.0013805707187173413,0.002088922468561407,0.007335856553786031,79.11429853506884,80.2984732352254,83.80012970776374,0.001380570718717335,0.002088922468561384,0.007335856553785979,1.1174092638116684,1.0046702860922847,c9eee1d097288297,0dc1d266fceb0805,False,False
disturbance_step60,83,130.0,130.0,130.0,130.0,0.0,-1167362.2066446436,optimal,-1760206.753760304,False,False,8000,8000,0.034235443741565064,0.04961777715682292,2.842170943040401e-14,0,0,,80.0067130977839,81.17810012307746,84.6376002080708,0.0017323158637796417,0.0026175974602227208,0.009107459150643177,80.00671309778387,81.17810012307743,84.63760020807078,0.001732315863779632,0.0026175974602226947,0.00910745915064312,1.1218760638489582,1.005906350913359,595492e8ce4ec026,90544fc75979f90f,False,False
disturbance_step60,84,130.0,130.0,130.0,130.0,0.0,-769526.9710543768,optimal,-1591315.2877458516,False,False,8000,8000,0.02890217156797803,0.04210700921819477,2.842170943040401e-14,0,0,,80.89327871821038,82.05221290871931,85.47005678585819,0.002189804145517457,0.003302468815431004,0.011365804379491596,80.89327871821035,82.05221290871928,85.47005678585816,0.0021898041455174393,0.0033024688154309747,0.011365804379491532,1.1260543570119668,1.0074553376527162,4498bee779a79318,6e3e6db1c99acaf0,False,False
disturbance_step60,85,126.0,126.0,130.0,130.0,4.0,-280853.19779297686,optimal,-1378537.4764199897,False,False,8000,8000,0.07709672122614109,0.11175711119041498,0.0,0,0,,81.7753857907046,82.9225227466158,86.29986925036461,0.0027860446808960215,0.00419124180883473,0.01424632177836472,81.77538579070458,82.92252274661577,86.2998692503646,0.002786044680896001,0.004191241808834696,0.014246321778364626,1.1300184581116464,1.009394514661167,de2c243f90541e7c,1ffaba89a885d944,True,False
disturbance_step60,86,126.0,126.0,129.99999999999997,129.99999999999997,3.9999999999999716,,infeasible,-1104008.4576174757,False,False,8000,8000,0.14943429395655983,0.2167733412434396,0.0,0,0,,82.65502404020272,83.79137604139086,87.13007264658519,0.0035644827710387527,0.005346359925044541,0.017921653560027187,82.65502404020269,83.79137604139085,87.13007264658518,0.0035644827710387293,0.005346359925044494,0.01792165356002708,1.1338719836240563,1.011822832976373,31d3d075ae8849ee,b9b27ba48b57668b,False,False
disturbance_step60,87,126.0,126.0,130.0,130.0,4.0,,infeasible,-743171.8488866938,False,False,8000,8000,0.48640280098328503,0.706742333901647,2.842170943040401e-14,0,0,,83.5349262273999,84.6619143655946,87.9645454840534,0.004582383380291408,0.006849693059162153,0.02261183563591442,83.53492622739988,84.66191436559458,87.96454548405339,0.004582383380291382,0.0068496930591620785,0.022611835635914297,1.1377517327885667,1.014869541900747,e9f3e283823ef513,c7a0b24592f6dfd1,False,False
disturbance_step60,88,126.0,126.0,125.99999999999996,126.0,0.0,,infeasible,-301966.194822308,False,False,8000,8000,3.08759594688172,4.608032946077777,0.0,0,0,,84.41876569862093,85.53829262116564,88.8082462642684,0.005915423168626342,0.008808887426151846,0.028597455867751514,84.41876569862092,85.53829262116562,88.80824626426839,0.005915423168626312,0.008808887426151761,0.028597455867751333,1.1418344546423964,1.0187071072576583,86024eaaf21b202c,d5f22b71fc8e5c3f,False,True
disturbance_step60,89,126.0,126.0,122.00000000000003,122.00000000000003,-3.9999999999999716,,infeasible,328093.8332137003,False,False,8000,8000,1.4705613116748992,1.7673056393955502,0.5810668965457637,0,0,,85.31142950104572,86.42597927122101,89.6675308810047,0.007664024625163831,0.011366112875054872,0.036236844774838586,85.31142950104572,86.425979271221,89.66753088100468,0.007664024625163796,0.011366112875054773,0.036236844774838385,1.1463480708360256,1.0235707778965584,d2e1cf165704f543,d9b59a2a3927cd26,False,True
disturbance_step60,90,126.0,126.0,130.02316207112912,126.00000000000003,2.842170943040401e-14,,infeasible,2138759.943368436,False,False,8000,8000,89.54781071656288,183.81267244399305,89.54781071656288,1,0,,86.21940095981535,87.33217585033769,90.53505065461769,0.009962272676885776,0.014710366359779816,0.045988831773921116,86.21940095981533,87.33217585033769,90.550584822329,0.009962272676885736,0.014710366359779677,0.045988831773920824,1.1514652988878273,1.0297886766472826,af0d41b01966e153,c7660b7412adab9d,False,True
disturbance_step60,91,126.0,126.0,129.2443216933793,129.2443216933793,3.2443216933793053,,infeasible,5317147.552352391,False,False,8000,8000,210.20000087118842,443.6259927325775,210.20000087118842,0,0,,87.15130627932051,88.26064189347115,91.42507938564252,0.012990780563354492,0.019095213479631782,0.058413914471472414,87.15130627932051,88.26641551954246,91.46802196134495,0.012990780563354445,0.019095213479631622,0.05844333001225473,1.1575697933115274,1.0378289927379187,a83d9f3dad233a67,3ca0ecd4070ec8c7,False,False
disturbance_step60,92,126.0,126.0,-183.89185127924836,125.2443216933793,-0.7556783066206947,,infeasible,11969992.80839361,False,False,8000,8000,466.4373691474875,963.2251390365407,466.4373691474875,1,0,,88.11442409430187,89.22381975995074,92.35213089880196,0.01699580561326558,0.024859993515115718,0.07422705846610622,88.11871589269505,89.24143967158615,92.43372999076676,0.016995805613265524,0.024865126397231457,0.07436312978508776,1.165157622954177,1.0483757134042226,fbe694d7eded14fb,6e705384175ef40f,False,True
disturbance_step60,93,126.0,126.0,-491.89388539307475,121.2443216933793,-4.755678306620695,,infeasible,37595659.98755009,False,False,8000,8000,894.4978671935371,1836.2048019677509,894.4978671935371,1,0,,89.12303593408657,90.23733839436258,93.33593149752892,0.022315113552254986,0.03246942897571382,0.09434191582406211,89.13735695783174,90.27452227710678,93.45055306516544,0.022318636677728407,0.032495913161903055,0.09474197125077732,1.1749413977110812,1.0624074147949818,def979799d38c488,56773c1a033f46cf,False,True
disturbance_step60,94,126.0,126.0,486.93387619806816,125.2443216933793,-0.7556783066206947,,infeasible,144828080.5454791,False,False,8000,8000,1656.5203131806109,4286.966736201412,1656.5203131806109,1,0,,90.19714226750943,91.32418086011708,94.40044398723722,0.029422883946140083,0.04257134917200707,0.11994127499279726,90.22901796543348,91.38377069754766,94.53018359377849,0.029442591420848485,0.04265919577798767,0.12082565705257267,1.1879281671843875,1.0813715176380154,f618f968cb68908e,6a23e39e8514049a,False,True
disturbance_step60,95,126.0,126.0,-2500.2214028870076,121.2443216933793,-4.755678306620695,,infeasible,-338279043.5717134,False,False,8000,8000,3606.873237810038,15103158734.995396,3606.873237810038,1,0,,91.36618550908834,92.51629924882943,95.57693069850603,0.039002220938413656,0.056094471696184346,0.15256907869300756,91.4203834070489,92.59634947519794,95.72322609087092,0.03907169607326806,0.0563178900441335,0.15416907115750922,1.2055976162951902,1.1076113852586733,45ddcb7cfa11a0e3,490046e7d3d34087,False,True
disturbance_step60,96,126.0,126.0,-4579.1681017662695,117.2443216933793,-8.755678306620695,,infeasible,-1438133162.6827407,False,False,8000,8000,6267.9227099847985,84358012283.31201,6267.9227099847985,1,0,,92.67311813950703,93.85995053590574,96.90691708187833,0.05207295883889386,0.07441556277750032,0.19425954695482603,92.75063672033843,93.96380785829106,97.08545332108503,0.05226109619113353,0.07489328690686889,0.1968864780580043,1.2301803577133177,1.1449821835848955,54e22edac8d14179,bc1c8292984f62c4,False,True
disturbance_step60,97,126.0,126.0,-9235.839921527015,113.2443216933793,-12.755678306620695,,infeasible,-8956843130.031399,False,False,8000,8000,12087.550073537672,200125108383.44907,12087.550073537672,1,0,,94.1831680993471,95.42447044222031,98.4468462463976,0.07022805029267601,0.0996651383207357,0.24770453215268745,94.28864412231292,95.56225286368367,98.66172945006241,0.07065847758767703,0.10060433887226254,0.25187414492474436,1.265110562690331,1.1998709513568302,801a1b964e662a50,ace62a6047914c7d,False,True
disturbance_step60,98,126.0,126.0,-21883.0729342072,109.2443216933793,-16.755678306620695,,infeasible,-107597216488.63358,False,False,8000,8000,26720.535712693913,411597098669.94885,26720.535712693913,1,0,,96.00077755287381,97.31950875311081,100.27361623934874,0.0961061259027455,0.13532221405733627,0.3164343901297057,96.14675275111702,97.50362404520806,100.51810435630192,0.09701323985011556,0.1371198024674185,0.3228288923367051,1.315646666967334,1.2834260664330166,84178b413d431bad,560e1fa029f5c92d,False,True
disturbance_step60,99,126.0,126.0,-57751.777684574765,105.2443216933793,-20.755678306620695,,infeasible,-2690872139464.3735,False,False,8000,8000,63059.68784076381,838093382395.1901,63059.68784076381,1,0,,98.30623781870527,99.7305198410352,102.48843791805177,0.13442724321734548,0.1874658667321102,0.4048595863658764,98.5141122278038,99.97937535574482,102.77202047863496,0.13630448013844548,0.19089662691752124,0.41411940587713736,1.3891059275282494,1.3987243900440731,bc6676efe36e77c1,d3a5ef4b3440c0ec,False,True
disturbance_step60,100,126.0,126.0,-144650.26907771153,101.2443216933793,-24.755678306620695,,infeasible,-153414837869485.06,False,False,8000,8000,153989.9780206388,1745175680095.3967,153989.9780206388,1,0,,101.44415894527894,102.99927391482542,105.20606110762006,0.19455216421798094,0.2676563654111766,0.51756033126921,101.75522068957864,103.35687292689842,105.5202239318256,0.19853240417594695,0.27429893402101385,0.5301524568629652,1.4902399183365382,1.555683175910924,dd36d1b2b4e82b13,c8f8cfc18ed4f94e,False,True
disturbance_step60,101,126.0,126.0,-171636.73839363674,97.2443216933793,-28.755678306620695,,infeasible,-149087054525487.78,False,False,8000,8000,171733.98271533012,1845678811214.3865,171646.73839363674,1,0,,106.17345625173476,107.8248441114663,108.48479919793635,0.29788337038735385,0.4001957470685914,0.6557396426489364,106.69442898298847,108.38513928227508,108.7795013242524,0.30693336165997753,0.41366680406398193,0.6708007631842801,1.5769711929129089,1.5521770055276813,7563df108c0afa8b,67a99a09f27db3e2,False,True
disturbance_step60,102,126.0,126.0,-185048.36716545912,93.2443216933793,-32.755678306620695,,infeasible,-173776334105679.6,False,False,8000,8000,185141.6114871525,2044001221996.367,185058.36716545912,1,0,,114.53030696806277,115.75876382533059,112.1133515844347,0.50404492155636,0.6402806867803641,0.8058934280083757,115.59236829361312,116.73176467202987,112.26239321276618,0.5278965823577503,0.6689633478059469,0.818952926100011,1.249661633276698,1.555347290724009,e9aa31f5ea3eac9f,f47477b071840445,False,True
disturbance_step60,103,126.0,126.0,-5100.8268210258075,89.2443216933793,-36.755678306620695,,infeasible,-1525002757.154152,False,False,8000,8000,6884.121208189668,296368257938.5549,6884.121208189668,1,0,,133.09719092073794,128.62495304770144,115.57384196448469,1.0,1.0,0.9239156097759786,135.82081208352218,129.76454853225795,115.52545882323446,1.0,1.0,0.9285381215988554,1.0508129656183118,1.1182926260278174,bda229f1302105cb,5dfce2339702ffe7,False,True
disturbance_step60,104,126.0,126.0,-325.3825917937428,85.2443216933793,-40.755678306620695,,infeasible,-2695180.6992744887,False,False,8000,8000,528.9433337145801,16521620280.87531,528.9433337145801,1,0,,129.77277346101073,125.43642006998827,119.70361100932762,1.0,1.0,0.9745872368219435,131.31891641917946,126.72321543224807,119.66675439109193,1.0,1.0,0.9745555076399026,0.9821088427287668,1.003995218174728,1fcc34bb3717f434,b55b7629a7c6f497,False,True
disturbance_step60,105,130.0,130.0,89.2443216933793,89.2443216933793,-40.755678306620695,-1553654.7744272007,optimal,-290651.12344327505,False,False,8000,8000,0.42820851377447866,0.6332980790495144,0.0,0,0,,126.54936510619652,124.91739561940284,119.26421494958583,1.0,1.0,0.9923886309108163,127.90272322141759,125.80861809633873,119.27989202810919,1.0,1.0,0.9923038582898246,0.9823018155567201,0.9852139717239886,25855a9165014048,b463eac5be6d4439,True,True
disturbance_step60,106,130.0,130.0,93.98952964693825,93.2443216933793,-36.755678306620695,-1577756.3225175214,optimal,-512294.8168720871,False,False,8000,8000,1.7610454473120853,2.720773126706976,0.0,1,0,,125.33624809192747,123.42282119764735,119.37521504156403,1.0,1.0,0.9952517018483498,126.34607980531288,124.16039055240977,119.0961485541099,1.0,1.0,0.9952199611100438,0.9823325620799538,0.9835663269846917,c85ba85a80dff9ce,12fbd419c5c9f2d2,False,True
disturbance_step60,107,130.0,130.0,97.2443216933793,97.2443216933793,-32.755678306620695,-1595390.3469707777,optimal,-630518.978960183,False,False,8000,8000,1.5157136605425734,2.197133385183194,0.0,0,0,,123.91391100793477,122.62960502695772,119.24297680597859,1.0,1.0,0.9967015421182106,124.72135774889065,123.09051107850722,118.65562828480893,1.0,1.0,0.9966316347040054,0.98234813763192,0.9829845125776172,b232d01f5c435702,2f0a6e4b4ca5e80c,False,True
disturbance_step60,108,130.00000000000003,130.00000000000003,101.84610121901592,101.2443216933793,-28.755678306620723,-1601515.444385215,optimal,-739344.0960786043,False,False,8000,8000,1.1914485840001845,1.878089775472481,2.842170943040401e-14,1,0,,122.95922806216979,121.84822924160729,119.24491891976616,1.0,1.0,0.9975344572986263,123.5090753750375,122.04832739880455,118.25129103178611,1.0,1.0,0.9974271011549912,0.9823503733088561,0.9827236284622917,1a397fd0f66a8361,f580f3efac72b26b,False,True
disturbance_step60,109,130.0,130.0,105.58593458942877,105.2443216933793,-24.755678306620695,-1539113.800886502,optimal,-857829.6421067367,False,False,8000,8000,0.7149452051373402,1.1268223988215755,2.842170943040401e-14,1,0,,122.13337219723866,121.29357779516779,119.19506902401436,1.0,1.0,0.9980768790648892,122.42323508337321,121.1799927822458,117.74872981659676,1.0,1.0,0.9979341628672486,0.9823484395331467,0.9825806217354472,87afdb1d0aa5d2c2,450ea1d895be5959,False,True
disturbance_step60,110,130.0,130.0,109.24432169337928,109.24432169337928,-20.755678306620723,-1415077.4532001535,optimal,-966543.73308072,False,False,8000,8000,0.2660359308578961,0.39696769162196865,0.0,0,0,,121.50911488980478,120.82574802580152,119.19493692528886,1.0,1.0,0.9984504389681288,121.49907663521509,120.36676523198125,117.2481172260068,1.0,1.0,0.9982775240612739,0.9823457232726106,0.9824962103272148,8f6d4bbdb52e71e6,a208cd39242e218d,False,True
disturbance_step60,111,130.0,130.0,113.35915895106987,113.24432169337928,-16.755678306620723,-1267696.596585427,optimal,-1059764.12904785,False,False,8000,8000,0.16694566375952036,0.2599696349554961,0.0,1,0,,121.00113727354507,120.47360886735474,119.2080796962782,1.0,1.0,0.9987220780131951,120.65737815994973,119.628498141711,116.74893475479038,1.0,1.0,0.9985233481539723,0.9823418182287351,0.9824402846061085,3f63569d6fa4f190,b4a63e1f454f1627,False,True
disturbance_step60,112,129.99999999999997,129.99999999999997,117.24432169337928,117.24432169337928,-12.755678306620695,-1124379.5059251273,optimal,-1135221.6609234915,False,False,8000,8000,0.15610661572560502,0.226450759005842,0.0,0,0,,120.60900145836078,120.19931412971661,119.2487872638273,1.0,1.0,0.9989268417516766,119.89256492914657,118.9406496553451,116.28284966485582,1.0,1.0,0.9987067046040785,0.9823360393352905,0.9823986150264942,41a0cf413320c2b4,5733f6fd5ca5d42e,False,True
disturbance_step60,113,130.0,130.0,121.24432169337929,121.24432169337928,-8.755678306620723,-996451.049442494,optimal,-1193456.0315031153,False,False,8000,8000,0.0570457227784118,0.08267694679049686,0.0,0,0,,120.30446226634125,119.99829883809173,119.30749501433473,1.0,1.0,0.9990859420710968,119.18496308723962,118.3066188750695,115.85798957417104,1.0,1.0,0.9988484495605975,0.9823269568061093,0.9823624871239568,828bb32b6357da32,1b56f9910aef5ae0,False,True
disturbance_step60,114,130.0,130.0,125.25541121193136,125.24432169337928,-4.755678306620723,-886807.7337985379,optimal,-1235543.077012201,False,False,8000,8000,0.034572296310969364,0.050231128473043896,0.0,1,0,,120.07687708968078,119.85533850337308,119.38430292939448,1.0,1.0,0.9992124676455614,118.53204995571916,117.72298677477455,115.48525160410216,1.0,1.0,0.9989613262066637,0.9823111628959447,0.9823244109027793,c110d770f96250d4,7e5a4f67d63217ff,False,True
disturbance_step60,115,130.0,130.0,129.24432169337928,129.24432169337928,-0.7556783066207231,-794376.1382605023,optimal,-1182380.4131610477,False,False,8000,8000,0.046975204512875735,0.06637259750204993,2.842170943040401e-14,0,0,,119.91219740017567,119.76260728406974,119.47530690859001,1.0,1.0,0.9993150474530498,117.9306365602084,117.19198839748458,115.1693409435608,1.0,1.0,0.9990535706501182,0.9822777791004108,0.9822957513769052,2ccf5332d633298c,08f92c54a49bb61e,False,True
disturbance_step60,116,130.0,130.0,130.0,130.0,0.0,-716683.8627093888,optimal,-1105974.52412711,False,False,8000,8000,0.04419010282130387,0.05930457397779865,0.0,0,0,,119.8010002751785,119.71142414001048,119.57864201804107,1.0,1.0,0.9993995347337999,117.38156584472625,116.71476091281991,114.91424761004141,1.0,1.0,0.9991306679984835,0.9821599069343911,0.9822465345588663,5588645893dfac47,d2eab24ba9866b9a,False,False
disturbance_step60,117,130.0,130.0,130.0,130.0,0.0,-651241.8652930906,optimal,-1039189.3047890204,False,False,8000,8000,0.08022419696040117,0.11436001087942049,2.842170943040401e-14,0,0,,119.73441426696931,119.69536565419588,119.69196256455876,1.0,1.0,0.9994700501293472,116.8858994645396,116.29339246045187,114.72202845131743,1.0,1.0,0.9991964014331782,0.9826095778074497,0.9820087675418715,5d229fe677fbbb06,3e55731896746ad6,False,False
disturbance_step60,118,130.0,130.0,130.0,130.0,0.0,-595806.2622890049,optimal,-981807.9254893223,False,False,8000,8000,0.07395689284091134,0.09884813488268396,2.842170943040401e-14,0,0,,119.70538766020834,119.70861412205913,119.81351801976582,1.0,1.0,0.9995295677113865,116.44546210737762,115.9295780334764,114.59406654106759,1.0,1.0,0.9992534486024979,0.9853463909003813,0.9829934981395269,f8eeb50b74506990,0d1a70fd832c7141,False,False
disturbance_step60,119,130.0,130.0,130.00000000000003,130.0,0.0,-548470.4747923356,optimal,-932202.269188067,False,False,8000,8000,0.07692311256420226,0.10282400786870216,2.842170943040401e-14,0,0,,119.70778603578997,119.74640484927622,119.941668900873,1.0,1.0,0.9995802877423808,116.0619820530602,115.6249448970118,114.53101688942401,1.0,1.0,0.9993037529326683,0.9875262976047274,0.9851481981031525,f68a07979b41a74f,e61a84b8b866b6e0,False,False
disturbance_step60,120,130.0,130.0,130.0,130.0,0.0,-507762.61838769866,optimal,-888835.2886173842,False,False,8000,8000,0.09692599274660552,0.14173539515226707,0.0,0,0,,119.736493153227,119.80462560802627,120.07505917029567,1.0,1.0,0.9996238706707873,115.7371124925933,115.38079649994657,114.53314633376104,1.0,1.0,0.9993487549255604,0.9892878612571675,0.9868663848565258,26fa66af308ee818,c308abd0e8ccd06f,False,False
disturbance_step60,121,130.0,130.0,130.0,130.0,0.0,-472519.8707656259,optimal,-850405.9819592267,False,False,8000,8000,0.1373879628528698,0.20014498651424528,2.842170943040401e-14,0,0,,119.78713910023137,119.8798154070585,120.21250568487719,1.0,1.0,0.9996615925597739,115.47224663778792,115.19818100056527,114.58779810288878,1.0,1.0,0.9993895430701798,0.9907295619669528,0.9882584043879343,eee16caf000338f9,03fb8ff8560dc02c,False,False
disturbance_step60,122,130.0,130.0,130.0,130.0,0.0,-441823.2874642544,optimal,-815939.195682313,False,False,8000,8000,0.14513098526720114,0.211424913765768,0.0,0,0,,119.85602960678888,119.96902204793884,120.35300932809511,1.0,1.0,0.9996944495485169,115.26852120650275,115.07318105597363,114.68296057568476,1.0,1.0,0.9994268906494058,0.9919227903744672,0.9894038919355653,19b56ee6d1257b01,523e1b973bbdf9c8,False,False
disturbance_step60,123,130.0,130.0,130.0,130.0,0.0,-414936.7052687052,optimal,-784621.5103931539,False,False,8000,8000,0.12288924802486179,0.1476870493812097,0.0,0,0,,119.94002201838238,120.06974343171407,120.49571668654823,1.0,1.0,0.9997232302722436,115.12331600377416,115.00074935743667,114.80857780223349,1.0,1.0,0.9994613523212948,0.9929202479062339,0.9903611304561195,71edbfbd3b21d791,14ce0f9c2e181f09,False,False
disturbance_step60,124,130.00000000000003,130.00000000000003,130.0,130.0,-2.842170943040401e-14,-391262.7461643081,optimal,-755831.2133970631,False,False,8000,8000,0.15721252988993228,0.22784972010954352,0.0,0,0,,120.03644983452794,120.17985215382666,120.63990606093007,1.0,1.0,0.9997485669080269,115.03220665077637,114.9748791129545,114.95721443498189,1.0,1.0,0.9994933333154166,0.9937614749898832,0.9911727918474587,87768d20fb051a79,9f6680ccd2a45af7,False,False
disturbance_step60,125,130.0,130.0,129.99999999999997,129.99999999999997,-2.842170943040401e-14,-370308.4698249358,optimal,-729078.306837952,False,False,8000,8000,0.18899497515656094,0.27636827529697783,0.0,0,0,,120.14304728921975,120.29754290474747,120.78496648431233,1.0,1.0,0.9997709719100044,114.98959248912651,114.98962071520475,115.12325901120344,1.0,1.0,0.9995231387662283,0.9944765804853491,0.9918705398429382,9bde975c4a59751a,cbfdad565b7ae940,False,False
disturbance_step60,126,127.55629888116543,127.55629888116543,130.0,130.0,2.443701118834568,-351666.21135900146,optimal,-704001.4516125986,False,False,8000,8000,0.22033867802414875,0.31962679009694295,0.0,0,0,,120.25789089465681,120.42128314038537,120.93038303274754,1.0,1.0,0.9997908648642804,114.98961347085199,115.03927993077521,115.30252384623596,1.0,1.0,0.9995510047393171,0.9950888021251261,0.9924780545351691,3c1eee5f25f5bac0,7b0e78c15c8ce5f9,False,False
disturbance_step60,127,123.55629888116545,123.55629888116545,130.0,130.0,6.443701118834554,-336135.2898808312,optimal,-680358.2371136921,False,False,8000,8000,0.1190238146739091,0.1733923135371116,0.0,0,0,,120.37934776924726,120.54977323517204,121.07572251993274,1.0,1.0,0.999808592434751,115.02653280547126,115.11866084055126,115.49180064105221,1.0,1.0,0.9995771188941962,0.9956162973692203,0.9930132301703294,e41367f7c7ce1335,77fad004b03b0730,True,False
disturbance_step60,128,119.55629888116547,119.55629888116547,130.0,130.0,10.443701118834525,-324702.79636534,optimal,-657926.6374169276,False,False,8000,8000,0.2259806486425333,0.3304525737476416,2.842170943040401e-14,0,0,,120.50603275573206,120.6819117331948,121.22062180326633,1.0,1.0,0.9998244433812604,115.09501575674646,115.22310524242292,115.68860374635261,1.0,1.0,0.999601634042781,0.9960734156208844,0.9934897004014932,36fa5d017295aac5,3bd987907e565db0,True,False
disturbance_step60,129,115.55629888116547,115.55629888116547,130.0,130.0,14.443701118834525,-317433.0902644531,optimal,-636526.0122477937,False,False,8000,8000,0.24859801807717474,0.36119543974694235,2.842170943040401e-14,0,0,,120.63677158494356,120.81676614539779,121.36477743835603,1.0,1.0,0.9998386600147618,115.19023048697305,115.34851096358472,115.89096911663893,1.0,1.0,0.9996246774322314,0.9964716157035653,0.9939179406414631,924c7d956c4ba6bd,a14aea1b9faa530e,True,False
disturbance_step60,130,112.599798406041,112.599798406041,130.0,130.0,17.400201593958997,-314074.43365890236,optimal,-616027.5891346338,False,False,8000,8000,0.27168609324111515,0.3937574209001413,0.0,0,0,,120.77056971384847,120.95354791838714,121.50793691871674,1.0,1.0,0.9998514470375818,115.30788755149419,115.49129931825868,116.097325791525,1.0,1.0,0.999646357172649,0.9968201364898378,0.9943060604137333,ec4ef845efd4110d,ba9d4ca25ac7180b,False,False
disturbance_step60,131,111.06741457694753,111.06741457694753,130.0,130.0,18.932585423052473,-313948.1238025568,optimal,-596335.5490505518,False,False,8000,8000,0.3116354570187383,0.4527844027784482,0.0,0,0,,120.90658572086487,121.09159117204577,121.64040090290365,1.0,1.0,0.9998629784403852,115.44422584499765,115.64837366771387,116.30640164975642,1.0,1.0,0.99966676681263,0.9971276699648461,0.994660384346283,e3e64599a9715933,5cb8d60ccd4c16e8,False,False
disturbance_step60,132,110.71877639253307,110.71877639253307,130.0,130.0,19.281223607466927,-316006.12193397846,optimal,-577387.1229319545,False,False,8000,8000,0.3143525445585311,0.4567321384810281,2.842170943040401e-14,0,0,,121.04410867235154,121.22680729131498,121.74931998136893,1.0,1.0,0.9998733901649458,115.59597819034914,115.81706853246888,116.51715815607436,1.0,1.0,0.999685988642521,0.9974014736892888,0.994985880513441,ea05639014b3715c,a1c2bab289c17eed,False,False
disturbance_step60,133,111.23253753495842,111.23253753495842,129.99999999999997,129.99999999999997,18.767462465041547,-319257.0240741682,optimal,-559115.6673751622,False,False,8000,8000,0.3009869893264465,0.4362235079014427,0.0,0,0,,121.17991685071611,121.3531069049609,121.82462683260664,1.0,1.0,0.9998827868724655,115.76032467959813,115.99509948920407,116.72874197305518,1.0,1.0,0.9997040961192483,0.9976470508121021,0.9952864801220369,16a105aa14d2f83e,436797f22c69d1ac,False,False
disturbance_step60,134,112.29058916510373,112.29058916510373,130.0,130.0,17.709410834896275,-322922.28395120444,optimal,-541459.7393863206,False,False,8000,8000,0.39739226900113067,0.5764635412029575,0.0,0,0,,121.30865688121712,121.463987974802,121.85871979853623,1.0,1.0,0.9998912545977536,115.93484345483228,116.18051498514102,116.94044920353089,1.0,1.0,0.9997211556644096,0.997868579897655,0.9955653178322066,df818b5a7735100a,1c78cfd038fcdd8c,False,False
disturbance_step60,135,113.62043130442386,113.62043130442386,130.0,130.0,16.37956869557614,-326453.5112906844,optimal,-524389.2650984923,False,False,8000,8000,0.3328128583366947,0.482435608456556,0.0,0,0,,121.42412153542647,121.55296669080214,121.85025995774319,1.0,1.0,0.999898868600789,116.11746225729811,116.37165238745258,117.15169792380196,1.0,1.0,0.9997372280096815,0.9980688986469679,0.9958249139225159,f90a9dd2c2d54bd9,33c90e17244bc366,False,False
disturbance_step60,136,115.01363603018876,115.01363603018876,130.0,130.0,14.986363969811237,-329511.61930901,optimal,-507883.5371823696,False,False,8000,8000,0.44002440035392,0.6393244997596215,0.0,0,0,,121.51989798924942,121.61557425540892,121.80377066653263,1.0,1.0,0.9999057015772432,116.30641332179104,116.56709848661762,117.36200682165646,1.0,1.0,0.9997523692091616,0.9982499320378794,0.9960673132006469,46f211857eb4445c,7d0b1ccc040f455a,False,False
disturbance_step60,137,116.3274291748945,116.3274291748945,130.0,130.0,13.672570825105495,-331928.73065609206,optimal,-491915.5935053625,False,False,8000,8000,0.37687842874039745,0.565707977129267,2.842170943040401e-14,0,0,,121.59101850178293,121.64996146758628,121.72746173763387,1.0,1.0,0.9999118273723823,116.50019244044354,116.76565465523647,117.57097818793049,1.0,1.0,0.9997666314043604,0.9984131152855226,0.9962941915000014,e16f09502f8d7b80,ffc6f994f626886e,False,False
disturbance_step60,138,117.47681829640636,117.47681829640636,130.0,130.0,12.523181703593636,-333664.28312867286,optimal,-476458.45550219645,False,False,8000,8000,0.4159064961706491,0.6111934074727863,0.0,0,0,,121.63483348439514,121.65685871097834,121.63099548721475,1.0,1.0,0.9999173206233588,116.69752255722382,116.96630636943556,117.77828419628362,1.0,1.0,0.9997800634038937,0.9985596912046013,0.9965069376379129,022d7d9bfc3a7ba2,eb59d6f1b356fb37,False,False
disturbance_step60,139,118.42260026156956,118.42260026156956,130.0,130.0,11.577399738430444,-334762.97812739917,optimal,-461524.07388436224,False,False,8000,8000,0.38363626242252735,0.5588761591811533,0.0,0,0,,121.65120583530454,121.63905988129041,121.52378610472886,1.0,1.0,0.9999222544646238,116.89732176817277,117.1681967560319,117.98365567737731,1.0,1.0,0.999792711123844,0.998690870079852,0.9967067166647359,2028705c2c72d2f5,0d7a2893fdea0078,False,False
disturbance_step60,140,119.15863537624756,119.15863537624756,130.0,130.0,10.84136462375244,-335318.8076781759,optimal,-447058.8027525034,False,False,8000,8000,0.36950166338127133,0.5463026127619548,0.0,0,0,,121.64217719623481,121.60073008493417,121.41392406552289,1.0,1.0,0.9999266979952832,117.09867544492407,117.3706037375214,118.1868728470084,1.0,1.0,0.9998046179232056,0.9988078914047003,0.9968945187495395,84b4763f190e8959,18ceb197addba928,False,False
disturbance_step60,141,119.70030750350361,119.70030750350361,130.0,130.0,10.299692496496391,-335447.07232737413,optimal,-433097.78486340906,False,False,8000,8000,0.49760122733993484,0.6752783395937412,0.0,0,0,,121.61136767662185,121.54670414693976,121.30766041613707,1.0,1.0,0.9999307143689805,117.30081209090945,117.57292035920878,118.38775758452844,1.0,1.0,0.9998158248604787,0.9989120264186255,0.9970711969828818,662cf052c875e050,d654530bfea91a6d,False,False
disturbance_step60,142,120.05940177255043,120.05940177255043,130.0,130.0,9.94059822744957,-335264.5543084014,optimal,-419597.1633002397,False,False,8000,8000,0.46602703436457205,0.689013863644063,2.842170943040401e-14,0,0,,121.56330033915333,121.48189178658532,121.20930523746713,1.0,1.0,0.9999343597510384,117.50308252100538,117.77463789658486,118.58616696476489,1.0,1.0,0.999826370891264,0.9990045526215119,0.997237496593887,6b71422435eefd34,06684977d2ff5658,False,False
disturbance_step60,143,120.27957665761902,120.27957665761902,130.0,130.0,9.720423342380982,-334884.5202307645,optimal,-406579.0791616651,False,False,8000,8000,0.49157573271742194,0.7443928778672397,0.0,0,0,,121.5027856659156,121.41083614423243,121.12139552723701,1.0,1.0,0.9999376830464716,117.7049419608402,117.97533137739202,118.78198781481184,1.0,1.0,0.9998362930220303,0.9990867198363095,0.9973940774996657,83760171064ab1b1,fe94b8fbea77485e,False,False
disturbance_step60,144,120.40315049496033,120.40315049496033,130.00000000000003,130.0,9.596849505039671,-334401.27064683044,optimal,-394006.49613782973,False,False,8000,8000,0.5479927967322027,0.7983085347904053,2.842170943040401e-14,0,0,,121.43443541175313,121.33743409541086,121.04500706962959,1.0,1.0,0.9999407261815206,117.90593469039285,118.17464718950457,118.97513211808663,1.0,1.0,0.9998456264316468,0.9991597187977392,0.9975415316705777,b9affd5c5e7f998b,03661c95f4ff9a16,False,False
disturbance_step60,145,120.4623079907337,120.4623079907337,130.0,130.0,9.537692009266294,-333881.77648988884,optimal,-381891.9146672873,False,False,8000,8000,0.4721284868249569,0.6877904260408032,0.0,0,0,,121.36232992925879,121.26479969413543,120.98011755346113,1.0,1.0,0.9999435247178389,118.1056808910768,118.37229248469238,119.16553312406975,1.0,1.0,0.9998544045695126,0.9992246571800855,0.9976803964650194,90f8f83b5063d578,a1a457c617e0bf44,False,False
disturbance_step60,146,120.48090028164344,120.48090028164344,130.0,130.0,9.519099718356557,-333369.87078127015,optimal,-370227.48970568384,False,False,8000,8000,0.39753626451448554,0.5813190104554309,0.0,0,0,,121.28983127742048,121.19524043989877,120.92595876436359,1.0,1.0,0.9999461086241107,118.3038653933201,118.56802612456487,119.35314204951689,1.0,1.0,0.9998626592369688,0.9992825443847325,0.9978111648349747,ebf872c7638742b5,d28052c7dc7684d2,False,False
disturbance_step60,147,120.47604243267696,120.47604243267696,130.00000000000003,130.0,9.523957567323038,-332892.0083016117,optimal,-358991.5704023716,False,False,8000,8000,0.41779983735081316,0.6086451764217093,2.842170943040401e-14,0,0,,121.2195176132741,121.1303126242913,120.88126119535733,1.0,1.0,0.9999485030843198,118.50022805828903,118.76165094851906,119.53792527763096,1.0,1.0,0.9998704206570136,0.9993342861827219,0.9979342931085522,42eee2059e648ee9,7ec37df67f3b2d1f,False,False
disturbance_step60,148,120.45954089168373,120.45954089168373,128.76655296850217,128.76655296850217,8.307012076818438,-332462.105776012,optimal,-348188.1800468198,False,False,8000,8000,0.38903307849781754,0.5717016010839044,0.0,0,0,,121.15320749487519,121.07090206620664,120.84455865879809,1.0,1.0,0.9999507292510504,118.69455556172815,118.95300717343096,119.71986197793001,1.0,1.0,0.999877717536038,0.9993806821947157,0.9980502069030852,0a4891891fde6f4a,dd94aa6b45a85fd5,False,False
disturbance_step60,149,120.43913606486967,120.43913606486967,126.50349691661505,126.50349691661505,6.064360851745377,-332085.4162124412,optimal,-338389.8918943769,False,False,8000,8000,0.30195034662881426,0.46613734174715926,0.0,0,0,,121.09202613291193,121.01736708159926,120.81439664870192,1.0,1.0,0.9999528049454587,118.8866743789359,119.1419667613034,119.89894208242826,1.0,1.0,0.9998845771202951,0.9994224294573941,0.9981593056033935,84be84d53fd68f84,834630c97de93265,False,False
disturbance_step60,150,120.41955283642436,120.41955283642436,123.8338674674087,123.8338674674087,3.414314630984336,-331761.535073278,optimal,-330360.08470500074,False,False,8000,8000,0.2433309783162727,0.35266206416347945,0.0,0,0,,121.03652867039838,120.96967724383441,120.78945661554933,1.0,1.0,0.9999547452697067,119.07644479754326,119.32842861420568,120.07516456417088,1.0,1.0,0.9998910252490322,0.9994601297096298,0.9982619657455123,968aab9045462d43,fc50014e7757ba88,False,False
disturbance_step60,151,120.40336083154473,120.40336083154473,121.22038422658815,121.22038422658815,0.8170233950434209,-331486.6498998323,optimal,-324521.2652149948,False,False,8000,8000,0.23575044078442886,0.34855335237979723,0.0,0,0,,120.98683496984259,120.92754100641854,120.76861119605555,1.0,1.0,0.9999565631210223,119.26375580904643,119.51231447592443,120.24853597268473,1.0,1.0,0.9998970864056235,0.9994942989777481,0.9983585435718646,ed983b1735fd8969,747a3664b980c2b5,False,False
disturbance_step60,152,120.39165702406952,120.39165702406952,118.95932333585262,118.95932333585262,-1.4323336882169002,-331255.1638096395,optimal,-320901.84983960073,False,False,8000,8000,0.16043450126431935,0.24081766319176,0.0,0,0,,120.9427590747629,120.89050908206859,120.75093782055973,1.0,1.0,0.9999582696096964,119.44852075120608,119.69356543709256,120.41906918795422,1.0,1.0,0.9999027837675837,0.9995253779392201,0.9984493769649048,6a386482b8a16309,bdc34974263ff9e5,False,False
disturbance_step60,153,120.38458978349263,120.38458978349263,117.31297220952813,117.31297220952813,-3.0716175739645024,-331060.8156969438,optimal,-319288.913338429,False,False,8000,8000,0.24641110927525745,0.29613436690774897,0.0,0,0,,120.90391928293724,120.85805415023202,120.73570712508818,1.0,1.0,0.9999598743926614,119.63067359175284,119.87213895550016,120.58199221713886,1.0,1.0,0.9999081392560089,0.9995537421813186,0.998535070808655,2764db21253c9a3c,7c3d71e65a1d22b1,False,False
disturbance_step60,154,120.38174713687076,120.38174713687076,116.33121744747946,116.33121744747946,-4.050529689391297,-330897.409888654,optimal,-319284.24499336473,False,False,8000,8000,0.3140746115515469,0.45632830575962835,0.0,0,0,,120.8698256474271,120.82962791869043,120.72235907912108,1.0,1.0,0.9999613859365581,119.81016575964506,120.0462259506333,120.72998105235142,1.0,1.0,0.999913170453662,0.9995797117694131,0.9986163193639216,5d1ff55366bcba3c,a1964244ebdf7280,False,False
disturbance_step60,155,120.38243291722165,120.38243291722165,115.93535433757641,115.93535433757641,-4.447078579645236,-330759.2525031789,optimal,-320395.42884102365,False,False,8000,8000,0.3056481282102794,0.4452640678229125,0.0,0,0,,120.83994485059846,120.80469941776701,120.71047435618647,1.0,1.0,0.9999628117240879,119.98564001721961,120.212621927336,120.85581009204574,1.0,1.0,0.9999178901098501,0.9996035598408206,0.9986937446485588,759c892e4f225084,d61778e6d9af97d3,False,False
disturbance_step60,156,120.38585356867922,120.38585356867922,115.99719170522597,115.99719170522597,-4.388661863453251,-330641.37594477815,optimal,-322163.832575405,False,False,8000,8000,0.3257472141681603,0.4745441440287017,0.0,0,0,,120.81374532016048,120.78277829984484,120.69974576231772,1.0,1.0,0.9999641584157607,120.15436597644968,120.36731443016103,120.95427407481297,1.0,1.0,0.9999223076025469,0.999625520111433,0.9987677840915727,030309b6fd3a4f78,0a1899f56da939ad,False,False
disturbance_step60,157,120.39123625352127,120.39123625352127,116.36737689867732,116.36737689867732,-4.02385935484395,-330539.6172300435,optimal,-324201.499386235,False,False,8000,8000,0.33043588122217216,0.4789900132164471,0.0,0,0,,120.79072612799413,120.76342696843298,120.68995225219562,1.0,1.0,0.9999654319771393,120.31266023038641,120.50632417970864,121.02291651652301,1.0,1.0,0.9999264311664199,0.9996457933026408,0.9988386648801729,efb602353b2005d8,8f9f474fedcb2ed7,False,False
disturbance_step60,158,120.39789613846412,120.39789613846412,116.9213544042641,116.9213544042641,-3.476541734200026,-330450.6015016307,optimal,-326229.6724705363,False,False,8000,8000,0.30197794582262816,0.43991739316267253,0.0,0,0,,120.77043342325494,120.74626477456215,120.68093675833774,1.0,1.0,0.9999666377796619,120.45661943665498,120.62634784572303,121.06241829614319,1.0,1.0,0.9999302698207444,0.9996645525611286,0.9989064140380937,04a262b2716bfb26,d8f05f3739d69564,False,False
disturbance_step60,159,120.4052677205176,120.4052677205176,117.54812492734251,117.54812492734251,-2.857142793175086,-330371.6694392307,optimal,-328050.7957780032,False,False,8000,8000,0.29957788729107904,0.43642101956018475,0.0,0,0,,120.75246776937577,120.73096696125951,120.67258816011508,1.0,1.0,0.9999677806813576,120.58278626913038,120.72533991162685,121.07597763484267,1.0,1.0,0.9999338347568288,0.9996819479788457,0.9989709249373926,ce5d67f0d964e6e8,636f245836565119,False,False
