scenario,step,Ta_cvx_raw,Ta_cvx_applied,Ta_snn_raw,Ta_snn_applied,control_diff_e_u,cvxpy_objective,cvxpy_status,snn_objective,snn_converged,snn_verified_converged,snn_iterations,snn_max_iterations,snn_constraint_residual,snn_constraint_residual_scaled,snn_bound_violation,snn_clipped,cvxpy_clipped,objective_gap_snn_vs_reference,Tc1_cvx,Tc2_cvx,Tc3_cvx,alpha1_cvx,alpha2_cvx,alpha3_cvx,Tc1_snn,Tc2_snn,Tc3_snn,alpha1_snn,alpha2_snn,alpha3_snn,rho_Ap_cvx,rho_Ap_snn,qp_fingerprint_cvx,qp_fingerprint_snn,slew_saturated_cvx,slew_saturated_snn
nominal_heatup,0,32.0,32.0,32.0,32.0,0.0,-95998.82400563429,optimal,-96015.17320534943,False,False,8000,8000,0.008296790798013376,0.012086652467869108,10.0,0,0,,28.0,28.0,28.0,1e-05,1e-05,1e-05,28.0,28.0,28.0,1e-05,1e-05,1e-05,1.0000008521941652,1.0000008521941652,cf16d6dcdbba5e96,cf16d6dcdbba5e96,True,True
nominal_heatup,1,36.0,36.0,36.0063492855756,36.0,0.0,-106602.11836433185,optimal,-106627.82430384892,False,False,8000,8000,0.01285296705363237,0.01867445630775233,10.0,1,0,,28.000000056399145,28.000000056399145,28.000000056399145,1.0001630922571259e-05,1.0001630922571259e-05,1.0001630922571259e-05,28.000000056399145,28.000000056399145,28.000000056399145,1.0001630922571259e-05,1.0001630922571259e-05,1.0001630922571259e-05,1.0000008522669996,1.0000008522669996,2e328ea56c7cd9b6,2e328ea56c7cd9b6,True,True
nominal_heatup,2,40.00000000000001,40.00000000000001,40.00000000000001,40.0,-7.105427357601002e-15,-117129.27120926857,optimal,-117145.47386388177,False,False,8000,8000,0.011575759715157119,0.01692728171787916,10.0,0,0,,28.000000112803107,28.000000112803107,28.000000091841084,1.0003261984532805e-05,1.0003261984532805e-05,1.0003261984532805e-05,28.000000112803107,28.000000112803107,28.000000091841084,1.0003261984532805e-05,1.0003261984532805e-05,1.0003261984532805e-05,1.0000008523398338,1.0000008523398338,27471e481eb0037c,27471e481eb0037c,True,True
nominal_heatup,3,44.00000000000001,44.00000000000001,44.0041093418828,44.0,-7.105427357601002e-15,-127560.71461505513,optimal,-127579.17419334351,False,False,8000,8000,0.004170190374530591,0.00851677223239733,10.0,1,0,-0.00014471209528826843,28.00000016921189,28.00000016142088,28.000000128607986,1.0004893185885736e-05,1.0004893185885736e-05,1.0004893185878145e-05,28.00000016921189,28.00000016142088,28.000000128607986,1.0004893185885736e-05,1.0004893185885736e-05,1.0004893185878145e-05,1.000000852412668,1.000000852412668,bc7dc74b29c7a69b,bc7dc74b29c7a69b,True,True
nominal_heatup,4,48.00000000000001,48.00000000000001,48.0,48.0,-7.105427357601002e-15,-137877.66932309937,optimal,-137886.7249322235,False,False,8000,8000,0.00585802265730706,0.008566210967572374,10.0,0,0,-6.567857702112633e-05,28.00000021983408,28.000000208534534,28.00000016274716,1.0006524526631151e-05,1.0006524526628329e-05,1.0006524526608854e-05,28.00000021983408,28.000000208534534,28.00000016274716,1.0006524526631151e-05,1.0006524526628329e-05,1.0006524526608854e-05,1.000000852485502,1.000000852485502,167f22f2007b1b7b,167f22f2007b1b7b,True,True
nominal_heatup,5,52.000000000000014,52.000000000000014,52.0039350675811,52.0,-1.4210854715202004e-14,-148066.06891524495,optimal,-148079.47576223998,False,False,8000,8000,0.003969575670211611,0.00815558190657839,10.0,1,0,-9.054638306587493e-05,28.00000026785304,28.000000252134775,28.015534364180088,1.0008156006768049e-05,1.0008156006761134e-05,1.0008156006725072e-05,28.00000026785304,28.000000252134775,28.015534364180088,1.0008156006768049e-05,1.0008156006761134e-05,1.0008156006725072e-05,1.0000008535389835,1.0000008535389835,f94c35af10199129,f94c35af10199129,True,True
nominal_heatup,6,56.000000000000014,56.000000000000014,56.00000000000001,56.0,-1.4210854715202004e-14,-158106.71679597168,optimal,-158117.4456574934,False,False,8000,8000,0.0067255866524220664,0.009771803939144341,10.0,0,0,-6.785835377000401e-05,28.000000312592185,28.00577391978186,28.057459750004423,1.000978762629658e-05,1.000978762628397e-05,1.0009793262776227e-05,28.000000312592185,28.00577391978186,28.057459750004423,1.000978762629658e-05,1.000978762628397e-05,1.0009793262776227e-05,1.0000008566302483,1.0000008566302483,bdbed9df60d2468d,bdbed9df60d2468d,True,True
nominal_heatup,7,60.00000000000002,60.00000000000002,60.003266910003596,60.0,-2.1316282072803006e-14,-167979.73405210197,optimal,-167991.49622779712,False,False,8000,8000,0.006533951142714045,0.009493371034273501,10.0,1,0,-7.002139729287645e-05,28.004292153377847,28.022838296226645,28.135109522234508,1.001141938521665e-05,1.0011421478125678e-05,1.0011445967490528e-05,28.004292153377847,28.022838296226645,28.135109522234508,1.001141938521665e-05,1.0011421478125678e-05,1.0011445967490528e-05,1.0000008630022164,1.0000008630022164,c9740d78ed75e56b,c9740d78ed75e56b,True,True
nominal_heatup,8,64.00000000000003,64.00000000000003,64.00321691336801,64.0,-2.842170943040401e-14,-177665.40055867797,optimal,-177676.1074502337,False,False,8000,8000,0.006433955864721952,0.009348084934823753,10.0,1,0,-6.026435942037954e-05,28.01807839987666,28.057673407757182,28.254795432951447,1.0013052839181873e-05,1.0013061671269752e-05,1.0013127537634136e-05,28.01807839987666,28.057673407757182,28.254795432951447,1.0013052839181873e-05,1.0013061671269752e-05,1.0013127537634136e-05,1.0000008738881738,1.0000008738881738,862a0937b312a227,862a0937b312a227,True,True
nominal_heatup,9,68.00000000000003,68.00000000000003,68.00318232172191,68.0,-2.842170943040401e-14,-187142.34228568219,optimal,-187146.79462151762,False,False,8000,8000,0.006364771184081519,0.009247564464330615,10.0,1,0,-2.3791172970715984e-05,28.047511223592842,28.11622195693027,28.42117301871507,1.0014691440074805e-05,1.0014714737108251e-05,1.0014854481868797e-05,28.047511223592842,28.11622195693027,28.42117301871507,1.0014691440074805e-05,1.0014714737108251e-05,1.0014854481868797e-05,1.0000008905547881,1.0000008905547881,93173fa1627b55b6,93173fa1627b55b6,True,True
nominal_heatup,10,72.00000000000003,72.00000000000003,72.0,72.0,-2.842170943040401e-14,-196384.77948680348,optimal,-196381.0597775191,False,False,8000,8000,0.005336237976123925,0.007733864025650128,10.0,0,0,1.8940924515656822e-05,28.098587088330618,28.204026095810903,28.637444447596287,1.0016340922523065e-05,1.0016389563010768e-05,1.0016646422525322e-05,28.098587088330618,28.204026095810903,28.637444447596287,1.0016340922523065e-05,1.0016389563010768e-05,1.0016646422525322e-05,1.0000009143124624,1.0000009143124624,8b4cfa82049e50f8,8b4cfa82049e50f8,True,True
nominal_heatup,11,76.00000000000003,76.00000000000003,76.0,76.0,-2.842170943040401e-14,-205373.05778345736,optimal,-205363.06009199104,False,False,8000,8000,0.004534639992115785,0.006572099906574813,10.0,0,0,4.868063792885557e-05,28.17696474743232,28.325927123648107,28.905878723964744,1.001800935059378e-05,1.0018097472067574e-05,1.0018526362451092e-05,28.17696474743232,28.325927123648107,28.905878723964744,1.001800935059378e-05,1.0018097472067574e-05,1.0018526362451092e-05,1.0000009465851527,1.0000009465851527,8ea45fc491ca365b,8ea45fc491ca365b,True,True
nominal_heatup,12,80.00000000000001,80.00000000000001,80.0,80.0,-1.4210854715202004e-14,-214088.40840139062,optimal,-214075.31886759208,False,False,8000,8000,0.008603136487408847,0.012580402372588395,10.0,0,0,,28.287695303581557,28.48611411336325,29.228022559149494,1.0019707186055292e-05,1.0019852307914455e-05,1.0020521334415317e-05,28.287695303581557,28.48611411336325,29.228022559149494,1.0019707186055292e-05,1.0019852307914455e-05,1.0020521334415317e-05,1.000000988985778,1.000000988985778,b37574cac608723e,b37574cac608723e,True,True
nominal_heatup,13,84.00000000000001,84.00000000000001,84.0,84.0,-1.4210854715202004e-14,-222512.43116136317,optimal,-222489.50990331252,False,False,8000,8000,0.0076474780356932115,0.011085556422743004,10.0,0,0,,28.435189073687383,28.68811443723295,29.60491107244096,1.0021447366458453e-05,1.0021670668093506e-05,1.002266335713411e-05,28.435189073687383,28.68811443723295,29.60491107244096,1.0021447366458453e-05,1.0021670668093506e-05,1.002266335713411e-05,1.0000010434153785,1.0000010434153785,d70bd621a1477565,d70bd621a1477565,True,True
nominal_heatup,14,88.0,88.0,88.0,88.0,0.0,-230627.10977855098,optimal,-230604.21017407032,False,False,8000,8000,0.008289626880880974,0.01212195596760779,10.0,0,0,,28.623200041918288,28.934857331659494,30.03718676868891,1.0023245495954168e-05,1.0023572281445382e-05,1.0024990765584491e-05,28.623200041918288,28.934857331659494,30.037186768688905,1.0023245495954168e-05,1.0023572281445382e-05,1.0024990765584491e-05,1.0000011121797336,1.0000011121797336,7834316f3b56273f,7834316f3b56273f,True,True
nominal_heatup,15,91.99999999999999,91.99999999999999,92.0,92.0,1.4210854715202004e-14,-238414.82183393,optimal,-238389.81992151958,False,False,8000,8000,0.004688920599747348,0.006816363639742917,10.0,0,0,0.00010486727384718859,28.854869120086413,29.22872865371056,30.525195733226727,1.0025120171607514e-05,1.0025580580941484e-05,1.0027549973976509e-05,28.854869120086413,29.22872865371056,30.525195733226727,1.0025120171607514e-05,1.0025580580941484e-05,1.0027549973976509e-05,1.0000011981334345,1.0000011981334345,462c1250876883bb,462c1250876883bb,True,True
nominal_heatup,16,96.0,96.0,96.0,96.0,0.0,-245858.3444549164,optimal,-245834.68019544368,False,False,8000,8000,0.004965230290764566,0.007196158810143238,10.0,0,0,9.625160181234254e-05,29.132775953652295,29.571636766375924,31.069051976588753,1.0027093488534011e-05,1.0027723503453636e-05,1.0030397793205575e-05,29.132775953652295,29.571636766375924,31.069051976588753,1.0027093488534011e-05,1.0027723503453636e-05,1.0030397793205575e-05,1.0000013048593073,1.0000013048593073,008772fb4277ad19,008772fb4277ad19,True,True
nominal_heatup,17,100.0,100.0,100.00414536385335,100.0,0.0,-252940.85657528054,optimal,-252920.89497844313,False,False,8000,8000,0.008318436061315992,0.01211818499518813,10.0,1,0,,29.459001193484145,29.965072618383886,31.66868726952701,1.0029191757879237e-05,1.0030034571632905e-05,1.0033604465787608e-05,29.459001193484145,29.965072618383886,31.66868726952701,1.0029191757879237e-05,1.0030034571632905e-05,1.0033604465787608e-05,1.0000014368973875,1.0000014368973875,fae74bf2bc99669f,fae74bf2bc99669f,True,True
nominal_heatup,18,104.00000000000001,104.00000000000001,104.00409609386556,104.0,-1.4210854715202004e-14,-259645.93848475255,optimal,-259625.54743926815,False,False,8000,8000,0.007890343354915785,0.011494545338461393,10.0,1,0,,29.83518713825559,30.410166831002797,32.32388788410938,1.0031446486637145e-05,1.003255432719756e-05,1.0037257650833878e-05,29.83518713825559,30.410166831002797,32.32388788410938,1.0031446486637145e-05,1.003255432719756e-05,1.0037257650833878e-05,1.0000016000414043,1.0000016000414043,a2d55434f5188a28,a2d55434f5188a28,True,True
nominal_heatup,19,108.00000000000001,108.00000000000001,108.0,108.0,-1.4210854715202004e-14,-265957.5692540158,optimal,-265936.6619761487,False,False,8000,8000,0.007193120867142966,0.00942798313338944,10.0,0,0,7.861132858795628e-05,30.26259573381852,30.907740544433675,33.03432342597463,1.0033895682563044e-05,1.0035332213742204e-05,1.0041467676231376e-05,30.26259573381852,30.907740544433675,33.03432342597463,1.0033895682563044e-05,1.0035332213742204e-05,1.0041467676231376e-05,1.0000018017276073,1.0000018017276073,000965a73a098465,000965a73a098465,True,True
nominal_heatup,20,112.0,112.0,112.0,112.0,0.0,-271860.12251244276,optimal,-271844.9455257079,False,False,8000,8000,0.007554437359672761,0.009901003862904822,10.0,0,0,5.58264544079856e-05,30.742161255455276,31.45835074073644,33.799569377951165,1.0036585572181912e-05,1.0038429042220354e-05,1.0046374493864521e-05,30.742161255455276,31.45835074073644,33.799569377951165,1.0036585572181912e-05,1.0038429042220354e-05,1.0046374493864521e-05,1.000002051549314,1.000002051549314,62a5fbdd6bc61302,62a5fbdd6bc61302,True,True
nominal_heatup,21,116.0,116.0,116.0,116.0,0.0,-277338.3609672305,optimal,-277330.4310638856,False,False,8000,8000,0.005418675202548684,0.007504483135318374,10.0,0,0,2.8592883138256067e-05,31.274537519628144,32.06232983559645,34.619125239305966,1.0039572851893256e-05,1.0041920221372836e-05,1.0052156935043224e-05,31.274537519628144,32.06232983559645,34.619125239305966,1.0039572851893256e-05,1.0041920221372836e-05,1.0052156935043224e-05,1.000002361942879,1.000002361942879,2c1e0ce8e8b0310e,2c1e0ce8e8b0310e,True,True
nominal_heatup,22,119.99999999999999,119.99999999999999,120.00123073162547,120.0,1.4210854715202004e-14,-282249.2947156021,optimal,-282199.8387625959,False,False,8000,8000,0.0016679093043876492,0.0025507395684485346,10.0,1,0,0.00017522082050216496,31.860139431473698,32.71982012895055,35.49242921855301,1.0042927636276365e-05,1.0045900001126806e-05,1.0059045087611502e-05,31.860139431473698,32.71982012895055,35.492429218553006,1.0042927636276365e-05,1.0045900001126806e-05,1.0059045087611502e-05,1.0000027491075865,1.0000027491075865,c0e28f2bf04cae41,c0e28f2bf04cae41,True,True
nominal_heatup,23,123.99999999999999,123.99999999999999,124.00011481771169,124.0,1.4210854715202004e-14,-285922.7658009261,optimal,-285870.1528525981,False,False,8000,8000,0.00022414361369271774,0.00032491190755568056,10.0,1,0,0.00018401104990918202,32.499179256904526,33.43080354993059,36.4188703028621,1.0046737327042226e-05,1.0050487067028725e-05,1.0067336928314506e-05,32.499179256904526,33.43080354993059,36.4188703028621,1.0046737327042226e-05,1.0050487067028725e-05,1.0067336928314506e-05,1.0000032342458494,1.0000032342458494,119518f418cd06f3,119518f418cd06f3,True,True
nominal_heatup,24,127.99999999999997,127.99999999999997,128.0,128.0,2.842170943040401e-14,-287335.9380485216,optimal,-287286.29932110163,False,False,8000,8000,0.0001436514092034713,0.00017263880369533524,10.0,0,0,0.00017275502590131665,33.19169804282029,34.195127258322415,37.39779823444413,1.005111170702066e-05,1.0055831947088486e-05,1.0077420781319361e-05,33.19169804282029,34.195127258322415,37.39779823444413,1.005111170702066e-05,1.0055831947088486e-05,1.0077420781319361e-05,1.0000038452434135,1.0000038452434135,8d4b2a38b9170216,8d4b2a38b9170216,True,True
nominal_heatup,25,130.0,130.0,130.0,130.0,0.0,-285421.42745096504,optimal,-285377.6673839216,False,False,8000,8000,0.00013778421597976376,0.0001655876704997894,10.0,0,0,0.0001533173855734305,33.937592712032945,35.01252560136736,38.428531814316294,1.005618967429849e-05,1.0062126862556018e-05,1.0089805789359043e-05,33.937592712032945,35.01252560136736,38.42853181431629,1.005618967429849e-05,1.0062126862556018e-05,1.0089805789359043e-05,1.000004618956481,1.000004618956481,8d029e165e089211,8d029e165e089211,False,False
nominal_heatup,26,130.0,130.0,130.0,130.0,0.0,-281039.5681684587,optimal,-281001.41966172674,False,False,8000,8000,7.590409366287076e-05,0.00011000857570042655,10.0,0,0,0.00013574069651656366,34.73663933886757,35.88263890591762,39.51036584016606,1.0062148184087887e-05,1.0069618889944927e-05,1.0105163455459045e-05,34.73663933886757,35.88263890591762,39.51036584016606,1.0062148184087887e-05,1.0069618889944927e-05,1.0105163455459045e-05,1.000005604339681,1.000005604339681,4a9499a2553ffa43,4a9499a2553ffa43,False,False
nominal_heatup,27,130.0,130.0,130.0,130.0,0.0,-276122.11941677064,optimal,-276089.0494578192,False,False,8000,8000,0.00010932934253560234,0.00015845212921039575,10.0,0,0,0.00011976570012316114,35.588513092118006,36.80502953120535,40.64257692132614,1.0069214176848358e-05,1.007862763007317e-05,1.0124384554526784e-05,35.588513092118006,36.80502953120535,40.64257692132614,1.0069214176848358e-05,1.007862763007317e-05,1.0124384554526784e-05,1.0000068667446973,1.0000068667446973,bd545d5539f4b404,bd545d5539f4b404,False,False
nominal_heatup,28,130.0,130.0,130.0,130.0,0.0,-271205.79345906223,optimal,-271174.27607654536,False,False,8000,8000,7.328095119873979e-05,0.00010620682861617325,10.0,0,0,0.00011621205474613356,36.49280528639048,37.77919556259234,41.82442836075676,1.00776805645182e-05,1.0089569039656569e-05,1.0148657494724979e-05,36.49280528639048,37.77919556259234,41.824428360756755,1.00776805645182e-05,1.0089569039656569e-05,1.0148657494724979e-05,1.0000084938573894,1.0000084938573894,d22ee01681297e98,d22ee01681297e98,False,False
nominal_heatup,29,130.0,130.0,130.0,130.0,0.0,-266304.0675836935,optimal,-266274.53734104923,False,False,8000,8000,0.00012771386676035945,0.000153485227178507,10.0,0,0,0.00011088919111244102,37.44903793778678,38.80458247844509,43.055174257720964,1.008792775660128e-05,1.0102987727945598e-05,1.0179576783908196e-05,37.44903793778678,38.80458247844509,43.055174257720964,1.008792775660128e-05,1.0102987727945598e-05,1.0179576783908196e-05,1.000010603941939,1.000010603941939,f901d2f0145b092a,f901d2f0145b092a,False,False
nominal_heatup,30,130.0,130.0,130.0,130.0,0.0,-261427.8559712686,optimal,-261400.90219524593,False,False,8000,8000,0.00012697561848540317,0.00015259800789202416,10.0,0,0,0.0001031021576583076,38.45667617246797,39.88059307969843,44.3262958722187,1.0100452783556139e-05,1.0119600936431953e-05,1.0219294017606023e-05,38.45667617246797,39.88059307969843,44.3262958722187,1.0100452783556139e-05,1.0119600936431953e-05,1.0219294017606023e-05,1.0000133502968045,1.0000133502968045,15938d8f682801bc,15938d8f682801bc,False,False
nominal_heatup,31,130.00000000000003,130.00000000000003,130.0,130.0,-2.842170943040401e-14,-256586.0144209544,optimal,-256564.52023749353,False,False,8000,8000,0.00010064332150250266,0.00014586339046918084,10.0,0,0,8.376989489980608e-05,39.51513879282677,41.00370911940794,45.62384309440205,1.0115908887980325e-05,1.0140358723565776e-05,1.027064961864798e-05,39.51513879282677,41.00370911940794,45.62384309440205,1.0115908887980325e-05,1.0140358723565776e-05,1.027064961864798e-05,1.0000169276166246,1.0000169276166246,e7de6d78d2a63596,e7de6d78d2a63596,False,False
nominal_heatup,32,130.0,130.0,130.0,130.0,0.0,-251785.7341880738,optimal,-251766.76192441516,False,False,8000,8000,9.853149732919064e-05,0.00014280270219746427,10.0,0,0,7.535082843311039e-05,40.62166136640788,42.167626743408356,46.936965864865606,1.0135159609374298e-05,1.0166511340095578e-05,1.0337306087914461e-05,40.62166136640788,42.167626743408356,46.936965864865606,1.0135159609374298e-05,1.0166511340095578e-05,1.0337306087914461e-05,1.0000215859513406,1.0000215859513406,f7fa3165f50aafc4,f7fa3165f50aafc4,False,False
nominal_heatup,33,130.0,130.0,130.0,130.0,0.0,-247032.84415578103,optimal,-247017.22391009424,False,False,8000,8000,9.641591435638475e-05,0.00013973656627985775,10.0,0,0,6.323145304897262e-05,41.77084845737516,43.36566791672194,48.25708836034172,1.0159342426202962e-05,1.0199689056691248e-05,1.0423972055584554e-05,41.77084845737516,43.36566791672194,48.25708836034172,1.0159342426202962e-05,1.0199689056691248e-05,1.0423972055584554e-05,1.00002764480365,1.00002764480365,971a710837f5cd28,971a710837f5cd28,False,False
nominal_heatup,34,130.0,130.0,130.0,130.0,0.0,-242332.0494110759,optimal,-242319.0781247419,False,False,8000,8000,9.435664779289255e-05,0.00013675205023577774,10.0,0,0,5.3526912207994616e-05,42.956351227797434,44.59092597223202,49.57797689401695,1.018994412676557e-05,1.0242010082863206e-05,1.053668028779401e-05,42.956351227797434,44.59092597223202,49.57797689401695,1.018994412676557e-05,1.0242010082863206e-05,1.053668028779401e-05,1.0000355128009815,1.0000355128009815,60fa5e6688e1f474,60fa5e6688e1f474,False,False
nominal_heatup,35,130.0,130.0,130.0,130.0,0.0,-237687.12104444232,optimal,-237676.3295197054,False,False,8000,8000,9.232498962319369e-05,0.00013380754738268053,10.0,0,0,4.5402227471988724e-05,44.17140619546908,45.83695172260525,50.89495729321921,1.0228899307463622e-05,1.0296214244032106e-05,1.0683152902901279e-05,44.17140619546908,45.83695172260525,50.89495729321921,1.0228899307463622e-05,1.0296214244032106e-05,1.0683152902901279e-05,1.0000457117886863,1.0000457117886863,ce25cdb2f56292bb,ce25cdb2f56292bb,False,False
nominal_heatup,36,130.0,130.0,130.0,130.0,0.0,-233101.04983733257,optimal,-233092.03953596976,False,False,8000,8000,9.034009165986845e-05,0.0001309308145893695,10.0,0,0,3.8654057410287e-05,45.40948352759255,47.097838917598104,52.2045545514495,1.0278713971231812e-05,1.036583429649087e-05,1.0873268743414286e-05,45.40948352759255,47.097838917598104,52.2045545514495,1.0278713971231812e-05,1.036583429649087e-05,1.0873268743414286e-05,1.000058908674502,1.000058908674502,f6bd19bc4bd4e60f,f6bd19bc4bd4e60f,False,False
nominal_heatup,37,130.0,130.0,130.0,130.0,0.0,-228576.1718164679,optimal,-228569.44326755955,False,False,8000,8000,8.835499563986104e-05,0.00012805379470837153,10.0,0,0,2.9436790610517925e-05,46.66451695380042,48.36835320017051,53.50412826644477,1.0342623010345865e-05,1.0455411819631811e-05,1.1119674734577008e-05,46.66451695380042,48.36835320017051,53.50412826644477,1.0342623010345865e-05,1.0455411819631811e-05,1.1119674734577008e-05,1.0000759571416173,1.0000759571416173,8ab39320150e3d5f,8ab39320150e3d5f,False,False
nominal_heatup,38,130.0,130.0,130.0,130.0,0.0,-224114.27177852174,optimal,-224109.25054205008,False,False,8000,8000,8.64270855771565e-05,0.00012525965503318304,10.0,0,0,2.240480461970961e-05,47.931058634757065,49.64391516037741,54.79166265923367,1.0424789135198688e-05,1.0570772044380092e-05,1.1438591403752979e-05,47.931058634757065,49.64391516037741,54.79166265923367,1.0424789135198688e-05,1.0570772044380092e-05,1.1438591403752979e-05,1.0000979538377246,1.0000979538377246,54a16dc53a1d5c0f,54a16dc53a1d5c0f,False,False
nominal_heatup,39,130.0,130.0,130.0,130.0,0.0,-219716.6690321443,optimal,-219714.12590049888,False,False,8000,8000,8.445861662664811e-05,0.00012240673292485127,10.0,0,0,1.1574595849515092e-05,49.204306314942166,50.92057550494545,56.06560239687443,1.0530555493521728e-05,1.0719374634412519e-05,1.1850890373346329e-05,49.204306314942166,50.92057550494545,56.06560239687443,1.0530555493521728e-05,1.0719374634412519e-05,1.1850890373346329e-05,1.0001263149983302,1.0001263149983302,86ed1bb2c9313ac7,86ed1bb2c9313ac7,False,False
nominal_heatup,40,130.0,130.0,130.0,130.0,0.0,-215384.2885411067,optimal,-215383.2476820617,False,False,8000,8000,8.26480114142214e-05,0.00011978260435530075,10.0,0,0,4.832567185394841e-06,50.48009183635129,52.194957759675056,57.32474554955666,1.0666767540547945e-05,1.0910765749966646e-05,1.2383552396445595e-05,50.48009183635129,52.194957759675056,57.32474554955666,1.0666767540547945e-05,1.0910765749966646e-05,1.2383552396445595e-05,1.0001628826826376,1.0001628826826376,9b3324edba12acef,9b3324edba12acef,False,False
nominal_heatup,41,130.0,130.0,130.0,130.0,0.0,-211118.63702029592,optimal,-211118.65912101965,False,False,8000,8000,8.096240594568371e-05,0.00011733963920068646,10.0,0,0,-1.0468390668740086e-07,51.75483560174435,53.464199514395304,58.56816376746488,1.0842186462087133e-05,1.1157166424599135e-05,1.3071662770483217e-05,51.75483560174435,53.464199514395304,58.56816376746488,1.0842186462087133e-05,1.1157166424599135e-05,1.3071662770483217e-05,1.000210073755604,1.000210073755604,80e02de491f7aa2b,80e02de491f7aa2b,False,False
nominal_heatup,42,130.0,130.0,130.0,130.0,0.0,-206922.3674493509,optimal,-206922.38911855253,False,False,8000,8000,8.007312194990845e-05,0.00011605079084819891,10.0,0,0,-1.0472140801591814e-07,53.02549121637784,54.72589075682159,59.79514556110168,1.1068025253675922e-05,1.1474247701261865e-05,1.3961166177047804e-05,53.02549121637784,54.72589075682159,59.79514556110168,1.1068025253675922e-05,1.1474247701261865e-05,1.3961166177047804e-05,1.0002710907268957,1.0002710907268957,5ec467693be3925d,5ec467693be3925d,False,False
nominal_heatup,43,130.00000000000003,130.00000000000003,129.99999999999997,129.99999999999997,-5.684341886080802e-14,-202795.50063490059,optimal,-202795.52188369742,False,False,8000,8000,7.919833988978553e-05,0.00011478296029299173,10.0,0,0,-1.0477942952834262e-07,54.28948544658738,55.97801639829211,61.005153326433316,1.1358651936153698e-05,1.1882164517023144e-05,1.5112695179349738e-05,54.28948544658738,55.97801639829211,61.005153326433316,1.1358651936153698e-05,1.1882164517023144e-05,1.5112695179349738e-05,1.0003502217184117,1.0003502217184117,34c7a5744cd37d61,34c7a5744cd37d61,False,False
nominal_heatup,44,130.0,130.0,130.00000000000003,130.0,0.0,-198737.70980015665,optimal,-198737.73063940945,False,False,8000,8000,7.833793961253832e-05,0.00011353597342367294,10.0,0,0,-1.0485807057538412e-07,55.544660094629194,57.21890324691535,62.19779083408779,1.1732523445269194e-05,1.240695156285074e-05,1.6606913172483163e-05,55.544660094629194,57.21890324691535,62.19779083408779,1.1732523445269194e-05,1.240695156285074e-05,1.6606913172483163e-05,1.0004532681750724,1.0004532681750724,e85d8452cc53df96,e85d8452cc53df96,False,False
nominal_heatup,45,130.0,130.0,130.0,130.0,0.0,-194747.84178402944,optimal,-194742.86302226424,False,False,8000,8000,0.0007324066744871516,0.0010616749046485907,10.0,0,0,2.556517042548279e-05,56.78921767445046,58.44717272868527,63.372777800977815,1.221344127067576e-05,1.3082428465613039e-05,1.8551986542778255e-05,56.78921767445046,58.44717272868527,63.372777800977815,1.221344127067576e-05,1.3082428465613039e-05,1.8551986542778255e-05,1.000588154251119,1.000588154251119,62a3b68bbbfc394c,62a3b68bbbfc394c,False,False
nominal_heatup,46,130.0,130.0,130.0,130.0,0.0,-190823.04102907213,optimal,-190810.80221269108,False,False,8000,8000,0.0009890941982888535,0.001433504291282084,10.0,0,0,6.41369947520602e-05,58.02167234021292,59.6616991361294,64.52992981579379,1.283225903535136e-05,1.3952823801894359e-05,2.1094037516679137e-05,58.02167234021292,59.6616991361294,64.52992981579379,1.283225903535136e-05,1.3952823801894359e-05,2.1094037516679137e-05,1.0007657922929523,1.0007657922929523,dfdaf67bc2ef0b31,dfdaf67bc2ef0b31,False,False
nominal_heatup,47,130.0,130.0,130.0,130.0,0.0,-186962.37696064464,optimal,-186943.62189019963,False,False,8000,8000,0.000839156440420652,0.0012161979723375183,10.0,0,0,0.00010031467694128744,59.24080627823817,60.861573248056025,65.66914222531285,1.3629227439716847e-05,1.5076414058007539e-05,2.4431749600808675e-05,59.24080627823817,60.861573248056025,65.66914222531285,1.3629227439716847e-05,1.5076414058007539e-05,2.4431749600808675e-05,1.0010013058592766,1.0010013058592766,1b1458e116e19f25,1b1458e116e19f25,False,False
nominal_heatup,48,130.0,130.0,130.0,130.0,0.0,-183164.91513296502,optimal,-183140.29293142396,False,False,8000,8000,0.0012132097592854052,0.0017583172555193372,10.0,0,0,0.00013442640760751774,60.44563150282925,62.04607084493373,66.79037712551897,1.4657239205824328e-05,1.6530593465596096e-05,2.8836727925755534e-05,60.44563150282925,62.04607084493373,66.79037712551897,1.4657239205824328e-05,1.6530593465596096e-05,2.8836727925755534e-05,1.0013157471013459,1.0013157471013459,78105417218a633d,78105417218a633d,False,False
nominal_heatup,49,130.0,130.0,129.99999999999997,129.99999999999997,-2.842170943040401e-14,-179429.4913597434,optimal,-179399.71272835843,False,False,8000,8000,0.0011228220653975995,0.00162731745053879,10.0,0,0,0.00016596285905573456,61.63535669095369,63.214625663276244,67.89365282436219,1.5986343757010025e-05,1.8418955140258733e-05,3.468179049773321e-05,61.63535669095369,63.214625663276244,67.89365282436219,1.5986343757010025e-05,1.8418955140258733e-05,3.468179049773321e-05,1.0017384914685026,1.0017384914685026,c05ad60fb9db758c,c05ad60fb9db758c,False,False
nominal_heatup,50,130.0,130.0,130.0,130.0,0.0,-175754.6587114928,optimal,-175720.31489854163,False,False,8000,8000,0.0008363447210939512,0.0012151501009434185,10.0,0,0,0.00019540769617694374,62.809358627771545,64.3668063085973,68.97903535661558,1.771004879334599e-05,2.088118832276349e-05,4.248012413352589e-05,62.809358627771545,64.3668063085973,68.97903535661558,1.771004879334599e-05,2.088118832276349e-05,4.248012413352589e-05,1.00231055276414,1.00231055276414,9891ca22799da80a,9891ca22799da80a,False,False
nominal_heatup,51,130.0,130.0,130.0,130.0,0.0,-172138.60261126157,optimal,-172100.33864015917,False,False,8000,8000,0.0015166432934279328,0.002198086565710078,10.0,0,0,0.00022228582387667572,63.967157802997406,65.50229669912932,70.04663175947266,1.9954127492003092e-05,2.4106900556497154e-05,5.2939230035971814e-05,63.967157802997406,65.50229669912932,70.04663175947266,1.9954127492003092e-05,2.4106900556497154e-05,5.2939230035971814e-05,1.0030891393708201,1.0030891393708201,76da1e0fbbc7bc9c,76da1e0fbbc7bc9c,False,False
nominal_heatup,52,130.0,130.0,130.0,130.0,0.0,-168579.00984923483,optimal,-168537.3786220126,False,False,8000,8000,0.0012760374727065482,0.001849374100186374,10.0,0,0,0.00024695380082890623,65.10839773149327,66.62087966539488,71.09658492755247,2.288892387473418e-05,2.835488283289929e-05,6.703486721298836e-05,65.10839773149327,66.62087966539488,71.09658492755247,2.288892387473418e-05,2.835488283289929e-05,6.703486721298836e-05,1.0041538720862666,1.0041538720862666,45ce2f4060439a62,45ce2f4060439a62,False,False
nominal_heatup,53,130.0,130.0,130.0,130.0,0.0,-165072.8686270707,optimal,-165028.486915545,False,False,8000,8000,0.0012687519348446585,0.0018388150960335636,10.0,0,0,0.0002688613331481759,66.23282762269277,67.72242340235866,72.12906995180523,2.6746518406205812e-05,3.397988237098351e-05,8.611184642383666e-05,66.23282762269277,67.72242340235866,72.12906995180523,2.6746518406205812e-05,3.397988237098351e-05,8.611184642383666e-05,1.0056152093333455,1.0056152093333455,5e34a0675036899a,5e34a0675036899a,False,False
nominal_heatup,54,130.0,130.0,130.0,130.0,0.0,-161616.161465562,optimal,-161569.5050596118,False,False,8000,8000,0.0012911619287052645,0.0018712941282617024,10.0,0,0,0.00028868651208585806,67.34028809419581,68.80687054634416,73.14429192629689,3.1844611049781495e-05,4.146967191003758e-05,0.00011202061419671508,67.34028809419581,68.80687054634416,73.14429192629689,3.1844611049781495e-05,4.146967191003758e-05,0.00011202061419671508,1.0076257803464352,1.0076257803464352,16cdbb91f360a9d6,16cdbb91f360a9d6,False,False
nominal_heatup,55,130.0,130.0,130.0,130.0,0.0,-158203.385028788,optimal,-158154.91249569578,False,False,8000,8000,0.0016337295525090667,0.0021404490301906165,10.0,0,0,0.0003063937796489147,68.43069970476235,69.87422973194207,74.1424852831402,3.8619637364567744e-05,5.1496155359949457e-05,0.00014730119077533538,68.43069970476235,69.87422973194207,74.1424852831402,3.8619637364567744e-05,5.1496155359949457e-05,0.00014730119077533538,1.0103955169547845,1.0103955169547845,a4681cb34236a826,a4681cb34236a826,False,False
nominal_heatup,56,130.0,130.0,130.0,130.0,0.0,-154826.7786214304,optimal,-154777.0218150538,False,False,8000,8000,0.0016613883059761747,0.0021767090901052555,10.0,0,0,0.0003213708043248455,69.50405417141482,70.92456957340303,75.12391479571389,4.767250118687801e-05,6.498548706359971e-05,0.00019542929915612135,69.50405417141482,70.92456957340303,75.12391479571389,4.767250118687801e-05,6.498548706359971e-05,0.00019542929915612135,1.0142117107504625,1.0142117107504625,2a6b4c4d0e826b4e,2a6b4c4d0e826b4e,False,False
nominal_heatup,57,130.0,130.0,130.0,130.0,0.0,-151475.0412021802,optimal,-151424.50934780462,False,False,8000,8000,0.0015832030316715873,0.0022945522719739486,10.0,0,0,0.0003335985517783603,70.56040823389368,71.95801511327059,76.08887847756213,5.983144181865133e-05,8.321377814267008e-05,0.0002611435762269551,70.56040823389368,71.95801511327059,76.08887847756213,5.983144181865133e-05,8.321377814267008e-05,0.0002611435762269551,1.0194654224269861,1.0194654224269861,004b3d16fc53e669,004b3d16fc53e669,False,False
nominal_heatup,58,130.0,130.0,130.0,130.0,0.0,-148131.11077336658,optimal,-148080.22635387612,False,False,8000,8000,0.001257395307689535,0.0018239979280227914,10.0,0,0,0.00034350933591701294,71.59988023965897,72.97474689074431,77.03771270348128,7.623802393224716e-05,0.00010793700677174491,0.0003508777483324832,71.59988023965897,72.97474689074431,77.03771270348128,7.623802393224716e-05,0.00010793700677174491,0.0003508777483324832,1.026686052093552,1.026686052093552,98602c18654e5ed3,98602c18654e5ed3,False,False
nominal_heatup,59,130.0,130.0,130.0,130.0,0.0,-144768.14654226837,optimal,-144717.35902249167,False,False,8000,8000,0.001269456382971157,0.0018414940376656475,10.0,0,0,0.00035081971407224875,72.62264964699989,73.97500290738093,77.97079999456433,9.846413029699087e-05,0.00014156634928201114,0.00047332777320754406,72.62264964699989,73.97500290738093,77.97079999456433,9.846413029699087e-05,0.00014156634928201114,0.00047332777320754406,1.036586351208483,1.036586351208483,18b24ae1e62f3625,18b24ae1e62f3625,False,False
nominal_heatup,60,130.0,130.0,130.0,130.0,0.0,-141341.8993084045,optimal,-141291.6320963048,False,False,8000,8000,0.0016918696220926677,0.0020534826423217467,10.0,0,0,0.0003556426816516185,73.62895978704019,74.95908391297364,78.88858004554176,0.00012867025852995748,0.00018740344468097845,0.0006401914369111172,73.62895978704019,74.95908391297364,78.88858004554174,0.00012867025852995748,0.00018740344468097845,0.0006401914369111172,1.0501207185103965,1.0501207185103965,718fec4f4036cb4a,718fec4f4036cb4a,False,False
nominal_heatup,61,130.0,130.0,130.0,130.0,0.0,-137775.43898188515,optimal,-137726.28971492278,False,False,8000,8000,0.0017062182951264049,0.002070901404960246,10.0,0,0,0.0003567346061505913,74.6191243932407,75.92736260605592,79.79156473703163,0.00016981851204121614,0.00024995427820754916,0.0008671270578939291,74.6191243932407,75.92736260605591,79.79156473703163,0.00016981851204121614,0.00024995427820754916,0.0008671270578939291,1.0685602951995172,1.0685602951995172,65e205bc44826290,65e205bc44826290,False,False
nominal_heatup,62,130.0,130.0,130.0,130.0,0.0,-133926.75041966216,optimal,-133879.459568445,False,False,8000,8000,0.0009553189652251604,0.0013880155102459213,10.0,0,0,0.0003531098236086807,75.59353860711929,76.88029754981154,80.68035807598112,0.0002259576169972283,0.00033534566642785715,0.0011749892088737384,75.59353860711927,76.88029754981154,80.6803580759811,0.0002259576169972283,0.00033534566642785715,0.0011749892088737384,1.093589235840848,1.093589235840848,b322e5c42273e061,b322e5c42273e061,False,False
nominal_heatup,63,130.0,130.0,130.0,130.0,0.0,-129515.35288948537,optimal,-129470.94399887102,False,False,8000,8000,0.0009609116767137493,0.0013961429373336998,10.0,0,0,0.0003428851454564823,76.55269541198888,77.81845285698668,81.55568225699334,0.00030260234746778145,0.00045187509501607115,0.0015914133079866686,76.55269541198888,77.81845285698668,81.55568225699332,0.00030260234746778145,0.00045187509501607115,0.0015914133079866655,1.1274277236504189,1.1274277236504195,94e34997af56d510,94e34997af56d510,False,False
nominal_heatup,64,130.0,130.0,130.0,130.0,0.0,-124216.83828132742,optimal,-124177.0877744923,False,False,8000,8000,0.0009677863733656977,0.0014061335939548059,10.0,0,0,0.00032000900510021583,77.49720874793377,78.74252501387187,82.4184113536539,0.00040723626907685016,0.0006107334110202738,0.0021528384063738727,77.49720874793377,78.74252501387187,82.4184113536539,0.00040723626907685016,0.0006107334110202738,0.0021528384063738693,1.1637021882955476,1.1637021882955465,3b93bfcc88716c21,3b93bfcc88716c21,False,False
nominal_heatup,65,130.0,130.0,130.0,130.0,0.0,-119052.34513866666,optimal,-119022.90089481957,False,False,8000,8000,0.0012209466060681962,0.001773963264360745,10.0,0,0,0.0002473218298454484,78.42784494406877,79.65337861958594,83.26961456008874,0.000549975270075777,0.0008269513780813502,0.002907079780448615,78.42784494406877,79.65337861958594,83.26961456008874,0.000549975270075777,0.0008269513780813502,0.002907079780448611,1.1641786564642524,1.1641786564642533,5799f834b0c14e80,5799f834b0c14e80,False,False
nominal_heatup,66,129.99999999999997,129.99999999999997,130.0,130.0,2.842170943040401e-14,-113135.16826231332,optimal,-113114.5678086488,False,False,8000,8000,0.0008815950717746546,0.0012809089460006362,10.0,0,0,0.00018208709087496358,79.34556460405537,80.55209335323582,84.11061145147471,0.0007444407920444479,0.0011206365717723007,0.003916591951351909,79.34556460405537,80.55209335323582,84.11061145147471,0.0007444407920444479,0.0011206365717723007,0.003916591951351905,1.1643772541985693,1.1643772541985693,a9dfd5f6cb584fdc,a9dfd5f6cb584fdc,False,False
nominal_heatup,67,130.0,130.0,130.0,130.0,0.0,-106202.57688179996,optimal,-106192.91748631951,False,False,8000,8000,0.001128159176829513,0.0016365300346583567,10.0,0,0,9.09525527918297e-05,80.25157775443299,81.44002521218516,84.94304248452003,0.0010089073546693866,0.0015185884408711794,0.005262601461617026,80.25157775443299,81.44002521218516,84.94304248452003,0.0010089073546693866,0.0015185884408711794,0.005262601461617021,1.1644013940425086,1.1644013940425086,0b0ed6581af80bc0,0b0ed6581af80bc0,False,False
nominal_heatup,68,130.00000000000003,130.00000000000003,130.0,130.0,-2.842170943040401e-14,-97907.02784237463,optimal,-97907.40365066839,False,False,8000,8000,0.0009567328658874885,0.0013900913706246243,10.0,0,0,-3.838419999446777e-06,81.14741600362292,82.3188860926227,85.76895901918328,0.001367811079314047,0.0020564096870771863,0.007050341719914168,81.14741600362292,82.3188860926227,85.76895901918328,0.001367811079314047,0.0020564096870771863,0.007050341719914163,1.1643596554689397,1.164359655468941,cddd14baacae4f06,cddd14baacae4f06,False,False
nominal_heatup,69,130.0,130.0,130.0,130.0,0.0,-87848.6974824901,optimal,-87831.19463461678,False,False,8000,8000,0.005615208266249283,0.008138178507278049,10.0,0,0,0.0001992385587364491,82.0350268109892,83.19084727609177,86.59093867531232,0.0018537380486049937,0.002781276491450212,0.009415696603958888,82.0350268109892,83.19084727609177,86.59093867531232,0.0018537380486049937,0.002781276491450212,0.00941569660395888,1.1643695061459753,1.1643695061459745,1f7990b08c4d45f5,1f7990b08c4d45f5,False,False
nominal_heatup,70,130.0,130.0,130.0,130.0,0.0,-75350.03095418382,optimal,-75315.82243383501,False,False,8000,8000,0.007026824158131717,0.010184047790670725,10.0,0,0,,82.91689697522982,84.05867461721587,87.41223410291703,0.002510059480288654,0.0037555969502026144,0.012533666425099232,82.91689697522982,84.05867461721587,87.41223410291703,0.002510059480288654,0.0037555969502026144,0.012533666425099226,1.1645625162363435,1.1645625162363435,1b06158f8bdbb1ba,1b06158f8bdbb1ba,False,False
nominal_heatup,71,130.0,130.0,130.0,130.0,0.0,-59511.5842815237,optimal,-59511.69323968872,False,False,8000,8000,0.006383559239807823,0.009300703960079204,10.0,0,0,-1.8308732042119115e-06,83.7962155297241,84.92590665561906,88.23696665853339,0.0033944549666518613,0.0050618905306662266,0.0166292267963619,83.7962155297241,84.92590665561906,88.23696665853339,0.0033944549666518613,0.0050618905306662266,0.01662922679636189,1.1650915837151175,1.165091583715119,a5b6266b08eac5bb,a5b6266b08eac5bb,False,False
nominal_heatup,72,130.0,130.0,129.3521416031126,129.3521416031126,-0.6478583968873863,-39405.54928676576,optimal,-39404.347200809,False,False,8000,8000,0.015826030037970895,0.02293682645473627,10.0,0,0,,84.6770910770563,85.79709227301235,89.07038171308204,0.004583682868340464,0.006809385686102616,0.021991385533526666,84.6770910770563,85.79709227301235,89.07038171308204,0.004583682868340464,0.006809385686102616,0.021991385533526652,1.1661410862828379,1.1661410862828383,9d72864a316129d6,9d72864a316129d6,False,False
nominal_heatup,73,126.0,126.0,125.30293075164367,125.35214160311261,-0.6478583968873863,-13787.632240829153,optimal,-13808.177989422147,False,False,8000,8000,0.0787344578339031,0.11411065131381992,10.0,1,0,,85.56484641891113,86.67811322409727,89.9191904596178,0.006180149049943068,0.009143100525628278,0.028991598833990044,85.56484641891113,86.67811322409727,89.9191904596178,0.006180149049943068,0.009143100525628278,0.028991598833990027,1.1679415077127353,1.167941507712735,c219ed7d9ad3f064,deae3d6b9c544395,True,True
nominal_heatup,74,122.0,122.0,121.35214160311261,121.35214160311261,-0.6478583968873863,19527.601613097868,optimal,19275.432602604284,False,False,8000,8000,0.08951813195135117,0.13099668340651327,10.0,0,0,,86.46642630771656,87.57663126830747,90.79203593339747,0.008321147062830138,0.012256619320811159,0.03810825559328096,86.46642630771656,87.57663126830747,90.79203593339747,0.008321147062830138,0.012256619320811159,0.03810825559328094,1.1707911326094782,1.1707911326094786,c59f66987d367d01,064c65d20b43c14b,True,True
nominal_heatup,75,118.0,118.0,117.29404372127372,117.35214160311261,-0.6478583968873863,66911.49085732593,optimal,66506.36340479755,False,False,8000,8000,0.10536218540596565,0.14226056758242311,10.0,1,0,,87.39097626199029,88.50272408829731,91.70014145855633,0.01119219856107451,0.016410548496615482,0.0499597892382184,87.39097626199029,88.50272408829731,91.70014145855632,0.01119219856107451,0.016410548496615482,0.04995978923821838,1.1750891879995868,1.1750891879995875,87494d6d61a823d3,38b7fd59f6cf38f3,True,True
nominal_heatup,76,114.0,114.0,113.35214160311261,113.35214160311261,-0.6478583968873863,150699.73736174084,optimal,150309.94749423652,False,False,8000,8000,0.1002721243425242,0.14681524662902845,10.0,0,0,,88.35068932083905,89.46981702470539,92.65823275589248,0.015046914377713098,0.021960005976080575,0.06535030444463608,88.35068932083905,89.46981702470539,92.65823275589247,0.015046914377713098,0.021960005976080575,0.06535030444463605,1.181387929029987,1.1813879290299873,54b93dc1a6ee7490,cccb13c189c5da51,True,True
nominal_heatup,77,110.00000000000001,110.00000000000001,109.3521416031126,109.35214160311261,-0.6478583968874005,312983.29721065157,optimal,312730.52646212676,False,False,8000,8000,0.1271498212744575,0.18625133379251402,10.0,0,0,,89.3620887604584,90.49609543290775,93.68587825189827,0.02023763582494402,0.029397025738530307,0.0853336712419667,89.3620887604584,90.49609543290775,93.68336226665065,0.02023763582494402,0.029397025738530307,0.08533367124196665,1.190476719727846,1.1904513985186655,bf7a2e62e434fffc,30d53ab0e8d7a309,True,True
nominal_heatup,78,106.00000000000003,106.00000000000003,105.28231503343564,105.35214160311261,-0.6478583968874148,661150.3088423824,optimal,661217.8719370107,False,False,8000,8000,0.1347891031806796,0.19590034914510746,10.0,1,0,,90.44805069111254,91.60672970793601,94.79394286055808,0.027264684785215862,0.03941863042598115,0.11130516953259115,90.44805069111254,91.60579458490331,94.78681439814918,0.027264684785215862,0.03941863042598115,0.11129539427628352,1.2033535536692284,1.2032709700611517,c3a7b9a96fd02999,1af314bdb3a7a0f8,True,True
nominal_heatup,79,102.00000000000001,102.00000000000001,101.28218730003685,101.35214160311261,-0.6478583968874005,1493155.1333306502,optimal,1492566.7895338354,False,False,8000,8000,0.14586323796129363,0.21143900601976018,10.0,1,0,,91.6411440825098,92.83176426774756,96.00509291482985,0.0368593592166733,0.0530411990208073,0.1450560716331245,91.6404489631031,92.82880814758566,95.99115817202544,0.0368593592166733,0.053039271331900784,0.14500952850714668,1.22154728965334,1.2213574782695935,1604265ac73a1d16,42aaf0c147b854f5,True,True
nominal_heatup,80,98.00000000000001,98.00000000000001,97.2739403911319,97.35214160311261,-0.6478583968874005,3755652.938791763,optimal,3746498.6913334504,False,False,8000,8000,0.0793695997081727,0.16313675744183342,10.0,1,0,,92.98516090743061,94.21692421728005,97.35420969246937,0.05013176533163734,0.0717867219016961,0.18887975998293477,92.9827368128649,94.21042960231902,97.33111473386637,0.05013036946500754,0.07177616543933352,0.18873923948350982,1.2473827208725377,1.2470071208445297,030be532e7bb7a12,267bfee41daafee9,True,True
nominal_heatup,81,94.00000000000001,94.00000000000001,93.25899772278865,93.35214160311261,-0.6478583968874005,11021815.77115916,optimal,10947228.54813912,False,False,8000,8000,0.19268621462562407,0.28019446789865654,84.0788560213499,1,0,,94.547743234672,95.83272151109642,98.89266203433954,0.06884014061886648,0.09803128813303755,0.24567458237823664,94.54204979336731,95.82063628263728,98.85736467119375,0.0688317020636939,0.09799373370147657,0.24533438300755797,1.2844366531935776,1.2837413626707186,b1fbb85467fe92f5,85acaede25943ca2,True,True
nominal_heatup,82,90.0,90.0,89.23457910593325,89.35214160311261,-0.6478583968873863,39970119.81270118,optimal,39408003.37683493,False,False,8000,8000,0.12171282925211813,0.2474250099939752,305.32342165610186,1,0,,96.44002981095657,97.79449948163439,100.69009531948463,0.09593884782488064,0.13568399078352672,0.31899050582830313,96.428743209394,97.7736563749224,100.6383097119823,0.09590606493231002,0.1355739628861113,0.31827037212497106,1.3380406536726697,1.3367936613871896,fd92c4c74881d6b1,94e78177e72aa47b,True,True
nominal_heatup,83,86.0,86.0,85.35214160311261,85.35214160311261,-0.6478583968873863,191705287.88796273,optimal,186833447.6786302,False,False,8000,8000,0.5656828833441452,0.698261805804191,875.4433531811524,0,0,,98.85990120910847,100.30195133157588,102.83181825515443,0.13680022648500176,0.1916294556898257,0.41276680522062237,98.83898476229147,100.26681025864274,102.75748612968921,0.1366943962055021,0.19133581968916816,0.4113845117255718,1.4150098144544943,1.4128365759312165,108d83ea906b841f,b48ba2ff8500008b,True,True
nominal_heatup,84,81.99616193501582,81.99616193501582,81.35214160311253,81.35214160311261,-0.6440203319032065,1234574852.9240036,optimal,1185523480.4665718,False,False,8000,8000,1.5540077623226267,2.2907842811748864,2528.0597107244835,0,0,,102.1972794171331,103.73004863276122,105.39573807146766,0.20231101118225653,0.2790697909824402,0.5299903780445322,102.15839800483263,103.669520397314,105.29161332101218,0.20199144713141953,0.27831035690183026,0.5275721048611124,1.5166375629343285,1.5131932092375107,30b390962b5a910e,0f634e7db001cc46,True,True
nominal_heatup,85,77.96187281136501,77.96187281136501,76.85988056968539,77.35214160311261,-0.6097312082523985,6453350712.553573,optimal,6216479326.654477,False,False,8000,8000,1.2088810999013404,1.7523580425866365,6033.928616355005,1,0,,107.34166377192071,108.85747411406278,108.37271637299347,0.31812583710014675,0.42591354209319443,0.6682489341334628,107.26355142752436,108.7460317346634,108.23578141613531,0.3171371258444906,0.42391770988910715,0.6645294123455667,1.5791502002271889,1.5765778222126048,48b6d0086f33f02a,6bb0f2a9ec925e0f,True,True
nominal_heatup,86,73.96187281136501,73.96187281136501,73.35214160311263,73.35214160311263,-0.6097312082523842,78115036.04421097,optimal,89625179.00812458,False,False,8000,8000,0.7060357881463375,1.0947526211920682,386.06067982937384,0,0,,116.78670944844671,117.38928447616905,111.53267945874894,0.5586696056105463,0.6941340207481568,0.8096260453942002,116.59810282632193,117.16352358463391,111.37933366981757,0.5552021276817596,0.6887481464779088,0.80514278850838,1.2819000257067925,1.2726619106196364,980700fd0360e563,8b85fc30c5a673f7,True,True
nominal_heatup,87,77.96187281136501,77.96187281136501,77.35214160311264,77.35214160311263,-0.6097312082523842,5027735.643544528,optimal,3962116.1720026964,False,False,8000,8000,0.6261111891440834,0.91656797286731,85.78237274492378,0,0,,138.41680063965288,129.94923717800268,114.75655190636891,1.0,1.0,0.9158708069046665,137.84980019424677,129.64294346351878,114.61354242428524,1.0,1.0,0.9125169151554271,1.721716640187799,1.643816414599487,a7d232ebbba9fcd9,606783cddac9fecc,True,True
nominal_heatup,88,81.96187281136501,81.96187281136501,81.35294378523444,81.35214160311263,-0.6097312082523842,-56765.74612125485,optimal,-57196.15478123356,False,False,8000,8000,0.0015687978581127027,0.0022736747072800156,10.0,1,0,7.578847738286474e-08,132.12247627399802,127.44969299021533,118.90327453677568,1.0,1.0,0.9683283808196973,131.74927097830243,127.1071899925659,118.75477338792683,1.0,1.0,0.9669318470014068,0.9820424087355757,0.9820263249318866,d47a91e857a3fe5c,aec358213faca001,True,True
nominal_heatup,89,85.96187281136501,85.96187281136501,85.35287152817666,85.35214160311263,-0.6097312082523842,-68965.41736731393,optimal,-69280.73904014904,False,False,8000,8000,0.0012592393063357576,0.001826680295000216,10.0,1,0,-2.4004114650860424e-06,128.64898430529345,126.0099685439531,118.53653228134452,1.0,1.0,0.9904431184999237,128.29860142168238,125.72815953140748,118.33628095727164,1.0,1.0,0.9900291676616403,0.9822813130549686,0.9822765650832048,7d4148c6ffe165df,ddf707c6718c25e9,True,True
nominal_heatup,90,89.96187281136501,89.96187281136501,89.35214160311261,89.35214160311261,-0.6097312082523985,-75278.47604423964,optimal,-75492.2723521512,False,False,8000,8000,0.0009372429360468004,0.0013595818853175956,10.0,0,0,-2.415047243030975e-06,126.68728407320394,124.21314641839304,117.94702881682919,1.0,1.0,0.9940813834120809,126.38787526134911,123.93616313633271,117.72323252268657,1.0,1.0,0.9938010702181459,0.9823198719101719,0.9823166153850852,160c63c6fe36b640,024624e350b32b19,True,True
nominal_heatup,91,93.96187281136503,93.96187281136503,93.35214160311261,93.35214160311261,-0.6097312082524127,-79889.3926855351,optimal,-80077.7701404854,False,False,8000,8000,0.0010679174149572646,0.0015557446820881893,10.0,0,0,1.6291110636201238e-06,124.84814522349929,122.8037709893797,117.2569060324376,1.0,1.0,0.9957445219942607,124.5654063261054,122.53822090154726,117.01787047192904,1.0,1.0,0.9955297922555572,0.9823373750041194,0.9823348331451178,c09f13e7d0ada141,0c8cb712254b5a1a,True,True
nominal_heatup,92,97.96187281136504,97.96187281136504,97.35297198719985,97.35214160311261,-0.6097312082524269,-82449.2427588651,optimal,-82628.54568700079,False,False,8000,8000,0.0011748062577794371,0.0017210368390010444,10.0,1,0,-7.321621039111554e-06,123.32846903652825,121.50199080214001,116.57638037932075,1.0,1.0,0.996678456049728,123.05850736168831,121.23990682901726,116.32973561104872,1.0,1.0,0.9965027654532531,0.9823471225700661,0.9823449973688454,5dfc930869451d65,24aea2a18e644b05,True,True
nominal_heatup,93,101.96187281136504,101.96187281136504,101.35214160311261,101.35214160311261,-0.6097312082524269,-81468.05593239452,optimal,-82746.93699636661,False,False,8000,8000,0.0021077476814070906,0.0030547801730991253,10.0,0,0,-2.182821599412957e-06,121.97076483907927,120.35012797085601,115.87695496910787,1.0,1.0,0.997270820262908,121.70665901758939,120.09085440202665,115.6232849623995,1.0,1.0,0.9971213225713044,0.9823496551318885,0.9823497711674796,55ac8f11198364d9,d896ee5dcb08fac2,True,True
nominal_heatup,94,105.96187281136504,105.96187281136504,105.35214160311261,105.35214160311261,-0.6097312082524269,-76753.57693523934,optimal,-78436.19665481751,False,False,8000,8000,0.0028129115958961393,0.0036885873462724206,10.0,0,0,1.0562389063893281e-05,120.76607187471755,119.2899181613592,115.21027951773226,1.0,1.0,0.9976749027344713,120.50555808602435,119.03093126720033,114.95099869179603,1.0,1.0,0.9975439473503815,0.9823477394800706,0.9823479593930831,fe687269f484d0a7,8b3045db4502a36b,True,True
nominal_heatup,95,109.96187281136504,109.96187281136504,109.35214160311261,109.35214160311261,-0.6097312082524269,-71691.1427250072,optimal,-73564.11797620209,False,False,8000,8000,0.002408030610553169,0.0034931281011516546,10.0,0,0,-1.0221380329671283e-05,119.66877979919614,118.32227388526829,114.58298506382359,1.0,1.0,0.9979668200600963,119.40940102053443,118.06261023967606,114.31825095729633,1.0,1.0,0.9978496584327042,0.9823452023394494,0.9823455795269925,749303d49bdaef02,33dc3492dde56a35,True,True
nominal_heatup,96,113.96187281136505,113.96187281136505,113.35214160311261,113.35214160311261,-0.6097312082524411,-67336.5067888869,optimal,-69240.13568293079,False,False,8000,8000,0.0023366330504615007,0.0033895574956233077,10.0,0,0,-9.090230568211043e-06,118.66786081926531,117.43294179908332,114.01126499237178,1.0,1.0,0.9981870614776296,118.40827028608061,117.17149947884147,113.74136814743132,1.0,1.0,0.998080533427031,0.982341819325331,0.9823424379889938,825586c727eca336,46669972c07a68ce,True,True
nominal_heatup,97,117.96187281136505,117.96187281136505,117.35214160311261,117.35214160311261,-0.6097312082524411,-63817.31243454833,optimal,-65719.07338947448,False,False,8000,8000,0.005580397830271977,0.008095014623794583,10.0,0,0,0.0001548923783581471,117.74988944372781,116.62018362609314,113.5003144394177,1.0,1.0,0.9983593085031238,117.48892239314863,116.35628724851797,113.22529600840437,1.0,1.0,0.9982612393945105,0.9823372335122487,0.9823382335908921,104b2c46648672aa,bf30f7dd8c72dfec,True,True
nominal_heatup,98,121.96187281136504,121.96187281136504,121.35214160311261,121.35214160311261,-0.6097312082524269,-60990.20520893986,optimal,-62876.3470828783,False,False,8000,8000,0.0058305700412830674,0.008450304520363439,10.0,0,0,0.00022597646336147158,116.9101278185372,115.88049423125595,113.05536633169353,1.0,1.0,0.998498096043839,116.6469832662045,115.61355284091532,112.77528153008676,1.0,1.0,0.9984069343829042,0.9823308532092176,0.9823324829215648,e1a1c4b0e4bda7ab,4cd0f738a0fef803,True,True
nominal_heatup,99,125.96187281136505,125.96187281136505,125.3521416031126,125.3521416031126,-0.6097312082524553,-58694.26447791829,optimal,-60569.729392541034,False,False,8000,8000,0.004563293899863652,0.006630147204895742,10.0,0,0,0.0001394631426869507,116.14475442565117,115.21315801054911,112.67857166808422,1.0,1.0,0.998612824333072,115.878787511243,114.94274275408033,112.39342770479954,1.0,1.0,0.9985274353468894,0.9823216090586036,0.9823243472460507,096ebe70fa682412,1bd82b306084a9d5,True,True
nominal_heatup,100,129.96187281136505,129.96187281136505,129.35214160311259,129.35214160311259,-0.6097312082524695,-56760.197379091485,optimal,-58591.19034018264,False,False,8000,8000,0.006917052883622432,0.009771685147186737,10.0,0,0,0.0001750694596785467,115.45225651393302,114.61737041454255,112.37140034657892,1.0,1.0,0.9987097965198172,115.18298294490742,114.34313422713772,112.08120935774352,1.0,1.0,0.9986293314202349,0.9823073523342344,0.9823122360077688,124e6ff0f7259316,88a5f89adf3ec128,True,True
nominal_heatup,101,130.00000000000003,130.00000000000003,129.99999999999997,129.99999999999997,-5.684341886080802e-14,-54692.15913123271,optimal,-56531.87660016857,False,False,8000,8000,0.005575593878432983,0.00812245574751902,10.0,0,0,2.8197245614120444e-05,114.83164777072841,114.09290902458066,112.13431472192481,1.0,1.0,0.9987933870063774,114.55868526214856,113.81458734281107,111.83908509931341,1.0,1.0,0.99871719991317,0.9822829975545643,0.98229270127247,9b7f6b61f232df50,1ec63293b1da2e8c,False,False
nominal_heatup,102,130.0,130.0,130.0,130.0,0.0,-52046.18438578791,optimal,-53935.39610227962,False,False,8000,8000,0.007146992742079306,0.010096947471383011,10.0,0,0,,114.2825097204746,113.63952201504226,111.96736060807628,1.0,1.0,0.9988667169460771,114.00556349514544,113.356907971606,111.66710779173032,1.0,1.0,0.9987943094019794,0.9822326212013578,0.9822565120112824,15ac79ee67e0576c,e31cbcee3c2fafb3,False,False
nominal_heatup,103,130.00000000000003,130.00000000000003,129.96612409433502,129.96612409433502,-0.033875905665013306,-49732.58592630399,optimal,-51534.37761561301,False,False,8000,8000,0.009235969326852,0.013419215922862548,10.0,0,0,,113.80454776607661,113.25700624557722,111.87020581402389,1.0,1.0,0.9989320703341705,113.52338839421797,112.96994292503572,111.56495094173032,1.0,1.0,0.9988630536141869,0.9820554117612609,0.9821660614709579,a9108ce3b8e6f86c,c05d6ee7c8886ccd,False,False
nominal_heatup,104,130.00000000000003,130.00000000000003,129.85163622896158,129.85163622896158,-0.1483637710384471,-47672.567578723545,optimal,-49390.82411352243,False,False,8000,8000,0.01366566102397826,0.019805781648597254,10.0,0,0,,113.39753529439028,112.94507661925292,111.84231147566645,1.0,1.0,0.998991155569544,113.1119872494244,112.65344633208966,111.53208306565827,1.0,1.0,0.9989252243333122,0.9823099952781321,0.9818225515724841,c7274064cb77cf71,f81014720da94dc5,False,False
nominal_heatup,105,130.0,130.0,129.7496401437448,129.7496401437448,-0.2503598562551872,-45812.29720022848,optimal,-47441.52851023922,False,False,8000,8000,0.008941636919985285,0.011993883145820838,10.0,0,0,,113.0612022186162,112.70337545763537,111.88298089452914,1.0,1.0,0.9990452761506116,112.77113296687884,112.40709335930623,111.56781405108512,1.0,1.0,0.9989821896999005,0.9839852925210408,0.9831012642433831,bafc0741ce8f903c,67484d6693ea34f7,False,False
nominal_heatup,106,130.0,130.0,129.65672367075427,129.65672367075427,-0.34327632924572526,-44104.905806519484,optimal,-45664.12524946738,False,False,8000,8000,0.013608712389157063,0.019723245412405,10.0,0,0,,112.79521334111612,112.53145163321577,111.97603264861424,1.0,1.0,0.9990954443999447,112.50052579843121,112.23045973613551,111.65833662628678,1.0,1.0,0.9990350130847959,0.9854400080783304,0.9846293729013683,27041875977e79b0,8ea3c4f935cca64e,False,False
nominal_heatup,107,130.0,130.0,129.5723973428863,129.5723973428863,-0.4276026571137095,-42516.16040015558,optimal,-44019.689116016285,False,False,8000,8000,0.014860623047411536,0.021730769887049917,10.0,0,0,,112.59914728831556,112.42305058541288,112.1096957715733,1.0,1.0,0.999142360993353,112.29977343277808,112.11819337741015,111.79117264420944,1.0,1.0,0.9990844467142289,0.9866440945797729,0.9858926064182786,d14f42e3c3e59daf,de94f277b1288890,False,False
nominal_heatup,108,130.0,130.0,129.48873209462855,129.48873209462855,-0.5112679053714544,-41019.92114061416,optimal,-42481.05573064233,False,False,8000,8000,0.015709027979610823,0.022884707392094583,10.0,0,0,,112.46824661389938,112.37203549258443,112.27370768119503,1.0,1.0,0.9991865255239221,112.16479673351913,112.06413704784225,111.95570008298071,1.0,1.0,0.9991310232092661,0.9876566035991914,0.9869533536404219,cb43e9f8a58627ca,3929deeba66a76ea,False,False
nominal_heatup,109,130.0,130.0,129.4123108839984,129.4123108839984,-0.5876891160015987,-39596.99724960637,optimal,-41025.403395022746,False,False,8000,8000,0.014558164939259655,0.02111830575737006,10.0,0,0,,112.39672851924531,112.37124877666724,112.46078104086502,1.0,1.0,0.9992282943641893,112.08997181900097,112.06124644548112,112.14376978557459,1.0,1.0,0.9991751206526652,0.9885211459734551,0.987858146584088,2fa4854a824736bb,fc53f967ddffba82,False,False
nominal_heatup,110,130.0,130.0,129.4060137560146,129.4060137560146,-0.5939862439853982,-38233.08296126802,optimal,-39639.46391480305,False,False,8000,8000,0.01843199763186476,0.02671847487216983,10.0,0,0,,112.37778826975487,112.41399559987505,112.66527778468792,1.0,1.0,0.9992679294295672,112.06861894467326,112.10259455535449,112.34924483604959,1.0,1.0,0.9992170118866712,0.9892705404136594,0.9886419200505393,d4e73ec01b99e07b,65a729abf86185bd,False,False
nominal_heatup,111,128.3399171400642,128.3399171400642,129.43317266696917,129.43317266696917,1.0932555269049828,-36924.10668590941,optimal,-38323.133246696205,False,False,8000,8000,0.017620593363261605,0.02554228740756148,10.0,0,0,,112.40470282211966,112.4939330520396,112.88300255563074,1.0,1.0,0.9993056266753647,112.09387455865448,112.18163992439652,112.56753838588068,1.0,1.0,0.9992568978354918,0.9899294992129899,0.98933100463805,d855d6a2f2ac3562,4405b5af21bfb5e1,False,False
nominal_heatup,112,125.5891382896879,125.5891382896879,128.58270528972804,128.58270528972804,2.9935670000401444,-35316.58293381004,optimal,-37058.09115128503,False,False,8000,8000,0.010117118230226652,0.014662842450815283,10.0,0,0,,112.47103170325315,112.60537512475605,113.11069154188215,1.0,1.0,0.9993415364262338,112.15911453973672,112.29244785735366,112.7951668091592,1.0,1.0,0.9992949300335668,0.9905168094820357,0.989945359386247,6571386882017b6d,7331511cc8ca2c29,False,False
nominal_heatup,113,122.61163380968154,122.61163380968154,126.1802945400266,126.1802945400266,3.5686607303450586,-33608.872888350306,optimal,-35654.30497998524,False,False,8000,8000,0.00984137840491428,0.014263209914770592,10.0,0,0,,112.57089526792095,112.74325566004383,113.34580295446715,1.0,1.0,0.9993757765053803,112.25822724832531,112.42973841372955,113.02942554386823,1.0,1.0,0.9993312256462129,0.9910468036062243,0.9905001836152628,ffbbb9de9d5d64c2,f91729a11e5d7dea,False,False
nominal_heatup,114,119.79593312516076,119.79593312516076,123.32477999266878,123.32477999266878,3.5288468675080225,-32029.071986356204,optimal,-34009.18099565516,False,False,8000,8000,0.014292241789334525,0.01910783632562829,10.0,0,0,,112.6990185728984,112.90314438796412,113.58630976503775,1.0,1.0,0.9994084415377091,112.38571928452617,112.58887973105311,113.2682057699815,1.0,1.0,0.9993658776439444,0.9915304694391084,0.9910070785702013,7cb5f43a94ac209b,d4e15da721109fcb,False,False
nominal_heatup,115,117.30498463883556,117.30498463883556,120.51593358223107,120.51593358223107,3.2109489433955076,-30660.848370048374,optimal,-32424.908432591266,False,False,8000,8000,0.013773803100121995,0.01841808067736128,10.0,0,0,,112.85075455896408,113.08119031586978,113.83058249730013,1.0,1.0,0.9994396094129487,112.53673766832729,112.7658574829125,113.51008777890935,1.0,1.0,0.9993989620207118,0.9919762497401681,0.9914748208073783,ebb11210f96c65fa,932b42806c42e0ad,False,False
nominal_heatup,116,115.19086071979217,115.19086071979217,117.97004870060155,117.97004870060155,2.7791879808093825,-29521.427153741955,optimal,-31021.126703153634,False,False,8000,8000,0.014362557940984289,0.020819536281963202,10.0,0,0,,113.02204791932432,113.27407225188317,114.07084793313962,1.0,1.0,0.9994693459722735,112.70705282901424,112.95730998686112,113.75402333329646,1.0,1.0,0.9994305439361292,0.9923928455484579,0.9919100976559357,e97699545023f1cb,26b3684d49c4eb67,False,False
nominal_heatup,117,113.45148562318062,113.45148562318062,115.77733051517217,115.77733051517217,2.325844891991551,-28598.968637209826,optimal,-29833.307317844934,False,False,8000,8000,0.013925431001808874,0.02018589008834315,10.0,0,0,,113.2093890481328,113.47654145703646,114.29727764807936,1.0,1.0,0.9994976838650963,112.893080336626,113.16041283446144,113.99574032484131,1.0,1.0,0.999460681223924,0.9927879982207184,0.9923192099444379,c5fba3d3ad712495,e5d4cefd7d97599b,False,False
nominal_heatup,118,112.05959171116217,112.05959171116217,113.95118224618851,113.95118224618851,1.8915905350263387,-27870.419299951,optimal,-28860.48916070912,False,False,8000,8000,0.013560097494476508,0.0196563135155694,10.0,0,0,,113.40797556293384,113.68229343658356,114.50126186992688,1.0,1.0,0.9995246235200765,113.09180071970643,113.37152106750476,114.22610063089788,1.0,1.0,0.9994894132864599,0.9931676929970371,0.9927088009413344,875aa6dd20beb1bd,a8067679bf3b6593,False,False
nominal_heatup,119,110.9778398502162,110.9778398502162,112.47596578944129,112.47596578944129,1.4981259392250905,-27309.94756467745,optimal,-28084.007330811255,False,False,8000,8000,0.014179049629774454,0.02054984098167001,10.0,0,0,,113.6118884930073,113.8847251812155,114.6769097850018,1.0,1.0,0.999550146984092,113.29972955409787,113.58518054486959,114.43646306381343,1.0,1.0,0.9995167478155026,0.9935358148817482,0.9930842202419058,4104f428bc478307,1d5efbf5b3859313,False,False
nominal_heatup,120,110.16653891205107,110.16653891205107,111.31444271399302,111.31444271399302,1.1479038019419505,-26892.687765008588,optimal,-27480.271064739707,False,False,8000,8000,0.011589320035156447,0.016811651906047942,10.0,0,0,,113.81470039069325,114.07775262376614,114.82112843011562,1.0,1.0,0.9995742341860792,113.51191823559428,113.7954846772661,114.62024592741699,1.0,1.0,0.9995426716651921,0.9938943277154008,0.9934491649783671,f78b7043264ccc82,e44250d86eb4a7cd,False,False
nominal_heatup,121,109.58738629887766,109.58738629887766,110.42831784533438,110.42831784533438,0.8409315464567158,-26596.183935001416,optimal,-27023.99576262978,False,False,8000,8000,0.013690986473875455,0.01984248608098671,10.0,0,0,,114.01023905864295,114.25627578360816,114.93317929685553,1.0,1.0,0.9995968752592551,113.72270604618238,113.9966320135101,114.77362472673089,1.0,1.0,0.9995671653613349,0.9942436761564231,0.9938055556116724,93e6e9709b842365,6b7a17039943331a,False,False
nominal_heatup,122,109.20505283616461,109.20505283616461,109.78337889889296,109.78337889889296,0.5783260627283511,-26400.72615639388,optimal,-26692.982554138885,False,False,8000,8000,0.013619262126539411,0.019738535254174572,10.0,0,0,,114.19312932687752,114.41641720658767,115.01405879031932,1.0,1.0,0.99961807752682,113.92632765449335,114.18360818974818,114.8951970777047,1.0,1.0,0.9995902164046006,0.9945832722411617,0.9941538455912985,1a4ed144eba1ee26,964331012f821cb5,False,False
nominal_heatup,123,108.9876583776396,108.9876583776396,109.34307552908734,109.34307552908734,0.3554171514477389,-26289.20043108811,optimal,-26467.844625536614,False,False,8000,8000,0.01351854212767023,0.01959256073442095,10.0,0,0,,114.35910934559014,114.5555542588972,115.065929553067,1.0,1.0,0.9996378676655945,114.11757595740806,114.35246220229156,114.98545456150613,1.0,1.0,0.9996118275222114,0.9949119460866566,0.9944934306658324,8f88d005db8af668,b291ff3e35072afd,False,False
nominal_heatup,124,108.90672303542543,108.90672303542543,109.0755510376086,109.0755510376086,0.16882800218317584,-26246.764778715882,optimal,-26330.857549105778,False,False,8000,8000,0.013455484983012411,0.019501171372692916,10.0,0,0,,114.50513576865005,114.67223361148386,115.09165620910167,1.0,1.0,0.9996562904831325,114.29217756754342,114.50042737709651,115.04620962539062,1.0,1.0,0.9996320201255084,0.9952283122125072,0.9948230803138217,33596f0d1015f7b4,78f8638220b684ee,False,False
nominal_heatup,125,108.93691726905261,108.93691726905261,108.95351475448008,108.95351475448008,0.016597485427467973,-26260.50484132513,optimal,-26267.13737946305,False,False,8000,8000,0.0077030119016114895,0.011221644893488758,10.0,0,0,,114.62934718181049,114.76601583462798,115.09445967165736,1.0,1.0,0.9996734057400343,114.44697910594932,114.62587897028436,115.08009485970945,1.0,1.0,0.999650834018911,0.9955310328493882,0.9951413077096183,45d780d556b96471,2bf7123e9007a063,False,False
nominal_heatup,126,109.05577320971508,109.05577320971508,108.94872074496213,108.94872074496213,-0.10705246475295382,-26319.13457452163,optimal,-26263.204878123757,False,False,8000,8000,0.007699893573075656,0.011217102060729012,10.0,0,0,,114.73093919648466,114.83729343533211,115.07767179013715,1.0,1.0,0.9996892841800326,114.57996349752742,114.72820642096295,115.09018837665626,1.0,1.0,0.9996683247447671,0.9958189851417397,0.9954466450475458,6969d61198aeeab2,339c9de6bb54ddf3,False,False
nominal_heatup,127,109.24342714641973,109.24342714641973,109.03717057823309,109.03717057823309,-0.20625656818664595,-26412.761993339736,optimal,-26306.94323991066,False,False,8000,8000,0.013433983053076304,0.01947000840671098,10.0,0,0,,114.80999713091882,114.88710654051152,115.044569459435,1.0,1.0,0.9997040035497773,114.6901591930474,114.80764738439504,115.07975753462956,1.0,1.0,0.999684559837134,0.9960913489990718,0.9957378224882828,91b4caab0603343a,ed302ef1c0f6391f,False,False
nominal_heatup,128,109.48241172936548,109.48241172936548,109.20111433259976,109.20111433259976,-0.28129739676572285,-26532.717011214252,optimal,-26388.506338952997,False,False,8000,8000,0.013465897581568242,0.01951626245778204,10.0,0,0,,114.86731605599317,114.91697174636072,114.99826693790178,1.0,1.0,0.9997176450598287,114.77749349987904,114.86511614549113,115.05206529488612,1.0,1.0,0.9996996148903362,0.9963476361149635,0.996013870752098,9fa0bf503b9af0be,b3cfe7ca4d7038f4,False,False
nominal_heatup,129,109.75749182819003,109.75749182819003,109.42461234808579,109.42461234808579,-0.3328794801042392,-26671.42878550326,optimal,-26499.503137206186,False,False,8000,8000,0.007770962891243016,0.011320634639052862,10.0,0,0,,114.90422738511275,114.92873128522072,114.9416496261233,1.0,1.0,0.9997302904883161,114.84262739060891,114.90203309543473,115.01024951647796,1.0,1.0,0.999713569922526,0.9965876792565175,0.996274159643223,c11cadd7c207f3a6,45b82a79945ce9ef,False,False
nominal_heatup,130,110.0555289228033,110.0555289228033,109.68424395042992,109.68424395042992,-0.3712849723733882,-26822.337520822006,optimal,-26631.634929793927,False,False,8000,8000,0.013491977081983464,0.019554059743254193,10.0,0,0,,114.92244224658992,114.92442524913805,114.87733648973672,1.0,1.0,0.9997420199671014,114.88678634814582,114.92017470616985,114.95724998289087,1.0,1.0,0.9997265063264682,0.9968115976699261,0.9965183933409358,8681fd063cf1a16c,e2926f9134df4e26,False,False
nominal_heatup,131,110.36535843395929,110.36535843395929,109.97244956597146,109.97244956597146,-0.39290886798782765,-26979.82695091951,optimal,-26777.36384380642,False,False,8000,8000,0.013551952831093672,0.019640983207037443,10.0,0,0,,114.9239163024163,114.90618661483062,114.80766209965434,1.0,1.0,0.9997529103982019,114.91160543056446,114.92154503320039,114.8957512526205,1.0,1.0,0.9997385044919701,0.9970197505161688,0.9967465811458112,6b2799459b7a841b,c1e39ea3d73fd3ca,False,False
nominal_heatup,132,110.67766782431363,110.67766782431363,110.2800916051763,110.2800916051763,-0.3975762191373349,-27139.166581294463,optimal,-26932.12457653466,False,False,8000,8000,0.007875720550188703,0.01147324398038041,10.0,0,0,,114.91073702066997,114.87615738303178,114.73467205462511,1.0,1.0,0.999763034405705,114.91899398848193,114.90826391014407,114.82815649193304,1.0,1.0,0.9997496420461731,0.9972126866373154,0.9969589922915056,021b1443cb5363e0,fb7289dfcc6ea94b,False,False
nominal_heatup,133,110.98486790308927,110.98486790308927,110.58912864828147,110.58912864828147,-0.3957392548077934,-27296.45604023435,optimal,-27090.606844813534,False,False,8000,8000,0.011417164261516177,0.016561919885788257,10.0,0,0,,114.88503240602759,114.83642345618973,114.66012761449302,1.0,1.0,0.9997724597166664,114.91101783408601,114.88247824684402,114.75658956128122,1.0,1.0,0.9997599926516202,0.9973910959685351,0.9971561037816444,eb19003b535aca76,4afed54862f17230,False,False
nominal_heatup,134,111.28095407106488,111.28095407106488,110.89619726063198,110.89619726063198,-0.3847568104329042,-27448.566908318764,optimal,-27247.638383988935,False,False,8000,8000,0.01147086786150453,0.016639823175444768,10.0,0,0,,114.84889916666789,114.78896572420804,114.58551674319263,1.0,1.0,0.9997812488699104,114.88980306313371,114.84629624452951,114.68290273623627,1.0,1.0,0.9997696252774426,0.997555765657468,0.997338549598021,ae9431c3760f9f52,621da3c6af44855a,False,False
nominal_heatup,135,111.5613576088732,111.5613576088732,111.19446795323326,111.19446795323326,-0.3668896556399375,-27593.079881678714,optimal,-27400.69431893187,False,False,8000,8000,0.011523278649661961,0.016715851092184764,10.0,0,0,,114.80434791778725,114.73562491635514,114.51206965182391,1.0,1.0,0.9997894591650716,114.85746246956712,114.80173763475676,114.60865334318872,1.0,1.0,0.999778603828749,0.997707542358514,0.9975070784050808,d52e620e671b68c5,1870950b43b8878e,False,False
nominal_heatup,136,111.8227893811577,111.8227893811577,111.47876377051229,111.47876377051229,-0.34402561064541715,-27728.216981093137,optimal,-27547.0520246723,False,False,8000,8000,0.011573440713249283,0.016788616973594017,10.0,0,0,,114.75326299065867,114.67807799092446,114.44077747816111,1.0,1.0,0.9997971427801339,114.8160396698317,114.75068487445336,114.5351482665088,1.0,1.0,0.9997869869981945,0.9978473011136936,0.9976625100700357,34b26e634dae3d21,256ae2b663c95db6,False,False
nominal_heatup,137,112.06307959650843,112.06307959650843,111.74480661680225,111.74480661680225,-0.3182729797061796,-27852.769771277253,optimal,-27684.598680177725,False,False,8000,8000,0.013963504856249642,0.020237449746969283,10.0,0,0,,114.69737456680427,114.6178240803201,114.3724130700786,1.0,1.0,0.999804347001152,114.76745848318629,114.6948663945332,114.46346492053878,1.0,1.0,0.9997948283475998,0.9979759205819535,0.997805702172739,eb2d304d44a0e27d,f1577ecba80be00f,False,False
nominal_heatup,138,112.28101772976385,112.28101772976385,111.99137336883103,111.99137336883103,-0.28964436093281165,-27966.025284565287,optimal,-27812.10689423401,False,False,8000,8000,0.01166437907721729,0.016920533600356613,10.0,0,0,,114.63824107844664,114.55617825146305,114.3075530418999,1.0,1.0,0.9998111145213884,114.71349748786191,114.63584128133648,114.39443822571027,1.0,1.0,0.9998021765159951,0.9980942640180471,0.9979375261234845,cae38f739b641466,4d04589d7761c862,False,False
nominal_heatup,139,112.47619660407793,112.47619660407793,112.21564479747964,112.21564479747964,-0.26055180659828636,-28067.691656321887,optimal,-27928.682290767552,False,False,8000,8000,0.011677247124808332,0.016939200190700276,10.0,0,0,,114.57724005333041,114.49427156084181,114.24660040554515,1.0,1.0,0.9998174837783204,114.65577210380178,114.57498104764811,114.32870642654649,1.0,1.0,0.9998090754740319,0.9982031652363657,0.9980588440371967,10a427b09e6d27eb,6d7cd1131095ebd5,False,False
nominal_heatup,140,112.64886414931198,112.64886414931198,112.41748234381578,112.41748234381578,-0.23138180549619847,-28157.82548389436,optimal,-28033.726322389295,False,False,8000,8000,0.011713280510321056,0.016991470788597418,10.0,0,0,,114.51556580592526,114.43305607729118,114.18980717847913,1.0,1.0,0.9998234893058924,114.59571644368442,114.51347532408992,114.26672709096864,1.0,1.0,0.9998155648537961,0.9983034187543108,0.9981704937513146,ec8de73541c005b3,1c301876ba059720,False,False
nominal_heatup,141,112.79978566797202,112.79978566797202,112.59686279104257,112.59686279104257,-0.2029228769294491,-28236.762716191395,optimal,-28127.289088094727,False,False,8000,8000,0.01174541684981989,0.01703808826984332,10.0,0,0,,114.45423257852198,114.37331371575185,114.13729645828707,1.0,1.0,0.9998291620862775,114.53458288557566,114.45233252086885,114.20880160679566,1.0,1.0,0.9998216802934589,0.9983957733432135,0.998273277337998,013fe73ac422cd2e,e5df8b4b49c754c6,False,False
nominal_heatup,142,112.93011867532461,112.93011867532461,112.75435202870689,112.75435202870689,-0.17576664661771702,-28305.05455125308,optimal,-28209.59971195145,False,False,8000,8000,0.01177373315101704,0.01707916434315937,10.0,0,0,,114.39408191394392,114.31566787647223,114.08908353843566,1.0,1.0,0.9998345298906073,114.47344245515518,114.39238894346428,114.15509372525331,1.0,1.0,0.9998274537880519,0.9984809282884947,0.9983679538359859,1c485af55ec3059a,ec09cf5f09e30b36,False,False
nominal_heatup,143,113.04130162446268,113.04130162446268,112.89096167066036,112.89096167066036,-0.15033995380231602,-28363.409431797707,optimal,-28281.130064341352,False,False,8000,8000,0.011798388521512493,0.01711492981243712,10.0,0,0,,114.33579319973437,114.26059702065072,114.04509572424826,1.0,1.0,0.9998396176019656,114.41319169992099,114.3343181663904,114.10565689180028,1.0,1.0,0.9998329140295951,0.9985595317518255,0.9984552341831353,fc95cda5a0dac37a,ca0c28eb464f47e4,False,False
nominal_heatup,144,113.1349571360089,113.1349571360089,113.00802624387262,113.00802624387262,-0.12693089213627218,-28412.641833696704,optimal,-28342.53111074656,False,False,8000,8000,0.011819602282628239,0.017145702828679887,10.0,0,0,,114.27989646576196,114.20844943873028,114.0051905915857,1.0,1.0,0.9998444475167205,114.3545614214288,114.27864615209151,114.0604477412122,1.0,1.0,0.9998380867364526,0.9986321807229239,0.9985357793340702,f1696ed337a5ed5b,ed4720168891d180,False,False
nominal_heatup,145,113.21280975799407,113.21280975799407,113.10709881617731,113.10709881617731,-0.10571094181675278,-28453.628174365833,optimal,-28394.57797476018,False,False,8000,8000,0.011837635308125982,0.017171861819483603,10.0,0,0,,114.22678664672891,114.1594585835229,113.9691725109629,1.0,1.0,0.9998490396222444,114.2981301550227,114.22576339256536,114.01934830978922,1.0,1.0,0.9998429949572141,0.9986994221389119,0.9986101994356675,3de8f731e69860a1,dd5bba7218b8a4e7,False,False
nominal_heatup,146,113.27661779872318,113.27661779872318,113.18986262315127,113.18986262315127,-0.08675517557190915,-28487.269848866206,optimal,-28438.12279568379,False,False,8000,8000,0.011852774183665815,0.01719382251055368,10.0,0,0,,114.17673864051682,114.11375844807459,113.93680733432487,1.0,1.0,0.9998534118504399,114.24433665488989,114.17594129128564,113.9821818868556,1.0,1.0,0.9998476593546337,0.9987617548303018,0.9986790546320599,cef10f1bb81f6c28,bb2894ca78639ccc,False,False
nominal_heatup,147,113.3281184052655,113.3281184052655,113.25805774862981,113.25805774862981,-0.07006065663568961,-28514.463141717446,optimal,-28474.055147494164,False,False,8000,8000,0.011865317995599867,0.01721201876133094,10.0,0,0,,114.12992260404563,114.0713985679148,113.90783520831174,1.0,1.0,0.9998575803074176,114.19349527583418,114.12934689962147,113.94872863361542,1.0,1.0,0.9998520984649244,0.9988196320235738,0.9987428566793469,80002033884de274,4bdd238451e949db,False,False
nominal_heatup,148,113.36898479675982,113.36898479675982,113.3134216329762,113.3134216329762,-0.05556316378361714,-28536.075565367028,optimal,-28503.26958259649,False,False,8000,8000,0.011875567549907373,0.017226886925666207,10.0,0,0,,114.08641903087926,114.03235831884685,113.88198153506947,1.0,1.0,0.9998615594802706,114.14581087532846,114.08605822109479,113.91873872973684,1.0,1.0,0.999856328933597,0.9988734641898538,0.9988020712530656,c1232ef58e2d0fc2,a054649fc8dce16c,False,False
nominal_heatup,149,113.40079439323243,113.40079439323243,113.35764225714942,113.35764225714942,-0.04315213608300894,-28552.928039079317,optimal,-28526.639836298786,False,False,8000,8000,0.011883816823285542,0.01723885345083076,10.0,0,0,,114.04623324915924,113.99656026431002,113.8589661487396,1.0,1.0,0.999865362422262,114.1013940145445,114.04607856420091,113.89194397903883,1.0,1.0,0.9998603657281602,0.9989236220786838,0.9988571206474147,0cad4e37ebed3115,660e01a820ae5841,False,False
nominal_heatup,150,113.4250064935833,113.4250064935833,113.39232269201173,113.39232269201173,-0.03268380157156514,-28565.782238693057,optimal,-28544.999094537972,False,False,8000,8000,0.011890346424209497,0.017248325392004382,10.0,0,0,,114.00930906426623,113.96388238017838,113.83851081257072,1.0,1.0,0.9998690009179483,114.06027552887011,114.00935018945073,113.86806751446424,1.0,1.0,0.9998642223290599,0.9989704398158838,0.998908386720148,91ebd1124299aa92,a39de183ecee13e0,False,False
nominal_heatup,151,113.44294813606766,113.44294813606766,113.41895566083983,113.41895566083983,-0.023992475227828436,-28575.33241001835,optimal,-28559.125663689036,False,False,8000,8000,0.011895418833262283,0.0172556835075941,10.0,0,0,,113.97554134751984,113.93416904938805,113.82034516854965,1.0,1.0,0.9998724856298529,114.02242041196565,113.97576683448376,113.84683185071073,1.0,1.0,0.9998679109002264,0.9990142179765406,0.9989562139384156,d35cc893f2b096b0,0fc5906f5aa9acd6,False,False
nominal_heatup,152,113.45580680638294,113.45580680638294,113.43890673307004,113.43890673307004,-0.01690007331289678,-28582.2009375762,optimal,-28569.733335644272,False,False,8000,8000,0.011899275184362068,0.017261277590265856,10.0,0,0,,113.94478743993196,113.9072407739505,113.80421128935177,1.0,1.0,0.9998758262283213,113.98774068965602,113.94518508196403,113.82796533019605,1.0,1.0,0.9998714424408215,0.9990552265696633,0.9990009124319551,90eecfe81a608bac,7ab19b6ffec485a4,False,False
nominal_heatup,153,113.46462873014887,113.46462873014887,113.45340479714642,113.45340479714642,-0.011223933002455055,-28586.936987681136,optimal,-28577.465736294314,False,False,8000,8000,0.011902133352592159,0.017265423693131332,10.0,0,0,,113.91687729841291,113.8829025978848,113.78986699231781,1.0,1.0,0.9998790315061515,113.95610717434738,113.91743445786616,113.81120713400936,1.0,1.0,0.999874826919777,0.999093707890351,0.9990427609801904,9373f710844e2290,2b293aac06d7715c,False,False
nominal_heatup,154,113.47032158498476,113.47032158498476,113.46353852241457,113.46353852241457,-0.00678306257019301,-28590.017591802236,optimal,-28582.893965573665,False,False,8000,8000,0.01190418712160124,0.01726840292177112,10.0,0,0,,113.89162236098983,113.86095127178447,113.77708807826617,1.0,1.0,0.9998821094795282,113.92735998836687,113.89232625447671,113.79631100028905,1.0,1.0,0.9998780733947146,0.9991298792109193,0.9990820098839112,f61f4b75bd43dba1,4e7de3a8e34f27a2,False,False
nominal_heatup,155,113.47366058392879,113.47366058392879,113.47025761298822,113.47025761298822,-0.0034029709405700714,-28591.85059644249,optimal,-28586.516879603572,False,False,8000,8000,0.01190560622386272,0.017270461492840283,10.0,0,0,,113.86882314785363,113.84118121870168,113.7656696554823,1.0,1.0,0.9998850674766951,113.90131782336351,113.86966108811559,113.78304781699647,1.0,1.0,0.9998811901167749,0.9991639352936439,0.9991188836875715,16b97f2f55d96903,6daf7c2195f5e521,False,False
nominal_heatup,156,113.47529700728423,113.47529700728423,113.4743777681611,113.4743777681611,-0.000919239123120974,-28592.778973148997,optimal,-28588.76342202243,False,False,8000,8000,0.011906537058820277,0.017271811775669832,10.0,0,0,,113.84827564691516,113.82338938251112,113.75542670238997,1.0,1.0,0.9998879122157084,113.87778593477354,113.84923524398978,113.77120724773906,1.0,1.0,0.9998841846228078,0.9991960507166732,0.9991535837311677,21402c6bfd82e688,9ca1b4f8ac98b5bb,False,False
nominal_heatup,157,113.47576838793564,113.47576838793564,113.47658838682922,113.47658838682922,0.0008199988935757574,-28593.08605233704,optimal,-28589.996476917124,False,False,8000,8000,0.01190710392006622,0.017272634072512005,10.0,0,0,,113.8297765566966,113.8073790547314,113.74619401232364,1.0,1.0,0.9998906498725008,113.85656291005452,113.83084588022781,113.76059854730578,1.0,1.0,0.9998870638162805,0.9992263820110494,0.9991862905203104,ddc977bc5f1cfc9f,d431d88e735ff017,False,False
nominal_heatup,158,113.47550968058287,113.47550968058287,113.47746218080545,113.47746218080545,0.0019525002225719845,-28593.001313858626,optimal,-28590.517785173965,False,False,8000,8000,0.011907410583646083,0.017273078922571905,10.0,0,0,,113.8131274765937,113.79296278480929,113.73782565149307,1.0,1.0,0.9998932861403887,113.83744627417884,113.81429518219925,113.75105071309618,1.0,1.0,0.9998898340381596,0.9992550696114728,0.999217165910034,41337d176d95f24f,b44c0edd3433f313,False,False
nominal_heatup,159,113.47486486423118,113.47486486423118,113.47746598795963,113.47746598795963,0.002601123728453558,-28592.706433056745,optimal,-28590.57353545752,False,False,8000,8000,0.011907542128255955,0.01727326974229193,10.0,0,0,,113.79813814567231,113.779964483004,113.73019404753234,1.0,1.0,0.999895826282046,113.82023701640372,113.79939356843086,113.742412107614,1.0,1.0,0.999892501128922,0.9992822396268206,0.9992463551033608,de8308ea8b45fd60,e8a5d71a7e463faa,False,False
disturbance_step60,0,32.0,32.0,32.0,32.0,0.0,-95998.82400563429,optimal,-96015.17320534943,False,False,8000,8000,0.008296790798013376,0.012086652467869108,10.0,0,0,,28.0,28.0,28.0,1e-05,1e-05,1e-05,28.0,28.0,28.0,1e-05,1e-05,1e-05,1.0000008521941652,1.0000008521941652,cf16d6dcdbba5e96,cf16d6dcdbba5e96,True,True
disturbance_step60,1,36.0,36.0,36.0063492855756,36.0,0.0,-106602.11836433185,optimal,-106627.82430384892,False,False,8000,8000,0.01285296705363237,0.01867445630775233,10.0,1,0,,28.000000056399145,28.000000056399145,28.000000056399145,1.0001630922571259e-05,1.0001630922571259e-05,1.0001630922571259e-05,28.000000056399145,28.000000056399145,28.000000056399145,1.0001630922571259e-05,1.0001630922571259e-05,1.0001630922571259e-05,1.0000008522669996,1.0000008522669996,2e328ea56c7cd9b6,2e328ea56c7cd9b6,True,True
disturbance_step60,2,40.00000000000001,40.00000000000001,40.00000000000001,40.0,-7.105427357601002e-15,-117129.27120926857,optimal,-117145.47386388177,False,False,8000,8000,0.011575759715157119,0.01692728171787916,10.0,0,0,,28.000000112803107,28.000000112803107,28.000000091841084,1.0003261984532805e-05,1.0003261984532805e-05,1.0003261984532805e-05,28.000000112803107,28.000000112803107,28.000000091841084,1.0003261984532805e-05,1.0003261984532805e-05,1.0003261984532805e-05,1.0000008523398338,1.0000008523398338,27471e481eb0037c,27471e481eb0037c,True,True
disturbance_step60,3,44.00000000000001,44.00000000000001,44.0041093418828,44.0,-7.105427357601002e-15,-127560.71461505513,optimal,-127579.17419334351,False,False,8000,8000,0.004170190374530591,0.00851677223239733,10.0,1,0,-0.00014471209528826843,28.00000016921189,28.00000016142088,28.000000128607986,1.0004893185885736e-05,1.0004893185885736e-05,1.0004893185878145e-05,28.00000016921189,28.00000016142088,28.000000128607986,1.0004893185885736e-05,1.0004893185885736e-05,1.0004893185878145e-05,1.000000852412668,1.000000852412668,bc7dc74b29c7a69b,bc7dc74b29c7a69b,True,True
disturbance_step60,4,48.00000000000001,48.00000000000001,48.0,48.0,-7.105427357601002e-15,-137877.66932309937,optimal,-137886.7249322235,False,False,8000,8000,0.00585802265730706,0.008566210967572374,10.0,0,0,-6.567857702112633e-05,28.00000021983408,28.000000208534534,28.00000016274716,1.0006524526631151e-05,1.0006524526628329e-05,1.0006524526608854e-05,28.00000021983408,28.000000208534534,28.00000016274716,1.0006524526631151e-05,1.0006524526628329e-05,1.0006524526608854e-05,1.000000852485502,1.000000852485502,167f22f2007b1b7b,167f22f2007b1b7b,True,True
disturbance_step60,5,52.000000000000014,52.000000000000014,52.0039350675811,52.0,-1.4210854715202004e-14,-148066.06891524495,optimal,-148079.47576223998,False,False,8000,8000,0.003969575670211611,0.00815558190657839,10.0,1,0,-9.054638306587493e-05,28.00000026785304,28.000000252134775,28.015534364180088,1.0008156006768049e-05,1.0008156006761134e-05,1.0008156006725072e-05,28.00000026785304,28.000000252134775,28.015534364180088,1.0008156006768049e-05,1.0008156006761134e-05,1.0008156006725072e-05,1.0000008535389835,1.0000008535389835,f94c35af10199129,f94c35af10199129,True,True
disturbance_step60,6,56.000000000000014,56.000000000000014,56.00000000000001,56.0,-1.4210854715202004e-14,-158106.71679597168,optimal,-158117.4456574934,False,False,8000,8000,0.0067255866524220664,0.009771803939144341,10.0,0,0,-6.785835377000401e-05,28.000000312592185,28.00577391978186,28.057459750004423,1.000978762629658e-05,1.000978762628397e-05,1.0009793262776227e-05,28.000000312592185,28.00577391978186,28.057459750004423,1.000978762629658e-05,1.000978762628397e-05,1.0009793262776227e-05,1.0000008566302483,1.0000008566302483,bdbed9df60d2468d,bdbed9df60d2468d,True,True
disturbance_step60,7,60.00000000000002,60.00000000000002,60.003266910003596,60.0,-2.1316282072803006e-14,-167979.73405210197,optimal,-167991.49622779712,False,False,8000,8000,0.006533951142714045,0.009493371034273501,10.0,1,0,-7.002139729287645e-05,28.004292153377847,28.022838296226645,28.135109522234508,1.001141938521665e-05,1.0011421478125678e-05,1.0011445967490528e-05,28.004292153377847,28.022838296226645,28.135109522234508,1.001141938521665e-05,1.0011421478125678e-05,1.0011445967490528e-05,1.0000008630022164,1.0000008630022164,c9740d78ed75e56b,c9740d78ed75e56b,True,True
disturbance_step60,8,64.00000000000003,64.00000000000003,64.00321691336801,64.0,-2.842170943040401e-14,-177665.40055867797,optimal,-177676.1074502337,False,False,8000,8000,0.006433955864721952,0.009348084934823753,10.0,1,0,-6.026435942037954e-05,28.01807839987666,28.057673407757182,28.254795432951447,1.0013052839181873e-05,1.0013061671269752e-05,1.0013127537634136e-05,28.01807839987666,28.057673407757182,28.254795432951447,1.0013052839181873e-05,1.0013061671269752e-05,1.0013127537634136e-05,1.0000008738881738,1.0000008738881738,862a0937b312a227,862a0937b312a227,True,True
disturbance_step60,9,68.00000000000003,68.00000000000003,68.00318232172191,68.0,-2.842170943040401e-14,-187142.34228568219,optimal,-187146.79462151762,False,False,8000,8000,0.006364771184081519,0.009247564464330615,10.0,1,0,-2.3791172970715984e-05,28.047511223592842,28.11622195693027,28.42117301871507,1.0014691440074805e-05,1.0014714737108251e-05,1.0014854481868797e-05,28.047511223592842,28.11622195693027,28.42117301871507,1.0014691440074805e-05,1.0014714737108251e-05,1.0014854481868797e-05,1.0000008905547881,1.0000008905547881,93173fa1627b55b6,93173fa1627b55b6,True,True
disturbance_step60,10,72.00000000000003,72.00000000000003,72.0,72.0,-2.842170943040401e-14,-196384.77948680348,optimal,-196381.0597775191,False,False,8000,8000,0.005336237976123925,0.007733864025650128,10.0,0,0,1.8940924515656822e-05,28.098587088330618,28.204026095810903,28.637444447596287,1.0016340922523065e-05,1.0016389563010768e-05,1.0016646422525322e-05,28.098587088330618,28.204026095810903,28.637444447596287,1.0016340922523065e-05,1.0016389563010768e-05,1.0016646422525322e-05,1.0000009143124624,1.0000009143124624,8b4cfa82049e50f8,8b4cfa82049e50f8,True,True
disturbance_step60,11,76.00000000000003,76.00000000000003,76.0,76.0,-2.842170943040401e-14,-205373.05778345736,optimal,-205363.06009199104,False,False,8000,8000,0.004534639992115785,0.006572099906574813,10.0,0,0,4.868063792885557e-05,28.17696474743232,28.325927123648107,28.905878723964744,1.001800935059378e-05,1.0018097472067574e-05,1.0018526362451092e-05,28.17696474743232,28.325927123648107,28.905878723964744,1.001800935059378e-05,1.0018097472067574e-05,1.0018526362451092e-05,1.0000009465851527,1.0000009465851527,8ea45fc491ca365b,8ea45fc491ca365b,True,True
disturbance_step60,12,80.00000000000001,80.00000000000001,80.0,80.0,-1.4210854715202004e-14,-214088.40840139062,optimal,-214075.31886759208,False,False,8000,8000,0.008603136487408847,0.012580402372588395,10.0,0,0,,28.287695303581557,28.48611411336325,29.228022559149494,1.0019707186055292e-05,1.0019852307914455e-05,1.0020521334415317e-05,28.287695303581557,28.48611411336325,29.228022559149494,1.0019707186055292e-05,1.0019852307914455e-05,1.0020521334415317e-05,1.000000988985778,1.000000988985778,b37574cac608723e,b37574cac608723e,True,True
disturbance_step60,13,84.00000000000001,84.00000000000001,84.0,84.0,-1.4210854715202004e-14,-222512.43116136317,optimal,-222489.50990331252,False,False,8000,8000,0.0076474780356932115,0.011085556422743004,10.0,0,0,,28.435189073687383,28.68811443723295,29.60491107244096,1.0021447366458453e-05,1.0021670668093506e-05,1.002266335713411e-05,28.435189073687383,28.68811443723295,29.60491107244096,1.0021447366458453e-05,1.0021670668093506e-05,1.002266335713411e-05,1.0000010434153785,1.0000010434153785,d70bd621a1477565,d70bd621a1477565,True,True
disturbance_step60,14,88.0,88.0,88.0,88.0,0.0,-230627.10977855098,optimal,-230604.21017407032,False,False,8000,8000,0.008289626880880974,0.01212195596760779,10.0,0,0,,28.623200041918288,28.934857331659494,30.03718676868891,1.0023245495954168e-05,1.0023572281445382e-05,1.0024990765584491e-05,28.623200041918288,28.934857331659494,30.037186768688905,1.0023245495954168e-05,1.0023572281445382e-05,1.0024990765584491e-05,1.0000011121797336,1.0000011121797336,7834316f3b56273f,7834316f3b56273f,True,True
disturbance_step60,15,91.99999999999999,91.99999999999999,92.0,92.0,1.4210854715202004e-14,-238414.82183393,optimal,-238389.81992151958,False,False,8000,8000,0.004688920599747348,0.006816363639742917,10.0,0,0,0.00010486727384718859,28.854869120086413,29.22872865371056,30.525195733226727,1.0025120171607514e-05,1.0025580580941484e-05,1.0027549973976509e-05,28.854869120086413,29.22872865371056,30.525195733226727,1.0025120171607514e-05,1.0025580580941484e-05,1.0027549973976509e-05,1.0000011981334345,1.0000011981334345,462c1250876883bb,462c1250876883bb,True,True
disturbance_step60,16,96.0,96.0,96.0,96.0,0.0,-245858.3444549164,optimal,-245834.68019544368,False,False,8000,8000,0.004965230290764566,0.007196158810143238,10.0,0,0,9.625160181234254e-05,29.132775953652295,29.571636766375924,31.069051976588753,1.0027093488534011e-05,1.0027723503453636e-05,1.0030397793205575e-05,29.132775953652295,29.571636766375924,31.069051976588753,1.0027093488534011e-05,1.0027723503453636e-05,1.0030397793205575e-05,1.0000013048593073,1.0000013048593073,008772fb4277ad19,008772fb4277ad19,True,True
disturbance_step60,17,100.0,100.0,100.00414536385335,100.0,0.0,-252940.85657528054,optimal,-252920.89497844313,False,False,8000,8000,0.008318436061315992,0.01211818499518813,10.0,1,0,,29.459001193484145,29.965072618383886,31.66868726952701,1.0029191757879237e-05,1.0030034571632905e-05,1.0033604465787608e-05,29.459001193484145,29.965072618383886,31.66868726952701,1.0029191757879237e-05,1.0030034571632905e-05,1.0033604465787608e-05,1.0000014368973875,1.0000014368973875,fae74bf2bc99669f,fae74bf2bc99669f,True,True
disturbance_step60,18,104.00000000000001,104.00000000000001,104.00409609386556,104.0,-1.4210854715202004e-14,-259645.93848475255,optimal,-259625.54743926815,False,False,8000,8000,0.007890343354915785,0.011494545338461393,10.0,1,0,,29.83518713825559,30.410166831002797,32.32388788410938,1.0031446486637145e-05,1.003255432719756e-05,1.0037257650833878e-05,29.83518713825559,30.410166831002797,32.32388788410938,1.0031446486637145e-05,1.003255432719756e-05,1.0037257650833878e-05,1.0000016000414043,1.0000016000414043,a2d55434f5188a28,a2d55434f5188a28,True,True
disturbance_step60,19,108.00000000000001,108.00000000000001,108.0,108.0,-1.4210854715202004e-14,-265957.5692540158,optimal,-265936.6619761487,False,False,8000,8000,0.007193120867142966,0.00942798313338944,10.0,0,0,7.861132858795628e-05,30.26259573381852,30.907740544433675,33.03432342597463,1.0033895682563044e-05,1.0035332213742204e-05,1.0041467676231376e-05,30.26259573381852,30.907740544433675,33.03432342597463,1.0033895682563044e-05,1.0035332213742204e-05,1.0041467676231376e-05,1.0000018017276073,1.0000018017276073,000965a73a098465,000965a73a098465,True,True
disturbance_step60,20,112.0,112.0,112.0,112.0,0.0,-271860.12251244276,optimal,-271844.9455257079,False,False,8000,8000,0.007554437359672761,0.009901003862904822,10.0,0,0,5.58264544079856e-05,30.742161255455276,31.45835074073644,33.799569377951165,1.0036585572181912e-05,1.0038429042220354e-05,1.0046374493864521e-05,30.742161255455276,31.45835074073644,33.799569377951165,1.0036585572181912e-05,1.0038429042220354e-05,1.0046374493864521e-05,1.000002051549314,1.000002051549314,62a5fbdd6bc61302,62a5fbdd6bc61302,True,True
disturbance_step60,21,116.0,116.0,116.0,116.0,0.0,-277338.3609672305,optimal,-277330.4310638856,False,False,8000,8000,0.005418675202548684,0.007504483135318374,10.0,0,0,2.8592883138256067e-05,31.274537519628144,32.06232983559645,34.619125239305966,1.0039572851893256e-05,1.0041920221372836e-05,1.0052156935043224e-05,31.274537519628144,32.06232983559645,34.619125239305966,1.0039572851893256e-05,1.0041920221372836e-05,1.0052156935043224e-05,1.000002361942879,1.000002361942879,2c1e0ce8e8b0310e,2c1e0ce8e8b0310e,True,True
disturbance_step60,22,119.99999999999999,119.99999999999999,120.00123073162547,120.0,1.4210854715202004e-14,-282249.2947156021,optimal,-282199.8387625959,False,False,8000,8000,0.0016679093043876492,0.0025507395684485346,10.0,1,0,0.00017522082050216496,31.860139431473698,32.71982012895055,35.49242921855301,1.0042927636276365e-05,1.0045900001126806e-05,1.0059045087611502e-05,31.860139431473698,32.71982012895055,35.492429218553006,1.0042927636276365e-05,1.0045900001126806e-05,1.0059045087611502e-05,1.0000027491075865,1.0000027491075865,c0e28f2bf04cae41,c0e28f2bf04cae41,True,True
disturbance_step60,23,123.99999999999999,123.99999999999999,124.00011481771169,124.0,1.4210854715202004e-14,-285922.7658009261,optimal,-285870.1528525981,False,False,8000,8000,0.00022414361369271774,0.00032491190755568056,10.0,1,0,0.00018401104990918202,32.499179256904526,33.43080354993059,36.4188703028621,1.0046737327042226e-05,1.0050487067028725e-05,1.0067336928314506e-05,32.499179256904526,33.43080354993059,36.4188703028621,1.0046737327042226e-05,1.0050487067028725e-05,1.0067336928314506e-05,1.0000032342458494,1.0000032342458494,119518f418cd06f3,119518f418cd06f3,True,True
disturbance_step60,24,127.99999999999997,127.99999999999997,128.0,128.0,2.842170943040401e-14,-287335.9380485216,optimal,-287286.29932110163,False,False,8000,8000,0.0001436514092034713,0.00017263880369533524,10.0,0,0,0.00017275502590131665,33.19169804282029,34.195127258322415,37.39779823444413,1.005111170702066e-05,1.0055831947088486e-05,1.0077420781319361e-05,33.19169804282029,34.195127258322415,37.39779823444413,1.005111170702066e-05,1.0055831947088486e-05,1.0077420781319361e-05,1.0000038452434135,1.0000038452434135,8d4b2a38b9170216,8d4b2a38b9170216,True,True
disturbance_step60,25,130.0,130.0,130.0,130.0,0.0,-285421.42745096504,optimal,-285377.6673839216,False,False,8000,8000,0.00013778421597976376,0.0001655876704997894,10.0,0,0,0.0001533173855734305,33.937592712032945,35.01252560136736,38.428531814316294,1.005618967429849e-05,1.0062126862556018e-05,1.0089805789359043e-05,33.937592712032945,35.01252560136736,38.42853181431629,1.005618967429849e-05,1.0062126862556018e-05,1.0089805789359043e-05,1.000004618956481,1.000004618956481,8d029e165e089211,8d029e165e089211,False,False
disturbance_step60,26,130.0,130.0,130.0,130.0,0.0,-281039.5681684587,optimal,-281001.41966172674,False,False,8000,8000,7.590409366287076e-05,0.00011000857570042655,10.0,0,0,0.00013574069651656366,34.73663933886757,35.88263890591762,39.51036584016606,1.0062148184087887e-05,1.0069618889944927e-05,1.0105163455459045e-05,34.73663933886757,35.88263890591762,39.51036584016606,1.0062148184087887e-05,1.0069618889944927e-05,1.0105163455459045e-05,1.000005604339681,1.000005604339681,4a9499a2553ffa43,4a9499a2553ffa43,False,False
disturbance_step60,27,130.0,130.0,130.0,130.0,0.0,-276122.11941677064,optimal,-276089.0494578192,False,False,8000,8000,0.00010932934253560234,0.00015845212921039575,10.0,0,0,0.00011976570012316114,35.588513092118006,36.80502953120535,40.64257692132614,1.0069214176848358e-05,1.007862763007317e-05,1.0124384554526784e-05,35.588513092118006,36.80502953120535,40.64257692132614,1.0069214176848358e-05,1.007862763007317e-05,1.0124384554526784e-05,1.0000068667446973,1.0000068667446973,bd545d5539f4b404,bd545d5539f4b404,False,False
disturbance_step60,28,130.0,130.0,130.0,130.0,0.0,-271205.79345906223,optimal,-271174.27607654536,False,False,8000,8000,7.328095119873979e-05,0.00010620682861617325,10.0,0,0,0.00011621205474613356,36.49280528639048,37.77919556259234,41.82442836075676,1.00776805645182e-05,1.0089569039656569e-05,1.0148657494724979e-05,36.49280528639048,37.77919556259234,41.824428360756755,1.00776805645182e-05,1.0089569039656569e-05,1.0148657494724979e-05,1.0000084938573894,1.0000084938573894,d22ee01681297e98,d22ee01681297e98,False,False
disturbance_step60,29,130.0,130.0,130.0,130.0,0.0,-266304.0675836935,optimal,-266274.53734104923,False,False,8000,8000,0.00012771386676035945,0.000153485227178507,10.0,0,0,0.00011088919111244102,37.44903793778678,38.80458247844509,43.055174257720964,1.008792775660128e-05,1.0102987727945598e-05,1.0179576783908196e-05,37.44903793778678,38.80458247844509,43.055174257720964,1.008792775660128e-05,1.0102987727945598e-05,1.0179576783908196e-05,1.000010603941939,1.000010603941939,f901d2f0145b092a,f901d2f0145b092a,False,False
disturbance_step60,30,130.0,130.0,130.0,130.0,0.0,-261427.8559712686,optimal,-261400.90219524593,False,False,8000,8000,0.00012697561848540317,0.00015259800789202416,10.0,0,0,0.0001031021576583076,38.45667617246797,39.88059307969843,44.3262958722187,1.0100452783556139e-05,1.0119600936431953e-05,1.0219294017606023e-05,38.45667617246797,39.88059307969843,44.3262958722187,1.0100452783556139e-05,1.0119600936431953e-05,1.0219294017606023e-05,1.0000133502968045,1.0000133502968045,15938d8f682801bc,15938d8f682801bc,False,False
disturbance_step60,31,130.00000000000003,130.00000000000003,130.0,130.0,-2.842170943040401e-14,-256586.0144209544,optimal,-256564.52023749353,False,False,8000,8000,0.00010064332150250266,0.00014586339046918084,10.0,0,0,8.376989489980608e-05,39.51513879282677,41.00370911940794,45.62384309440205,1.0115908887980325e-05,1.0140358723565776e-05,1.027064961864798e-05,39.51513879282677,41.00370911940794,45.62384309440205,1.0115908887980325e-05,1.0140358723565776e-05,1.027064961864798e-05,1.0000169276166246,1.0000169276166246,e7de6d78d2a63596,e7de6d78d2a63596,False,False
disturbance_step60,32,130.0,130.0,130.0,130.0,0.0,-251785.7341880738,optimal,-251766.76192441516,False,False,8000,8000,9.853149732919064e-05,0.00014280270219746427,10.0,0,0,7.535082843311039e-05,40.62166136640788,42.167626743408356,46.936965864865606,1.0135159609374298e-05,1.0166511340095578e-05,1.0337306087914461e-05,40.62166136640788,42.167626743408356,46.936965864865606,1.0135159609374298e-05,1.0166511340095578e-05,1.0337306087914461e-05,1.0000215859513406,1.0000215859513406,f7fa3165f50aafc4,f7fa3165f50aafc4,False,False
disturbance_step60,33,130.0,130.0,130.0,130.0,0.0,-247032.84415578103,optimal,-247017.22391009424,False,False,8000,8000,9.641591435638475e-05,0.00013973656627985775,10.0,0,0,6.323145304897262e-05,41.77084845737516,43.36566791672194,48.25708836034172,1.0159342426202962e-05,1.0199689056691248e-05,1.0423972055584554e-05,41.77084845737516,43.36566791672194,48.25708836034172,1.0159342426202962e-05,1.0199689056691248e-05,1.0423972055584554e-05,1.00002764480365,1.00002764480365,971a710837f5cd28,971a710837f5cd28,False,False
disturbance_step60,34,130.0,130.0,130.0,130.0,0.0,-242332.0494110759,optimal,-242319.0781247419,False,False,8000,8000,9.435664779289255e-05,0.00013675205023577774,10.0,0,0,5.3526912207994616e-05,42.956351227797434,44.59092597223202,49.57797689401695,1.018994412676557e-05,1.0242010082863206e-05,1.053668028779401e-05,42.956351227797434,44.59092597223202,49.57797689401695,1.018994412676557e-05,1.0242010082863206e-05,1.053668028779401e-05,1.0000355128009815,1.0000355128009815,60fa5e6688e1f474,60fa5e6688e1f474,False,False
disturbance_step60,35,130.0,130.0,130.0,130.0,0.0,-237687.12104444232,optimal,-237676.3295197054,False,False,8000,8000,9.232498962319369e-05,0.00013380754738268053,10.0,0,0,4.5402227471988724e-05,44.17140619546908,45.83695172260525,50.89495729321921,1.0228899307463622e-05,1.0296214244032106e-05,1.0683152902901279e-05,44.17140619546908,45.83695172260525,50.89495729321921,1.0228899307463622e-05,1.0296214244032106e-05,1.0683152902901279e-05,1.0000457117886863,1.0000457117886863,ce25cdb2f56292bb,ce25cdb2f56292bb,False,False
disturbance_step60,36,130.0,130.0,130.0,130.0,0.0,-233101.04983733257,optimal,-233092.03953596976,False,False,8000,8000,9.034009165986845e-05,0.0001309308145893695,10.0,0,0,3.8654057410287e-05,45.40948352759255,47.097838917598104,52.2045545514495,1.0278713971231812e-05,1.036583429649087e-05,1.0873268743414286e-05,45.40948352759255,47.097838917598104,52.2045545514495,1.0278713971231812e-05,1.036583429649087e-05,1.0873268743414286e-05,1.000058908674502,1.000058908674502,f6bd19bc4bd4e60f,f6bd19bc4bd4e60f,False,False
disturbance_step60,37,130.0,130.0,130.0,130.0,0.0,-228576.1718164679,optimal,-228569.44326755955,False,False,8000,8000,8.835499563986104e-05,0.00012805379470837153,10.0,0,0,2.9436790610517925e-05,46.66451695380042,48.36835320017051,53.50412826644477,1.0342623010345865e-05,1.0455411819631811e-05,1.1119674734577008e-05,46.66451695380042,48.36835320017051,53.50412826644477,1.0342623010345865e-05,1.0455411819631811e-05,1.1119674734577008e-05,1.0000759571416173,1.0000759571416173,8ab39320150e3d5f,8ab39320150e3d5f,False,False
disturbance_step60,38,130.0,130.0,130.0,130.0,0.0,-224114.27177852174,optimal,-224109.25054205008,False,False,8000,8000,8.64270855771565e-05,0.00012525965503318304,10.0,0,0,2.240480461970961e-05,47.931058634757065,49.64391516037741,54.79166265923367,1.0424789135198688e-05,1.0570772044380092e-05,1.1438591403752979e-05,47.931058634757065,49.64391516037741,54.79166265923367,1.0424789135198688e-05,1.0570772044380092e-05,1.1438591403752979e-05,1.0000979538377246,1.0000979538377246,54a16dc53a1d5c0f,54a16dc53a1d5c0f,False,False
disturbance_step60,39,130.0,130.0,130.0,130.0,0.0,-219716.6690321443,optimal,-219714.12590049888,False,False,8000,8000,8.445861662664811e-05,0.00012240673292485127,10.0,0,0,1.1574595849515092e-05,49.204306314942166,50.92057550494545,56.06560239687443,1.0530555493521728e-05,1.0719374634412519e-05,1.1850890373346329e-05,49.204306314942166,50.92057550494545,56.06560239687443,1.0530555493521728e-05,1.0719374634412519e-05,1.1850890373346329e-05,1.0001263149983302,1.0001263149983302,86ed1bb2c9313ac7,86ed1bb2c9313ac7,False,False
disturbance_step60,40,130.0,130.0,130.0,130.0,0.0,-215384.2885411067,optimal,-215383.2476820617,False,False,8000,8000,8.26480114142214e-05,0.00011978260435530075,10.0,0,0,4.832567185394841e-06,50.48009183635129,52.194957759675056,57.32474554955666,1.0666767540547945e-05,1.0910765749966646e-05,1.2383552396445595e-05,50.48009183635129,52.194957759675056,57.32474554955666,1.0666767540547945e-05,1.0910765749966646e-05,1.2383552396445595e-05,1.0001628826826376,1.0001628826826376,9b3324edba12acef,9b3324edba12acef,False,False
disturbance_step60,41,130.0,130.0,130.0,130.0,0.0,-211118.63702029592,optimal,-211118.65912101965,False,False,8000,8000,8.096240594568371e-05,0.00011733963920068646,10.0,0,0,-1.0468390668740086e-07,51.75483560174435,53.464199514395304,58.56816376746488,1.0842186462087133e-05,1.1157166424599135e-05,1.3071662770483217e-05,51.75483560174435,53.464199514395304,58.56816376746488,1.0842186462087133e-05,1.1157166424599135e-05,1.3071662770483217e-05,1.000210073755604,1.000210073755604,80e02de491f7aa2b,80e02de491f7aa2b,False,False
disturbance_step60,42,130.0,130.0,130.0,130.0,0.0,-206922.3674493509,optimal,-206922.38911855253,False,False,8000,8000,8.007312194990845e-05,0.00011605079084819891,10.0,0,0,-1.0472140801591814e-07,53.02549121637784,54.72589075682159,59.79514556110168,1.1068025253675922e-05,1.1474247701261865e-05,1.3961166177047804e-05,53.02549121637784,54.72589075682159,59.79514556110168,1.1068025253675922e-05,1.1474247701261865e-05,1.3961166177047804e-05,1.0002710907268957,1.0002710907268957,5ec467693be3925d,5ec467693be3925d,False,False
disturbance_step60,43,130.00000000000003,130.00000000000003,129.99999999999997,129.99999999999997,-5.684341886080802e-14,-202795.50063490059,optimal,-202795.52188369742,False,False,8000,8000,7.919833988978553e-05,0.00011478296029299173,10.0,0,0,-1.0477942952834262e-07,54.28948544658738,55.97801639829211,61.005153326433316,1.1358651936153698e-05,1.1882164517023144e-05,1.5112695179349738e-05,54.28948544658738,55.97801639829211,61.005153326433316,1.1358651936153698e-05,1.1882164517023144e-05,1.5112695179349738e-05,1.0003502217184117,1.0003502217184117,34c7a5744cd37d61,34c7a5744cd37d61,False,False
disturbance_step60,44,130.0,130.0,130.00000000000003,130.0,0.0,-198737.70980015665,optimal,-198737.73063940945,False,False,8000,8000,7.833793961253832e-05,0.00011353597342367294,10.0,0,0,-1.0485807057538412e-07,55.544660094629194,57.21890324691535,62.19779083408779,1.1732523445269194e-05,1.240695156285074e-05,1.6606913172483163e-05,55.544660094629194,57.21890324691535,62.19779083408779,1.1732523445269194e-05,1.240695156285074e-05,1.6606913172483163e-05,1.0004532681750724,1.0004532681750724,e85d8452cc53df96,e85d8452cc53df96,False,False
disturbance_step60,45,130.0,130.0,130.0,130.0,0.0,-194747.84178402944,optimal,-194742.86302226424,False,False,8000,8000,0.0007324066744871516,0.0010616749046485907,10.0,0,0,2.556517042548279e-05,56.78921767445046,58.44717272868527,63.372777800977815,1.221344127067576e-05,1.3082428465613039e-05,1.8551986542778255e-05,56.78921767445046,58.44717272868527,63.372777800977815,1.221344127067576e-05,1.3082428465613039e-05,1.8551986542778255e-05,1.000588154251119,1.000588154251119,62a3b68bbbfc394c,62a3b68bbbfc394c,False,False
disturbance_step60,46,130.0,130.0,130.0,130.0,0.0,-190823.04102907213,optimal,-190810.80221269108,False,False,8000,8000,0.0009890941982888535,0.001433504291282084,10.0,0,0,6.41369947520602e-05,58.02167234021292,59.6616991361294,64.52992981579379,1.283225903535136e-05,1.3952823801894359e-05,2.1094037516679137e-05,58.02167234021292,59.6616991361294,64.52992981579379,1.283225903535136e-05,1.3952823801894359e-05,2.1094037516679137e-05,1.0007657922929523,1.0007657922929523,dfdaf67bc2ef0b31,dfdaf67bc2ef0b31,False,False
disturbance_step60,47,130.0,130.0,130.0,130.0,0.0,-186962.37696064464,optimal,-186943.62189019963,False,False,8000,8000,0.000839156440420652,0.0012161979723375183,10.0,0,0,0.00010031467694128744,59.24080627823817,60.861573248056025,65.66914222531285,1.3629227439716847e-05,1.5076414058007539e-05,2.4431749600808675e-05,59.24080627823817,60.861573248056025,65.66914222531285,1.3629227439716847e-05,1.5076414058007539e-05,2.4431749600808675e-05,1.0010013058592766,1.0010013058592766,1b1458e116e19f25,1b1458e116e19f25,False,False
disturbance_step60,48,130.0,130.0,130.0,130.0,0.0,-183164.91513296502,optimal,-183140.29293142396,False,False,8000,8000,0.0012132097592854052,0.0017583172555193372,10.0,0,0,0.00013442640760751774,60.44563150282925,62.04607084493373,66.79037712551897,1.4657239205824328e-05,1.6530593465596096e-05,2.8836727925755534e-05,60.44563150282925,62.04607084493373,66.79037712551897,1.4657239205824328e-05,1.6530593465596096e-05,2.8836727925755534e-05,1.0013157471013459,1.0013157471013459,78105417218a633d,78105417218a633d,False,False
disturbance_step60,49,130.0,130.0,129.99999999999997,129.99999999999997,-2.842170943040401e-14,-179429.4913597434,optimal,-179399.71272835843,False,False,8000,8000,0.0011228220653975995,0.00162731745053879,10.0,0,0,0.00016596285905573456,61.63535669095369,63.214625663276244,67.89365282436219,1.5986343757010025e-05,1.8418955140258733e-05,3.468179049773321e-05,61.63535669095369,63.214625663276244,67.89365282436219,1.5986343757010025e-05,1.8418955140258733e-05,3.468179049773321e-05,1.0017384914685026,1.0017384914685026,c05ad60fb9db758c,c05ad60fb9db758c,False,False
disturbance_step60,50,130.0,130.0,130.0,130.0,0.0,-175754.6587114928,optimal,-175720.31489854163,False,False,8000,8000,0.0008363447210939512,0.0012151501009434185,10.0,0,0,0.00019540769617694374,62.809358627771545,64.3668063085973,68.97903535661558,1.771004879334599e-05,2.088118832276349e-05,4.248012413352589e-05,62.809358627771545,64.3668063085973,68.97903535661558,1.771004879334599e-05,2.088118832276349e-05,4.248012413352589e-05,1.00231055276414,1.00231055276414,9891ca22799da80a,9891ca22799da80a,False,False
disturbance_step60,51,130.0,130.0,130.0,130.0,0.0,-172138.60261126157,optimal,-172100.33864015917,False,False,8000,8000,0.0015166432934279328,0.002198086565710078,10.0,0,0,0.00022228582387667572,63.967157802997406,65.50229669912932,70.04663175947266,1.9954127492003092e-05,2.4106900556497154e-05,5.2939230035971814e-05,63.967157802997406,65.50229669912932,70.04663175947266,1.9954127492003092e-05,2.4106900556497154e-05,5.2939230035971814e-05,1.0030891393708201,1.0030891393708201,76da1e0fbbc7bc9c,76da1e0fbbc7bc9c,False,False
disturbance_step60,52,130.0,130.0,130.0,130.0,0.0,-168579.00984923483,optimal,-168537.3786220126,False,False,8000,8000,0.0012760374727065482,0.001849374100186374,10.0,0,0,0.00024695380082890623,65.10839773149327,66.62087966539488,71.09658492755247,2.288892387473418e-05,2.835488283289929e-05,6.703486721298836e-05,65.10839773149327,66.62087966539488,71.09658492755247,2.288892387473418e-05,2.835488283289929e-05,6.703486721298836e-05,1.0041538720862666,1.0041538720862666,45ce2f4060439a62,45ce2f4060439a62,False,False
disturbance_step60,53,130.0,130.0,130.0,130.0,0.0,-165072.8686270707,optimal,-165028.486915545,False,False,8000,8000,0.0012687519348446585,0.0018388150960335636,10.0,0,0,0.0002688613331481759,66.23282762269277,67.72242340235866,72.12906995180523,2.6746518406205812e-05,3.397988237098351e-05,8.611184642383666e-05,66.23282762269277,67.72242340235866,72.12906995180523,2.6746518406205812e-05,3.397988237098351e-05,8.611184642383666e-05,1.0056152093333455,1.0056152093333455,5e34a0675036899a,5e34a0675036899a,False,False
disturbance_step60,54,130.0,130.0,130.0,130.0,0.0,-161616.161465562,optimal,-161569.5050596118,False,False,8000,8000,0.0012911619287052645,0.0018712941282617024,10.0,0,0,0.00028868651208585806,67.34028809419581,68.80687054634416,73.14429192629689,3.1844611049781495e-05,4.146967191003758e-05,0.00011202061419671508,67.34028809419581,68.80687054634416,73.14429192629689,3.1844611049781495e-05,4.146967191003758e-05,0.00011202061419671508,1.0076257803464352,1.0076257803464352,16cdbb91f360a9d6,16cdbb91f360a9d6,False,False
disturbance_step60,55,130.0,130.0,130.0,130.0,0.0,-158203.385028788,optimal,-158154.91249569578,False,False,8000,8000,0.0016337295525090667,0.0021404490301906165,10.0,0,0,0.0003063937796489147,68.43069970476235,69.87422973194207,74.1424852831402,3.8619637364567744e-05,5.1496155359949457e-05,0.00014730119077533538,68.43069970476235,69.87422973194207,74.1424852831402,3.8619637364567744e-05,5.1496155359949457e-05,0.00014730119077533538,1.0103955169547845,1.0103955169547845,a4681cb34236a826,a4681cb34236a826,False,False
disturbance_step60,56,130.0,130.0,130.0,130.0,0.0,-154826.7786214304,optimal,-154777.0218150538,False,False,8000,8000,0.0016613883059761747,0.0021767090901052555,10.0,0,0,0.0003213708043248455,69.50405417141482,70.92456957340303,75.12391479571389,4.767250118687801e-05,6.498548706359971e-05,0.00019542929915612135,69.50405417141482,70.92456957340303,75.12391479571389,4.767250118687801e-05,6.498548706359971e-05,0.00019542929915612135,1.0142117107504625,1.0142117107504625,2a6b4c4d0e826b4e,2a6b4c4d0e826b4e,False,False
disturbance_step60,57,130.0,130.0,130.0,130.0,0.0,-151475.0412021802,optimal,-151424.50934780462,False,False,8000,8000,0.0015832030316715873,0.0022945522719739486,10.0,0,0,0.0003335985517783603,70.56040823389368,71.95801511327059,76.08887847756213,5.983144181865133e-05,8.321377814267008e-05,0.0002611435762269551,70.56040823389368,71.95801511327059,76.08887847756213,5.983144181865133e-05,8.321377814267008e-05,0.0002611435762269551,1.0194654224269861,1.0194654224269861,004b3d16fc53e669,004b3d16fc53e669,False,False
disturbance_step60,58,130.0,130.0,130.0,130.0,0.0,-148131.11077336658,optimal,-148080.22635387612,False,False,8000,8000,0.001257395307689535,0.0018239979280227914,10.0,0,0,0.00034350933591701294,71.59988023965897,72.97474689074431,77.03771270348128,7.623802393224716e-05,0.00010793700677174491,0.0003508777483324832,71.59988023965897,72.97474689074431,77.03771270348128,7.623802393224716e-05,0.00010793700677174491,0.0003508777483324832,1.026686052093552,1.026686052093552,98602c18654e5ed3,98602c18654e5ed3,False,False
disturbance_step60,59,130.0,130.0,130.0,130.0,0.0,-144768.14654226837,optimal,-144717.35902249167,False,False,8000,8000,0.001269456382971157,0.0018414940376656475,10.0,0,0,0.00035081971407224875,72.62264964699989,73.97500290738093,77.97079999456433,9.846413029699087e-05,0.00014156634928201114,0.00047332777320754406,72.62264964699989,73.97500290738093,77.97079999456433,9.846413029699087e-05,0.00014156634928201114,0.00047332777320754406,1.036586351208483,1.036586351208483,18b24ae1e62f3625,18b24ae1e62f3625,False,False
disturbance_step60,60,129.99999999999997,129.99999999999997,130.0,130.0,2.842170943040401e-14,-197793.40084083733,optimal,-197793.4216682082,False,False,8000,8000,7.832105571026204e-05,0.00011351150338345661,10.0,0,0,-1.0529861351214835e-07,58.62895978704019,59.95908391297364,63.88858004554176,0.00012867025852995748,0.00018740344468097845,0.0006401914369111172,58.62895978704019,59.95908391297364,63.888580045541744,0.00012867025852995748,0.00018740344468097845,0.0006401914369111172,1.0037383227045942,1.0037383227045942,96e04a2345972c95,96e04a2345972c95,False,False
disturbance_step60,61,130.0,130.0,130.0,130.0,0.0,-194201.37678182597,optimal,-194196.7765600441,False,False,8000,8000,0.0007137964448702405,0.0010346980700015607,10.0,0,0,2.3687894793058498e-05,59.617804514945554,60.92535945578997,64.78433259412327,0.00013165092344799657,0.00019202816826026137,0.00065799152154091,59.617804514945554,60.92535945578997,64.78433259412327,0.00013165092344799657,0.00019202816826026137,0.00065799152154091,1.004498007025866,1.004498007025866,21c05d64b1dbb465,21c05d64b1dbb465,False,False
disturbance_step60,62,130.0,130.0,130.0,130.0,0.0,-190600.71901782788,optimal,-190589.22527272982,False,False,8000,8000,0.0009692653527366701,0.0014047661435485637,10.0,0,0,6.030273735261909e-05,60.589894402254785,61.873844877618886,65.66784275654055,0.00013526370675729567,0.00019760719214877547,0.0006791469975475791,60.589894402254785,61.873844877618886,65.66784275654054,0.00013526370675729567,0.00019760719214877547,0.0006791469975475791,1.005403863798955,1.005403863798955,a07f608643a2cc69,a07f608643a2cc69,False,False
disturbance_step60,63,130.00000000000003,130.00000000000003,130.0,130.0,-2.842170943040401e-14,-187003.2901096426,optimal,-186985.4915005331,False,False,8000,8000,0.0011389765257519002,0.0013688104135152201,10.0,0,0,9.517805327924624e-05,61.54446422452463,62.80699325747216,66.53568085720025,0.00013963429768705906,0.00020432419936719263,0.0007042708242781449,61.54446422452463,62.80699325747215,66.53568085720025,0.00013963429768705906,0.00020432419936719263,0.0007042708242781449,1.0064836358861171,1.0064836358861171,98e4949175ff4800,98e4949175ff4800,False,False
disturbance_step60,64,130.0,130.0,130.0,130.0,0.0,-183418.0048470765,optimal,-183394.4612764336,False,False,8000,8000,0.0011955596933148627,0.001732736835191595,10.0,0,0,0.00012836019376910034,62.48314190891633,63.72387640132332,67.38883755124016,0.0001449126914647806,0.00021240167424555953,0.0007340746906852203,62.48314190891632,63.72387640132331,67.38883755124014,0.0001449126914647806,0.00021240167424555948,0.0007340746906852203,1.0077721104828514,1.0077721104828514,b6f144e39944d9b9,b6f144e39944d9b9,False,False
disturbance_step60,65,130.0,130.0,130.0,130.0,0.0,-179850.95302285952,optimal,-179822.26872782537,False,False,8000,8000,0.0013446392524372186,0.001949149017705487,10.0,0,0,0.00015948925792184492,63.40565640577902,64.6252308347891,68.28537300921913,0.00015128081170993874,0.00022210534219838118,0.0007694075747355354,63.40565640577901,64.62523083478908,68.28537300921913,0.00015128081170993874,0.00022210534219838112,0.0007694075747355354,1.009343023575983,1.0093430235759828,5b15adb72b8e28e3,5b15adb72b8e28e3,False,False
disturbance_step60,66,130.0,130.0,130.0,130.0,0.0,-176306.32436412503,optimal,-176273.04964078334,False,False,8000,8000,0.0008267230058294217,0.0012011707984846964,10.0,0,0,0.00018873244315952844,64.31248693928106,65.5327261457309,69.20816389265495,0.00015895809894429458,0.0002337563495633437,0.0008117016647301294,64.31248693928104,65.5327261457309,69.20816389265494,0.00015895809894429458,0.00023375634956334363,0.0008117016647301294,1.011271328609492,1.0112713286094912,ef1a16fdb10c27a2,ef1a16fdb10c27a2,False,False
disturbance_step60,67,130.0,130.0,130.0,130.0,0.0,-172786.32784486277,optimal,-172749.0492363391,False,False,8000,8000,0.001503753684872322,0.0021794055248394173,10.0,0,0,0.0002157497586104584,65.2198661253965,66.445741927868,70.15168242962643,0.00016821119825161655,0.00024779606089598145,0.0008626888748955491,65.2198661253965,66.44574192786799,70.15168242962643,0.00016821119825161655,0.0002477960608959814,0.0008626888748955491,1.0136596809054748,1.0136596809054748,4b1ec1008ffd7d86,4b1ec1008ffd7d86,False,False
disturbance_step60,68,130.0,130.0,130.0,130.0,0.0,-169291.38193869614,optimal,-169250.63143803168,False,False,8000,8000,0.0015537226143607086,0.0022518260030155446,10.0,0,0,0.00024071219809164112,66.13150206350885,67.36810159590947,71.10489859034308,0.00017939639935809815,0.00026477996457243514,0.0009245603135961839,66.13150206350885,67.36810159590947,71.10489859034307,0.00017939639935809815,0.0002647799645724351,0.0009245603135961839,1.0166335671342595,1.0166335671342595,6f60d9ca9f2c9822,6f60d9ca9f2c9822,False,False
disturbance_step60,69,130.0,130.0,130.00000000000003,130.0,0.0,-165819.83665543303,optimal,-165776.18036481354,False,False,8000,8000,0.0012628072208968888,0.0018301993615468248,10.0,0,0,0.0002632754409849872,67.05119206327697,68.2980707417599,72.06186457118349,0.00019297094758267277,0.0002854271234631744,0.0010000246155650822,67.05119206327697,68.29807074175989,72.06186457118349,0.00019297094758267277,0.00028542712346317435,0.0010000246155650822,1.0203561178925011,1.0203561178925011,bbea0968dbf3a98e,bbea0968dbf3a98e,False,False
disturbance_step60,70,130.0,130.0,130.0,130.0,0.0,-162367.56694073614,optimal,-162321.48017251986,False,False,8000,8000,0.0012854429859174843,0.0018630056062649558,10.0,0,0,0.00028384220497127023,67.9786261676047,69.23441179319114,73.01742295359624,0.00020952829556562696,0.0003106547282640701,0.001092486532978023,67.97862616760469,69.23441179319114,73.01742295359624,0.00020952829556562696,0.00031065472826407003,0.001092486532978023,1.025036548155856,1.025036548155856,65502f983a7525d6,65502f983a7525d6,False,False
disturbance_step60,71,130.0,130.0,130.0,130.0,0.0,-158927.09276886514,optimal,-158879.0295431981,False,False,8000,8000,0.0016271759189265822,0.002131861489016451,10.0,0,0,0.0003024231100543134,68.91281079442138,70.174784077218,73.96837113486995,0.00022983289871542024,0.00034164109162423717,0.001206236214803697,68.91281079442138,70.174784077218,73.96837113486995,0.00022983289871542024,0.0003416410916242371,0.001206236214803697,1.030946739009736,1.030946739009736,addb72b08a3815ad,addb72b08a3815ad,False,False
disturbance_step60,72,130.0,130.0,130.0,130.0,0.0,-155486.09300282752,optimal,-155436.5905507654,False,False,8000,8000,0.0016550928602327986,0.002168445869398461,10.0,0,0,0.0003183722164860388,69.85175874812636,71.11703887020282,74.91231789863815,0.0002548730428285285,0.0003799007841063013,0.001346718117046914,69.85175874812636,71.11703887020282,74.91231789863815,0.0002548730428285285,0.00037990078410630123,0.001346718117046914,1.0384399266623487,1.0384399266623487,5d165bd24347665e,5d165bd24347665e,False,False
disturbance_step60,73,130.00000000000003,130.00000000000003,130.0,130.0,-2.842170943040401e-14,-152024.7699142186,optimal,-151974.35533704306,False,False,8000,8000,0.0015806283766579554,0.0022908207982768047,10.0,0,0,0.0003316208089246893,70.7933728315132,72.05901258555058,75.84768275534987,0.0002859281990441025,0.00042738877278249984,0.001520866652176391,70.7933728315132,72.05901258555058,75.84768275534987,0.0002859281990441025,0.0004273887727824998,0.001520866652176391,1.0479764651395782,1.0479764651395782,88967adb120f49c9,88967adb120f49c9,False,False
disturbance_step60,74,130.00000000000003,130.00000000000003,130.00000000000003,130.0,-2.842170943040401e-14,-148511.16000127286,optimal,-148460.28963085846,False,False,8000,8000,0.0012561381718114717,0.0018221747136335509,10.0,0,0,0.00034253567485369375,71.73551972893112,72.99880294447459,76.77336161284565,0.0003246604692272039,0.0004866358136696463,0.0017375453938515194,71.73551972893112,72.99880294447459,76.77336161284565,0.0003246604692272039,0.0004866358136696462,0.0017375453938515194,1.0601564322801706,1.0601564322801706,6d0b6941ebe826a5,6d0b6941ebe826a5,False,False
disturbance_step60,75,130.0,130.0,130.0,130.0,0.0,-144892.46485591683,optimal,-144841.6515295796,False,False,8000,8000,0.0012693082064174632,0.0018412795693318884,10.0,0,0,0.0003506968177243009,72.67625526899549,73.93474459335147,77.68864963979865,0.0003732352377011845,0.0005609283084167929,0.002008109276572122,72.67625526899549,73.93474459335147,77.68864963979865,0.0003732352377011845,0.0005609283084167929,0.002008109276572122,1.0757621475863723,1.0757621475863723,1cceee2c37ef98ab,1cceee2c37ef98ab,False,False
disturbance_step60,76,130.0,130.0,130.0,130.0,0.0,-141224.5989135381,optimal,-141174.35120763752,False,False,8000,8000,0.0016928493251811005,0.0020546727484545,10.0,0,0,0.00035579995473287345,73.61386548933406,74.8654598463914,78.59313444174542,0.0004344815776985251,0.0006545444385531455,0.0023471282542447116,73.61386548933406,74.8654598463914,78.59313444174542,0.0004344815776985251,0.0006545444385531455,0.0023471282542447116,1.0836785482033269,1.0836785482033269,1a3538b104cb26cd,1a3538b104cb26cd,False,False
disturbance_step60,77,130.0,130.0,130.0,130.0,0.0,-137427.79368688515,optimal,-137378.79077617993,False,False,8000,8000,0.0017082725807142651,0.0020733961243424304,10.0,0,0,0.0003565720542443109,74.54691667660829,75.78984983922197,79.48665703201615,0.0005121041666726845,0.0007730646510376109,0.0027733131750708557,74.54691667660829,75.78984983922197,79.48665703201615,0.0005121041666726845,0.0007730646510376109,0.0027733131750708557,1.089991761314452,1.089991761314452,3d79591c95e0d353,3d79591c95e0d353,False,False
disturbance_step60,78,130.0,130.0,130.0,130.0,0.0,-133426.21800422936,optimal,-133379.24405402446,False,False,8000,8000,0.0009561606130432665,0.0013892412039178126,10.0,0,0,0.0003520593696466472,75.4742639804756,76.70709967902272,80.36928281199523,0.0006109630682109495,0.0009237783852600391,0.0033106985694120955,75.4742639804756,76.70709967902272,80.36928281199523,0.0006109630682109495,0.0009237783852600391,0.0033106985694120955,1.0961009031063647,1.0961009031063647,3500b92bd1fe18d3,3500b92bd1fe18d3,False,False
disturbance_step60,79,130.0,130.0,130.0,130.0,0.0,-129137.44417246588,optimal,-129093.37272886143,False,False,8000,8000,0.0009615549111146038,0.0013970807415368824,10.0,0,0,0.00034127548277581167,76.39506051628615,77.61667651527145,81.2412973750337,0.0007374421043111894,0.0011162161056939136,0.003990148572089693,76.39506051628615,77.61667651527145,81.2412973750337,0.0007374421043111894,0.0011162161056939136,0.003990148572089693,1.101936409863724,1.101936409863724,04eb4fd03c3af379,04eb4fd03c3af379,False,False
disturbance_step60,80,130.0,130.0,130.0,130.0,0.0,-124452.93623539738,optimal,-124412.9725778581,False,False,8000,8000,0.0009674951953684285,0.0014057141575039012,10.0,0,0,0.00032111462170455367,77.30876227454941,78.51833648953128,82.10321542494485,0.0008999331093467245,0.001362843888124324,0.004851269817928886,77.30876227454941,78.51833648953128,82.10321542494485,0.0008999331093467245,0.001362843888124324,0.004851269817928886,1.1074478297420607,1.1074478297420607,52e3aab366bda4d1,52e3aab366bda4d1,False,False
disturbance_step60,81,130.0,130.0,130.0,130.0,0.0,-119229.81373168767,optimal,-119197.68100361733,False,False,8000,8000,0.0009459280054784358,0.001374381496185073,10.0,0,0,0.0002695024597006555,78.21513978309748,79.41213896531704,82.95580553864035,0.001109471597068895,0.0016799692972920206,0.005944835977840639,78.21513978309748,79.41213896531704,82.95580553864035,0.001109471597068895,0.0016799692972920206,0.005944835977840639,1.1126068564471225,1.1126068564471225,d8e4cc8b6902dfd0,d8e4cc8b6902dfd0,False,False
disturbance_step60,82,130.0,130.0,130.0,130.0,0.0,-113279.66805847886,optimal,-113257.98112997004,False,False,8000,8000,0.00122887038956776,0.0017826236843854204,10.0,0,0,0.0001914459044635721,79.11429853506885,80.29847323522542,83.80012970776376,0.0013805707187173413,0.0020889224685614015,0.007335856553786009,79.11429853506885,80.29847323522542,83.80012970776376,0.0013805707187173413,0.0020889224685614015,0.007335856553786009,1.117409263811668,1.117409263811668,1b76f0ac3d7440c6,1b76f0ac3d7440c6,False,False
disturbance_step60,83,130.0,130.0,130.0,130.0,0.0,-106353.0766880305,optimal,-106343.60775467908,False,False,8000,8000,0.0010590404517643037,0.0015387382956664197,10.0,0,0,8.903299882147087e-05,80.00671309778389,81.17810012307744,84.63760020807078,0.0017323158637796417,0.0026175974602227143,0.009107459150643153,80.00671309778389,81.17810012307744,84.63760020807078,0.0017323158637796417,0.0026175974602227143,0.009107459150643153,1.1218760638489584,1.1218760638489584,447db4058bbd5e3e,447db4058bbd5e3e,False,False
disturbance_step60,84,130.0,130.0,130.00000000000003,130.0,0.0,-98119.3334000223,optimal,-98119.710358346,False,False,8000,8000,0.0009585693222078362,0.0013927652422864867,10.0,0,0,-3.841835351285963e-06,80.89327871821037,82.0522129087193,85.47005678585818,0.0021898041455174506,0.003302468815430997,0.011365804379491569,80.89327871821037,82.0522129087193,85.47005678585818,0.0021898041455174506,0.003302468815430997,0.011365804379491569,1.126054357011966,1.126054357011966,aa8cdfd21acc4b15,aa8cdfd21acc4b15,False,False
disturbance_step60,85,130.00000000000003,130.00000000000003,130.0,130.0,-2.842170943040401e-14,-88199.8388021771,optimal,-88183.82959120558,False,False,8000,8000,0.00447846190729706,0.006491845014623188,10.0,0,0,0.00018151066021136088,81.77538579070459,82.92252274661578,86.2998692503646,0.0027860446808960137,0.0041912418088347215,0.014246321778364667,81.77538579070459,82.92252274661578,86.2998692503646,0.0027860446808960137,0.0041912418088347215,0.014246321778364667,1.130018458111644,1.130018458111644,101b867dd6e8e878,101b867dd6e8e878,False,False
disturbance_step60,86,130.0,130.0,130.0,130.0,0.0,-75953.06398759871,optimal,-75919.00423294259,False,False,8000,8000,0.007165048702972854,0.010393809254837016,10.0,0,0,,82.6550240402027,83.79137604139085,87.13007264658518,0.003564482771038744,0.005346359925044524,0.017921653560027128,82.6550240402027,83.79137604139085,87.13007264658518,0.003564482771038744,0.005346359925044524,0.017921653560027128,1.1338719836240567,1.1338719836240567,36837e58875b02ca,36837e58875b02ca,False,False
disturbance_step60,87,130.0,130.0,130.0,130.0,0.0,-60523.05126669933,optimal,-60519.47571569307,False,False,8000,8000,0.005505430828250724,0.008021403380382708,10.0,0,0,5.907750735400787e-05,83.53492622739988,84.66191436559458,87.96454548405339,0.004582383380291399,0.006849693059162111,0.022611835635914353,83.53492622739988,84.66191436559458,87.96454548405339,0.004582383380291399,0.006849693059162111,0.022611835635914353,1.1377517327885658,1.1377517327885658,088222ff48448880,088222ff48448880,False,False
disturbance_step60,88,130.0,130.0,129.30832455221963,129.30832455221963,-0.6916754477803693,-41016.98749410188,optimal,-41005.82478316743,False,False,8000,8000,0.014454097427375245,0.020948470554924548,10.0,0,0,,84.41876569862092,85.53829262116562,88.80824626426839,0.005915423168626331,0.0088088874261518,0.028597455867751396,84.41876569862092,85.53829262116562,88.80824626426839,0.005915423168626331,0.0088088874261518,0.028597455867751396,1.1418344546423982,1.1418344546423982,79150bb225a4ab3d,79150bb225a4ab3d,False,False
disturbance_step60,89,126.00000000000001,126.00000000000001,125.26089952731358,125.30832455221963,-0.6916754477803835,-16260.353014230648,optimal,-16262.48649616268,False,False,8000,8000,0.08306957062838194,0.11031209103306328,10.0,1,0,,85.31142950104572,86.425979271221,89.66753088100468,0.0076640246251638185,0.011366112875054818,0.036236844774838455,85.31142950104572,86.425979271221,89.66753088100468,0.0076640246251638185,0.011366112875054818,0.036236844774838455,1.146348070836026,1.146348070836026,1064d076ab2b2351,fe5fb1c9f5582b54,True,True
disturbance_step60,90,122.00000000000003,122.00000000000003,121.2640307930617,121.30832455221963,-0.6916754477803977,15794.765055801854,optimal,15550.882876239424,False,False,8000,8000,0.09736453507528608,0.14111141192775012,10.0,1,0,,86.21940095981533,87.33217585033769,90.550584822329,0.009962272676885762,0.01471036635977973,0.0459888317739209,86.21940095981533,87.33217585033769,90.550584822329,0.009962272676885762,0.01471036635977973,0.0459888317739209,1.1515897838685036,1.1515897838685036,5be9315344609766,e30e08d0692e279f,True,True
disturbance_step60,91,118.00000000000003,118.00000000000003,117.25140674804692,117.30832455221963,-0.6916754477803977,60649.043403530944,optimal,60219.708476786574,False,False,8000,8000,0.10443131923585725,0.1514937013223454,10.0,1,0,,87.15130627932051,88.26641551954246,91.46802196134496,0.012990780563354476,0.01909521347963168,0.05844333001225481,87.15130627932051,88.26641551954246,91.46802196134495,0.012990780563354476,0.01909521347963168,0.05844333001225481,1.1579550241061647,1.1579550241061647,1ff2d78631bc6766,4292bed0d0fd15fb,True,True
disturbance_step60,92,114.00000000000001,114.00000000000001,113.26058526405313,113.30832455221963,-0.6916754477803835,138971.9219378736,optimal,138550.93669669377,False,False,8000,8000,0.11703834446542771,0.16965529879799224,10.0,1,0,,88.11871589269505,89.24143967158615,92.43372999076678,0.016995805613265563,0.024865126397231523,0.07436312978508786,88.11871589269505,89.24143967158615,92.43372999076676,0.016995805613265563,0.024865126397231523,0.07436312978508786,1.1659838785217695,1.1659838785217695,3341c2fc1fb877a7,6aca196bb75917c3,True,True
disturbance_step60,93,110.0,110.0,109.24632836597142,109.30832455221963,-0.6916754477803693,288959.1791758336,optimal,288583.4705450175,False,False,8000,8000,0.11097594092750285,0.13336975798380557,10.0,1,0,,89.13735695783174,90.2745222771068,93.46608723287677,0.022318636677728453,0.03249591316190313,0.09474197125077743,89.13735695783174,90.27452227710678,93.46340108227487,0.022318636677728453,0.03249591316190313,0.09474197125077743,1.1764364033105512,1.1764111858959072,43696fcf359ebe23,2a3d3ddc79da1f48,True,True
disturbance_step60,94,106.0,106.0,105.23961130650824,105.30832455221963,-0.6916754477803693,605155.8344626818,optimal,604938.8112547565,False,False,8000,8000,0.12848791369732737,0.16963372886268946,10.0,1,0,,90.2290179654335,91.389544323619,94.57421050957723,0.029442591420848537,0.04265919577798783,0.12088642900465667,90.22901796543348,91.38854595476944,94.56659708832976,0.029442591420848537,0.042659195777987755,0.12087591064056513,1.1902587614563993,1.1901753636238448,1c091302c13777cb,cf94f32f8f8ec084,True,True
disturbance_step60,95,102.0,102.0,101.2379146898,101.30832455221963,-0.6916754477803693,1343598.120635124,optimal,1342475.0093671617,False,False,8000,8000,0.14557680813531704,0.2111926921071321,10.0,1,0,,91.4246752054421,92.61460828609863,95.77811909850907,0.039071696073268124,0.05632984397753944,0.15445459654314386,91.42393307254824,92.61145084309105,95.76325099145261,0.039071696073268124,0.05632777619619707,0.1544051075698992,1.2088659469031262,1.2086727142856637,879bd309657db032,129bd2ec3b44ce90,True,True
disturbance_step60,96,97.99999999999999,97.99999999999999,97.23490049529141,97.30832455221963,-0.6916754477803551,3290845.462753335,optimal,3281108.809128358,False,False,8000,8000,0.07663775619856494,0.1531392698900902,10.0,1,0,,92.76560746816821,93.99231874390698,97.10872997655582,0.0522696741329107,0.07495808183171102,0.1975406500572509,92.76301861854338,93.98539012105057,97.08414927113499,0.052268190460592785,0.07494686598157252,0.19739298982735926,1.2343664518032358,1.2339830894858848,c40d1ac52ca01e67,320b763809c66254,True,True
disturbance_step60,97,93.99999999999999,93.99999999999999,93.2322609538572,93.30832455221963,-0.6916754477803551,9282470.017737998,optimal,9213866.379302917,False,False,8000,8000,0.1836146141769035,0.2661145296594585,63.28705512544036,1,0,,94.31516012294976,95.58789313663982,98.61142780048097,0.07070986077307746,0.10078790688311641,0.25274618298479445,94.30908910800558,95.57503870512261,98.57402890276988,0.0707009680065208,0.1007484100968228,0.2523929521773896,1.269940209939403,1.2692325696635198,445ec087d3c0172f,30adee7fa04ece3a,True,True
disturbance_step60,98,89.99999999999999,89.99999999999999,89.19849795877849,89.30832455221963,-0.6916754477803551,31741145.696799286,optimal,31265860.374753155,False,False,8000,8000,0.22806175811216178,0.33353160659380965,251.97528444286075,1,0,,96.17650253830897,97.50699746975269,100.34701854018327,0.09717696045308008,0.13746626877540785,0.3231892385477368,96.16451356248471,97.48495161275983,100.2925350195619,0.09714274927176589,0.13735187194148843,0.3224507327653591,1.3202260222477717,1.3189666861022247,edc2e566d49fcfd4,38aa839ec99beb49,True,True
disturbance_step60,99,85.99999999999999,85.99999999999999,85.06935216759256,85.30832455221963,-0.6916754477803551,139679514.28367716,optimal,135990283.7920962,False,False,8000,8000,0.5037848173939636,0.7332788480093733,715.2936458207553,1,0,,98.53107651626236,99.92998798787444,102.3890623188115,0.13666545425539023,0.191308954893827,0.4122361629788638,98.50902194125476,99.89317105568614,102.31160222620485,0.13655635070064456,0.19100796064214465,0.41083636118549194,1.3910308411919097,1.3888586481073704,ccf5dea78046ea98,521a1606ecdc3824,True,True
disturbance_step60,100,81.99999999999999,81.99999999999999,80.8648217536115,81.30832455221963,-0.6916754477803551,805202381.0779135,optimal,772077391.8897847,False,False,8000,8000,0.726710569581563,1.0532290269467781,1984.586537576704,1,0,,101.7298495094103,103.1887218184508,104.80579776825557,0.1990954171006345,0.2741489413507582,0.5223598876278202,101.68939337841093,103.1262819615819,104.69836223700824,0.19877151356892792,0.2733851589479574,0.5199371334842117,1.4837194364268789,1.4802793233978968,7a457dfae23c9587,6e84c2522aebf157,True,True
disturbance_step60,101,78.03813156867311,78.03813156867311,76.33996003321676,77.30832455221963,-0.7298070164534778,4189479474.006821,optimal,4008272587.770163,False,False,8000,8000,2.0687405147979803,3.072791979320659,4777.8381085509245,1,0,,106.5509911834372,107.95331338694504,107.60359132900184,0.30715133621762075,0.4102286982707983,0.6516778674802328,106.4716428087036,107.84114858930482,107.46246749947397,0.3061753214620734,0.40827432350724424,0.6479535979835207,1.55102371541951,1.547887274009699,9348a9702022c15f,d82c8f482bbf35b8,False,True
disturbance_step60,102,74.03813156867312,74.03813156867312,73.3083245522196,73.30832455221963,-0.729807016453492,261692224.47975916,optimal,308034497.7947074,False,False,8000,8000,0.2317204485202069,0.36118198090510045,712.3772070271826,0,0,,115.0823788303818,115.65360218067178,110.64010773872083,0.5237138995571208,0.6517325507792168,0.786453625869055,114.89912569144425,115.43357536005033,110.4768682366582,0.5204386299766379,0.6466176166621136,0.7818008809570289,1.2072504659872818,1.1969302100196908,c789509252731c18,dc67e5836d9718f6,True,True
disturbance_step60,103,78.03813156867312,78.03813156867312,77.30832455221962,77.30832455221962,-0.7298070164535062,-46851.055546938835,optimal,-47815.24900265761,False,False,8000,8000,0.0012890736429369554,0.0018686027648735504,10.0,0,0,-2.2657970207427604e-06,133.774624741594,127.50534349168873,113.84183460475315,1.0,1.0,0.8962183904181259,133.24419394812622,127.15490338255765,113.68051780718943,1.0,1.0,0.892268260139975,1.0804137791964283,1.0130664360165034,581fe440e6140d71,c6f3a80bd8e5af02,True,True
disturbance_step60,104,82.03813156867312,82.03813156867312,81.30906276187662,81.30832455221962,-0.7298070164535062,-62076.02766964178,optimal,-62308.76812097523,False,False,8000,8000,0.0015257635312337925,0.002217080452505904,10.0,1,0,-8.082245855689104e-06,129.11438335041444,124.75711093389647,117.91761001472432,1.0,1.0,0.9587588971493896,128.71774780455743,124.41006517299559,117.74467543223695,1.0,1.0,0.9567859415062554,0.9819295467215731,0.9819061773897896,fdd8313783043c30,4ba75489900c6ffb,True,True
disturbance_step60,105,86.03813156867312,86.03813156867312,85.30832455221962,85.30832455221962,-0.7298070164535062,-72395.9862001426,optimal,-72491.27348693005,False,False,8000,8000,0.0011989285563203111,0.0017376193626548186,10.0,0,0,6.037160594504926e-06,125.8754249341831,123.83453436177271,117.2962081007291,1.0,1.0,0.9872982127624542,125.51565172696111,123.53376980351258,117.0941372729739,1.0,1.0,0.9866423465084737,0.9822446974044972,0.9822370723624824,febfcca2b003d7e5,09485d6143079c2a,True,True
disturbance_step60,106,90.03813156867311,90.03813156867311,89.30832455221962,89.30832455221962,-0.729807016453492,-78490.92485556993,optimal,-78597.46500132573,False,False,8000,8000,0.0016784386759809422,0.0024330147217179743,10.0,0,0,-1.9787985823575044e-06,124.35833831112583,122.16296029172653,116.62855613627805,1.0,1.0,0.9919929246894246,124.04242891178993,121.87694559491361,116.39337613356338,1.0,1.0,0.9915642628503464,0.9822952782212457,0.9822902256408037,38d0be188eafc30d,6ed2169850cf4690,True,True
disturbance_step60,107,94.03813156867311,94.03813156867311,93.30832455221962,93.30832455221962,-0.729807016453492,-82654.55560898548,optimal,-82748.12078698803,False,False,8000,8000,0.001113926693534495,0.001622776454135888,10.0,0,0,4.4606729401048415e-07,122.72641415467727,120.92193542897357,115.90520522021144,1.0,1.0,0.9941733918630733,122.43272684500702,120.64370355538871,115.65557585375167,1.0,1.0,0.9938463751371484,0.9823185481257528,0.9823146224361519,5e4cdcb48c466f6d,b8af11997cf17a83,True,True
disturbance_step60,108,98.0381315686731,98.0381315686731,97.30832455221962,97.30832455221962,-0.7298070164534778,-84888.61173937574,optimal,-84993.35106831488,False,False,8000,8000,0.0009583844706639866,0.0013902487486774362,10.0,0,0,-2.433906943044537e-06,121.38506319085596,119.72802924391823,115.24338856643855,1.0,1.0,0.9954137998537066,121.10286460853622,119.45468377773716,114.98332635207635,1.0,1.0,0.995146732799638,0.9823316666332211,0.9823283911089935,35cb5d7338c3a944,10abb514e63f32e9,True,True
disturbance_step60,109,102.0381315686731,102.0381315686731,101.30832455221962,101.30832455221962,-0.7298070164534778,-85677.61982925516,optimal,-85819.5891010213,False,False,8000,8000,0.0010347207940100134,0.0015073766725377524,10.0,0,0,-3.085759031081269e-07,120.15331462538435,118.67708501296283,114.56506572238766,1.0,1.0,0.9962119791873879,119.87769696623998,118.4053861072759,114.29698663754168,1.0,1.0,0.9959847172371247,0.9823399824543299,0.9823371258135674,81a0f3198c619bb2,9955bdfff2fb4ce8,True,True
disturbance_step60,110,106.0381315686731,106.0381315686731,105.30832455221962,105.30832455221962,-0.7298070164534778,-85582.49460424282,optimal,-85779.72258136772,False,False,8000,8000,0.0023958282105809303,0.0034722982168888805,10.0,0,0,1.2559635287071968e-07,119.05596613064333,117.69743394396978,113.92831976887962,1.0,1.0,0.9967619318119126,118.78326145886325,117.42562393318987,113.65291602271549,1.0,1.0,0.9965628353721406,0.982345595924824,0.9823430240066497,d911b5618873381c,378b55c1c69be8ab,True,True
disturbance_step60,111,110.0381315686731,110.0381315686731,109.30832455221962,109.30832455221962,-0.7298070164534778,-83446.22231754249,optimal,-85235.70396729809,False,False,8000,8000,0.002988657535922812,0.003918955779977473,10.0,0,0,1.1440398538751072e-05,118.04610747616337,116.80148642531118,113.33077756541095,1.0,1.0,0.9971626097763341,117.77406784652415,116.52800820012385,113.04851179927405,1.0,1.0,0.9969844492937189,0.9823471648356903,0.9823471987537993,61b847f8c5ed4c68,c81070d7ad936eb1,True,True
disturbance_step60,112,114.0381315686731,114.0381315686731,113.30832455221962,113.30832455221962,-0.7298070164534778,-79225.92189311465,optimal,-81362.2516102836,False,False,8000,8000,0.0026054424711219326,0.0037794969683258017,10.0,0,0,-5.8698223772356245e-06,117.12092414073678,115.97411035662049,112.78963910556537,1.0,1.0,0.9974668982584641,116.84781513771148,115.69790072904615,112.5006526388827,1.0,1.0,0.9973048878283939,0.9823449972915095,0.9823454075510867,129bdb70197eac9c,8c41758daf8e6118,True,True
disturbance_step60,113,118.03813156867308,118.03813156867308,117.30832455221962,117.30832455221962,-0.7298070164534636,-75421.16409684357,optimal,-77612.70538978816,False,False,8000,8000,0.00251333824846256,0.0036458889439421327,10.0,0,0,-9.617449574659665e-06,116.2684453873239,115.21676870213514,112.3083146686418,1.0,1.0,0.9977061821574403,115.99303154929663,114.93696268975992,112.01269408705042,1.0,1.0,0.9975570258634802,0.9823422529066741,0.9823428727487535,e06d7f6270a7f6eb,ea4b21190c6f141d,True,True
disturbance_step60,114,122.03813156867307,122.03813156867307,121.30832455221962,121.30832455221962,-0.7298070164534494,-72189.25562891936,optimal,-74397.82846056714,False,False,8000,8000,0.005515000589241481,0.007994380620417907,10.0,0,0,8.904496148124706e-05,115.48668635896172,114.52665524990293,111.89216207314153,1.0,1.0,0.9978998552474622,115.20800761832797,114.24260384517495,111.58993049595857,1.0,1.0,0.9977612028400745,0.9823387556202168,0.9823396773968799,5f98b708ba26bc77,44833ca38be99e45,True,True
disturbance_step60,115,126.03813156867305,126.03813156867305,125.30832455221963,125.30832455221962,-0.7298070164534352,-69419.28271866456,optimal,-71632.64486893394,False,False,8000,8000,0.004452931137251426,0.0064697987457531525,10.0,0,0,0.00023571501778885205,114.77305164823258,113.90430341044879,111.54300816198811,1.0,1.0,0.9980605677578146,114.49037916244771,113.61549180449506,111.23418039080867,1.0,1.0,0.9979306990536907,0.9823342476657628,0.9823356139900193,5c4d0250d6c15a75,66355e922185a4d6,True,True
disturbance_step60,116,130.0,130.0,129.30832455221963,129.30832455221963,-0.6916754477803693,-66833.44414153982,optimal,-69038.38768033164,False,False,8000,8000,0.006344728184046744,0.00919547915118546,10.0,0,0,0.00041135660285088004,114.12727164015024,113.34956443159513,111.26238364043823,1.0,1.0,0.9981968508593478,113.84003566761531,113.05559510682298,110.9469686709821,1.0,1.0,0.9980744787727205,0.982328339828618,0.9823303800976455,916af0e957064036,a661ee7b4f2c1c26,False,True
disturbance_step60,117,130.0,130.0,130.0,130.0,0.0,-64037.48362954953,optimal,-66279.75954679551,False,False,8000,8000,0.007816888217334395,0.011357392461983196,10.0,0,0,,113.54916656254154,112.86286884823865,111.0507491050081,1.0,1.0,0.9983146587421368,113.25692538358079,112.56343136599465,110.72876224227599,1.0,1.0,0.9981988034027236,0.9823204116927158,0.982323514171456,7a0eab56e47acf28,7902c6cfe033f7f9,False,False
disturbance_step60,118,130.0,130.0,130.0,130.0,0.0,-60725.91926862417,optimal,-63045.86228973658,False,False,8000,8000,0.00725073528217024,0.010243177884050603,10.0,0,0,,113.03901031218754,112.44443153388227,110.90822664932392,1.0,1.0,0.9984182586777882,112.74141979426955,112.1392877319646,110.57969062915915,1.0,1.0,0.9983081636764336,0.9823094097171395,0.9823142754088833,45f86c78ad9fdac7,f845b3427293c9b4,False,False
disturbance_step60,119,130.0,130.0,130.0,130.0,0.0,-57826.49625399577,optimal,-60059.168133574814,False,False,8000,8000,0.008044822737176105,0.01136567608252026,10.0,0,0,,112.5970329111869,112.09445481562273,110.83454998842636,1.0,1.0,0.998510785924596,112.29382769433748,111.78342411423208,110.49949702366595,1.0,1.0,0.998405861300496,0.9822933808111817,0.9823013905478942,e3ac57df327dd0e9,fdf1cc569c1d7a6a,False,False
disturbance_step60,120,130.0,130.0,130.0,130.0,0.0,-55258.80188328403,optimal,-57411.61424171278,False,False,8000,8000,0.007573507763822818,0.010699833339359976,10.0,0,0,,112.2234437946859,111.81297714372434,110.82925759706914,1.0,1.0,0.9985945934177068,111.91442153988407,111.49592654179871,110.48772896374984,1.0,1.0,0.9984943758307312,0.9822682218957247,0.9822824595393151,2cddc8c99061eb5f,9c217f9bdbaa7efb,False,False
disturbance_step60,121,130.0,130.0,130.0,130.0,0.0,-52976.95109384229,optimal,-55039.486259876365,False,False,8000,8000,0.007230037519605048,0.010214096452146215,10.0,0,0,,111.91832529700504,111.59991469161587,110.89157542097189,1.0,1.0,0.998671481507641,111.6033352072828,111.27675019110677,110.54376908642138,1.0,1.0,0.9985756058802284,0.9822233987551867,0.9822523001759328,0fee130f869411a2,a26cf4795ba56027,False,False
disturbance_step60,122,130.0,130.0,130.0,130.0,0.0,-50918.1709805493,optimal,-52899.26775719703,False,False,8000,8000,0.006651625811457507,0.009648954445498958,10.0,0,0,-3.4007620580525724e-05,111.6816362375299,111.45498885139652,111.00528581447341,1.0,1.0,0.9987428500461848,111.36056973713491,111.1257038592076,110.65404898988058,1.0,1.0,0.9986510304366361,0.9821171038159503,0.9821963645882771,a60fc6a8bb123b87,9a9a9e969af0386c,False,False
disturbance_step60,123,130.0,130.0,129.92674765593085,129.92674765593085,-0.0732523440691466,-49020.58901613092,optimal,-50937.10412445182,False,False,8000,8000,0.012674719427451464,0.018372895835697456,10.0,0,0,,111.51315894516446,111.37208515519032,111.15873589160864,1.0,1.0,0.9988096640633951,111.1859832666828,111.0376958552029,110.80609974617406,1.0,1.0,0.9987216952705472,0.9817904672258074,0.9820452392510873,0a724f2cb8c3293a,8210cc3ab678a592,False,False
disturbance_step60,124,130.0,130.0,129.82988223540406,129.82988223540406,-0.1701177645959433,-47248.89006041391,optimal,-49091.4236987291,False,False,8000,8000,0.015505631092608496,0.01863450986696158,10.0,0,0,,111.40829239203957,111.3452223346973,111.34175985451458,1.0,1.0,0.9988726095491126,111.07575450117959,111.00673228656665,110.98946844966306,1.0,1.0,0.9987883377497141,0.9825717492062652,0.9819579535384886,6d6bf98f70e274a8,5da385d4bfcc4bb8,False,False
disturbance_step60,125,130.0,130.0,129.7393887886196,129.7393887886196,-0.2606112113803931,-45577.425896742425,optimal,-47350.78364147343,False,False,8000,8000,0.009000652643308626,0.012078940538814642,10.0,0,0,,111.36140955490812,111.36737684390128,111.54716222035977,1.0,1.0,0.9989321734964655,111.0244471553088,111.02596946261016,111.19642583873924,1.0,1.0,0.9988514794895518,0.9837810165945111,0.9827647927946777,cedb47db853c7c84,e86a08a435723f24,False,False
disturbance_step60,126,129.99999999999997,129.99999999999997,129.65164621977016,129.65164621977016,-0.34835378022981445,-43986.674570103016,optimal,-45703.00645645249,False,False,8000,8000,0.01472831814587039,0.02145602392087742,10.0,0,0,,111.3658453117438,111.43198028195519,111.76937658490738,1.0,1.0,0.9989887121437093,111.02557875544176,111.08875764426521,111.42110874835328,1.0,1.0,0.9989114975477638,0.9848332130150947,0.9838671217786613,5feebf68440c10a0,4757a736f7693113,False,False
disturbance_step60,127,130.0,130.0,129.56922212702258,129.56922212702258,-0.43077787297741565,-42461.94381650677,optimal,-44130.96409104881,False,False,8000,8000,0.016058931077850502,0.023332499721704814,10.0,0,0,,111.41500643776413,111.53280071417653,112.00426739017699,1.0,1.0,0.9990424906647646,111.07254249195434,111.18880160855143,111.65912425479523,1.0,1.0,0.998968669540196,0.985762053895777,0.9848390829818164,2e3b16f761f78185,490a648384cd656d,False,False
disturbance_step60,128,130.0,130.0,129.49311373789126,129.49311373789126,-0.5068862621087362,-40992.133223095254,optimal,-42622.7566720544,False,False,8000,8000,0.015698204269114058,0.022868940354212164,10.0,0,0,,111.5025682715213,111.66425109020672,112.24861930968395,1.0,1.0,0.9990937116016553,111.15896317172141,111.32039735694696,111.90680649523237,1.0,1.0,0.999023204562159,0.9865931674708228,0.9857083090062787,48d8b70accd786e5,9a7e36ca2f6a92c0,False,False
disturbance_step60,129,130.0,130.0,129.4173699068605,129.4173699068605,-0.5826300931394996,-39568.890708267056,optimal,-41169.8618765506,False,False,8000,8000,0.014549190186983196,0.021105286895757303,10.0,0,0,,111.62275445137912,111.82135171479962,112.49993114094396,1.0,1.0,0.9991425331965967,111.27896453104005,111.47834894561545,112.16123555956388,1.0,1.0,0.999075261631594,0.9873460823970283,0.9864958932730268,74785294e1610d29,1d02dec9393461ae,False,False
disturbance_step60,130,130.0,130.0,129.37694122180378,129.37694122180378,-0.6230587781962242,-38185.938210839035,optimal,-39763.048745680266,False,False,8000,8000,0.01001766330527687,0.014518701415551227,10.0,0,0,,111.77038081399942,111.99974798165934,112.75620992050973,1.0,1.0,0.9991890823958911,111.42717601885205,111.65805351400425,112.4201171311379,1.0,1.0,0.9991249644202819,0.988035738497203,0.9872179385457828,f7c3f9a3b8461178,f27125b17c40f756,False,False
disturbance_step60,131,128.20438219169188,128.20438219169188,129.41013869429113,129.41013869429113,1.2057565025992574,-36846.17285964728,optimal,-38405.69909977592,False,False,8000,8000,0.014384516253457491,0.019221251343918944,10.0,0,0,,111.94087984345715,112.19565471895983,113.0158552355551,1.0,1.0,0.9992334638690119,111.59879774330673,111.85548089470403,112.68163811182968,1.0,1.0,0.9991724121831147,0.9886735775277303,0.9878867247004424,8f151ba5aec536b9,10efc0f92212ab91,False,False
disturbance_step60,132,125.33682083546545,125.33682083546545,128.65300603879595,128.65300603879595,3.3161852033305053,-35172.163192058506,optimal,-37100.38402865989,False,False,8000,8000,0.010126427657141335,0.01467633469804941,10.0,0,0,,112.13026557571604,112.40580799420918,113.27756584800689,1.0,1.0,0.9992757665369296,111.7896019836777,112.06713885887262,112.94436468057816,1.0,1.0,0.9992176875895077,0.9892683668102683,0.9885115902471577,b785ece7b92829b0,b0b290a4774b6b11,False,False
disturbance_step60,133,122.24944550325483,122.24944550325483,126.2029250855983,126.2029250855983,3.953479582343462,-33405.49340191345,optimal,-35668.79379968919,False,False,8000,8000,0.009845530313711492,0.014269227318476574,10.0,0,0,,112.33508876556844,112.62740499543708,113.54027751217978,1.0,1.0,0.9993160682882717,111.99590774374893,112.29002686939248,113.20716018175217,1.0,1.0,0.9992608623900916,0.9898268168655704,0.9890996082561485,ec605c9f5a26a4a6,655d0941b5c25d06,False,False
disturbance_step60,134,119.3299384164741,119.3299384164741,123.23606766240165,123.23606766240165,3.906129245927545,-31772.900073786222,optimal,-33960.146168562205,False,False,8000,8000,0.014278081068624715,0.01908907386414871,10.0,0,0,,112.55238069098141,112.85804882671286,113.80311491766206,1.0,1.0,0.9993544394355568,112.21453984344653,112.5215842349414,113.4690985928609,1.0,1.0,0.9993020014761094,0.9903540541409377,0.9896561187354302,68f8bfcc96822282,f48a732393ceca8a,False,False
disturbance_step60,135,116.74392229118156,116.74392229118156,120.29260820082402,120.29260820082402,3.548685909642458,-30358.541640350602,optimal,-32302.12888181843,False,False,8000,8000,0.01373469100586533,0.018366118053660507,10.0,0,0,,112.77959769422591,113.09569559175361,114.06535636440817,1.0,1.0,0.9993909452349551,112.44277988008479,112.75962943728294,113.72955951443261,1.0,1.0,0.9993411656304726,0.9908539844389657,0.9901850688320704,f5aa89a0fbd9f208,9454bcae9bb7fd32,False,False
disturbance_step60,136,114.54603316469446,114.54603316469446,117.61073000531185,117.61073000531185,3.064696840617387,-29180.082414139742,optimal,-30826.886854678498,False,False,8000,8000,0.014293733491015814,0.020719770408889282,10.0,0,0,,113.01456761294597,113.33860707083669,114.31943272217528,1.0,1.0,0.9994256477120351,112.67830854156477,113.00236163811515,113.98830220548516,1.0,1.0,0.9993784141593851,0.991332288531963,0.9906892914354359,d8aba69674aabf69,3fd52fa0d7cf4586,False,False
disturbance_step60,137,112.73595638391095,112.73595638391095,115.29659140841997,115.29659140841997,2.5606350245090255,-28225.812801283086,optimal,-29575.784678604847,False,False,8000,8000,0.01280576709754655,0.017129995009807608,10.0,0,0,,113.25544085404685,113.58271656934637,114.55581475424653,1.0,1.0,0.9994585761495256,112.9191919209006,113.24836714216423,114.24202897177578,1.0,1.0,0.9994138071884933,0.9917943675253464,0.9911721195257358,96904f1ea56d49f5,67adb566654e314a,False,False
disturbance_step60,138,111.28739065065227,111.28739065065227,113.36238582140561,113.36238582140561,2.07499517075334,-27472.57044285314,optimal,-28550.58889722033,False,False,8000,8000,0.012412315188555567,0.016604772040506255,10.0,0,0,,113.49871975221238,113.82275115100055,114.76614367296688,1.0,1.0,0.999489728591989,113.16388280809068,113.49533867467876,114.48182919711701,1.0,1.0,0.9994473917507832,0.9922442714024818,0.9916383211415789,fe945a7e8ba04733,fca4e6c8ace49f98,False,False
disturbance_step60,139,110.16343192294347,110.16343192294347,111.79396080267712,111.79396080267712,1.630528879733646,-26894.325132684593,optimal,-27731.515460054077,False,False,8000,8000,0.014036608229531566,0.020343399210131174,10.0,0,0,,113.73958700261645,114.05295077255732,114.94480731873445,1.0,1.0,0.9995190876132133,113.41026900249636,113.73879717447856,114.69907271037438,1.0,1.0,0.9994791818283605,0.992684140188834,0.9920917797962377,dd75ab4bad5c94c1,8185be87be8c2615,False,False
disturbance_step60,140,109.3244498696393,109.3244498696393,110.56049342348149,110.56049342348149,1.2360435538421939,-26465.98594639078,optimal,-27094.535052892857,False,False,8000,8000,0.013802852445564895,0.020004614572610713,10.0,0,0,,113.97252452016626,114.26796074522008,115.08899100010129,1.0,1.0,0.9995466388080485,113.6544789085782,113.97360042358494,114.88708848076045,1.0,1.0,0.9995091703515868,0.9931143626565089,0.9925349407321444,0df2cc2e3e8b829b,1f993190a6994bc8,False,False
disturbance_step60,141,108.73189320518215,108.73189320518215,109.62386995202422,109.62386995202422,0.8919767468420758,-26164.849475678733,optimal,-26615.15274238033,False,False,8000,8000,0.01359402400832721,0.019701957392510572,10.0,0,0,,114.19213567965451,114.46330969792463,115.19824782203774,1.0,1.0,0.9995723840483831,113.89169641944882,114.19451024170715,115.04201728692429,1.0,1.0,0.9995373458225805,0.9935339974486356,0.9929685505573527,d62b1808482ede47,0b16111e2b9a0462,False,False
disturbance_step60,142,108.34987191230555,108.34987191230555,108.94747838748573,108.94747838748573,0.5976064751801857,-25970.905319520818,optimal,-26270.442623935196,False,False,8000,8000,0.00771281570928295,0.011235927483338237,10.0,0,0,,114.39371163928688,114.6356781557782,115.27387264164038,1.0,1.0,0.9995963482596015,114.11679168189711,114.3969578431101,115.16251516965056,1.0,1.0,0.9995637076861752,0.9939413019416025,0.9933919773804164,4f887a98cc49c3bb,d0da1c2bc9c81f5a,False,False
disturbance_step60,143,108.1456204566222,108.1456204566222,108.49256902530038,108.49256902530038,0.3469485686781866,-25866.652235088906,optimal,-26039.522060162817,False,False,8000,8000,0.0076515672116244104,0.011146701359728617,10.0,0,0,,114.57357633676706,114.7829452753729,115.31833274106334,1.0,1.0,0.9996185804925527,114.32505190964051,114.57736448857733,115.24920166401081,1.0,1.0,0.9995882754302996,0.9943342080273839,0.9938036685440204,486fcf02441d0605,0da6014307be6830,False,False
disturbance_step60,144,108.08945645344396,108.08945645344396,108.22613991442921,108.22613991442921,0.1366834609852532,-25836.753031066084,optimal,-25903.96934527697,False,False,8000,8000,0.007614435409792009,0.011092608123950853,10.0,0,0,,114.72920977460859,114.90411746191613,115.33479902147793,1.0,1.0,0.9996391512033199,114.51260730506871,114.73329032850046,115.30407119577202,1.0,1.0,0.9996110917079857,0.9947106924631807,0.9942016258297822,1fdc2dbbf0f44472,033a23f9afb80bc4,False,False
disturbance_step60,145,108.15457077871226,108.15457077871226,108.11787328250999,108.11787328250999,-0.036697496202265256,-25867.687840738934,optimal,-25847.93747091002,False,False,8000,8000,0.007597616874889468,0.011068106990896887,10.0,0,0,,114.85922659974918,114.99918162786655,115.32679714879012,1.0,1.0,0.9996581475238354,114.67665101584382,114.86341213974076,115.32999761134504,1.0,1.0,0.9996322210008286,0.9950690226348979,0.9945837946338384,6da10786d2b63327,cc2f17f85fdb8230,False,False
disturbance_step60,146,108.31680740391548,108.31680740391548,108.14017635259617,108.14017635259617,-0.1766310513193048,-25947.46969475956,optimal,-25857.397905738762,False,False,8000,8000,0.007597638643034088,0.011068138592639443,10.0,0,0,,114.96326152639186,115.06892991010209,115.2979586272018,1.0,1.0,0.9996756679252154,114.81547903857144,114.96741521086356,115.33034033932715,1.0,1.0,0.9996517456810483,0.995407891965202,0.9949483426712957,88d6f823bcc2fec6,fcffbd6e5a9cdbb3,False,False
disturbance_step60,147,108.55449180998025,108.55449180998025,108.26806782678665,108.26806782678665,-0.2864239831936004,-26065.4374919935,optimal,-25919.890035774857,False,False,8000,8000,0.007611348181441713,0.01108811036124191,10.0,0,0,,115.04180963356329,115.11477957841136,115.25185164119253,1.0,1.0,0.9996918171640709,114.92842009364755,115.04583404608864,115.30866702771706,1.0,1.0,0.9996697609678087,0.9957264686892278,0.9952938241917946,91fb01b6956bd5c8,6bab1e199995c124,False,False
disturbance_step60,148,108.84831360247398,108.84831360247398,108.47904249668937,108.47904249668937,-0.3692711057846054,-26212.11753903603,optimal,-26024.315530974716,False,False,8000,8000,0.007635898491457738,0.01112387482670929,10.0,0,0,,115.09605150655283,115.1386045857245,115.19186991924144,1.0,1.0,0.9997067019854448,115.01569921532936,115.09988232944602,115.26854356420627,1.0,1.0,0.9996863698686768,0.9960243846907554,0.9956192562621764,33613b23a1d795ff,3058bed2864ab8aa,False,False
disturbance_step60,149,109.1812464511165,109.1812464511165,108.7529665805542,108.7529665805542,-0.42827987056229233,-26379.13588361151,optimal,-26160.792597155963,False,False,8000,8000,0.00766873602213991,0.011171712010106027,10.0,0,0,,115.1276831422975,115.14258603823099,115.12116300560938,1.0,1.0,0.9997204277525299,115.07827634613695,115.1312805407225,115.21340580074549,1.0,1.0,0.9997016786729617,0.996301687531151,0.9959241241168406,8235dd4124d4d952,d0b3009851102369,False,False
disturbance_step60,150,109.53848288297485,109.53848288297485,109.0705032359005,109.0705032359005,-0.46797964707434403,-26559.162457234364,optimal,-26320.30235996921,False,False,8000,8000,0.013431194507390387,0.01946596693907754,10.0,0,0,,115.13876114146666,115.12908468224795,115.04259518486664,1.0,1.0,0.9997330959890011,115.11767677047067,115.14210404577014,115.14647398602968,1.0,1.0,0.9997157933158144,0.9965587737647029,0.9962083442689589,79b7b475aaf44333,c252ce5b708775fb,False,False
disturbance_step60,151,109.90736459232562,109.90736459232562,109.41825203170283,109.41825203170283,-0.48911256062278596,-26745.870697713886,optimal,-26495.454475144084,False,False,8000,8000,0.01120834147587857,0.01625899825596111,10.0,0,0,,115.13156818999846,115.10053537288071,114.95872428145981,1.0,1.0,0.9997448027232008,115.13583467324877,115.13464928188064,115.07070162111359,1.0,1.0,0.9997288166484626,0.9967963162586181,0.9964722032189783,53f6143f0701756a,58f4920b58836430,False,False
disturbance_step60,152,110.27729528687097,110.27729528687097,109.78267905174539,109.78267905174539,-0.4946162351255765,-26933.900396465444,optimal,-26679.60890954305,False,False,8000,8000,0.011271449884688423,0.016350544309074344,10.0,0,0,,115.1085000880818,115.05936211245641,114.87179433415976,1.0,1.0,0.9997556374867276,115.13495351802565,115.11132225969116,114.98874627322455,1.0,1.0,0.9997408465400128,0.9970151937108791,0.9967162866219927,28b63c6642f0ef04,5d66e2a490ed33eb,False,False
disturbance_step60,153,110.63962974807083,110.63962974807083,110.15213573483875,110.15213573483875,-0.4874940132320802,-27118.815737346034,optimal,-26867.10429459522,False,False,8000,8000,0.011335831755104664,0.016443937666312358,10.0,0,0,,115.07197359983537,115.00791153379627,114.78373818979527,1.0,1.0,0.9997656828180327,115.11738733079842,115.07454720533487,114.90295667099805,1.0,1.0,0.9997519746749138,0.9972164270580215,0.9969414081247006,d5d5120b945958e0,2e2406dc709ca9ce,False,False
disturbance_step60,154,110.98753829574724,110.98753829574724,110.51761155882299,110.51761155882299,-0.4699267369242506,-27297.054200848645,optimal,-27053.0991318753,False,False,8000,8000,0.011402181825744151,0.01654018612656305,10.0,0,0,,115.02435335760036,114.94840254265283,114.69618735115806,1.0,1.0,0.9997750141374568,115.0855423205125,115.02669419311185,114.81537108306442,1.0,1.0,0.9997622858995449,0.997401124996978,0.997148543683629,2cc0c1459c531003,d9692398f379c304,False,False
disturbance_step60,155,111.3158497535001,111.3158497535001,110.87027674929693,110.87027674929693,-0.4455730042031689,-27465.864941406722,optimal,-27233.68118302445,False,False,8000,8000,0.013774067771066711,0.01996289665085005,10.0,0,0,,114.96789566852833,114.88288988572837,114.6104872220772,1.0,1.0,0.9997836998827793,115.04179783559087,114.97002340447395,114.72771827125966,1.0,1.0,0.999771857980425,0.9975704392169064,0.9973387749722745,ab52f74f02695b08,d5662a250f90cb59,False,False
disturbance_step60,156,111.62087834636314,111.62087834636314,111.20582397299133,111.20582397299133,-0.4150543733718166,-27623.23735663585,optimal,-27405.810174144422,False,False,8000,8000,0.011523493712203958,0.016716163065103373,10.0,0,0,,114.90470701073762,114.81323958086017,114.5277163566833,1.0,1.0,0.9997918018177213,114.98844464223644,114.90664179781903,114.64144073829576,1.0,1.0,0.9997807616500605,0.997725528950801,0.9975132403597418,9625a16cd882d1ea,e6c3823004966d2c,False,False
disturbance_step60,157,111.90024100028516,111.90024100028516,111.51860599349901,111.51860599349901,-0.3816350067861549,-27767.82192489466,optimal,-27567.14609890196,False,False,8000,8000,0.013913146638259377,0.020164465068970294,10.0,0,0,,114.83671511730229,114.74111433964484,114.44870858756,1.0,1.0,0.9997993754469346,114.9276368739654,114.83847768784888,114.55770988849649,1.0,1.0,0.9997890608671667,0.9978675339200183,0.9976730968802561,d77d9fd3ee858a5e,d833e70af118040e,False,False
disturbance_step60,158,112.1526715912678,112.1526715912678,111.80673100938866,111.80673100938866,-0.3459405818791481,-27898.846111913157,optimal,-27716.086921046368,False,False,8000,8000,0.013975270876954937,0.020254502360583793,10.0,0,0,,114.76565071879968,114.66796730322577,114.37407706589585,1.0,1.0,0.9998064704886602,114.86136080291652,114.76726199702931,114.47744615882159,1.0,1.0,0.9997968131992946,0.9979975545096071,0.997819490583351,f34cc294d30dfb9d,077e72c90762b6d6,False,False
disturbance_step60,159,112.37783813269989,112.37783813269989,112.0686689702103,112.0686689702103,-0.3091691624895958,-28016.028378200175,optimal,-27851.858542107377,False,False,8000,8000,0.01164989290113283,0.016899519722651135,10.0,0,0,,114.69303820097777,114.59504258382567,114.30423935761402,1.0,1.0,0.9998131313703256,114.7914128882233,114.69451931899165,114.40134292566032,1.0,1.0,0.9998040702770531,0.9981166379643519,0.9979535344012745,c39eda58bcdfa2f1,3e16618ad0ad2b1c,False,False
