scenario,step,Ta_cvx_raw,Ta_cvx_applied,Ta_snn_raw,Ta_snn_applied,control_diff_e_u,cvxpy_objective,cvxpy_status,snn_objective,snn_converged,snn_verified_converged,snn_iterations,snn_max_iterations,snn_constraint_residual,snn_constraint_residual_scaled,snn_bound_violation,snn_clipped,cvxpy_clipped,objective_gap_snn_vs_reference,Tc1_cvx,Tc2_cvx,Tc3_cvx,alpha1_cvx,alpha2_cvx,alpha3_cvx,Tc1_snn,Tc2_snn,Tc3_snn,alpha1_snn,alpha2_snn,alpha3_snn,rho_Ap_cvx,rho_Ap_snn,qp_fingerprint_cvx,qp_fingerprint_snn,slew_saturated_cvx,slew_saturated_snn,build_ms_cvx,solve_ms_cvx,total_ms_cvx,build_ms_snn,solve_ms_snn,total_ms_snn
nominal_heatup,0,32.0,32.0,32.0,32.0,0.0,-95998.82400563429,optimal,-95995.60480447103,False,False,8000,8000,6.865136157330198e-07,9.949711712309295e-07,10.0,0,0,3.3533756237451254e-05,28.0,28.0,28.0,1e-05,1e-05,1e-05,28.0,28.0,28.0,1e-05,1e-05,1e-05,1.0000008521941652,1.0000008521941652,cf16d6dcdbba5e96,cf16d6dcdbba5e96,True,True,4.242500006512273,21.628599999530707,25.87110000604298,1.985000002605375,448.8811999981408,450.8662000007462
nominal_heatup,1,36.0,36.0,36.0,36.0,0.0,-106602.11836433185,optimal,-106599.55483196843,True,True,351,8000,6.114478381391564e-07,8.869759433594027e-07,10.0,0,0,2.4047668121123766e-05,28.000000056399145,28.000000056399145,28.000000056399145,1.0001630922571259e-05,1.0001630922571259e-05,1.0001630922571259e-05,28.000000056399145,28.000000056399145,28.000000056399145,1.0001630922571259e-05,1.0001630922571259e-05,1.0001630922571259e-05,1.0000008522669996,1.0000008522669996,2e328ea56c7cd9b6,2e328ea56c7cd9b6,True,True,2.2027000013622455,9.478100000706036,11.680800002068281,1.250099994649645,28.192600002512336,29.44269999716198
nominal_heatup,2,40.00000000000001,40.00000000000001,40.00000000000001,40.0,-7.105427357601002e-15,-117129.27120926857,optimal,-117127.32961954929,False,False,8000,8000,6.750023899826374e-07,9.791691724103657e-07,10.0,0,0,1.657646888110229e-05,28.000000112803107,28.000000112803107,28.000000091841084,1.0003261984532805e-05,1.0003261984532805e-05,1.0003261984532805e-05,28.000000112803107,28.000000112803107,28.000000091841084,1.0003261984532805e-05,1.0003261984532805e-05,1.0003261984532805e-05,1.0000008523398338,1.0000008523398338,27471e481eb0037c,27471e481eb0037c,True,True,1.7031999959726818,7.492299999285024,9.195499995257705,1.1517000020830892,407.9882000005455,409.13990000262856
nominal_heatup,3,44.00000000000001,44.00000000000001,44.0,44.0,-7.105427357601002e-15,-127560.71461505513,optimal,-127560.03208372107,True,True,501,8000,7.615793364834644e-07,9.623328454111402e-07,10.0,0,0,5.350638996362833e-06,28.00000016921189,28.00000016142088,28.000000128607986,1.0004893185885736e-05,1.0004893185885736e-05,1.0004893185878145e-05,28.00000016921189,28.00000016142088,28.000000128607986,1.0004893185885736e-05,1.0004893185885736e-05,1.0004893185878145e-05,1.000000852412668,1.000000852412668,bc7dc74b29c7a69b,bc7dc74b29c7a69b,True,True,0.9071999957086518,5.3597000005538575,6.266899996262509,0.8249000020441599,20.80500000010943,21.62990000215359
nominal_heatup,4,48.00000000000001,48.00000000000001,48.0,48.0,-7.105427357601002e-15,-137877.66932309937,optimal,-137877.65043286316,True,True,551,8000,5.533118638822998e-07,8.043587769179794e-07,10.0,0,0,1.3700722028503893e-07,28.00000021983408,28.000000208534534,28.00000016274716,1.0006524526631151e-05,1.0006524526628329e-05,1.0006524526608854e-05,28.00000021983408,28.000000208534534,28.00000016274716,1.0006524526631151e-05,1.0006524526628329e-05,1.0006524526608854e-05,1.000000852485502,1.000000852485502,167f22f2007b1b7b,167f22f2007b1b7b,True,True,0.8516000016243197,4.906499998469371,5.758100000093691,0.8091999989119358,20.986199997423682,21.795399996335618
nominal_heatup,5,52.000000000000014,52.000000000000014,51.99999999999999,51.99999999999999,-2.1316282072803006e-14,-148066.06891524495,optimal,-148066.0466483758,True,True,501,8000,6.522266957631473e-07,9.454483924642432e-07,10.0,0,0,1.5038468486542944e-07,28.00000026785304,28.000000252134775,28.015534364180088,1.0008156006768049e-05,1.0008156006761134e-05,1.0008156006725072e-05,28.00000026785304,28.000000252134775,28.015534364180088,1.0008156006768049e-05,1.0008156006761134e-05,1.0008156006725072e-05,1.0000008535389835,1.0000008535389835,f94c35af10199129,f94c35af10199129,True,True,0.9061000018846244,4.96259999636095,5.8686999982455745,0.8938999962992966,20.69570000458043,21.589600000879727
nominal_heatup,6,56.000000000000014,56.000000000000014,56.00000000000001,55.99999999999999,-2.1316282072803006e-14,-158106.71679597168,optimal,-158106.6979274649,True,True,451,8000,6.325447543531482e-07,9.190430025896035e-07,10.0,0,0,1.1934032356699093e-07,28.000000312592185,28.00577391978186,28.057459750004423,1.000978762629658e-05,1.000978762628397e-05,1.0009793262776227e-05,28.000000312592185,28.00577391978186,28.057459750004423,1.000978762629658e-05,1.000978762628397e-05,1.0009793262776227e-05,1.0000008566302483,1.0000008566302483,bdbed9df60d2468d,bdbed9df60d2468d,True,True,0.8588999990024604,5.1404999976512045,5.999399996653665,0.8063999994192272,18.093799997586757,18.900199997005984
nominal_heatup,7,60.00000000000002,60.00000000000002,59.999999999999986,59.999999999999986,-3.552713678800501e-14,-167979.73405210197,optimal,-167979.71166282002,True,True,301,8000,6.204440836654612e-07,9.014615818259131e-07,10.0,0,0,1.332856133907833e-07,28.004292153377847,28.022838296226645,28.135109522234508,1.001141938521665e-05,1.0011421478125678e-05,1.0011445967490528e-05,28.004292153377847,28.022838296226645,28.135109522234508,1.001141938521665e-05,1.0011421478125678e-05,1.0011445967490528e-05,1.0000008630022164,1.0000008630022164,c9740d78ed75e56b,c9740d78ed75e56b,True,True,0.7905999955255538,4.673300005379133,5.463900000904687,0.7810000024619512,12.797700001101475,13.578700003563426
nominal_heatup,8,64.00000000000003,64.00000000000003,63.999999999999986,63.999999999999986,-4.263256414560601e-14,-177665.40055867797,optimal,-177664.62262563466,False,False,8000,8000,6.111417434340183e-07,8.879459256760924e-07,10.0,0,0,4.378641202781661e-06,28.01807839987666,28.057673407757182,28.254795432951447,1.0013052839181873e-05,1.0013061671269752e-05,1.0013127537634136e-05,28.01807839987666,28.057673407757182,28.254795432951447,1.0013052839181873e-05,1.0013061671269752e-05,1.0013127537634136e-05,1.0000008738881738,1.0000008738881738,862a0937b312a227,862a0937b312a227,True,True,1.574300003994722,5.860799996298738,7.43510000029346,0.8091999989119358,303.7086999975145,304.5178999964264
nominal_heatup,9,68.00000000000003,68.00000000000003,67.99999999999999,67.99999999999999,-4.263256414560601e-14,-187142.34228568219,optimal,-187135.54244615912,False,False,8000,8000,6.305568831521668e-07,9.140364634063758e-07,10.0,0,0,3.633512031499705e-05,28.047511223592842,28.11622195693027,28.42117301871507,1.0014691440074805e-05,1.0014714737108251e-05,1.0014854481868797e-05,28.047511223592842,28.11622195693027,28.42117301871507,1.0014691440074805e-05,1.0014714737108251e-05,1.0014854481868797e-05,1.0000008905547881,1.0000008905547881,93173fa1627b55b6,93173fa1627b55b6,True,True,0.8499999967170879,5.026999999245163,5.876999995962251,0.7982000024640001,313.97170000127517,314.76990000373917
nominal_heatup,10,72.00000000000003,72.00000000000003,71.99999999999999,71.99999999999999,-4.263256414560601e-14,-196384.77948680348,optimal,-196371.7964197372,False,False,8000,8000,6.510454966246471e-07,9.437361550013179e-07,10.0,0,0,6.611035284951498e-05,28.098587088330618,28.204026095810903,28.637444447596287,1.0016340922523065e-05,1.0016389563010768e-05,1.0016646422525322e-05,28.098587088330618,28.204026095810903,28.637444447596287,1.0016340922523065e-05,1.0016389563010768e-05,1.0016646422525322e-05,1.0000009143124624,1.0000009143124624,8b4cfa82049e50f8,8b4cfa82049e50f8,True,True,0.8409000001847744,4.713100002845749,5.554000003030524,1.0420000035082921,290.08880000037607,291.13080000388436
nominal_heatup,11,76.00000000000003,76.00000000000003,75.99999999999999,75.99999999999999,-4.263256414560601e-14,-205373.05778345736,optimal,-205353.13854044606,False,False,8000,8000,5.271956950991807e-07,7.663936028023954e-07,10.0,0,0,9.699053627676305e-05,28.17696474743232,28.325927123648107,28.905878723964744,1.001800935059378e-05,1.0018097472067574e-05,1.0018526362451092e-05,28.17696474743232,28.325927123648107,28.905878723964744,1.001800935059378e-05,1.0018097472067574e-05,1.0018526362451092e-05,1.0000009465851527,1.0000009465851527,8ea45fc491ca365b,8ea45fc491ca365b,True,True,0.8285000003525056,4.902500004391186,5.7310000047436915,0.7660000046598725,288.2982999944943,289.0642999991542
nominal_heatup,12,80.00000000000001,80.00000000000001,79.99999999999999,79.99999999999999,-2.842170943040401e-14,-214088.40840139062,optimal,-214063.13296501807,False,False,8000,8000,5.29231968471322e-07,7.548049483219188e-07,10.0,0,0,0.00011806074210783949,28.287695303581557,28.48611411336325,29.228022559149494,1.0019707186055292e-05,1.0019852307914455e-05,1.0020521334415317e-05,28.287695303581557,28.48611411336325,29.228022559149494,1.0019707186055292e-05,1.0019852307914455e-05,1.0020521334415317e-05,1.000000988985778,1.000000988985778,b37574cac608723e,b37574cac608723e,True,True,1.4354000013554469,6.602100002055522,8.037500003410969,0.7896999959484674,324.33660000242526,325.1262999983737
nominal_heatup,13,84.00000000000001,84.00000000000001,83.99999999999999,83.99999999999999,-2.842170943040401e-14,-222512.43116136317,optimal,-222480.52245021955,False,False,8000,8000,5.225643917583511e-07,7.480035151274933e-07,10.0,0,0,0.0001434019258027652,28.435189073687383,28.68811443723295,29.60491107244096,1.0021447366458453e-05,1.0021670668093506e-05,1.002266335713411e-05,28.435189073687383,28.68811443723295,29.60491107244096,1.0021447366458453e-05,1.0021670668093506e-05,1.002266335713411e-05,1.0000010434153785,1.0000010434153785,d70bd621a1477565,d70bd621a1477565,True,True,0.8468000014545396,5.057000002125278,5.903800003579818,0.7957999987411313,300.1194000025862,300.9152000013273
nominal_heatup,14,88.0,88.0,87.99999999999999,87.99999999999999,-1.4210854715202004e-14,-230627.10977855098,optimal,-230592.7598747539,True,True,201,8000,5.843701842422888e-07,8.49508809963595e-07,10.0,0,0,0.0001489413097618321,28.623200041918288,28.934857331659494,30.03718676868891,1.0023245495954168e-05,1.0023572281445382e-05,1.0024990765584491e-05,28.623200041918288,28.934857331659494,30.037186768688905,1.0023245495954168e-05,1.0023572281445382e-05,1.0024990765584491e-05,1.0000011121797336,1.0000011121797336,7834316f3b56273f,7834316f3b56273f,True,True,1.0742000013124198,6.1891000004834495,7.263300001795869,0.8940000043367036,11.365099999238737,12.25910000357544
nominal_heatup,15,91.99999999999999,91.99999999999999,91.99999999999997,91.99999999999997,-1.4210854715202004e-14,-238414.82183393,optimal,-238380.63947815172,True,True,201,8000,5.896290815599059e-07,8.164698330759279e-07,10.0,0,0,0.00014337345101035726,28.854869120086413,29.22872865371056,30.525195733226727,1.0025120171607514e-05,1.0025580580941484e-05,1.0027549973976509e-05,28.854869120086413,29.22872865371056,30.525195733226727,1.0025120171607514e-05,1.0025580580941484e-05,1.0027549973976509e-05,1.0000011981334345,1.0000011981334345,462c1250876883bb,462c1250876883bb,True,True,1.0378000006312504,6.029299998772331,7.067099999403581,0.9638999981689267,9.555999997246545,10.519899995415471
nominal_heatup,16,96.0,96.0,95.99999999999999,95.99999999999997,-2.842170943040401e-14,-245858.3444549164,optimal,-245826.03792291766,True,True,201,8000,6.278478679178079e-07,8.693919939517514e-07,10.0,0,0,0.00013140303238571324,29.132775953652295,29.571636766375924,31.069051976588753,1.0027093488534011e-05,1.0027723503453636e-05,1.0030397793205575e-05,29.132775953652295,29.571636766375924,31.069051976588753,1.0027093488534011e-05,1.0027723503453636e-05,1.0030397793205575e-05,1.0000013048593073,1.0000013048593073,008772fb4277ad19,008772fb4277ad19,True,True,0.879699997312855,6.489300001703668,7.368999999016523,1.0142000028281473,10.076799997477792,11.09100000030594
nominal_heatup,17,100.0,100.0,99.99999999999997,99.99999999999997,-2.842170943040401e-14,-252940.85657528054,optimal,-252907.01858764654,False,False,8000,8000,6.361106414942697e-07,8.808336362520208e-07,10.0,0,0,0.00013377825983551612,29.459001193484145,29.965072618383886,31.66868726952701,1.0029191757879237e-05,1.0030034571632905e-05,1.0033604465787608e-05,29.459001193484145,29.965072618383886,31.66868726952701,1.0029191757879237e-05,1.0030034571632905e-05,1.0033604465787608e-05,1.0000014368973875,1.0000014368973875,fae74bf2bc99669f,fae74bf2bc99669f,True,True,0.8319999978994019,4.672800001571886,5.504799999471288,0.7503000015276484,298.3118000047398,299.0621000062674
nominal_heatup,18,104.00000000000001,104.00000000000001,103.99999999999996,103.99999999999996,-5.684341886080802e-14,-259645.93848475255,optimal,-259612.1924459887,True,True,201,8000,6.76804603472192e-07,9.810758152539734e-07,10.0,0,0,0.00012996944593386654,29.83518713825559,30.410166831002797,32.32388788410938,1.0031446486637145e-05,1.003255432719756e-05,1.0037257650833878e-05,29.83518713825559,30.410166831002797,32.32388788410938,1.0031446486637145e-05,1.003255432719756e-05,1.0037257650833878e-05,1.0000016000414043,1.0000016000414043,a2d55434f5188a28,a2d55434f5188a28,True,True,0.8497000017086975,5.21630000002915,6.066000001737848,0.7690999991609715,10.78570000390755,11.554800003068522
nominal_heatup,19,108.00000000000001,108.00000000000001,107.99999999999996,107.99999999999996,-5.684341886080802e-14,-265957.5692540158,optimal,-265928.56538774795,True,True,201,8000,6.510827006422915e-07,9.116207317916292e-07,10.0,0,0,0.00010905448695876914,30.26259573381852,30.907740544433675,33.03432342597463,1.0033895682563044e-05,1.0035332213742204e-05,1.0041467676231376e-05,30.26259573381852,30.907740544433675,33.03432342597463,1.0033895682563044e-05,1.0035332213742204e-05,1.0041467676231376e-05,1.0000018017276073,1.0000018017276073,000965a73a098465,000965a73a098465,True,True,0.8192999957827851,5.165299997315742,5.984599993098527,0.7866999949328601,8.70520000171382,9.49189999664668
nominal_heatup,20,112.0,112.0,111.99999999999996,111.99999999999996,-4.263256414560601e-14,-271860.12251244276,optimal,-271837.4786386588,True,True,201,8000,6.837688459881974e-07,9.468268276080494e-07,10.0,0,0,8.329236952647074e-05,30.742161255455276,31.45835074073644,33.799569377951165,1.0036585572181912e-05,1.0038429042220354e-05,1.0046374493864521e-05,30.742161255455276,31.45835074073644,33.799569377951165,1.0036585572181912e-05,1.0038429042220354e-05,1.0046374493864521e-05,1.000002051549314,1.000002051549314,62a5fbdd6bc61302,62a5fbdd6bc61302,True,True,1.0755000039353035,5.408699995314237,6.48419999924954,0.7949999999254942,9.42860000213841,10.223600002063904
nominal_heatup,21,116.0,116.0,115.99999999999996,115.99999999999996,-4.263256414560601e-14,-277338.3609672305,optimal,-277322.4348983256,False,False,8000,8000,7.106024497716135e-07,9.83983750479922e-07,10.0,0,0,5.742468820111486e-05,31.274537519628144,32.06232983559645,34.619125239305966,1.0039572851893256e-05,1.0041920221372836e-05,1.0052156935043224e-05,31.274537519628144,32.06232983559645,34.619125239305966,1.0039572851893256e-05,1.0041920221372836e-05,1.0052156935043224e-05,1.000002361942879,1.000002361942879,2c1e0ce8e8b0310e,2c1e0ce8e8b0310e,True,True,0.8125000022118911,6.882399997266475,7.694899999478366,0.9014000024762936,379.77309999405406,380.67449999653036
nominal_heatup,22,119.99999999999999,119.99999999999999,119.99999999999994,119.99999999999994,-4.263256414560601e-14,-282249.2947156021,optimal,-282197.1104831328,False,False,8000,8000,6.560768213148549e-07,9.557638476209718e-07,10.0,0,0,0.0001848870252158545,31.860139431473698,32.71982012895055,35.49242921855301,1.0042927636276365e-05,1.0045900001126806e-05,1.0059045087611502e-05,31.860139431473698,32.71982012895055,35.492429218553006,1.0042927636276365e-05,1.0045900001126806e-05,1.0059045087611502e-05,1.0000027491075865,1.0000027491075865,c0e28f2bf04cae41,c0e28f2bf04cae41,True,True,0.7745999973849393,5.385100004787091,6.1597000021720305,0.7678999972995371,263.8007999994443,264.5686999967438
nominal_heatup,23,123.99999999999999,123.99999999999999,124.00000043308006,123.99999999999994,-4.263256414560601e-14,-285922.7658009261,optimal,-285869.90915312816,False,False,8000,8000,6.280502020672429e-07,9.073958553429406e-07,10.0,0,0,0.0001848633761279558,32.499179256904526,33.43080354993059,36.4188703028621,1.0046737327042226e-05,1.0050487067028725e-05,1.0067336928314506e-05,32.499179256904526,33.43080354993059,36.4188703028621,1.0046737327042226e-05,1.0050487067028725e-05,1.0067336928314506e-05,1.0000032342458494,1.0000032342458494,119518f418cd06f3,119518f418cd06f3,True,True,0.9145000003627501,5.619099996692967,6.533599997055717,0.829399999929592,209.58000000246102,210.4094000023906
nominal_heatup,24,127.99999999999997,127.99999999999997,127.99999999999994,127.99999999999994,-2.842170943040401e-14,-287335.9380485216,optimal,-287286.2814661957,False,False,8000,8000,6.228402753549744e-07,8.99869019299615e-07,10.0,0,0,0.00017281716538161687,33.19169804282029,34.195127258322415,37.39779823444413,1.005111170702066e-05,1.0055831947088486e-05,1.0077420781319361e-05,33.19169804282029,34.195127258322415,37.39779823444413,1.005111170702066e-05,1.0055831947088486e-05,1.0077420781319361e-05,1.0000038452434135,1.0000038452434135,8d4b2a38b9170216,8d4b2a38b9170216,True,True,0.8611000012024306,5.332199994882103,6.193299996084534,0.7851999980630353,182.0374000017182,182.82259999978123
nominal_heatup,25,130.0,130.0,130.0,130.0,0.0,-285421.42745096504,optimal,-285377.6507268042,False,False,8000,8000,5.973793264502092e-07,8.630833123746129e-07,10.0,0,0,0.0001533757453032999,33.937592712032945,35.01252560136736,38.428531814316294,1.005618967429849e-05,1.0062126862556018e-05,1.0089805789359043e-05,33.937592712032945,35.01252560136736,38.42853181431629,1.005618967429849e-05,1.0062126862556018e-05,1.0089805789359043e-05,1.000004618956481,1.000004618956481,8d029e165e089211,8d029e165e089211,False,False,0.8584000024711713,4.98410000000149,5.842500002472661,0.7916999966255389,177.37990000023274,178.17159999685828
nominal_heatup,26,130.0,130.0,130.0,130.0,0.0,-281039.5681684587,optimal,-281001.4067554634,False,False,8000,8000,5.907816529315824e-07,8.25190352493621e-07,10.0,0,0,0.00013578661981282294,34.73663933886757,35.88263890591762,39.51036584016606,1.0062148184087887e-05,1.0069618889944927e-05,1.0105163455459045e-05,34.73663933886757,35.88263890591762,39.51036584016606,1.0062148184087887e-05,1.0069618889944927e-05,1.0105163455459045e-05,1.000005604339681,1.000005604339681,4a9499a2553ffa43,4a9499a2553ffa43,False,False,0.7777999999234453,4.574400001729373,5.352200001652818,0.7537999990745448,190.86280000192346,191.616600000998
nominal_heatup,27,130.0,130.0,130.0,130.0,0.0,-276122.11941677064,optimal,-276086.99484195595,False,False,8000,8000,6.886171490805282e-07,9.989189768688789e-07,10.0,0,0,0.00012720666815422445,35.588513092118006,36.80502953120535,40.64257692132614,1.0069214176848358e-05,1.007862763007317e-05,1.0124384554526784e-05,35.588513092118006,36.80502953120535,40.64257692132614,1.0069214176848358e-05,1.007862763007317e-05,1.0124384554526784e-05,1.0000068667446973,1.0000068667446973,bd545d5539f4b404,bd545d5539f4b404,False,False,0.8192000022972934,4.7108999933698215,5.530099995667115,0.8506999947712757,178.56510000274284,179.4157999975141
nominal_heatup,28,130.0,130.0,130.0,130.0,0.0,-271205.79345906223,optimal,-271173.0400641594,False,False,8000,8000,5.629272834539734e-07,8.133073778893163e-07,10.0,0,0,0.00012076952518295171,36.49280528639048,37.77919556259234,41.82442836075676,1.00776805645182e-05,1.0089569039656569e-05,1.0148657494724979e-05,36.49280528639048,37.77919556259234,41.824428360756755,1.00776805645182e-05,1.0089569039656569e-05,1.0148657494724979e-05,1.0000084938573894,1.0000084938573894,d22ee01681297e98,d22ee01681297e98,False,False,0.7999000008567236,5.148099997313693,5.947999998170417,0.9047000057762489,186.22019999747863,187.12490000325488
nominal_heatup,29,130.0,130.0,130.0,130.0,0.0,-266304.0675836935,optimal,-266273.25741258945,False,False,8000,8000,5.667608320436557e-07,8.188460016711474e-07,10.0,0,0,0.00011569545814170306,37.44903793778678,38.80458247844509,43.055174257720964,1.008792775660128e-05,1.0102987727945598e-05,1.0179576783908196e-05,37.44903793778678,38.80458247844509,43.055174257720964,1.008792775660128e-05,1.0102987727945598e-05,1.0179576783908196e-05,1.000010603941939,1.000010603941939,f901d2f0145b092a,f901d2f0145b092a,False,False,0.8485999933327548,5.645600002026185,6.49419999535894,1.1814000026788563,179.65879999974277,180.84020000242162
nominal_heatup,30,130.0,130.0,130.0,130.0,0.0,-261427.8559712686,optimal,-261400.58963517955,False,False,8000,8000,5.538200298360607e-07,8.00149433821673e-07,10.0,0,0,0.00010429774588365492,38.45667617246797,39.88059307969843,44.3262958722187,1.0100452783556139e-05,1.0119600936431953e-05,1.0219294017606023e-05,38.45667617246797,39.88059307969843,44.3262958722187,1.0100452783556139e-05,1.0119600936431953e-05,1.0219294017606023e-05,1.0000133502968045,1.0000133502968045,15938d8f682801bc,15938d8f682801bc,False,False,0.8822999952826649,7.5237999990349635,8.406099994317628,0.8263999989139847,177.62390000279993,178.4503000017139
nominal_heatup,31,130.00000000000003,130.00000000000003,130.0,130.0,-2.842170943040401e-14,-256586.0144209544,optimal,-256564.49295571935,False,False,8000,8000,5.940074032650955e-07,8.616766002944587e-07,10.0,0,0,8.387622093725754e-05,39.51513879282677,41.00370911940794,45.62384309440205,1.0115908887980325e-05,1.0140358723565776e-05,1.027064961864798e-05,39.51513879282677,41.00370911940794,45.62384309440205,1.0115908887980325e-05,1.0140358723565776e-05,1.027064961864798e-05,1.0000169276166246,1.0000169276166246,e7de6d78d2a63596,e7de6d78d2a63596,False,False,0.822000001790002,4.829899997275788,5.65189999906579,0.7705000025453046,188.62020000233315,189.39070000487845
nominal_heatup,32,130.0,130.0,130.0,130.0,0.0,-251785.7341880738,optimal,-251766.7354706262,False,False,8000,8000,5.815429062749899e-07,8.435953509078331e-07,10.0,0,0,7.54558931184887e-05,40.62166136640788,42.167626743408356,46.936965864865606,1.0135159609374298e-05,1.0166511340095578e-05,1.0337306087914461e-05,40.62166136640788,42.167626743408356,46.936965864865606,1.0135159609374298e-05,1.0166511340095578e-05,1.0337306087914461e-05,1.0000215859513406,1.0000215859513406,f7fa3165f50aafc4,f7fa3165f50aafc4,False,False,0.8121999999275431,4.679400000895839,5.491600000823382,0.7667000027140602,172.05299999477575,172.8196999974898
nominal_heatup,33,130.0,130.0,130.0,130.0,0.0,-247032.84415578103,optimal,-247017.19795643422,False,False,8000,8000,5.690607309816187e-07,8.254885583980354e-07,10.0,0,0,6.333651462533629e-05,41.77084845737516,43.36566791672194,48.25708836034172,1.0159342426202962e-05,1.0199689056691248e-05,1.0423972055584554e-05,41.77084845737516,43.36566791672194,48.25708836034172,1.0159342426202962e-05,1.0199689056691248e-05,1.0423972055584554e-05,1.00002764480365,1.00002764480365,971a710837f5cd28,971a710837f5cd28,False,False,0.8205000049201772,4.978199998731725,5.798700003651902,0.7912000000942498,174.8576999962097,175.64889999630395
nominal_heatup,34,130.0,130.0,130.0,130.0,0.0,-242332.0494110759,optimal,-242319.05266855482,False,False,8000,8000,5.568277714473879e-07,8.07743217201562e-07,10.0,0,0,5.363195892857623e-05,42.956351227797434,44.59092597223202,49.57797689401695,1.018994412676557e-05,1.0242010082863206e-05,1.053668028779401e-05,42.956351227797434,44.59092597223202,49.57797689401695,1.018994412676557e-05,1.0242010082863206e-05,1.053668028779401e-05,1.0000355128009815,1.0000355128009815,60fa5e6688e1f474,60fa5e6688e1f474,False,False,0.822600006358698,5.552499998884741,6.375100005243439,0.8070000039879233,184.28819999826374,185.09520000225166
nominal_heatup,35,130.0,130.0,130.0,130.0,0.0,-237687.12104444232,optimal,-237676.30456377682,False,False,8000,8000,5.44838371752121e-07,7.903511862750179e-07,10.0,0,0,4.550722234312912e-05,44.17140619546908,45.83695172260525,50.89495729321921,1.0228899307463622e-05,1.0296214244032106e-05,1.0683152902901279e-05,44.17140619546908,45.83695172260525,50.89495729321921,1.0228899307463622e-05,1.0296214244032106e-05,1.0683152902901279e-05,1.0000457117886863,1.0000457117886863,ce25cdb2f56292bb,ce25cdb2f56292bb,False,False,0.7598000011057593,5.188700000871904,5.9485000019776635,0.8802000011201017,175.5918999988353,176.4720999999554
nominal_heatup,36,130.0,130.0,130.0,130.0,0.0,-233101.04983733257,optimal,-233092.0150784694,False,False,8000,8000,6.873576268162651e-07,9.9619439897225e-07,10.0,0,0,3.875897971939105e-05,45.40948352759255,47.097838917598104,52.2045545514495,1.0278713971231812e-05,1.036583429649087e-05,1.0873268743414286e-05,45.40948352759255,47.097838917598104,52.2045545514495,1.0278713971231812e-05,1.036583429649087e-05,1.0873268743414286e-05,1.000058908674502,1.000058908674502,f6bd19bc4bd4e60f,f6bd19bc4bd4e60f,False,False,0.7975999978953041,4.790099999809172,5.587699997704476,0.7680999988224357,185.90120000590105,186.66930000472348
nominal_heatup,37,130.0,130.0,130.0,130.0,0.0,-228576.1718164679,optimal,-228569.4192993579,False,False,8000,8000,6.72253804623324e-07,9.74304282586047e-07,10.0,0,0,2.954164931676025e-05,46.66451695380042,48.36835320017051,53.50412826644477,1.0342623010345865e-05,1.0455411819631811e-05,1.1119674734577008e-05,46.66451695380042,48.36835320017051,53.50412826644477,1.0342623010345865e-05,1.0455411819631811e-05,1.1119674734577008e-05,1.0000759571416173,1.0000759571416173,8ab39320150e3d5f,8ab39320150e3d5f,False,False,0.7863999999244697,4.7917999982018955,5.578199998126365,0.7729999997536652,170.4195999991498,171.19259999890346
nominal_heatup,38,130.0,130.0,130.0,130.0,0.0,-224114.27177852174,optimal,-224109.2270694315,False,False,8000,8000,6.576731976792871e-07,9.531724574074474e-07,10.0,0,0,2.2509539665752435e-05,47.931058634757065,49.64391516037741,54.79166265923367,1.0424789135198688e-05,1.0570772044380092e-05,1.1438591403752979e-05,47.931058634757065,49.64391516037741,54.79166265923367,1.0424789135198688e-05,1.0570772044380092e-05,1.1438591403752979e-05,1.0000979538377246,1.0000979538377246,54a16dc53a1d5c0f,54a16dc53a1d5c0f,False,False,0.8259000023826957,4.904299996269401,5.730199998652097,0.7755999977234751,170.95490000065183,171.7304999983753
nominal_heatup,39,130.0,130.0,130.0,130.0,0.0,-219716.6690321443,optimal,-219714.1029049212,False,False,8000,8000,6.426081000654449e-07,9.313384454756601e-07,10.0,0,0,1.1679255991095873e-05,49.204306314942166,50.92057550494545,56.06560239687443,1.0530555493521728e-05,1.0719374634412519e-05,1.1850890373346329e-05,49.204306314942166,50.92057550494545,56.06560239687443,1.0530555493521728e-05,1.0719374634412519e-05,1.1850890373346329e-05,1.0001263149983302,1.0001263149983302,86ed1bb2c9313ac7,86ed1bb2c9313ac7,False,False,0.7846000007702969,4.856200001086108,5.640800001856405,0.7712000005994923,174.6564999994007,175.4277000000002
nominal_heatup,40,130.0,130.0,130.0,130.0,0.0,-215384.2885411067,optimal,-215383.22518775126,False,False,8000,8000,6.288321259262375e-07,9.113728198784088e-07,10.0,0,0,4.9370052137124645e-06,50.48009183635129,52.194957759675056,57.32474554955666,1.0666767540547945e-05,1.0910765749966646e-05,1.2383552396445595e-05,50.48009183635129,52.194957759675056,57.32474554955666,1.0666767540547945e-05,1.0910765749966646e-05,1.2383552396445595e-05,1.0001628826826376,1.0001628826826376,9b3324edba12acef,9b3324edba12acef,False,False,0.7693000006838702,4.618299994035624,5.387599994719494,0.7621000040671788,175.04919999919366,175.81130000326084
nominal_heatup,41,130.0,130.0,130.0,130.0,0.0,-211118.63702029592,optimal,-211118.60870145913,True,True,501,8000,6.800879503998658e-07,9.86546403680677e-07,10.0,0,0,1.3413707675963293e-07,51.75483560174435,53.464199514395304,58.56816376746488,1.0842186462087133e-05,1.1157166424599135e-05,1.3071662770483217e-05,51.75483560174435,53.464199514395304,58.56816376746488,1.0842186462087133e-05,1.1157166424599135e-05,1.3071662770483217e-05,1.000210073755604,1.000210073755604,80e02de491f7aa2b,80e02de491f7aa2b,False,False,0.8015999992494471,4.903900000499561,5.705499999749009,0.8914999998523854,12.304999996558763,13.196499996411148
nominal_heatup,42,130.0,130.0,130.0,130.0,0.0,-206922.3674493509,optimal,-206922.33848820187,True,True,451,8000,6.726401977630303e-07,9.757425543099885e-07,10.0,0,0,1.3996142293904575e-07,53.02549121637784,54.72589075682159,59.79514556110168,1.1068025253675922e-05,1.1474247701261865e-05,1.3961166177047804e-05,53.02549121637784,54.72589075682159,59.79514556110168,1.1068025253675922e-05,1.1474247701261865e-05,1.3961166177047804e-05,1.0002710907268957,1.0002710907268957,5ec467693be3925d,5ec467693be3925d,False,False,0.8188000065274537,4.743099998449907,5.56190000497736,0.7819000020390376,11.64730000164127,12.429200003680307
nominal_heatup,43,130.00000000000003,130.00000000000003,129.99999999999997,129.99999999999997,-5.684341886080802e-14,-202795.50063490059,optimal,-202795.46046358292,True,True,351,8000,6.654839239672583e-07,9.65361528493247e-07,10.0,0,0,1.9808781513393842e-07,54.28948544658738,55.97801639829211,61.005153326433316,1.1358651936153698e-05,1.1882164517023144e-05,1.5112695179349738e-05,54.28948544658738,55.97801639829211,61.005153326433316,1.1358651936153698e-05,1.1882164517023144e-05,1.5112695179349738e-05,1.0003502217184117,1.0003502217184117,34c7a5744cd37d61,34c7a5744cd37d61,False,False,0.7700999994995072,4.815599997527897,5.585699997027405,0.7746999981463887,9.202799999911804,9.977499998058192
nominal_heatup,44,130.0,130.0,130.00000000000003,130.0,0.0,-198737.70980015665,optimal,-198737.68754416975,True,True,201,8000,6.579608111678681e-07,9.544483745571597e-07,10.0,0,0,1.1198673327883165e-07,55.544660094629194,57.21890324691535,62.19779083408779,1.1732523445269194e-05,1.240695156285074e-05,1.6606913172483163e-05,55.544660094629194,57.21890324691535,62.19779083408779,1.1732523445269194e-05,1.240695156285074e-05,1.6606913172483163e-05,1.0004532681750724,1.0004532681750724,e85d8452cc53df96,e85d8452cc53df96,False,False,0.785399999585934,4.6435000040219165,5.4289000036078505,0.79340000229422,6.621200001973193,7.414600004267413
nominal_heatup,45,130.0,130.0,130.0,130.0,0.0,-194747.84178402944,optimal,-194742.7347370034,True,True,201,8000,5.523933594986374e-07,8.005893166185274e-07,10.0,0,0,2.6223895367781327e-05,56.78921767445046,58.44717272868527,63.372777800977815,1.221344127067576e-05,1.3082428465613039e-05,1.8551986542778255e-05,56.78921767445046,58.44717272868527,63.372777800977815,1.221344127067576e-05,1.3082428465613039e-05,1.8551986542778255e-05,1.000588154251119,1.000588154251119,62a3b68bbbfc394c,62a3b68bbbfc394c,False,False,0.8398999998462386,4.614899997250177,5.454799997096416,0.7550000009359792,8.153799994033761,8.90879999496974
nominal_heatup,46,130.0,130.0,130.0,130.0,0.0,-190823.04102907213,optimal,-190810.6376267795,True,True,201,8000,6.650845421063423e-07,9.640867668636588e-07,10.0,0,0,6.49995001952915e-05,58.02167234021292,59.6616991361294,64.52992981579379,1.283225903535136e-05,1.3952823801894359e-05,2.1094037516679137e-05,58.02167234021292,59.6616991361294,64.52992981579379,1.283225903535136e-05,1.3952823801894359e-05,2.1094037516679137e-05,1.0007657922929523,1.0007657922929523,dfdaf67bc2ef0b31,dfdaf67bc2ef0b31,False,False,0.785700001870282,4.69850000081351,5.484200002683792,0.7550000009359792,7.728100004896987,8.483100005832966
nominal_heatup,47,130.0,130.0,130.0,130.0,0.0,-186962.37696064464,optimal,-186943.41054137188,True,True,201,8000,5.436541528069938e-07,7.898912492976251e-07,10.0,0,0,0.00010144511201164478,59.24080627823817,60.861573248056025,65.66914222531285,1.3629227439716847e-05,1.5076414058007539e-05,2.4431749600808675e-05,59.24080627823817,60.861573248056025,65.66914222531285,1.3629227439716847e-05,1.5076414058007539e-05,2.4431749600808675e-05,1.0010013058592766,1.0010013058592766,1b1458e116e19f25,1b1458e116e19f25,False,False,0.8371999938390218,4.499500006204471,5.336700000043493,0.7525999972131103,7.825300002878066,8.577900000091176
nominal_heatup,48,130.0,130.0,130.0,130.0,0.0,-183164.91513296502,optimal,-183140.08669744004,True,True,201,8000,5.483017559981818e-07,7.966439286022364e-07,10.0,0,0,0.00013555235459233148,60.44563150282925,62.04607084493373,66.79037712551897,1.4657239205824328e-05,1.6530593465596096e-05,2.8836727925755534e-05,60.44563150282925,62.04607084493373,66.79037712551897,1.4657239205824328e-05,1.6530593465596096e-05,2.8836727925755534e-05,1.0013157471013459,1.0013157471013459,78105417218a633d,78105417218a633d,False,False,0.7966999983182177,4.632600001059473,5.42929999937769,0.7991000020410866,8.158199998433702,8.957300000474788
nominal_heatup,49,130.0,130.0,129.99999999999997,129.99999999999997,-2.842170943040401e-14,-179429.4913597434,optimal,-179399.47040565708,True,True,201,8000,6.11644779269227e-07,8.886768654292609e-07,10.0,0,0,0.0001673133767410563,61.63535669095369,63.214625663276244,67.89365282436219,1.5986343757010025e-05,1.8418955140258733e-05,3.468179049773321e-05,61.63535669095369,63.214625663276244,67.89365282436219,1.5986343757010025e-05,1.8418955140258733e-05,3.468179049773321e-05,1.0017384914685026,1.0017384914685026,c05ad60fb9db758c,c05ad60fb9db758c,False,False,0.7869000037317164,5.0685000023804605,5.855400006112177,0.811099998827558,7.796400001097936,8.607499999925494
nominal_heatup,50,130.0,130.0,130.0,130.0,0.0,-175754.6587114928,optimal,-175720.0840778407,True,True,201,8000,5.602647092928237e-07,8.14025252537931e-07,10.0,0,0,0.00019672100816893248,62.809358627771545,64.3668063085973,68.97903535661558,1.771004879334599e-05,2.088118832276349e-05,4.248012413352589e-05,62.809358627771545,64.3668063085973,68.97903535661558,1.771004879334599e-05,2.088118832276349e-05,4.248012413352589e-05,1.00231055276414,1.00231055276414,9891ca22799da80a,9891ca22799da80a,False,False,0.9148000026470982,5.308100000547711,6.222900003194809,0.8281000045826659,7.938899994769599,8.766999999352265
nominal_heatup,51,130.0,130.0,130.0,130.0,0.0,-172138.60261126157,optimal,-172100.08379857015,True,True,201,8000,6.75781194559022e-07,9.802989779927884e-07,10.0,0,0,0.00022376626803710114,63.967157802997406,65.50229669912932,70.04663175947266,1.9954127492003092e-05,2.4106900556497154e-05,5.2939230035971814e-05,63.967157802997406,65.50229669912932,70.04663175947266,1.9954127492003092e-05,2.4106900556497154e-05,5.2939230035971814e-05,1.0030891393708201,1.0030891393708201,76da1e0fbbc7bc9c,76da1e0fbbc7bc9c,False,False,0.8180999939213507,4.9658999996609055,5.783999993582256,0.7981000017025508,8.141199999954551,8.939300001657102
nominal_heatup,52,130.0,130.0,130.0,130.0,0.0,-168579.00984923483,optimal,-168537.12785959902,False,False,8000,8000,5.373015881104948e-07,7.806615212047063e-07,10.0,0,0,0.00024844130757010894,65.10839773149327,66.62087966539488,71.09658492755247,2.288892387473418e-05,2.835488283289929e-05,6.703486721298836e-05,65.10839773149327,66.62087966539488,71.09658492755247,2.288892387473418e-05,2.835488283289929e-05,6.703486721298836e-05,1.0041538720862666,1.0041538720862666,45ce2f4060439a62,45ce2f4060439a62,False,False,0.8006999996723607,5.264200000965502,6.064900000637863,0.9651000000303611,298.18410000007134,299.1492000001017
nominal_heatup,53,130.0,130.0,130.0,130.0,0.0,-165072.8686270707,optimal,-165028.17762950246,False,False,8000,8000,5.214189968683058e-07,7.57585219446355e-07,10.0,0,0,0.0002707349665630763,66.23282762269277,67.72242340235866,72.12906995180523,2.6746518406205812e-05,3.397988237098351e-05,8.611184642383666e-05,66.23282762269277,67.72242340235866,72.12906995180523,2.6746518406205812e-05,3.397988237098351e-05,8.611184642383666e-05,1.0056152093333455,1.0056152093333455,5e34a0675036899a,5e34a0675036899a,False,False,0.8058999956119806,4.8536000031162985,5.659499998728279,0.8054999998421408,320.36990000051446,321.1754000003566
nominal_heatup,54,130.0,130.0,130.0,130.0,0.0,-161616.161465562,optimal,-161569.19011905737,False,False,8000,8000,5.30629364448032e-07,7.709673424116659e-07,10.0,0,0,0.0002906352067682658,67.34028809419581,68.80687054634416,73.14429192629689,3.1844611049781495e-05,4.146967191003758e-05,0.00011202061419671508,67.34028809419581,68.80687054634416,73.14429192629689,3.1844611049781495e-05,4.146967191003758e-05,0.00011202061419671508,1.0076257803464352,1.0076257803464352,16cdbb91f360a9d6,16cdbb91f360a9d6,False,False,0.8267000011983328,5.227800000284333,6.0545000014826655,0.8737999960430898,332.9453000042122,333.8191000002553
nominal_heatup,55,130.0,130.0,130.0,130.0,0.0,-158203.385028788,optimal,-158154.6386335131,False,False,8000,8000,6.882289937948372e-07,9.9745731763079e-07,10.0,0,0,0.0003081248562793972,68.43069970476235,69.87422973194207,74.1424852831402,3.8619637364567744e-05,5.1496155359949457e-05,0.00014730119077533538,68.43069970476235,69.87422973194207,74.1424852831402,3.8619637364567744e-05,5.1496155359949457e-05,0.00014730119077533538,1.0103955169547845,1.0103955169547845,a4681cb34236a826,a4681cb34236a826,False,False,1.5362999984063208,5.387600001995452,6.923900000401773,0.8994999952847138,296.4736000067205,297.37310000200523
nominal_heatup,56,130.0,130.0,130.0,130.0,0.0,-154826.7786214304,optimal,-154776.74158551043,False,False,8000,8000,5.329182641844454e-07,7.742931193988056e-07,10.0,0,0,0.0003231807595913698,69.50405417141482,70.92456957340303,75.12391479571389,4.767250118687801e-05,6.498548706359971e-05,0.00019542929915612135,69.50405417141482,70.92456957340303,75.12391479571389,4.767250118687801e-05,6.498548706359971e-05,0.00019542929915612135,1.0142117107504625,1.0142117107504625,2a6b4c4d0e826b4e,2a6b4c4d0e826b4e,False,False,0.9723000039230101,4.972099995939061,5.944399999862071,0.7664000004297122,301.40279999613995,302.16919999656966
nominal_heatup,57,130.0,130.0,130.0,130.0,0.0,-151475.0412021802,optimal,-151424.18155768924,False,False,8000,8000,6.350218910711192e-07,9.226427168940177e-07,10.0,0,0,0.0003357625394081135,70.56040823389368,71.95801511327059,76.08887847756213,5.983144181865133e-05,8.321377814267008e-05,0.0002611435762269551,70.56040823389368,71.95801511327059,76.08887847756213,5.983144181865133e-05,8.321377814267008e-05,0.0002611435762269551,1.0194654224269861,1.0194654224269861,004b3d16fc53e669,004b3d16fc53e669,False,False,0.8406999986618757,4.604800000379328,5.445499999041203,0.7691999999224208,309.23669999901904,310.00589999894146
nominal_heatup,58,130.0,130.0,130.0,130.0,0.0,-148131.11077336658,optimal,-148079.88602470316,False,False,8000,8000,5.12887424974906e-07,7.43332958741405e-07,10.0,0,0,0.000345806822050655,71.59988023965897,72.97474689074431,77.03771270348128,7.623802393224716e-05,0.00010793700677174491,0.0003508777483324832,71.59988023965897,72.97474689074431,77.03771270348128,7.623802393224716e-05,0.00010793700677174491,0.0003508777483324832,1.026686052093552,1.026686052093552,98602c18654e5ed3,98602c18654e5ed3,False,False,0.8248000012827106,4.885999995167367,5.710799996450078,0.7856000011088327,300.05610000080196,300.8417000019108
nominal_heatup,59,130.0,130.0,130.0,130.0,0.0,-144768.14654226837,optimal,-144717.01502231657,False,False,8000,8000,5.178071518230354e-07,7.504631982513388e-07,10.0,0,0,0.0003531959286147212,72.62264964699989,73.97500290738093,77.97079999456433,9.846413029699087e-05,0.00014156634928201114,0.00047332777320754406,72.62264964699989,73.97500290738093,77.97079999456433,9.846413029699087e-05,0.00014156634928201114,0.00047332777320754406,1.036586351208483,1.036586351208483,18b24ae1e62f3625,18b24ae1e62f3625,False,False,1.1334000009810552,5.586200000834651,6.7196000018157065,0.8279999965452589,301.93449999933364,302.7624999958789
nominal_heatup,60,130.0,130.0,130.0,130.0,0.0,-141341.8993084045,optimal,-141291.3402489706,False,False,8000,8000,5.431145524426029e-07,7.891085331834802e-07,10.0,0,0,0.00035770751405880406,73.62895978704019,74.95908391297364,78.88858004554176,0.00012867025852995748,0.00018740344468097845,0.0006401914369111172,73.62895978704019,74.95908391297364,78.88858004554174,0.00012867025852995748,0.00018740344468097845,0.0006401914369111172,1.0501207185103965,1.0501207185103965,718fec4f4036cb4a,718fec4f4036cb4a,False,False,0.9586000014678575,5.854799994267523,6.813399995735381,0.8044999995036051,322.09440000588074,322.89890000538435
nominal_heatup,61,130.0,130.0,130.0,130.0,0.0,-137775.43898188515,optimal,-137725.99356986777,False,False,8000,8000,5.477241700191371e-07,7.958064740520854e-07,10.0,0,0,0.00035888408255360557,74.6191243932407,75.92736260605592,79.79156473703163,0.00016981851204121614,0.00024995427820754916,0.0008671270578939291,74.6191243932407,75.92736260605591,79.79156473703163,0.00016981851204121614,0.00024995427820754916,0.0008671270578939291,1.0685602951995172,1.0685602951995172,65e205bc44826290,65e205bc44826290,False,False,1.3747999983024783,8.863199996994808,10.237999995297287,1.2064000038662925,312.2245999984443,313.4310000023106
nominal_heatup,62,130.0,130.0,130.0,130.0,0.0,-133926.75041966216,optimal,-133879.11237246016,False,False,8000,8000,5.172032331302034e-07,7.495879232877201e-07,10.0,0,0,0.0003557022555443235,75.59353860711929,76.88029754981154,80.68035807598112,0.0002259576169972283,0.00033534566642785715,0.0011749892088737384,75.59353860711927,76.88029754981154,80.6803580759811,0.0002259576169972283,0.00033534566642785715,0.0011749892088737384,1.093589235840848,1.093589235840848,b322e5c42273e061,b322e5c42273e061,False,False,0.9374999935971573,5.205900000873953,6.14339999447111,0.7805999994161539,307.7682000002824,308.54879999969853
nominal_heatup,63,130.0,130.0,130.0,130.0,0.0,-129515.35288948537,optimal,-129470.59136167243,False,False,8000,8000,5.202341810672806e-07,7.53980697432155e-07,10.0,0,0,0.00034560788983177256,76.55269541198888,77.81845285698668,81.55568225699334,0.00030260234746778145,0.00045187509501607115,0.0015914133079866686,76.55269541198888,77.81845285698668,81.55568225699332,0.00030260234746778145,0.00045187509501607115,0.0015914133079866655,1.1274277236504189,1.1274277236504195,94e34997af56d510,94e34997af56d510,False,False,0.9669999999459833,7.779899999150075,8.746899999096058,0.8049000025494024,311.09079999441747,311.89569999696687
nominal_heatup,64,130.0,130.0,130.0,130.0,0.0,-124216.83828132742,optimal,-124176.72838063205,False,False,8000,8000,5.239600682216405e-07,7.593806516936752e-07,10.0,0,0,0.0003229022832195893,77.49720874793377,78.74252501387187,82.4184113536539,0.00040723626907685016,0.0006107334110202738,0.0021528384063738727,77.49720874793377,78.74252501387187,82.4184113536539,0.00040723626907685016,0.0006107334110202738,0.0021528384063738693,1.1637021882955476,1.1637021882955465,3b93bfcc88716c21,3b93bfcc88716c21,False,False,0.8581000001868233,4.742899996927008,5.600999997113831,0.7889000044087879,308.63549999776296,309.42440000217175
nominal_heatup,65,130.0,130.0,130.0,130.0,0.0,-119052.34513866666,optimal,-119019.00915769677,False,False,8000,8000,6.470508111533491e-07,9.377773269036993e-07,10.0,0,0,0.0002800111239393094,78.42784494406877,79.65337861958594,83.26961456008874,0.000549975270075777,0.0008269513780813502,0.002907079780448615,78.42784494406877,79.65337861958594,83.26961456008874,0.000549975270075777,0.0008269513780813502,0.002907079780448611,1.1641786564642524,1.1641786564642533,5799f834b0c14e80,5799f834b0c14e80,False,False,0.8936999947763979,4.900500003714114,5.794199998490512,0.7706999967922457,258.6741000050097,259.4448000018019
nominal_heatup,66,129.99999999999997,129.99999999999997,130.0,130.0,2.842170943040401e-14,-113135.16826231332,optimal,-113113.52276181051,False,False,8000,8000,4.995238356286791e-07,7.239649848500562e-07,10.0,0,0,0.00019132424369263054,79.34556460405537,80.55209335323582,84.11061145147471,0.0007444407920444479,0.0011206365717723007,0.003916591951351909,79.34556460405537,80.55209335323582,84.11061145147471,0.0007444407920444479,0.0011206365717723007,0.003916591951351905,1.1643772541985693,1.1643772541985693,a9dfd5f6cb584fdc,a9dfd5f6cb584fdc,False,False,0.8010000019567087,4.765500001667533,5.566500003624242,0.7679999980609864,255.0247000035597,255.7927000016207
nominal_heatup,67,130.0,130.0,130.0,130.0,0.0,-106202.57688179996,optimal,-106192.36915326508,False,False,8000,8000,6.604198432569319e-07,9.580180906354485e-07,10.0,0,0,9.611563894776413e-05,80.25157775443299,81.44002521218516,84.94304248452003,0.0010089073546693866,0.0015185884408711794,0.005262601461617026,80.25157775443299,81.44002521218516,84.94304248452003,0.0010089073546693866,0.0015185884408711794,0.005262601461617021,1.1644013940425086,1.1644013940425086,0b0ed6581af80bc0,0b0ed6581af80bc0,False,False,0.8251999970525503,6.006299998261966,6.831499995314516,1.339000002190005,288.8667000006535,290.2057000028435
nominal_heatup,68,130.00000000000003,130.00000000000003,130.0,130.0,-2.842170943040401e-14,-97907.02784237463,optimal,-97907.00741032901,True,True,551,8000,5.186582257010741e-07,7.516966435971995e-07,10.0,0,0,2.086882430743545e-07,81.14741600362292,82.3188860926227,85.76895901918328,0.001367811079314047,0.0020564096870771863,0.007050341719914168,81.14741600362292,82.3188860926227,85.76895901918328,0.001367811079314047,0.0020564096870771863,0.007050341719914163,1.1643596554689397,1.164359655468941,cddd14baacae4f06,cddd14baacae4f06,False,False,0.7695999956922606,4.684400002588518,5.4539999982807785,0.7694000014453195,19.09229999728268,19.861699998728
nominal_heatup,69,130.0,130.0,130.0,130.0,0.0,-87848.6974824901,optimal,-87830.01065123455,True,True,201,8000,5.826761508842537e-07,8.444784898031799e-07,10.0,0,0,0.00021271608789920644,82.0350268109892,83.19084727609177,86.59093867531232,0.0018537380486049937,0.002781276491450212,0.009415696603958888,82.0350268109892,83.19084727609177,86.59093867531232,0.0018537380486049937,0.002781276491450212,0.00941569660395888,1.1643695061459753,1.1643695061459745,1f7990b08c4d45f5,1f7990b08c4d45f5,False,False,0.7716999971307814,5.042700002377387,5.8143999995081685,0.7869999972172081,10.108000002219342,10.89499999943655
nominal_heatup,70,130.0,130.0,130.0,130.0,0.0,-75350.03095418382,optimal,-75314.22600362866,False,False,8000,8000,6.395748499699039e-07,9.271086165441034e-07,10.0,0,0,0.0004751816303424184,82.91689697522982,84.05867461721587,87.41223410291703,0.002510059480288654,0.0037555969502026144,0.012533666425099232,82.91689697522982,84.05867461721587,87.41223410291703,0.002510059480288654,0.0037555969502026144,0.012533666425099226,1.1645625162363435,1.1645625162363435,1b06158f8bdbb1ba,1b06158f8bdbb1ba,False,False,0.7689999983995222,4.725700004200917,5.494700002600439,0.8460000026389025,425.6720999983372,426.5181000009761
nominal_heatup,71,130.0,130.0,130.0,130.0,0.0,-59511.5842815237,optimal,-59509.671575606444,False,False,8000,8000,6.277215760519539e-07,9.099264994816281e-07,10.0,0,0,3.214006046666431e-05,83.7962155297241,84.92590665561906,88.23696665853339,0.0033944549666518613,0.0050618905306662266,0.0166292267963619,83.7962155297241,84.92590665561906,88.23696665853339,0.0033944549666518613,0.0050618905306662266,0.01662922679636189,1.1650915837151175,1.165091583715119,a5b6266b08eac5bb,a5b6266b08eac5bb,False,False,0.8884999988367781,5.224200001975987,6.112700000812765,0.8894999991753139,357.02329999912763,357.91279999830294
nominal_heatup,72,130.0,130.0,129.34487407323857,129.34487407323857,-0.6551259267614284,-39405.54928676576,optimal,-39398.598041430734,False,False,8000,8000,6.209366603115996e-07,9.043198323510637e-07,10.0,0,0,0.00017640270116408226,84.6770910770563,85.79709227301235,89.07038171308204,0.004583682868340464,0.006809385686102616,0.021991385533526666,84.6770910770563,85.79709227301235,89.07038171308204,0.004583682868340464,0.006809385686102616,0.021991385533526652,1.1661410862828379,1.1661410862828383,9d72864a316129d6,9d72864a316129d6,False,False,1.395899998897221,6.1553999985335395,7.55129999743076,0.8015999992494471,493.878000001132,494.67960000038147
nominal_heatup,73,126.0,126.0,125.34487407323854,125.34487407323857,-0.6551259267614284,-13787.632240829153,optimal,-13716.522341765973,False,False,1,8000,3.4572203517768685e-05,5.037585934442035e-05,10.0,0,0,0.0035866924322240476,85.56484641891113,86.67811322409727,89.9191904596178,0.006180149049943068,0.009143100525628278,0.028991598833990044,85.56484641891113,86.67811322409727,89.9191904596178,0.006180149049943068,0.009143100525628278,0.028991598833990027,1.1679415077127353,1.167941507712735,c219ed7d9ad3f064,f582770619fcb733,True,True,0.7789000010234304,4.702699996414594,5.481599997438025,0.8272000050055794,0.8563999945181422,1.6835999995237216
nominal_heatup,74,122.0,122.0,121.34487307023942,121.34487407323857,-0.6551259267614284,19527.601613097868,optimal,19497.47009481539,False,False,1,8000,1.8447357348350124e-06,2.6735942926237044e-06,10.0,1,0,0.00810929870578881,86.46642630771656,87.57663126830747,90.79203593339747,0.008321147062830138,0.012256619320811159,0.03810825559328096,86.46642630771656,87.57663126830747,90.79203593339747,0.008321147062830138,0.012256619320811159,0.03810825559328094,1.1707911326094782,1.1707911326094786,c59f66987d367d01,c9f15a8eda362137,True,True,0.7753000027150847,4.459999996470287,5.235299999185372,0.7463000001735054,0.8706000007805414,1.6169000009540468
nominal_heatup,75,118.0,118.0,117.34487407323857,117.34487407323857,-0.6551259267614284,66911.49085732593,optimal,66695.47211073004,False,False,19,8000,1.9557555646088076e-06,2.8626370056628048e-06,10.0,0,0,0.0027839672718905652,87.39097626199029,88.50272408829731,91.70014145855633,0.01119219856107451,0.016410548496615482,0.0499597892382184,87.39097626199029,88.50272408829731,91.70014145855632,0.01119219856107451,0.016410548496615482,0.04995978923821838,1.1750891879995868,1.1750891879995875,87494d6d61a823d3,57629fbfdf0a2071,True,True,1.073200000973884,5.379100002755877,6.452300003729761,0.8134000017889775,2.52609999733977,3.3394999991287477
nominal_heatup,76,114.0,114.0,113.34487294023018,113.34487407323857,-0.6551259267614284,150699.73736174084,optimal,150487.7753909298,False,False,14,8000,2.3415121717107468e-06,3.4129049346631746e-06,10.0,1,0,0.0026711345429261627,88.35068932083905,89.46981702470539,92.65823275589248,0.015046914377713098,0.021960005976080575,0.06535030444463608,88.35068932083905,89.46981702470539,92.65823275589247,0.015046914377713098,0.021960005976080575,0.06535030444463605,1.181387929029987,1.1813879290299873,54b93dc1a6ee7490,e98a6467b4bd6027,True,True,1.1912999980268069,5.862999998498708,7.054299996525515,1.1000000013154931,3.0002999992575496,4.100300000573043
nominal_heatup,77,110.00000000000001,110.00000000000001,109.34487343059577,109.34487407323857,-0.6551259267614427,312983.29721065157,optimal,312991.89182624116,False,False,10,8000,1.051650670547133e-06,1.5256085328374525e-06,10.0,0,0,0.0033624078500385014,89.3620887604584,90.49609543290775,93.68587825189827,0.02023763582494402,0.029397025738530307,0.0853336712419667,89.3620887604584,90.49609543290775,93.68333404289366,0.02023763582494402,0.029397025738530307,0.08533367124196665,1.190476719727846,1.190451114489053,bf7a2e62e434fffc,ac7caa8a0e5eabf2,True,True,0.8193999965442345,4.912600001262035,5.73199999780627,0.7898999974713661,1.472800002375152,2.262699999846518
nominal_heatup,78,106.00000000000003,106.00000000000003,105.34487279658394,105.34487407323857,-0.6551259267614569,661150.3088423824,optimal,661558.9485857629,False,False,14,8000,2.391433170600976e-06,3.4659284553484326e-06,10.0,1,0,0.00402553762934859,90.44805069111254,91.60672970793601,94.79394286055808,0.027264684785215862,0.03941863042598115,0.11130516953259115,90.44805069111254,91.60578409490331,94.78673443335559,0.027264684785215862,0.03941863042598115,0.11129528463976543,1.2033535536692284,1.2032700438367625,c3a7b9a96fd02999,cce27856cf90ff05,True,True,0.8652999968035147,5.13160000264179,5.996899999445304,0.8295000006910414,1.724300003843382,2.5538000045344234
nominal_heatup,79,102.00000000000001,102.00000000000001,101.3448729146145,101.34487407323857,-0.6551259267614427,1493155.1333306502,optimal,1493141.525052018,False,False,21,8000,1.443403021994527e-06,2.412258112372001e-06,10.0,1,0,0.004631440483686443,91.6411440825098,92.83176426774756,96.00509291482985,0.0368593592166733,0.0530411990208073,0.1450560716331245,91.64044116540984,92.82877498680418,95.99100186314281,0.0368593592166733,0.05303924970901103,0.14500900664108457,1.22154728965334,1.221355349911655,1604265ac73a1d16,91889d74b4feea19,True,True,0.7905000020400621,5.231799994362518,6.02229999640258,0.7998000000952743,1.985800001421012,2.7856000015162863
nominal_heatup,80,98.00000000000001,98.00000000000001,97.34487295926549,97.34487407323857,-0.6551259267614427,3755652.938791763,optimal,3747276.768754416,False,False,35,8000,2.089238421376649e-06,3.02795450313198e-06,10.0,1,0,0.00521450134162982,92.98516090743061,94.21692421728005,97.35420969246937,0.05013176533163734,0.0717867219016961,0.18887975998293477,92.98270962017514,94.21035675100359,97.33085570223575,0.050130353807291875,0.07177604704360258,0.18873766456261087,1.2473827208725377,1.2470029107979046,030be532e7bb7a12,0ce96d7c45908b55,True,True,0.9158999964711256,7.849200002965517,8.765099999436643,1.1529000039445236,4.131800000322983,5.284700004267506
nominal_heatup,81,94.00000000000001,94.00000000000001,93.34487407323859,93.34487407323859,-0.6551259267614284,11021815.77115916,optimal,10947836.090609377,False,False,68,8000,2.601886890829519e-06,3.831004108612035e-06,84.05461182418674,0,0,0.005714245117829418,94.547743234672,95.83272151109642,98.89266203433954,0.06884014061886648,0.09803128813303755,0.24567458237823664,94.54198592905549,95.82050073595943,98.85696887085165,0.06883160741802401,0.0979933126179245,0.2453305723057554,1.2844366531935776,1.2837335736167494,b1fbb85467fe92f5,0d99d13c9e681c02,True,True,1.0485999955562875,6.680600003164727,7.729199998721015,0.9771000040927902,6.356999998388346,7.3341000024811365
nominal_heatup,82,90.0,90.0,89.34487407323856,89.34487407323859,-0.6551259267614142,39970119.81270118,optimal,39404435.870500386,False,False,100,8000,2.7517907739138536e-06,4.0674201962076495e-06,305.25737044135434,0,0,0.006333258253749734,96.44002981095657,97.79449948163439,100.69009531948463,0.09593884782488064,0.13568399078352672,0.31899050582830313,96.42861662126725,97.77342265851784,100.63772926149215,0.09590569733263102,0.13557272971446452,0.31826231139279637,1.3380406536726697,1.3367797024735169,fd92c4c74881d6b1,24325dccfb06939b,True,True,1.076100001228042,6.096099998103455,7.172199999331497,0.792900005762931,7.099799993738998,7.892699999501929
nominal_heatup,83,86.0,86.0,85.34487407323861,85.34487407323861,-0.6551259267613858,191705287.88796273,optimal,186774489.76770014,False,False,101,8000,4.344746869833216e-06,6.371694415641116e-06,875.211187366839,0,0,0.006927593459212267,98.85990120910847,100.30195133157588,102.83181825515443,0.13680022648500176,0.1916294556898257,0.41276680522062237,98.83875023385878,100.2664164038693,102.75665345633352,0.1366932100381752,0.1913325309619715,0.41136905167988114,1.4150098144544943,1.4128122685208981,108d83ea906b841f,3a0601b3762c7791,True,True,0.9199000051012263,5.403700000897516,6.323600005998742,0.8118000041577034,9.717299995827489,10.529099999985192
nominal_heatup,84,81.99616193501582,81.99616193501582,81.34487407323864,81.34487407323864,-0.6512878617771776,1234574852.9240036,optimal,1184968355.5349398,False,False,77,8000,1.1252038163434008e-05,1.702362110211908e-05,2527.2258473897346,0,0,0.007896441476716122,102.1972794171331,103.73004863276122,105.39573807146766,0.20231101118225653,0.2790697909824402,0.5299903780445322,102.15796229801015,103.66884258213302,105.29044759122229,0.2019878682172397,0.2783018606878409,0.527545076194631,1.5166375629343285,1.5131546819029242,30b390962b5a910e,b838fb58c0f70739,True,True,0.8202000026358292,5.61819999711588,6.438399999751709,0.9832000068854541,10.0215999991633,11.004800006048754
nominal_heatup,85,77.96187281136501,77.96187281136501,77.34487407323856,77.34487407323864,-0.6169987381263695,6453350712.553573,optimal,6213477795.71381,False,False,9,8000,1.92002821108872e-05,2.7876340507937414e-05,6032.168924152327,0,0,0.00991790356196959,107.34166377192071,108.85747411406278,108.37271637299347,0.31812583710014675,0.42591354209319443,0.6682489341334628,107.26267714860941,108.74478556473623,108.23424790791523,0.317126068806642,0.4238954201614172,0.6644878270725102,1.5791502002271889,1.576548543008969,48b6d0086f33f02a,47a23aec77b3ed6c,True,True,0.8711999980732799,8.631500000774395,9.502699998847675,0.9927999999490567,2.124700004060287,3.1175000040093437
nominal_heatup,86,73.96187281136501,73.96187281136501,73.34487267797154,73.34487407323864,-0.6169987381263695,78115036.04421097,optimal,89893769.69528201,False,False,85,8000,1.8214886594591917e-06,3.141455891864098e-06,386.3299928775049,1,0,0.003685708672232494,116.78670944844671,117.38928447616905,111.53267945874894,0.5586696056105463,0.6941340207481568,0.8096260453942002,116.5959970801947,117.16100402397771,111.37761019674382,0.555163453739175,0.6886881247063603,0.8050924693456223,1.2819000257067925,1.2725576974092185,980700fd0360e563,cd472ae8bdaa40e8,True,True,0.919399994018022,5.026200000429526,5.945599994447548,0.7917999973869883,9.548699999868404,10.340499997255392
nominal_heatup,87,77.96187281136501,77.96187281136501,77.34487446177747,77.34487407323864,-0.6169987381263695,5027735.643544528,optimal,3959316.6649210574,False,False,8000,8000,6.624119066600542e-07,9.62673385451751e-07,85.25544459821097,0,0,0.019110627880973525,138.41680063965288,129.94923717800268,114.75655190636891,1.0,1.0,0.9158708069046665,137.84348569674816,129.63947780893213,114.61192659139715,1.0,1.0,0.9124788017521978,1.721716640187799,1.6429483424634788,a7d232ebbba9fcd9,2732b9f08af19f12,True,True,0.8235999994212762,5.166100003407337,5.989700002828613,0.775400003476534,779.6010000020033,780.3764000054798
nominal_heatup,88,81.96187281136501,81.96187281136501,81.34487407323864,81.34487407323864,-0.6169987381263695,-56765.74612125485,optimal,-57199.858735244285,False,False,8000,8000,5.024661220431881e-07,7.350093342850528e-07,10.0,0,0,1.344545316191564e-05,132.12247627399802,127.44969299021533,118.90327453677568,1.0,1.0,0.9683283808196973,131.74507415508353,127.1033530290665,118.7530956050823,1.0,1.0,0.9669157565155737,0.9820424087355757,0.9820261392914471,d47a91e857a3fe5c,47ffd0e0559ffb8b,True,True,0.9743999980855733,5.525200002011843,6.499600000097416,0.810900004580617,281.4507000002777,282.26160000485834
nominal_heatup,89,85.96187281136501,85.96187281136501,85.34487446553958,85.34487407323864,-0.6169987381263695,-68965.41736731393,optimal,-69281.98537527861,False,False,8000,8000,6.146267566009556e-07,8.907848156880505e-07,10.0,0,0,7.28411021477145e-06,128.64898430529345,126.0099685439531,118.53653228134452,1.0,1.0,0.9904431184999237,128.29467209853135,125.72499132638012,118.33404168564955,1.0,1.0,0.9900243827729536,0.9822813130549686,0.9822765101543316,7d4148c6ffe165df,e3abe30bc5eb50f0,True,True,0.80339999840362,5.023300000175368,5.826699998578988,0.8065000001806766,290.5300000056741,291.33650000585476
nominal_heatup,90,89.96187281136501,89.96187281136501,89.34487407323864,89.34487407323864,-0.6169987381263695,-75278.47604423964,optimal,-75493.78448348085,False,False,8000,8000,6.838069168679795e-07,9.961800140345645e-07,10.0,0,0,4.741382973602501e-06,126.68728407320394,124.21314641839304,117.94702881682919,1.0,1.0,0.9940813834120809,126.38451171185571,123.93305730366433,117.72071929943488,1.0,1.0,0.9937978375127755,0.9823198719101719,0.9823165777908315,160c63c6fe36b640,a3dbac016e0c2f8f,True,True,0.763700001698453,5.175899997993838,5.939599999692291,0.8014999984879978,241.94949999946402,242.75099999795202
nominal_heatup,91,93.96187281136503,93.96187281136503,93.34487407323864,93.34487407323864,-0.6169987381263837,-79889.3926855351,optimal,-80079.2892662136,False,False,8000,8000,5.561420977073794e-07,8.067492984764613e-07,10.0,0,0,4.956781754070884e-06,124.84814522349929,122.8037709893797,117.2569060324376,1.0,1.0,0.9957445219942607,124.5622343492289,122.53523953931298,117.01518517779539,1.0,1.0,0.9955273144873314,0.9823373750041194,0.9823348037835241,c09f13e7d0ada141,f2623f5230da4c50,True,True,0.8369999995920807,4.808899997442495,5.645899997034576,0.7943000018713064,245.06169999949634,245.85600000136765
nominal_heatup,92,97.96187281136504,97.96187281136504,97.34487446758152,97.34487407323864,-0.6169987381263979,-82449.2427588651,optimal,-82629.361987073,False,False,8000,8000,6.451226255421716e-07,9.358256756186734e-07,10.0,0,0,3.427917917699893e-06,123.32846903652825,121.50199080214001,116.57638037932075,1.0,1.0,0.996678456049728,123.05547707732967,121.2369646609547,116.32695973748955,1.0,1.0,0.9965007367405564,0.9823471225700661,0.98234497280086,5dfc930869451d65,1f1ddd64b00adc69,True,True,0.7809999951859936,4.783700002008118,5.564699997194111,1.381400004902389,252.7355999991414,254.1170000040438
nominal_heatup,93,101.96187281136504,101.96187281136504,101.34487407323864,101.34487407323864,-0.6169987381263979,-81468.05593239452,optimal,-82759.93629258324,False,False,8000,8000,6.442402309403406e-07,9.420846183161302e-07,10.0,0,0,7.767697576450936e-06,121.97076483907927,120.35012797085601,115.87695496910787,1.0,1.0,0.997270820262908,121.70369423407429,120.08794129066956,115.62042607732633,1.0,1.0,0.997119594828108,0.9823496551318885,0.982349772425507,55ac8f11198364d9,32bc25d7ee21c73d,True,True,0.7847000015317462,5.444599999464117,6.229300000995863,0.9513000040897168,296.5584999983548,297.50980000244454
nominal_heatup,94,105.96187281136504,105.96187281136504,105.34487407323864,105.34487407323864,-0.6169987381263979,-76753.57693523934,optimal,-78453.99848684194,False,False,8000,8000,6.437301038886289e-07,9.352956684693936e-07,10.0,0,0,2.0100464683907893e-05,120.76607187471755,119.2899181613592,115.21027951773226,1.0,1.0,0.9976749027344713,120.50263171277032,119.02801910514212,114.94807158751907,1.0,1.0,0.9975424326015171,0.9823477394800706,0.9823479617760887,fe687269f484d0a7,271705ac6e7605ef,True,True,0.8378999991691671,4.750700005388353,5.58860000455752,0.8528000034857541,280.99829999700887,281.8511000004946
nominal_heatup,95,109.96187281136504,109.96187281136504,109.3448744802723,109.34487407323864,-0.6169987381263979,-71691.1427250072,optimal,-73584.26717453459,True,True,751,8000,6.458741097503662e-07,9.384104266985105e-07,10.0,0,0,1.4756055252945708e-07,119.66877979919614,118.32227388526829,114.58298506382359,1.0,1.0,0.9979668200600963,119.40648521110747,118.05968724208951,114.31525737459476,1.0,1.0,0.9978483020663689,0.9823452023394494,0.9823455836024634,749303d49bdaef02,ec9a496bc06fe300,True,True,0.8008999939193018,4.650200004107319,5.451099998026621,0.825700000859797,28.45030000025872,29.27600000111852
nominal_heatup,96,113.96187281136505,113.96187281136505,113.34487407323864,113.34487407323864,-0.6169987381264121,-67336.5067888869,optimal,-69260.8703949718,True,True,451,8000,6.539786170378648e-07,9.563198384299199e-07,10.0,0,0,1.782066897436958e-07,118.66786081926531,117.43294179908332,114.01126499237178,1.0,1.0,0.9981870614776296,118.40534913336828,117.16855291833726,113.73831100533073,1.0,1.0,0.9980792991159194,0.982341819325331,0.9823424446417603,825586c727eca336,3962bc693dc95dc3,True,True,0.9027000050991774,4.617499995219987,5.520200000319164,0.8327000032295473,17.4948999992921,18.32760000252165
nominal_heatup,97,117.96187281136505,117.96187281136505,117.34487407323864,117.34487407323864,-0.6169987381264121,-63817.31243454833,optimal,-65738.53779993545,False,False,8000,8000,6.541432497897404e-07,8.22100859387831e-07,10.0,0,0,0.00018594649640142033,117.74988944372781,116.62018362609314,113.5003144394177,1.0,1.0,0.9983593085031238,117.48598235367102,116.3533090312358,113.2221756669215,1.0,1.0,0.9982601021405653,0.9823372335122487,0.9823382442716955,104b2c46648672aa,06ef09b2d7933a48,True,True,1.0764999969978817,4.951800001435913,6.028299998433795,0.8443999977316707,354.16129999794066,355.00569999567233
nominal_heatup,98,121.96187281136504,121.96187281136504,121.34487407323864,121.34487407323864,-0.6169987381263979,-60990.20520893986,optimal,-62895.729287494985,False,False,8000,8000,6.616437531192787e-07,9.589270009158213e-07,10.0,0,0,0.00025875517980176934,116.9101278185372,115.88049423125595,113.05536633169353,1.0,1.0,0.998498096043839,116.64401484743141,115.61053598959533,112.77209848487541,1.0,1.0,0.9984058763539738,0.9823308532092176,0.9823325001586316,e1a1c4b0e4bda7ab,5c1fbf63803a9d14,True,True,0.8381000006920658,5.125699994096067,5.963799994788133,0.8061999978963286,354.797600004531,355.6038000024273
nominal_heatup,99,125.96187281136505,125.96187281136505,125.34487407323864,125.34487407323864,-0.6169987381264121,-58694.26447791829,optimal,-60588.702070843836,False,False,8000,8000,5.239300122639179e-07,7.593371096348278e-07,10.0,0,0,0.0001781226281852895,116.14475442565117,115.21315801054911,112.67857166808422,1.0,1.0,0.998612824333072,115.87578309035887,114.93968213408337,112.3901819832659,1.0,1.0,0.9985264435014778,0.9823216090586036,0.9823243758022678,096ebe70fa682412,891e6ade34f3b388,True,True,1.0090000068885274,5.004299993743189,6.013300000631716,0.8185999977285974,373.4981000015978,374.3166999993264
nominal_heatup,100,129.96187281136505,129.96187281136505,129.34487407323866,129.34487407323866,-0.6169987381263979,-56760.197379091485,optimal,-58610.675096387095,False,False,8000,8000,5.700329381852498e-07,8.261545589860475e-07,10.0,0,0,0.0001999221985288317,115.45225651393302,114.61737041454255,112.37140034657892,1.0,1.0,0.9987097965198172,115.17993674867117,114.34002569762872,112.0779010593976,1.0,1.0,0.9986283960049386,0.9823073523342344,0.9823122858517241,124e6ff0f7259316,6705ffb6e1e07cbd,True,True,0.8645999987493269,6.2000000034458935,7.06460000219522,0.9016000039991923,370.8600999962073,371.7617000002065
nominal_heatup,101,130.00000000000003,130.00000000000003,130.0,130.0,-2.842170943040401e-14,-54692.15913123271,optimal,-56551.22018988746,False,False,8000,8000,5.32780418893708e-07,7.721641113178634e-07,10.0,0,0,5.9116401084611596e-05,114.83164777072841,114.09290902458066,112.13431472192481,1.0,1.0,0.9987933870063774,114.55559273076061,113.81142773225471,111.83571431100575,1.0,1.0,0.998716313507406,0.9822829975545643,0.9822927967581306,9b7f6b61f232df50,a8c446f19ef43fb2,False,False,0.8685000066179782,4.762699994898867,5.631200001516845,0.7886999956099316,357.6820000016596,358.47069999726955
nominal_heatup,102,130.0,130.0,130.0,130.0,0.0,-52046.18438578791,optimal,-53955.460458902526,True,True,551,8000,6.742247080637753e-07,9.796012720997282e-07,10.0,0,0,2.38702049926515e-07,114.2825097204746,113.63952201504226,111.96736060807628,1.0,1.0,0.9988667169460771,114.00242110076607,113.35369480354012,111.66367469568476,1.0,1.0,0.9987934662802219,0.9822326212013578,0.9822567300601259,15ac79ee67e0576c,736102fca9da8f31,False,False,0.7813000047462992,5.000599994673394,5.781899999419693,0.7945000033942051,26.277199998730794,27.071700002125
nominal_heatup,103,130.00000000000003,130.00000000000003,129.96677058486495,129.96677058486495,-0.03322941513508226,-49732.58592630399,optimal,-51552.53146010219,True,True,201,8000,6.502892802018323e-07,9.424708879990362e-07,10.0,0,0,6.987711603944849e-05,113.80454776607661,113.25700624557722,111.87020581402389,1.0,1.0,0.9989320703341705,113.52019339054415,112.96667432039082,111.56145580012168,1.0,1.0,0.9988622493127092,0.9820554117612609,0.9821668254039543,a9108ce3b8e6f86c,debc8ec4d27821e6,False,False,0.9344999998575076,4.966000000422355,5.900500000279862,0.7932000007713214,13.385199999902397,14.178400000673719
nominal_heatup,104,130.00000000000003,130.00000000000003,129.85246441881014,129.85246441881014,-0.14753558118988508,-47672.567578723545,optimal,-49407.053554228245,True,True,251,8000,5.395218352077791e-07,7.889458890630863e-07,10.0,0,0,0.00027387399804574885,113.39753529439028,112.94507661925292,111.84231147566645,1.0,1.0,0.998991155569544,113.10873753480715,112.65012088531128,111.52852623508655,1.0,1.0,0.998924455347395,0.9823099952781321,0.9818169412651065,c7274064cb77cf71,13252d9d542dd758,False,False,0.815100000181701,5.175999998755287,5.991099998936988,0.8266000004368834,17.031600000336766,17.85820000077365
nominal_heatup,105,130.0,130.0,129.74976330085033,129.74976330085033,-0.2502366991496672,-45812.29720022848,optimal,-47457.043560196485,True,True,251,8000,6.416614155568823e-07,9.299664158746168e-07,10.0,0,0,0.0004035077856241177,113.0612022186162,112.70337545763537,111.88298089452914,1.0,1.0,0.9990452761506116,112.76782695710783,112.4037100610653,111.56419597198423,1.0,1.0,0.9989814532684944,0.9839852925210408,0.9830910930599919,bafc0741ce8f903c,d5665bee699b4f78,False,False,1.543300000776071,6.2647999948239885,7.80809999560006,0.8941999985836446,17.025399996782653,17.919599995366298
nominal_heatup,106,130.0,130.0,129.65611505944935,129.65611505944935,-0.34388494055065166,-44104.905806519484,optimal,-45678.14852192523,True,True,251,8000,6.769461435851554e-07,9.86166366345742e-07,10.0,0,0,0.0004716773034680597,112.79521334111612,112.53145163321577,111.97603264861424,1.0,1.0,0.9990954443999447,112.49716233663146,112.22701790227259,111.65468604059544,1.0,1.0,0.9990343070344179,0.9854400080783304,0.9846200448324175,27041875977e79b0,3eda1f9bcbb81617,False,False,0.814799997897353,4.80779999634251,5.622599994239863,0.7909000050858594,16.9367999988026,17.727700003888458
nominal_heatup,107,130.0,130.0,129.56957306232428,129.56957306232428,-0.43042693767571905,-42516.16040015558,optimal,-44033.03493773641,False,False,8000,8000,5.81328094995115e-07,8.500792461063611e-07,10.0,0,0,0.0004869069250566938,112.59914728831556,112.42305058541288,112.1096957715733,1.0,1.0,0.999142360993353,112.29635171346553,112.11470308494772,111.78750986786,1.0,1.0,0.9990837694815293,0.9866440945797729,0.9858839557548327,d14f42e3c3e59daf,bed65759e498f66a,False,False,1.2227999977767467,4.857100000663195,6.0798999984399416,0.7854000068618916,552.3588999931235,553.1442999999854
nominal_heatup,108,130.0,130.0,129.48864260115073,129.48864260115073,-0.5113573988492703,-41019.92114061416,optimal,-42493.23279399574,True,True,251,8000,5.914557021924338e-07,8.648888512041708e-07,10.0,0,0,0.0004546166546251745,112.46824661389938,112.37203549258443,112.27370768119503,1.0,1.0,0.9991865255239221,112.1613240406709,112.06060813459548,111.95204522822719,1.0,1.0,0.9991303736200426,0.9876566035991914,0.9869452510014136,cb43e9f8a58627ca,5969c666ba4e2939,False,False,0.9961000032490119,5.114200001116842,6.110300004365854,0.7906999962870032,17.01390000380343,17.80460000009043
nominal_heatup,109,130.0,130.0,129.41219920087124,129.41219920087124,-0.5878007991287575,-39596.99724960637,optimal,-41037.458458416,True,True,251,8000,5.955335211638157e-07,8.708518297595447e-07,10.0,0,0,0.0003779845254092585,112.39672851924531,112.37124877666724,112.46078104086502,1.0,1.0,0.9992282943641893,112.08645733497798,112.05769161880175,112.14013747175902,1.0,1.0,0.9991744978123756,0.9885211459734551,0.9878504945022801,2fa4854a824736bb,785495597d55df4d,False,False,0.8345000023837201,6.056699996406678,6.891199998790398,0.8553999941796064,16.67530000122497,17.530699995404575
nominal_heatup,110,130.0,130.0,129.37737682742218,129.37737682742218,-0.6226231725778177,-38233.08296126802,optimal,-39650.47557217023,False,False,8000,8000,6.290488698823538e-07,9.116869081893242e-07,10.0,0,0,0.0002423099111263788,112.37778826975487,112.41399559987505,112.66527778468792,1.0,1.0,0.9992679294295672,112.06507447212215,112.09902592308597,112.34564351350998,1.0,1.0,0.9992164150719298,0.9892705404136594,0.9886346463149647,d4e73ec01b99e07b,3e011098b16656da,False,False,0.8305000010295771,4.919099999824539,5.749600000854116,0.7932000007713214,493.7467999989167,494.539999999688
nominal_heatup,111,128.3399171400642,128.3399171400642,129.4167513330088,129.4167513330088,1.0768341929446024,-36924.10668590941,optimal,-38327.9609320389,False,False,8000,8000,6.422733207500642e-07,9.352629923853328e-07,10.0,0,0,7.301094245913269e-05,112.40470282211966,112.4939330520396,112.88300255563074,1.0,1.0,0.9993056266753647,112.09031212708851,112.17806812155408,112.56397131895754,1.0,1.0,0.999256326410964,0.9899294992129899,0.9893240567416681,d855d6a2f2ac3562,1606fefdb9f07fbd,False,False,0.8042999979807064,4.680000005464535,5.484300003445242,0.7835999931558035,539.1917000015383,539.9752999946941
nominal_heatup,112,125.5891382896879,125.5891382896879,128.5339563696451,128.5339563696451,2.9448180799572015,-35316.58293381004,optimal,-37066.9425170031,True,True,651,8000,6.371788288106472e-07,9.234697531113056e-07,10.0,0,0,1.943726038585338e-07,112.47103170325315,112.60537512475605,113.11069154188215,1.0,1.0,0.9993415364262338,112.15554514207547,112.28888129777077,112.79162770445079,1.0,1.0,0.999294383395728,0.9905168094820357,0.9899387023779802,6571386882017b6d,9a809ec564e7bbde,False,False,0.8778000046731904,5.375999993702862,6.253799998376053,0.8783999946899712,44.802500000514556,45.68089999520453
nominal_heatup,113,122.61163380968154,122.61163380968154,126.12742739666665,126.12742739666665,3.5157935869851116,-33608.872888350306,optimal,-35656.49086833222,True,True,551,8000,6.192308319441509e-07,8.97457550941283e-07,10.0,0,0,1.5651255673274197e-07,112.57089526792095,112.74325566004383,113.34580295446715,1.0,1.0,0.9993757765053803,112.25465996033655,112.42618100353776,113.02592052496695,1.0,1.0,0.9993307031604733,0.9910468036062243,0.9904937871426256,ffbbb9de9d5d64c2,1f60becf918980b8,False,False,1.0312000013072975,5.537099998036865,6.568299999344163,0.8166999978129752,40.39280000142753,41.209499999240506
nominal_heatup,114,119.79593312516076,119.79593312516076,123.27612211362067,123.27612211362067,3.480188988459915,-32029.071986356204,optimal,-34012.176936599346,True,True,501,8000,5.975043393391388e-07,8.65969110641629e-07,10.0,0,0,1.4058437327091305e-07,112.6990185728984,112.90314438796412,113.58630976503775,1.0,1.0,0.9994084415377091,112.38215933915237,112.5853381219663,113.2647382343464,1.0,1.0,0.9993653787016742,0.9915304694391084,0.991000921010571,7cb5f43a94ac209b,3299e7c95ed8c42f,False,False,1.3964000027044676,5.651400002534501,7.047800005238969,0.9200999993481673,36.79340000235243,37.713500001700595
nominal_heatup,115,117.30498463883556,117.30498463883556,120.47045726723358,120.47045726723358,3.165472628398021,-30660.848370048374,optimal,-32430.73520962619,True,True,501,8000,5.760130648013728e-07,8.348216171683021e-07,10.0,0,0,1.6383752343239436e-07,112.85075455896408,113.08119031586978,113.83058249730013,1.0,1.0,0.9994396094129487,112.53319135314811,112.76233658980823,113.50655069835803,1.0,1.0,0.9993984860156445,0.9919762497401681,0.991468928234507,ebb11210f96c65fa,f23167b335af84ce,False,False,0.8384000029764138,5.087300000013784,5.925700002990197,0.8248000012827106,35.238500000559725,36.063300001842435
nominal_heatup,116,115.19086071979217,115.19086071979217,117.93694031554492,117.93694031554492,2.7460795957527466,-29521.427153741955,optimal,-31029.474886524527,True,True,551,8000,6.696833878550024e-07,9.755859284865664e-07,10.0,0,0,1.4619942001858497e-07,113.02204791932432,113.27407225188317,114.07084793313962,1.0,1.0,0.9994693459722735,112.70352541121757,112.95377362863343,113.75038909983267,1.0,1.0,0.9994300897894421,0.9923928455484579,0.9919044698859553,e97699545023f1cb,88d26388f7983768,False,False,0.8047000010265037,4.6249000006355345,5.429600001662038,0.7818000012775883,39.325399993686005,40.107199994963594
nominal_heatup,117,113.45148562318062,113.45148562318062,115.75497633533462,115.75497633533462,2.3034907121540016,-28598.968637209826,optimal,-29845.723415493874,True,True,601,8000,6.492859085938107e-07,9.458711360821326e-07,10.0,0,0,1.3287133780147997e-07,113.2093890481328,113.47654145703646,114.29727764807936,1.0,1.0,0.9994976838650963,112.88954627300103,113.15684342159453,113.99185186061504,1.0,1.0,0.9994602478064366,0.9927879982207184,0.9923138947565225,c5fba3d3ad712495,b7191084fa9f2a92,False,False,0.8583999951952137,6.3012000027811155,7.159599997976329,0.9588000029907562,41.173599995090626,42.13239999808138
nominal_heatup,118,112.05959171116217,112.05959171116217,113.92588238484964,113.92588238484964,1.8662906736874731,-27870.419299951,optimal,-28876.10514931437,True,True,601,8000,6.32354300478255e-07,9.212053662110975e-07,10.0,0,0,2.1038563460515862e-07,113.40797556293384,113.68229343658356,114.50126186992688,1.0,1.0,0.9995246235200765,113.088240379385,113.36784621030559,114.22183889809253,1.0,1.0,0.9994889989274178,0.9931676929970371,0.9927038317537263,875aa6dd20beb1bd,817fc57b68d6444c,False,False,0.872299999173265,4.943500003719237,5.815800002892502,0.9997999950428493,39.74040000321111,40.740199998253956
nominal_heatup,119,110.9778398502162,110.9778398502162,112.45519931885772,112.45519931885772,1.4773594686415237,-27309.94756467745,optimal,-28099.552418355386,True,True,651,8000,6.288994711667328e-07,9.137467014141976e-07,10.0,0,0,1.6043722293576267e-07,113.6118884930073,113.8847251812155,114.6769097850018,1.0,1.0,0.999550146984092,113.29608408818191,113.58133012482598,114.431744707087,1.0,1.0,0.9995163505537512,0.9935358148817482,0.9930796181531882,4104f428bc478307,6294379f3ac3940a,False,False,0.8278999957838096,5.202400003327057,6.030299999110866,0.803700000687968,43.815400000312366,44.619100001000334
nominal_heatup,120,110.16653891205107,110.16653891205107,111.29068565715254,111.29068565715254,1.12414674510147,-26892.687765008588,optimal,-27497.324391218033,True,True,651,8000,5.791348343109348e-07,8.46871629711643e-07,10.0,0,0,2.144428543918423e-07,113.81470039069325,114.07775262376614,114.82112843011562,1.0,1.0,0.9995742341860792,113.5081204179699,113.79138784470548,114.61502598605261,1.0,1.0,0.9995422894497068,0.9938943277154008,0.9934449338706091,f78b7043264ccc82,e6e23dd0399a389b,False,False,0.8530999984941445,4.834400002437178,5.687500000931323,0.9072000029846095,44.21790000196779,45.1251000049524
nominal_heatup,121,109.58738629887766,109.58738629887766,110.4154091328143,110.4154091328143,0.8280228339366431,-26596.183935001416,optimal,-27041.146248918114,True,True,701,8000,5.706540804339966e-07,8.34470150756772e-07,10.0,0,0,1.422186534084301e-07,114.01023905864295,114.25627578360816,114.93317929685553,1.0,1.0,0.9995968752592551,113.71868595718,113.99222888775584,114.76791942561277,1.0,1.0,0.9995667962259629,0.9942436761564231,0.9938016762417431,93e6e9709b842365,f416670ddaa9e476,False,False,1.0265000018989667,5.408299999544397,6.434800001443364,0.83710000035353,44.43560000072466,45.27270000107819
nominal_heatup,122,109.20505283616461,109.20505283616461,109.77186254375478,109.77186254375478,0.566809707590167,-26400.72615639388,optimal,-26712.837549270305,True,True,701,8000,5.645602954018614e-07,8.255591783523641e-07,10.0,0,0,1.6954514887739988e-07,114.19312932687752,114.41641720658767,115.01405879031932,1.0,1.0,0.99961807752682,113.92202283688266,114.1788634452634,114.88906111693373,1.0,1.0,0.9995898586748366,0.9945832722411617,0.9941502837363537,1a4ed144eba1ee26,864932064d226e16,False,False,0.8069999967119657,5.068099999334663,5.875099996046629,0.8378000056836754,44.82089999510208,45.65870000078576
nominal_heatup,123,108.9876583776396,108.9876583776396,109.3299774709102,109.3299774709102,0.3423190932705893,-26289.20043108811,optimal,-26488.266413651247,True,True,701,8000,5.603225474715146e-07,8.193622687002744e-07,10.0,0,0,1.9499716348546316e-07,114.35910934559014,114.5555542588972,115.065929553067,1.0,1.0,0.9996378676655945,114.11294412217829,114.34736388950154,114.9789201035134,1.0,1.0,0.9996114798931072,0.9949119460866566,0.9944901549023583,8f88d005db8af668,4f767b39bf891740,False,False,0.8633999968878925,4.767500002344605,5.630899999232497,0.8445999992545694,44.83839999738848,45.68299999664305
nominal_heatup,124,108.90672303542543,108.90672303542543,109.0600296905291,109.0600296905291,0.1533066551036768,-26246.764778715882,optimal,-26351.229283110035,True,True,701,8000,5.576727772904633e-07,8.154874731047812e-07,10.0,0,0,2.1774516531665505e-07,114.50513576865005,114.67223361148386,115.09165620910167,1.0,1.0,0.9996562904831325,114.28719897836407,114.49496866531473,115.0393215089336,1.0,1.0,0.9996316815386155,0.9952283122125072,0.9948200557683041,33596f0d1015f7b4,260de9b4ed27db9e,False,False,0.8025999995879829,4.499499998928513,5.302099998516496,0.7721000001765788,47.37659999955213,48.148699999728706
nominal_heatup,125,108.93691726905261,108.93691726905261,108.934185810683,108.934185810683,-0.0027314583696096406,-26260.50484132513,optimal,-26287.08373975245,True,True,701,8000,5.563587137658033e-07,8.135659195218636e-07,10.0,0,0,2.3734959314708703e-07,114.62934718181049,114.76601583462798,115.09445967165736,1.0,1.0,0.9996734057400343,114.44164361984103,114.62006743627056,115.07287244529753,1.0,1.0,0.999650503654628,0.9955310328493882,0.9951385068876248,45d780d556b96471,ebf7cd0ef4d16e7f,False,False,0.8445999992545694,4.66259999666363,5.507199995918199,0.792600003478583,43.810800001665484,44.60340000514407
nominal_heatup,126,109.05577320971508,109.05577320971508,108.94122460943059,108.94122460943059,-0.11454860028449332,-26319.13457452163,optimal,-26282.809826598368,True,True,751,8000,5.56010789409811e-07,8.130570856579311e-07,10.0,0,0,1.3421970833154415e-07,114.73093919648466,114.83729343533211,115.07767179013715,1.0,1.0,0.9996892841800326,114.5742741433974,114.72204743523162,115.08269106860607,1.0,1.0,0.9996680019178612,0.9958189851417397,0.9954440344717265,6969d61198aeeab2,1a81c839dd2cda2f,False,False,0.7919999989098869,4.830800004128832,5.622800003038719,0.8092999996733852,46.94759999983944,47.756899999512825
nominal_heatup,127,109.24342714641973,109.24342714641973,109.03552678219354,109.03552678219354,-0.20790036422619096,-26412.761993339736,optimal,-26329.536274532333,True,True,751,8000,5.567468548406396e-07,8.14133476190193e-07,10.0,0,0,1.4061537182008228e-07,114.80999713091882,114.88710654051152,115.044569459435,1.0,1.0,0.9997040035497773,114.6841207404259,114.80116553003836,115.0720318182542,1.0,1.0,0.9996842440616697,0.9960913489990718,0.9957353744553583,91b4caab0603343a,9e3a0151aa3a4eff,False,False,0.7868000029702671,4.526099997747224,5.312900000717491,0.7613000052515417,46.23139999603154,46.99270000128308
nominal_heatup,128,109.48241172936548,109.48241172936548,109.20101513947279,109.20101513947279,-0.2813965898926938,-26532.717011214252,optimal,-26412.328246124147,True,True,751,8000,5.581510578167581e-07,8.16186837226951e-07,10.0,0,0,1.456576587848523e-07,114.86731605599317,114.91697174636072,114.99826693790178,1.0,1.0,0.9997176450598287,114.77112544661644,114.85833678189881,115.04414425067992,1.0,1.0,0.9996993058095353,0.9963476361149635,0.9960115627585464,9fa0bf503b9af0be,edc54e8cbd6f9ca9,False,False,0.774199994339142,4.50230000569718,5.276500000036322,0.7770999945932999,47.95710000325926,48.734199997852556
nominal_heatup,129,109.75749182819003,109.75749182819003,109.42168698345667,109.42168698345667,-0.33580484473336014,-26671.42878550326,optimal,-26523.259998539514,True,True,751,8000,5.600774670710962e-07,8.190038132127597e-07,10.0,0,0,1.4932551088025937e-07,114.90422738511275,114.92873128522072,114.9416496261233,1.0,1.0,0.9997302904883161,114.8359535917039,114.89498227314616,115.00214812584159,1.0,1.0,0.9997132672549114,0.9965876792565175,0.9962719753740941,c11cadd7c207f3a6,5e23532b84fe6012,False,False,0.8243999982369132,4.7469999990426,5.571399997279514,0.8388999995077029,46.55500000080792,47.393900000315625
nominal_heatup,130,110.0555289228033,110.0555289228033,109.6826790120484,109.6826790120484,-0.37284991075490836,-26822.337520822006,optimal,-26654.964636387886,True,True,751,8000,5.623897720852256e-07,8.22385093357525e-07,10.0,0,0,1.5170865944103323e-07,114.92244224658992,114.92442524913805,114.87733648973672,1.0,1.0,0.9997420199671014,114.87983229064217,114.91287354560515,114.94896546804335,1.0,1.0,0.9997262098184582,0.9968115976699261,0.9965163219617791,8681fd063cf1a16c,ed2db844229f9dae,False,False,0.7999000008567236,5.549699999392033,6.349600000248756,1.199300000735093,48.02279999421444,49.22209999494953
nominal_heatup,131,110.36535843395929,110.36535843395929,109.9707200841815,109.9707200841815,-0.394638349777793,-26979.82695091951,optimal,-26800.83817723269,True,True,751,8000,5.649655321349201e-07,8.261516208918351e-07,10.0,0,0,1.5295308842318368e-07,114.9239163024163,114.90618661483062,114.80766209965434,1.0,1.0,0.9997529103982019,114.90439335559635,114.91400739542557,114.8873280679724,1.0,1.0,0.9997382138854761,0.9970197505161688,0.9967446071565155,6b2799459b7a841b,76f0c16feef1336d,False,False,0.8483999990858138,5.508399997779634,6.356799996865448,0.9011000001919456,47.858400001132395,48.75950000132434
nominal_heatup,132,110.67766782431363,110.67766782431363,110.27427136733394,110.27427136733394,-0.4033964569796922,-27139.166581294463,optimal,-26955.100429183745,True,True,751,8000,5.676981800206704e-07,8.301475853400575e-07,10.0,0,0,1.5322774110014218e-07,114.91073702066997,114.87615738303178,114.73467205462511,1.0,1.0,0.999763034405705,114.91153990789839,114.90051814157871,114.81964838743163,1.0,1.0,0.9997493571538573,0.9972126866373154,0.9969571007489083,021b1443cb5363e0,bb5672b283e2f3cb,False,False,0.8133000010275282,5.03010000102222,5.843400002049748,0.7820999962859787,46.91170000296552,47.693799999251496
nominal_heatup,133,110.98486790308927,110.98486790308927,110.58354134799997,110.58354134799997,-0.40132655508929815,-27296.45604023435,optimal,-27112.8030912301,True,True,751,8000,5.704963257358031e-07,8.342392723292846e-07,10.0,0,0,1.527070709730786e-07,114.88503240602759,114.83642345618973,114.66012761449302,1.0,1.0,0.9997724597166664,114.90334692858235,114.87455755128227,114.74804669470285,1.0,1.0,0.999759713354428,0.9973910959685351,0.9971542814141945,eb19003b535aca76,c696c6d122146edf,False,False,0.8556999964639544,4.9636000039754435,5.819300000439398,0.8774000016273931,48.24899999948684,49.126400001114234
nominal_heatup,134,111.28095407106488,111.28095407106488,110.89042686684573,110.89042686684573,-0.3905272042191541,-27448.566908318764,optimal,-27269.807254425166,True,True,751,8000,5.732846375394729e-07,8.383166241188178e-07,10.0,0,0,1.5155959141813018e-07,114.84889916666789,114.78896572420804,114.58551674319263,1.0,1.0,0.9997812488699104,114.88194647733889,114.8382371451311,114.67435219202744,1.0,1.0,0.9997693515044809,0.997555765657468,0.9973367872924241,ae9431c3760f9f52,8055a08a3471c761,False,False,0.8417999997618608,5.841999998665415,6.683799998427276,0.8071999982348643,63.0719999971916,63.87919999542646
nominal_heatup,135,111.5613576088732,111.5613576088732,111.18841423423052,111.18841423423052,-0.3729433746426736,-27593.079881678714,optimal,-27422.74430119519,True,True,751,8000,5.760016392741818e-07,8.422897339599444e-07,10.0,0,0,1.4994114216029357e-07,114.80434791778725,114.73562491635514,114.51206965182391,1.0,1.0,0.9997894591650716,114.84945534621622,114.79357114751629,114.60012161572661,1.0,1.0,0.9997783355186567,0.997707542358514,0.997505368509094,d52e620e671b68c5,2c49a89da79eff7f,False,False,1.4318000030471012,7.91439999738941,9.346200000436511,1.61570000636857,60.74619999708375,62.36190000345232
nominal_heatup,136,111.8227893811577,111.8227893811577,111.47245328314199,111.47245328314199,-0.35033609801571686,-27728.216981093137,optimal,-27568.964258175063,True,True,751,8000,6.167888670916e-07,8.961508104476934e-07,10.0,0,0,1.4713044270331984e-07,114.75326299065867,114.67807799092446,114.44077747816111,1.0,1.0,0.9997971427801339,114.80791408406623,114.74244186860047,114.52665317952233,1.0,1.0,0.999786724097055,0.9978473011136936,0.9976608471393373,34b26e634dae3d21,3c02faada7c4326f,False,False,0.8167000050889328,4.861699999310076,5.678400004399009,0.8016000065254048,50.74129999411525,51.54290000064066
nominal_heatup,137,112.06307959650843,112.06307959650843,111.73881423259931,111.73881423259931,-0.3242653639091202,-27852.769771277253,optimal,-27706.474944189107,True,True,751,8000,6.193808275156698e-07,8.999167500078897e-07,10.0,0,0,1.449669646222224e-07,114.69737456680427,114.6178240803201,114.3724130700786,1.0,1.0,0.999804347001152,114.75924561373873,114.68657333884555,114.4550049266089,1.0,1.0,0.9997945707989364,0.9979759205819535,0.9978040836242023,eb2d304d44a0e27d,053c944be2f83608,False,False,0.9508000002824701,6.114800002251286,7.065600002533756,0.8870000019669533,50.84869999700459,51.73569999897154
nominal_heatup,138,112.28101772976385,112.28101772976385,111.9849351620407,111.9849351620407,-0.2960825677231469,-27966.025284565287,optimal,-27833.874573952315,True,True,751,8000,6.217829877641634e-07,9.034069297086944e-07,10.0,0,0,1.4269355108853618e-07,114.63824107844664,114.55617825146305,114.3075530418999,1.0,1.0,0.9998111145213884,114.70522501234149,114.62751598229788,114.38601371030401,1.0,1.0,0.9998019242431969,0.9980942640180471,0.9979359499977516,cae38f739b641466,52b52550191b229d,False,False,0.8374000026378781,5.484499997692183,6.321900000330061,0.8563999945181422,56.50690000038594,57.36329999490408
nominal_heatup,139,112.47619660407793,112.47619660407793,112.20926518576084,112.20926518576084,-0.26693141831708544,-28067.691656321887,optimal,-27950.28010613993,True,True,751,8000,6.239784369199697e-07,9.065967443433465e-07,10.0,0,0,1.4039308954954257e-07,114.57724005333041,114.49427156084181,114.24660040554515,1.0,1.0,0.9998174837783204,114.647460362162,114.56663850565384,114.32031604849023,1.0,1.0,0.999808828387765,0.9982031652363657,0.9980573090826058,10a427b09e6d27eb,9e968782dc3b746a,False,False,0.9772000048542395,5.870000000868458,6.847200005722698,1.2541000032797456,47.56949999864446,48.823600001924206
nominal_heatup,140,112.64886414931198,112.64886414931198,112.4111090977945,112.4111090977945,-0.23775505151748177,-28157.82548389436,optimal,-28055.253903707016,True,True,751,8000,6.259593590129953e-07,9.09474899835061e-07,10.0,0,0,1.3813122627021956e-07,114.51556580592526,114.43305607729118,114.18980717847913,1.0,1.0,0.9998234893058924,114.58738180674275,114.50512645038823,114.25836966416848,1.0,1.0,0.9998153228544865,0.9983034187543108,0.998168998965898,ec8de73541c005b3,3414b78a8c926079,False,False,0.8078999962890521,4.607299997587688,5.41519999387674,0.7798000006005168,50.256199996510986,51.0359999971115
nominal_heatup,141,112.79978566797202,112.79978566797202,112.5904776285212,112.5904776285212,-0.20930803945081777,-28236.762716191395,optimal,-28148.73104160861,True,True,751,8000,6.277247592834101e-07,9.120399102613419e-07,10.0,0,0,1.3595810345821365e-07,114.45423257852198,114.37331371575185,114.13729645828707,1.0,1.0,0.9998291620862775,114.52623766580389,114.443985759629,114.2004754430924,1.0,1.0,0.9998214432748235,0.9983957733432135,0.9982718218914991,013fe73ac422cd2e,d399c74c270bf453,False,False,0.7948999991640449,4.610500000126194,5.405399999290239,0.7982000024640001,60.13839999650372,60.93659999896772
nominal_heatup,142,112.93011867532461,112.93011867532461,112.74794672874181,112.74794672874181,-0.18217194658279823,-28305.05455125308,optimal,-28230.949292345533,True,True,751,8000,6.292790715178853e-07,9.142981935994499e-07,10.0,0,0,1.3391028798621594e-07,114.39408191394392,114.31566787647223,114.08908353843566,1.0,1.0,0.9998345298906073,114.4650960895402,114.3840504106881,114.14679914818987,1.0,1.0,0.9998272216392873,0.9984809282884947,0.9983665367869762,1c485af55ec3059a,60a9eb947341878b,False,False,1.4356000028783455,6.7959000007249415,8.231500003603287,1.2959000014234334,52.67889999959152,53.974800001014955
nominal_heatup,143,113.04130162446268,113.04130162446268,112.88452841545822,112.88452841545822,-0.1567732090044558,-28363.409431797707,optimal,-28302.383481913246,True,True,751,8000,6.306314901394217e-07,9.162631826598044e-07,10.0,0,0,1.320127493683009e-07,114.33579319973437,114.26059702065072,114.04509572424826,1.0,1.0,0.9998396176019656,114.40485115681071,114.32599305950035,114.09739246923903,1.0,1.0,0.9998326866388805,0.9985595317518255,0.9984538546946156,fc95cda5a0dac37a,4e95bb758a595813,False,False,0.8496000009472482,4.962099999829661,5.811700000776909,1.275900001928676,47.66659999586409,48.942499997792765
nominal_heatup,144,113.1349571360089,113.1349571360089,113.00155486737327,113.00155486737327,-0.13340226863562066,-28412.641833696704,optimal,-28363.685494312445,True,True,751,8000,6.317941654288006e-07,9.179524651514726e-07,10.0,0,0,1.3028076165500564e-07,114.27989646576196,114.20844943873028,114.0051905915857,1.0,1.0,0.9998444475167205,114.34623235276185,114.2703378626882,114.05221298751928,1.0,1.0,0.99983786399095,0.9986321807229239,0.9985344364755586,f1696ed337a5ed5b,f00047b85a018195,False,False,0.8567000040784478,4.672999995818827,5.529699999897275,0.7713000013609417,46.11519999889424,46.88650000025518
nominal_heatup,145,113.21280975799407,113.21280975799407,113.08605912991204,113.08605912991204,-0.12675062808202142,-28453.628174365833,optimal,-28415.627493786837,True,True,701,8000,6.329330233256769e-07,9.196071593109423e-07,10.0,0,0,2.446328280674069e-07,114.22678664672891,114.1594585835229,113.9691725109629,1.0,1.0,0.9998490396222444,114.28981653252583,114.2174747112931,114.01114275433275,1.0,1.0,0.9998427767448079,0.9986994221389119,0.9986088922482855,3de8f731e69860a1,41efb6fe0c847e2e,False,False,0.8228000006056391,4.507899997406639,5.330699998012278,0.7519999999203719,62.13170000410173,62.8837000040221
nominal_heatup,146,113.27661779872318,113.27661779872318,113.16340596687631,113.16340596687631,-0.11321183184686845,-28487.269848866206,optimal,-28456.232942774608,True,True,701,8000,6.337017310897863e-07,9.207240463382504e-07,10.0,0,0,2.433193850330174e-07,114.17673864051682,114.11375844807459,113.93680733432487,1.0,1.0,0.9998534118504399,114.23604157233765,114.16767423563753,113.9740052540669,1.0,1.0,0.9998474455646293,0.9987617548303018,0.9986777821160889,cef10f1bb81f6c28,1282c7bf594b93f6,False,False,1.7206999982590787,6.586399998923298,8.307099997182377,0.7938000053400174,43.67389999970328,44.4677000050433
nominal_heatup,147,113.3281184052655,113.3281184052655,113.2305410968074,113.2305410968074,-0.09757730845809931,-28514.463141717446,optimal,-28491.512799025197,True,True,701,8000,6.343729523905495e-07,9.216992271632307e-07,10.0,0,0,2.4165963744931505e-07,114.12992260404563,114.0713985679148,113.90783520831174,1.0,1.0,0.9998575803074176,114.18522102695226,114.12110303484658,113.94058060954119,1.0,1.0,0.9998518889886366,0.9988196320235738,0.9987416178212227,80002033884de274,34e580904fafd0a9,False,False,0.7979000001796521,5.072100000688806,5.870000000868458,0.8069000032264739,44.99609999766108,45.80300000088755
nominal_heatup,148,113.36898479675982,113.36898479675982,113.28687990441006,113.28687990441006,-0.08210489234976137,-28536.075565367028,optimal,-28521.150582407678,True,True,701,8000,6.349398802285577e-07,9.225229726794737e-07,10.0,0,0,2.399818803972587e-07,114.08641903087926,114.03235831884685,113.88198153506947,1.0,1.0,0.9998615594802706,114.1375592123328,114.07783868474885,113.91061895805063,1.0,1.0,0.9998561236646182,0.9988734641898538,0.9988008650369901,c1232ef58e2d0fc2,3c9f5fea3efb3877,False,False,0.8289999968837947,4.614700003003236,5.443699999887031,0.792600003478583,43.8441000005696,44.63670000404818
nominal_heatup,149,113.40079439323243,113.40079439323243,113.33296667320562,113.33296667320562,-0.0678277200268127,-28552.928039079317,optimal,-28545.422398872277,True,True,701,8000,6.354064225888578e-07,9.232008206794262e-07,10.0,0,0,2.3843003077225063e-07,114.04623324915924,113.99656026431002,113.8589661487396,1.0,1.0,0.999865362422262,114.09316623274619,114.03788416705684,113.8838519911367,1.0,1.0,0.9998601645625146,0.9989236220786838,0.9988559460710354,0cad4e37ebed3115,56a83f40013ffd9e,False,False,0.8208999934140593,4.644300002837554,5.465199996251613,0.7833999989088625,43.96210000413703,44.74550000304589
nominal_heatup,150,113.4250064935833,113.4250064935833,113.36982694794898,113.36982694794898,-0.05517954563431715,-28565.782238693057,optimal,-28564.858769106773,True,True,701,8000,6.507135310584999e-07,9.479506832832385e-07,10.0,0,0,2.3700671854161207e-07,114.00930906426623,113.96388238017838,113.83851081257072,1.0,1.0,0.9998690009179483,114.05207256340103,114.0011814468616,113.85994632394038,1.0,1.0,0.9998640251652418,0.9989704398158838,0.9989072455644284,91ebd1124299aa92,10e84b1056f61fa8,False,False,0.7880999983171932,5.021799996029586,5.809899994346779,0.8097000027191825,43.79579999658745,44.60549999930663
nominal_heatup,151,113.44294813606766,113.44294813606766,113.3986582728612,113.3986582728612,-0.044289863206458335,-28575.33241001835,optimal,-28580.082684127203,True,True,701,8000,6.510109074042703e-07,9.483838967483393e-07,10.0,0,0,2.3583322642790023e-07,113.97554134751984,113.93416904938805,113.82034516854965,1.0,1.0,0.9998724856298529,114.01424288591703,113.96760304598895,113.83862048911693,1.0,1.0,0.9998677176111906,0.9990142179765406,0.9989551084889513,d35cc893f2b096b0,4ae3d4322f85ade7,False,False,0.9510000018053688,4.705700004706159,5.656700006511528,0.7878000033088028,45.262200001161546,46.05000000447035
nominal_heatup,152,113.45580680638294,113.45580680638294,113.4206755964883,113.4206755964883,-0.03513120989464369,-28582.2009375762,optimal,-28591.728004812147,True,True,701,8000,6.512408106118528e-07,9.487188288304083e-07,10.0,0,0,2.3485108578712242e-07,113.94478743993196,113.9072407739505,113.80421128935177,1.0,1.0,0.9998758262283213,113.97957337535486,113.93699850597329,113.81961062053651,1.0,1.0,0.9998712528767719,0.9990552265696633,0.9989998449233288,90eecfe81a608bac,2207498fa9d15c9f,False,False,0.8834000036586076,5.469700001413003,6.35310000507161,0.9361000047647394,46.213000001444016,47.149100006208755
nominal_heatup,153,113.46462873014887,113.46462873014887,113.43703446499202,113.43703446499202,-0.02759426515684993,-28586.936987681136,optimal,-28600.398877021355,True,True,701,8000,6.514138419788651e-07,9.489708920895623e-07,10.0,0,0,2.340459666950947e-07,113.91687729841291,113.8829025978848,113.78986699231781,1.0,1.0,0.9998790315061515,113.94792554195784,113.9091925502248,113.80267399988277,1.0,1.0,0.9998746409159764,0.999093707890351,0.9990417328374893,9373f710844e2290,69e3b921862669c6,False,False,0.8483999990858138,5.004300001019146,5.85270000010496,0.785399999585934,44.892599995364435,45.67799999495037
nominal_heatup,154,113.47032158498476,113.47032158498476,113.44879297495059,113.44879297495059,-0.021528610034167173,-28590.017591802236,optimal,-28606.64933694248,True,True,701,8000,6.515408301766001e-07,9.491558987662074e-07,10.0,0,0,2.3339945212625604e-07,113.89162236098983,113.86095127178447,113.77708807826617,1.0,1.0,0.9998821094795282,113.91913355064604,113.88399850856663,113.78758100316122,1.0,1.0,0.9998778907824386,0.9991298792109193,0.9990810215907701,f61f4b75bd43dba1,92241316463c6514,False,False,0.8138999983202666,4.829099998460151,5.642999996780418,0.7939999995869584,45.10719999962021,45.901199999207165
nominal_heatup,155,113.47366058392879,113.47366058392879,113.4568948284527,113.4568948284527,-0.016765755476086497,-28591.85059644249,optimal,-28610.974098255683,True,True,701,8000,6.516307138326738e-07,9.492868340288396e-07,10.0,0,0,2.3289180553848624e-07,113.86882314785363,113.84118121870168,113.7656696554823,1.0,1.0,0.9998850674766951,113.89301607866602,113.86122148989726,113.77411676523847,1.0,1.0,0.9998810107316332,0.9991639352936439,0.9991179347789931,16b97f2f55d96903,23a66798e0001764,False,False,0.8216000060201623,4.852899997786153,5.674500003806315,0.8175000039045699,44.477099996584,45.29460000048857
nominal_heatup,156,113.47529700728423,113.47529700728423,113.46216404825086,113.46216404825086,-0.01313295903337064,-28592.778973148997,optimal,-28613.805534366576,True,True,701,8000,6.51691777875385e-07,9.493757602285768e-07,10.0,0,0,2.3250341094725895e-07,113.84827564691516,113.82338938251112,113.75542670238997,1.0,1.0,0.9998879122157084,113.86938171729518,113.84066422229738,113.76208129354137,1.0,1.0,0.9998840083105398,0.9991960507166732,0.9991526729529355,21402c6bfd82e688,7a275d422952b709,False,False,0.8588999990024604,5.009300002711825,5.8682000017142855,0.8417999997618608,44.190999993588775,45.032799993350636
nominal_heatup,157,113.47576838793564,113.47576838793564,113.46530664987922,113.46530664987922,-0.0104617380564207,-28593.08605233704,optimal,-28615.514379304514,True,True,701,8000,6.51730900358416e-07,9.494327697368021e-07,10.0,0,0,2.3221559912925823e-07,113.8297765566966,113.8073790547314,113.74619401232364,1.0,1.0,0.9998906498725008,113.84803469943061,113.82213060184506,113.75129092880498,1.0,1.0,0.9998868904359157,0.9992263820110494,0.99918541601865,ddc977bc5f1cfc9f,ec3511cea72a0488,False,False,0.7994999978109263,4.852600002777763,5.652100000588689,0.7975999978953041,43.64650000206893,44.44409999996424
nominal_heatup,158,113.47550968058287,113.47550968058287,113.46691648649723,113.46691648649723,-0.008593194085648292,-28593.001313858626,optimal,-28616.412673041847,True,True,701,8000,6.517540782624565e-07,9.494665205167507e-07,10.0,0,0,2.3201109541886684e-07,113.8131274765937,113.79296278480929,113.73782565149307,1.0,1.0,0.9998932861403887,113.82877900759654,113.8054292751441,113.74157895338395,1.0,1.0,0.9998896634633054,0.9992550696114728,0.9992163254320399,41337d176d95f24f,1c7b5fc96b3ef10a,False,False,1.0891999991144985,4.764700002851896,5.8539000019663945,0.7901999997557141,44.03219999949215,44.822399999247864
nominal_heatup,159,113.47486486423118,113.47486486423118,113.46748361980414,113.46748361980414,-0.007381244427037359,-28592.706433056745,optimal,-28616.758073496698,True,True,701,8000,6.51766129067255e-07,9.494841002322119e-07,10.0,0,0,2.3187425768074538e-07,113.79813814567231,113.779964483004,113.73019404753234,1.0,1.0,0.999895826282046,113.81142209133928,113.7903763117233,113.73279591972624,1.0,1.0,0.9998923332477173,0.9992822396268206,0.9992455461739469,de8308ea8b45fd60,98c58d33a9fa41c1,False,False,0.8135000025504269,4.623200002242811,5.436700004793238,1.1427999997977167,45.15339999488788,46.296199994685594
disturbance_step60,0,32.0,32.0,32.0,32.0,0.0,-95998.82400563429,optimal,-95995.60480447103,False,False,8000,8000,6.865136157330198e-07,9.949711712309295e-07,10.0,0,0,3.3533756237451254e-05,28.0,28.0,28.0,1e-05,1e-05,1e-05,28.0,28.0,28.0,1e-05,1e-05,1e-05,1.0000008521941652,1.0000008521941652,cf16d6dcdbba5e96,cf16d6dcdbba5e96,True,True,0.9400000053574331,5.449099997349549,6.389100002706982,0.8078999962890521,360.0622000012663,360.87009999755537
disturbance_step60,1,36.0,36.0,36.0,36.0,0.0,-106602.11836433185,optimal,-106599.55483196843,True,True,351,8000,6.114478381391564e-07,8.869759433594027e-07,10.0,0,0,2.4047668121123766e-05,28.000000056399145,28.000000056399145,28.000000056399145,1.0001630922571259e-05,1.0001630922571259e-05,1.0001630922571259e-05,28.000000056399145,28.000000056399145,28.000000056399145,1.0001630922571259e-05,1.0001630922571259e-05,1.0001630922571259e-05,1.0000008522669996,1.0000008522669996,2e328ea56c7cd9b6,2e328ea56c7cd9b6,True,True,1.312200001848396,5.757999999332242,7.070200001180638,0.7785999987390824,15.75790000060806,16.536499999347143
disturbance_step60,2,40.00000000000001,40.00000000000001,40.00000000000001,40.0,-7.105427357601002e-15,-117129.27120926857,optimal,-117127.32961954929,False,False,8000,8000,6.750023899826374e-07,9.791691724103657e-07,10.0,0,0,1.657646888110229e-05,28.000000112803107,28.000000112803107,28.000000091841084,1.0003261984532805e-05,1.0003261984532805e-05,1.0003261984532805e-05,28.000000112803107,28.000000112803107,28.000000091841084,1.0003261984532805e-05,1.0003261984532805e-05,1.0003261984532805e-05,1.0000008523398338,1.0000008523398338,27471e481eb0037c,27471e481eb0037c,True,True,0.7715999963693321,5.084199998236727,5.855799994606059,0.8260999966296367,348.96149999985937,349.787599996489
disturbance_step60,3,44.00000000000001,44.00000000000001,44.0,44.0,-7.105427357601002e-15,-127560.71461505513,optimal,-127560.03208372107,True,True,501,8000,7.615793364834644e-07,9.623328454111402e-07,10.0,0,0,5.350638996362833e-06,28.00000016921189,28.00000016142088,28.000000128607986,1.0004893185885736e-05,1.0004893185885736e-05,1.0004893185878145e-05,28.00000016921189,28.00000016142088,28.000000128607986,1.0004893185885736e-05,1.0004893185885736e-05,1.0004893185878145e-05,1.000000852412668,1.000000852412668,bc7dc74b29c7a69b,bc7dc74b29c7a69b,True,True,0.7628999956068583,5.361900002753828,6.124799998360686,0.9315999996033497,20.50059999601217,21.43219999561552
disturbance_step60,4,48.00000000000001,48.00000000000001,48.0,48.0,-7.105427357601002e-15,-137877.66932309937,optimal,-137877.65043286316,True,True,551,8000,5.533118638822998e-07,8.043587769179794e-07,10.0,0,0,1.3700722028503893e-07,28.00000021983408,28.000000208534534,28.00000016274716,1.0006524526631151e-05,1.0006524526628329e-05,1.0006524526608854e-05,28.00000021983408,28.000000208534534,28.00000016274716,1.0006524526631151e-05,1.0006524526628329e-05,1.0006524526608854e-05,1.000000852485502,1.000000852485502,167f22f2007b1b7b,167f22f2007b1b7b,True,True,0.9231000003637746,4.735200003779028,5.658300004142802,0.7815999997546896,21.0540000043693,21.83560000412399
disturbance_step60,5,52.000000000000014,52.000000000000014,51.99999999999999,51.99999999999999,-2.1316282072803006e-14,-148066.06891524495,optimal,-148066.0466483758,True,True,501,8000,6.522266957631473e-07,9.454483924642432e-07,10.0,0,0,1.5038468486542944e-07,28.00000026785304,28.000000252134775,28.015534364180088,1.0008156006768049e-05,1.0008156006761134e-05,1.0008156006725072e-05,28.00000026785304,28.000000252134775,28.015534364180088,1.0008156006768049e-05,1.0008156006761134e-05,1.0008156006725072e-05,1.0000008535389835,1.0000008535389835,f94c35af10199129,f94c35af10199129,True,True,0.9552999981679022,5.401200003689155,6.356500001857057,0.8267000011983328,19.87139999982901,20.698100001027342
disturbance_step60,6,56.000000000000014,56.000000000000014,56.00000000000001,55.99999999999999,-2.1316282072803006e-14,-158106.71679597168,optimal,-158106.6979274649,True,True,451,8000,6.325447543531482e-07,9.190430025896035e-07,10.0,0,0,1.1934032356699093e-07,28.000000312592185,28.00577391978186,28.057459750004423,1.000978762629658e-05,1.000978762628397e-05,1.0009793262776227e-05,28.000000312592185,28.00577391978186,28.057459750004423,1.000978762629658e-05,1.000978762628397e-05,1.0009793262776227e-05,1.0000008566302483,1.0000008566302483,bdbed9df60d2468d,bdbed9df60d2468d,True,True,0.7866000014473684,5.9265000018058345,6.713100003253203,1.0696000026655383,28.013899995130487,29.083499997796025
disturbance_step60,7,60.00000000000002,60.00000000000002,59.999999999999986,59.999999999999986,-3.552713678800501e-14,-167979.73405210197,optimal,-167979.71166282002,True,True,301,8000,6.204440836654612e-07,9.014615818259131e-07,10.0,0,0,1.332856133907833e-07,28.004292153377847,28.022838296226645,28.135109522234508,1.001141938521665e-05,1.0011421478125678e-05,1.0011445967490528e-05,28.004292153377847,28.022838296226645,28.135109522234508,1.001141938521665e-05,1.0011421478125678e-05,1.0011445967490528e-05,1.0000008630022164,1.0000008630022164,c9740d78ed75e56b,c9740d78ed75e56b,True,True,0.8379999999306165,4.803899995749816,5.641899995680433,0.9034000031533651,18.186199995398056,19.08959999855142
disturbance_step60,8,64.00000000000003,64.00000000000003,63.999999999999986,63.999999999999986,-4.263256414560601e-14,-177665.40055867797,optimal,-177664.62262563466,False,False,8000,8000,6.111417434340183e-07,8.879459256760924e-07,10.0,0,0,4.378641202781661e-06,28.01807839987666,28.057673407757182,28.254795432951447,1.0013052839181873e-05,1.0013061671269752e-05,1.0013127537634136e-05,28.01807839987666,28.057673407757182,28.254795432951447,1.0013052839181873e-05,1.0013061671269752e-05,1.0013127537634136e-05,1.0000008738881738,1.0000008738881738,862a0937b312a227,862a0937b312a227,True,True,2.218899993749801,10.724400002800394,12.943299996550195,1.4324000003398396,289.27419999672566,290.7065999970655
disturbance_step60,9,68.00000000000003,68.00000000000003,67.99999999999999,67.99999999999999,-4.263256414560601e-14,-187142.34228568219,optimal,-187135.54244615912,False,False,8000,8000,6.305568831521668e-07,9.140364634063758e-07,10.0,0,0,3.633512031499705e-05,28.047511223592842,28.11622195693027,28.42117301871507,1.0014691440074805e-05,1.0014714737108251e-05,1.0014854481868797e-05,28.047511223592842,28.11622195693027,28.42117301871507,1.0014691440074805e-05,1.0014714737108251e-05,1.0014854481868797e-05,1.0000008905547881,1.0000008905547881,93173fa1627b55b6,93173fa1627b55b6,True,True,0.7673000000067987,4.864599999564234,5.631899999571033,0.7609999956912361,287.60070000134874,288.36169999704
disturbance_step60,10,72.00000000000003,72.00000000000003,71.99999999999999,71.99999999999999,-4.263256414560601e-14,-196384.77948680348,optimal,-196371.7964197372,False,False,8000,8000,6.510454966246471e-07,9.437361550013179e-07,10.0,0,0,6.611035284951498e-05,28.098587088330618,28.204026095810903,28.637444447596287,1.0016340922523065e-05,1.0016389563010768e-05,1.0016646422525322e-05,28.098587088330618,28.204026095810903,28.637444447596287,1.0016340922523065e-05,1.0016389563010768e-05,1.0016646422525322e-05,1.0000009143124624,1.0000009143124624,8b4cfa82049e50f8,8b4cfa82049e50f8,True,True,0.8203999968827702,4.950200003804639,5.770600000687409,0.8346000031451695,306.4312999995309,307.26590000267606
disturbance_step60,11,76.00000000000003,76.00000000000003,75.99999999999999,75.99999999999999,-4.263256414560601e-14,-205373.05778345736,optimal,-205353.13854044606,False,False,8000,8000,5.271956950991807e-07,7.663936028023954e-07,10.0,0,0,9.699053627676305e-05,28.17696474743232,28.325927123648107,28.905878723964744,1.001800935059378e-05,1.0018097472067574e-05,1.0018526362451092e-05,28.17696474743232,28.325927123648107,28.905878723964744,1.001800935059378e-05,1.0018097472067574e-05,1.0018526362451092e-05,1.0000009465851527,1.0000009465851527,8ea45fc491ca365b,8ea45fc491ca365b,True,True,0.8044999995036051,5.242699997324962,6.047199996828567,0.9487999996053986,290.5488000033074,291.4976000029128
disturbance_step60,12,80.00000000000001,80.00000000000001,79.99999999999999,79.99999999999999,-2.842170943040401e-14,-214088.40840139062,optimal,-214063.13296501807,False,False,8000,8000,5.29231968471322e-07,7.548049483219188e-07,10.0,0,0,0.00011806074210783949,28.287695303581557,28.48611411336325,29.228022559149494,1.0019707186055292e-05,1.0019852307914455e-05,1.0020521334415317e-05,28.287695303581557,28.48611411336325,29.228022559149494,1.0019707186055292e-05,1.0019852307914455e-05,1.0020521334415317e-05,1.000000988985778,1.000000988985778,b37574cac608723e,b37574cac608723e,True,True,0.8672999974805862,5.1584999964688905,6.025799993949477,0.7872999995015562,286.9258999999147,287.71319999941625
disturbance_step60,13,84.00000000000001,84.00000000000001,83.99999999999999,83.99999999999999,-2.842170943040401e-14,-222512.43116136317,optimal,-222480.52245021955,False,False,8000,8000,5.225643917583511e-07,7.480035151274933e-07,10.0,0,0,0.0001434019258027652,28.435189073687383,28.68811443723295,29.60491107244096,1.0021447366458453e-05,1.0021670668093506e-05,1.002266335713411e-05,28.435189073687383,28.68811443723295,29.60491107244096,1.0021447366458453e-05,1.0021670668093506e-05,1.002266335713411e-05,1.0000010434153785,1.0000010434153785,d70bd621a1477565,d70bd621a1477565,True,True,0.887200003489852,5.044499994255602,5.931699997745454,0.7654000000911765,289.86969999823486,290.63509999832604
disturbance_step60,14,88.0,88.0,87.99999999999999,87.99999999999999,-1.4210854715202004e-14,-230627.10977855098,optimal,-230592.7598747539,True,True,201,8000,5.843701842422888e-07,8.49508809963595e-07,10.0,0,0,0.0001489413097618321,28.623200041918288,28.934857331659494,30.03718676868891,1.0023245495954168e-05,1.0023572281445382e-05,1.0024990765584491e-05,28.623200041918288,28.934857331659494,30.037186768688905,1.0023245495954168e-05,1.0023572281445382e-05,1.0024990765584491e-05,1.0000011121797336,1.0000011121797336,7834316f3b56273f,7834316f3b56273f,True,True,0.8386000044993125,4.918499995255843,5.757099999755155,0.7799000013619661,8.961599996837322,9.741499998199288
disturbance_step60,15,91.99999999999999,91.99999999999999,91.99999999999997,91.99999999999997,-1.4210854715202004e-14,-238414.82183393,optimal,-238380.63947815172,True,True,201,8000,5.896290815599059e-07,8.164698330759279e-07,10.0,0,0,0.00014337345101035726,28.854869120086413,29.22872865371056,30.525195733226727,1.0025120171607514e-05,1.0025580580941484e-05,1.0027549973976509e-05,28.854869120086413,29.22872865371056,30.525195733226727,1.0025120171607514e-05,1.0025580580941484e-05,1.0027549973976509e-05,1.0000011981334345,1.0000011981334345,462c1250876883bb,462c1250876883bb,True,True,0.7733999955235049,5.145200004335493,5.918599999858998,0.8030000026337802,9.250600000086706,10.053600002720486
disturbance_step60,16,96.0,96.0,95.99999999999999,95.99999999999997,-2.842170943040401e-14,-245858.3444549164,optimal,-245826.03792291766,True,True,201,8000,6.278478679178079e-07,8.693919939517514e-07,10.0,0,0,0.00013140303238571324,29.132775953652295,29.571636766375924,31.069051976588753,1.0027093488534011e-05,1.0027723503453636e-05,1.0030397793205575e-05,29.132775953652295,29.571636766375924,31.069051976588753,1.0027093488534011e-05,1.0027723503453636e-05,1.0030397793205575e-05,1.0000013048593073,1.0000013048593073,008772fb4277ad19,008772fb4277ad19,True,True,1.1253999982727692,5.261300000711344,6.386699998984113,0.8248000012827106,8.888500000466593,9.713300001749303
disturbance_step60,17,100.0,100.0,99.99999999999997,99.99999999999997,-2.842170943040401e-14,-252940.85657528054,optimal,-252907.01858764654,False,False,8000,8000,6.361106414942697e-07,8.808336362520208e-07,10.0,0,0,0.00013377825983551612,29.459001193484145,29.965072618383886,31.66868726952701,1.0029191757879237e-05,1.0030034571632905e-05,1.0033604465787608e-05,29.459001193484145,29.965072618383886,31.66868726952701,1.0029191757879237e-05,1.0030034571632905e-05,1.0033604465787608e-05,1.0000014368973875,1.0000014368973875,fae74bf2bc99669f,fae74bf2bc99669f,True,True,0.8267000011983328,5.257999997411389,6.084699998609722,1.1527999959071167,297.10899999918183,298.26179999508895
disturbance_step60,18,104.00000000000001,104.00000000000001,103.99999999999996,103.99999999999996,-5.684341886080802e-14,-259645.93848475255,optimal,-259612.1924459887,True,True,201,8000,6.76804603472192e-07,9.810758152539734e-07,10.0,0,0,0.00012996944593386654,29.83518713825559,30.410166831002797,32.32388788410938,1.0031446486637145e-05,1.003255432719756e-05,1.0037257650833878e-05,29.83518713825559,30.410166831002797,32.32388788410938,1.0031446486637145e-05,1.003255432719756e-05,1.0037257650833878e-05,1.0000016000414043,1.0000016000414043,a2d55434f5188a28,a2d55434f5188a28,True,True,0.8015999992494471,4.926800000248477,5.728399999497924,0.7790000017848797,8.701099999598227,9.480100001383107
disturbance_step60,19,108.00000000000001,108.00000000000001,107.99999999999996,107.99999999999996,-5.684341886080802e-14,-265957.5692540158,optimal,-265928.56538774795,True,True,201,8000,6.510827006422915e-07,9.116207317916292e-07,10.0,0,0,0.00010905448695876914,30.26259573381852,30.907740544433675,33.03432342597463,1.0033895682563044e-05,1.0035332213742204e-05,1.0041467676231376e-05,30.26259573381852,30.907740544433675,33.03432342597463,1.0033895682563044e-05,1.0035332213742204e-05,1.0041467676231376e-05,1.0000018017276073,1.0000018017276073,000965a73a098465,000965a73a098465,True,True,0.8407999994233251,5.246699998679105,6.08749999810243,0.80080000043381,8.585899995523505,9.386699995957315
disturbance_step60,20,112.0,112.0,111.99999999999996,111.99999999999996,-4.263256414560601e-14,-271860.12251244276,optimal,-271837.4786386588,True,True,201,8000,6.837688459881974e-07,9.468268276080494e-07,10.0,0,0,8.329236952647074e-05,30.742161255455276,31.45835074073644,33.799569377951165,1.0036585572181912e-05,1.0038429042220354e-05,1.0046374493864521e-05,30.742161255455276,31.45835074073644,33.799569377951165,1.0036585572181912e-05,1.0038429042220354e-05,1.0046374493864521e-05,1.000002051549314,1.000002051549314,62a5fbdd6bc61302,62a5fbdd6bc61302,True,True,0.9538000012980774,5.751999997301027,6.705799998599105,0.8635999984107912,8.623100002296269,9.48670000070706
disturbance_step60,21,116.0,116.0,115.99999999999996,115.99999999999996,-4.263256414560601e-14,-277338.3609672305,optimal,-277322.4348983256,False,False,8000,8000,7.106024497716135e-07,9.83983750479922e-07,10.0,0,0,5.742468820111486e-05,31.274537519628144,32.06232983559645,34.619125239305966,1.0039572851893256e-05,1.0041920221372836e-05,1.0052156935043224e-05,31.274537519628144,32.06232983559645,34.619125239305966,1.0039572851893256e-05,1.0041920221372836e-05,1.0052156935043224e-05,1.000002361942879,1.000002361942879,2c1e0ce8e8b0310e,2c1e0ce8e8b0310e,True,True,0.8140999998431653,5.4753999938839115,6.289499993727077,0.8029000018723309,289.5141999979387,290.31709999981103
disturbance_step60,22,119.99999999999999,119.99999999999999,119.99999999999994,119.99999999999994,-4.263256414560601e-14,-282249.2947156021,optimal,-282197.1104831328,False,False,8000,8000,6.560768213148549e-07,9.557638476209718e-07,10.0,0,0,0.0001848870252158545,31.860139431473698,32.71982012895055,35.49242921855301,1.0042927636276365e-05,1.0045900001126806e-05,1.0059045087611502e-05,31.860139431473698,32.71982012895055,35.492429218553006,1.0042927636276365e-05,1.0045900001126806e-05,1.0059045087611502e-05,1.0000027491075865,1.0000027491075865,c0e28f2bf04cae41,c0e28f2bf04cae41,True,True,0.9082000033231452,5.377800000132993,6.286000003456138,0.8214999979827553,255.89190000027884,256.7133999982616
disturbance_step60,23,123.99999999999999,123.99999999999999,124.00000043308006,123.99999999999994,-4.263256414560601e-14,-285922.7658009261,optimal,-285869.90915312816,False,False,8000,8000,6.280502020672429e-07,9.073958553429406e-07,10.0,0,0,0.0001848633761279558,32.499179256904526,33.43080354993059,36.4188703028621,1.0046737327042226e-05,1.0050487067028725e-05,1.0067336928314506e-05,32.499179256904526,33.43080354993059,36.4188703028621,1.0046737327042226e-05,1.0050487067028725e-05,1.0067336928314506e-05,1.0000032342458494,1.0000032342458494,119518f418cd06f3,119518f418cd06f3,True,True,0.8162000012816861,5.106000004161615,5.922200005443301,0.891399999090936,203.74810000066645,204.6394999997574
disturbance_step60,24,127.99999999999997,127.99999999999997,127.99999999999994,127.99999999999994,-2.842170943040401e-14,-287335.9380485216,optimal,-287286.2814661957,False,False,8000,8000,6.228402753549744e-07,8.99869019299615e-07,10.0,0,0,0.00017281716538161687,33.19169804282029,34.195127258322415,37.39779823444413,1.005111170702066e-05,1.0055831947088486e-05,1.0077420781319361e-05,33.19169804282029,34.195127258322415,37.39779823444413,1.005111170702066e-05,1.0055831947088486e-05,1.0077420781319361e-05,1.0000038452434135,1.0000038452434135,8d4b2a38b9170216,8d4b2a38b9170216,True,True,0.818600005004555,4.924699998809956,5.743300003814511,0.8041000037337653,175.74469999817666,176.54880000191042
disturbance_step60,25,130.0,130.0,130.0,130.0,0.0,-285421.42745096504,optimal,-285377.6507268042,False,False,8000,8000,5.973793264502092e-07,8.630833123746129e-07,10.0,0,0,0.0001533757453032999,33.937592712032945,35.01252560136736,38.428531814316294,1.005618967429849e-05,1.0062126862556018e-05,1.0089805789359043e-05,33.937592712032945,35.01252560136736,38.42853181431629,1.005618967429849e-05,1.0062126862556018e-05,1.0089805789359043e-05,1.000004618956481,1.000004618956481,8d029e165e089211,8d029e165e089211,False,False,0.8639000006951392,5.208700000366662,6.072600001061801,0.8276000007754192,183.50099999952363,184.32860000029905
disturbance_step60,26,130.0,130.0,130.0,130.0,0.0,-281039.5681684587,optimal,-281001.4067554634,False,False,8000,8000,5.907816529315824e-07,8.25190352493621e-07,10.0,0,0,0.00013578661981282294,34.73663933886757,35.88263890591762,39.51036584016606,1.0062148184087887e-05,1.0069618889944927e-05,1.0105163455459045e-05,34.73663933886757,35.88263890591762,39.51036584016606,1.0062148184087887e-05,1.0069618889944927e-05,1.0105163455459045e-05,1.000005604339681,1.000005604339681,4a9499a2553ffa43,4a9499a2553ffa43,False,False,1.2864000018453225,6.317699997453019,7.604099999298342,0.898600002983585,178.803800001333,179.7024000043166
disturbance_step60,27,130.0,130.0,130.0,130.0,0.0,-276122.11941677064,optimal,-276086.99484195595,False,False,8000,8000,6.886171490805282e-07,9.989189768688789e-07,10.0,0,0,0.00012720666815422445,35.588513092118006,36.80502953120535,40.64257692132614,1.0069214176848358e-05,1.007862763007317e-05,1.0124384554526784e-05,35.588513092118006,36.80502953120535,40.64257692132614,1.0069214176848358e-05,1.007862763007317e-05,1.0124384554526784e-05,1.0000068667446973,1.0000068667446973,bd545d5539f4b404,bd545d5539f4b404,False,False,0.8226999998441897,4.7952000022633,5.61790000210749,0.7869000037317164,191.53969999752007,192.3266000012518
disturbance_step60,28,130.0,130.0,130.0,130.0,0.0,-271205.79345906223,optimal,-271173.0400641594,False,False,8000,8000,5.629272834539734e-07,8.133073778893163e-07,10.0,0,0,0.00012076952518295171,36.49280528639048,37.77919556259234,41.82442836075676,1.00776805645182e-05,1.0089569039656569e-05,1.0148657494724979e-05,36.49280528639048,37.77919556259234,41.824428360756755,1.00776805645182e-05,1.0089569039656569e-05,1.0148657494724979e-05,1.0000084938573894,1.0000084938573894,d22ee01681297e98,d22ee01681297e98,False,False,0.8354000019608065,4.975299998477567,5.8107000004383735,0.7990000012796372,177.10909999732394,177.90809999860357
disturbance_step60,29,130.0,130.0,130.0,130.0,0.0,-266304.0675836935,optimal,-266273.25741258945,False,False,8000,8000,5.667608320436557e-07,8.188460016711474e-07,10.0,0,0,0.00011569545814170306,37.44903793778678,38.80458247844509,43.055174257720964,1.008792775660128e-05,1.0102987727945598e-05,1.0179576783908196e-05,37.44903793778678,38.80458247844509,43.055174257720964,1.008792775660128e-05,1.0102987727945598e-05,1.0179576783908196e-05,1.000010603941939,1.000010603941939,f901d2f0145b092a,f901d2f0145b092a,False,False,0.8088999966275878,4.953399999067187,5.762299995694775,0.8153000017045997,177.8405000004568,178.6558000021614
disturbance_step60,30,130.0,130.0,130.0,130.0,0.0,-261427.8559712686,optimal,-261400.58963517955,False,False,8000,8000,5.538200298360607e-07,8.00149433821673e-07,10.0,0,0,0.00010429774588365492,38.45667617246797,39.88059307969843,44.3262958722187,1.0100452783556139e-05,1.0119600936431953e-05,1.0219294017606023e-05,38.45667617246797,39.88059307969843,44.3262958722187,1.0100452783556139e-05,1.0119600936431953e-05,1.0219294017606023e-05,1.0000133502968045,1.0000133502968045,15938d8f682801bc,15938d8f682801bc,False,False,0.8254999993368983,5.121099995449185,5.946599994786084,1.2484999970183708,176.7875000005006,178.03599999751896
disturbance_step60,31,130.00000000000003,130.00000000000003,130.0,130.0,-2.842170943040401e-14,-256586.0144209544,optimal,-256564.49295571935,False,False,8000,8000,5.940074032650955e-07,8.616766002944587e-07,10.0,0,0,8.387622093725754e-05,39.51513879282677,41.00370911940794,45.62384309440205,1.0115908887980325e-05,1.0140358723565776e-05,1.027064961864798e-05,39.51513879282677,41.00370911940794,45.62384309440205,1.0115908887980325e-05,1.0140358723565776e-05,1.027064961864798e-05,1.0000169276166246,1.0000169276166246,e7de6d78d2a63596,e7de6d78d2a63596,False,False,0.82230000407435,4.95519999822136,5.77750000229571,0.7887000028858893,179.35510000097565,180.14380000386154
disturbance_step60,32,130.0,130.0,130.0,130.0,0.0,-251785.7341880738,optimal,-251766.7354706262,False,False,8000,8000,5.815429062749899e-07,8.435953509078331e-07,10.0,0,0,7.54558931184887e-05,40.62166136640788,42.167626743408356,46.936965864865606,1.0135159609374298e-05,1.0166511340095578e-05,1.0337306087914461e-05,40.62166136640788,42.167626743408356,46.936965864865606,1.0135159609374298e-05,1.0166511340095578e-05,1.0337306087914461e-05,1.0000215859513406,1.0000215859513406,f7fa3165f50aafc4,f7fa3165f50aafc4,False,False,0.7954000029712915,4.7961000018403865,5.591500004811678,0.7886000021244399,175.30180000176188,176.09040000388632
disturbance_step60,33,130.0,130.0,130.0,130.0,0.0,-247032.84415578103,optimal,-247017.19795643422,False,False,8000,8000,5.690607309816187e-07,8.254885583980354e-07,10.0,0,0,6.333651462533629e-05,41.77084845737516,43.36566791672194,48.25708836034172,1.0159342426202962e-05,1.0199689056691248e-05,1.0423972055584554e-05,41.77084845737516,43.36566791672194,48.25708836034172,1.0159342426202962e-05,1.0199689056691248e-05,1.0423972055584554e-05,1.00002764480365,1.00002764480365,971a710837f5cd28,971a710837f5cd28,False,False,0.8043999987421557,4.840499997953884,5.64489999669604,0.778199995693285,174.9377000014647,175.71589999715798
disturbance_step60,34,130.0,130.0,130.0,130.0,0.0,-242332.0494110759,optimal,-242319.05266855482,False,False,8000,8000,5.568277714473879e-07,8.07743217201562e-07,10.0,0,0,5.363195892857623e-05,42.956351227797434,44.59092597223202,49.57797689401695,1.018994412676557e-05,1.0242010082863206e-05,1.053668028779401e-05,42.956351227797434,44.59092597223202,49.57797689401695,1.018994412676557e-05,1.0242010082863206e-05,1.053668028779401e-05,1.0000355128009815,1.0000355128009815,60fa5e6688e1f474,60fa5e6688e1f474,False,False,0.8533000000170432,4.815599997527897,5.668899997544941,0.7815999997546896,171.08569999982137,171.86729999957606
disturbance_step60,35,130.0,130.0,130.0,130.0,0.0,-237687.12104444232,optimal,-237676.30456377682,False,False,8000,8000,5.44838371752121e-07,7.903511862750179e-07,10.0,0,0,4.550722234312912e-05,44.17140619546908,45.83695172260525,50.89495729321921,1.0228899307463622e-05,1.0296214244032106e-05,1.0683152902901279e-05,44.17140619546908,45.83695172260525,50.89495729321921,1.0228899307463622e-05,1.0296214244032106e-05,1.0683152902901279e-05,1.0000457117886863,1.0000457117886863,ce25cdb2f56292bb,ce25cdb2f56292bb,False,False,0.8428000001003966,5.071400002634618,5.914200002735015,0.7805999994161539,173.07740000251215,173.8580000019283
disturbance_step60,36,130.0,130.0,130.0,130.0,0.0,-233101.04983733257,optimal,-233092.0150784694,False,False,8000,8000,6.873576268162651e-07,9.9619439897225e-07,10.0,0,0,3.875897971939105e-05,45.40948352759255,47.097838917598104,52.2045545514495,1.0278713971231812e-05,1.036583429649087e-05,1.0873268743414286e-05,45.40948352759255,47.097838917598104,52.2045545514495,1.0278713971231812e-05,1.036583429649087e-05,1.0873268743414286e-05,1.000058908674502,1.000058908674502,f6bd19bc4bd4e60f,f6bd19bc4bd4e60f,False,False,0.7601000033901073,5.029199994169176,5.789299997559283,0.8391000010306016,171.61960000521503,172.45870000624564
disturbance_step60,37,130.0,130.0,130.0,130.0,0.0,-228576.1718164679,optimal,-228569.4192993579,False,False,8000,8000,6.72253804623324e-07,9.74304282586047e-07,10.0,0,0,2.954164931676025e-05,46.66451695380042,48.36835320017051,53.50412826644477,1.0342623010345865e-05,1.0455411819631811e-05,1.1119674734577008e-05,46.66451695380042,48.36835320017051,53.50412826644477,1.0342623010345865e-05,1.0455411819631811e-05,1.1119674734577008e-05,1.0000759571416173,1.0000759571416173,8ab39320150e3d5f,8ab39320150e3d5f,False,False,0.7822000043233857,4.8937999963527545,5.67600000067614,0.785700001870282,172.68659999535885,173.47229999722913
disturbance_step60,38,130.0,130.0,130.0,130.0,0.0,-224114.27177852174,optimal,-224109.2270694315,False,False,8000,8000,6.576731976792871e-07,9.531724574074474e-07,10.0,0,0,2.2509539665752435e-05,47.931058634757065,49.64391516037741,54.79166265923367,1.0424789135198688e-05,1.0570772044380092e-05,1.1438591403752979e-05,47.931058634757065,49.64391516037741,54.79166265923367,1.0424789135198688e-05,1.0570772044380092e-05,1.1438591403752979e-05,1.0000979538377246,1.0000979538377246,54a16dc53a1d5c0f,54a16dc53a1d5c0f,False,False,0.7982000024640001,5.078900001535658,5.877100003999658,0.8067000017035753,180.30759999965085,181.11430000135442
disturbance_step60,39,130.0,130.0,130.0,130.0,0.0,-219716.6690321443,optimal,-219714.1029049212,False,False,8000,8000,6.426081000654449e-07,9.313384454756601e-07,10.0,0,0,1.1679255991095873e-05,49.204306314942166,50.92057550494545,56.06560239687443,1.0530555493521728e-05,1.0719374634412519e-05,1.1850890373346329e-05,49.204306314942166,50.92057550494545,56.06560239687443,1.0530555493521728e-05,1.0719374634412519e-05,1.1850890373346329e-05,1.0001263149983302,1.0001263149983302,86ed1bb2c9313ac7,86ed1bb2c9313ac7,False,False,0.8276000007754192,5.205400004342664,6.033000005118083,0.8269999962067232,194.54679999762448,195.3737999938312
disturbance_step60,40,130.0,130.0,130.0,130.0,0.0,-215384.2885411067,optimal,-215383.22518775126,False,False,8000,8000,6.288321259262375e-07,9.113728198784088e-07,10.0,0,0,4.9370052137124645e-06,50.48009183635129,52.194957759675056,57.32474554955666,1.0666767540547945e-05,1.0910765749966646e-05,1.2383552396445595e-05,50.48009183635129,52.194957759675056,57.32474554955666,1.0666767540547945e-05,1.0910765749966646e-05,1.2383552396445595e-05,1.0001628826826376,1.0001628826826376,9b3324edba12acef,9b3324edba12acef,False,False,0.9183000001939945,5.091699997137766,6.009999997331761,0.774799998907838,175.20859999785898,175.98339999676682
disturbance_step60,41,130.0,130.0,130.0,130.0,0.0,-211118.63702029592,optimal,-211118.60870145913,True,True,501,8000,6.800879503998658e-07,9.86546403680677e-07,10.0,0,0,1.3413707675963293e-07,51.75483560174435,53.464199514395304,58.56816376746488,1.0842186462087133e-05,1.1157166424599135e-05,1.3071662770483217e-05,51.75483560174435,53.464199514395304,58.56816376746488,1.0842186462087133e-05,1.1157166424599135e-05,1.3071662770483217e-05,1.000210073755604,1.000210073755604,80e02de491f7aa2b,80e02de491f7aa2b,False,False,0.8572000006097369,4.753100001835264,5.610300002445001,0.7932000007713214,12.471299996832386,13.264499997603707
disturbance_step60,42,130.0,130.0,130.0,130.0,0.0,-206922.3674493509,optimal,-206922.33848820187,True,True,451,8000,6.726401977630303e-07,9.757425543099885e-07,10.0,0,0,1.3996142293904575e-07,53.02549121637784,54.72589075682159,59.79514556110168,1.1068025253675922e-05,1.1474247701261865e-05,1.3961166177047804e-05,53.02549121637784,54.72589075682159,59.79514556110168,1.1068025253675922e-05,1.1474247701261865e-05,1.3961166177047804e-05,1.0002710907268957,1.0002710907268957,5ec467693be3925d,5ec467693be3925d,False,False,0.8081999985734001,4.619300001650117,5.427500000223517,1.235799994901754,11.765100003685802,13.000899998587556
disturbance_step60,43,130.00000000000003,130.00000000000003,129.99999999999997,129.99999999999997,-5.684341886080802e-14,-202795.50063490059,optimal,-202795.46046358292,True,True,351,8000,6.654839239672583e-07,9.65361528493247e-07,10.0,0,0,1.9808781513393842e-07,54.28948544658738,55.97801639829211,61.005153326433316,1.1358651936153698e-05,1.1882164517023144e-05,1.5112695179349738e-05,54.28948544658738,55.97801639829211,61.005153326433316,1.1358651936153698e-05,1.1882164517023144e-05,1.5112695179349738e-05,1.0003502217184117,1.0003502217184117,34c7a5744cd37d61,34c7a5744cd37d61,False,False,0.8494000067003071,5.134999999427237,5.984400006127544,0.8376999976462685,10.295599997334648,11.133299994980916
disturbance_step60,44,130.0,130.0,130.00000000000003,130.0,0.0,-198737.70980015665,optimal,-198737.68754416975,True,True,201,8000,6.579608111678681e-07,9.544483745571597e-07,10.0,0,0,1.1198673327883165e-07,55.544660094629194,57.21890324691535,62.19779083408779,1.1732523445269194e-05,1.240695156285074e-05,1.6606913172483163e-05,55.544660094629194,57.21890324691535,62.19779083408779,1.1732523445269194e-05,1.240695156285074e-05,1.6606913172483163e-05,1.0004532681750724,1.0004532681750724,e85d8452cc53df96,e85d8452cc53df96,False,False,0.9432000006199814,5.18749999901047,6.130699999630451,0.8613000027253293,6.251699996937532,7.112999999662861
disturbance_step60,45,130.0,130.0,130.0,130.0,0.0,-194747.84178402944,optimal,-194742.7347370034,True,True,201,8000,5.523933594986374e-07,8.005893166185274e-07,10.0,0,0,2.6223895367781327e-05,56.78921767445046,58.44717272868527,63.372777800977815,1.221344127067576e-05,1.3082428465613039e-05,1.8551986542778255e-05,56.78921767445046,58.44717272868527,63.372777800977815,1.221344127067576e-05,1.3082428465613039e-05,1.8551986542778255e-05,1.000588154251119,1.000588154251119,62a3b68bbbfc394c,62a3b68bbbfc394c,False,False,0.7965000040712766,5.35669999953825,6.153200003609527,0.8205999984056689,7.5342000054661185,8.354800003871787
disturbance_step60,46,130.0,130.0,130.0,130.0,0.0,-190823.04102907213,optimal,-190810.6376267795,True,True,201,8000,6.650845421063423e-07,9.640867668636588e-07,10.0,0,0,6.49995001952915e-05,58.02167234021292,59.6616991361294,64.52992981579379,1.283225903535136e-05,1.3952823801894359e-05,2.1094037516679137e-05,58.02167234021292,59.6616991361294,64.52992981579379,1.283225903535136e-05,1.3952823801894359e-05,2.1094037516679137e-05,1.0007657922929523,1.0007657922929523,dfdaf67bc2ef0b31,dfdaf67bc2ef0b31,False,False,0.8659999948577024,4.953700001351535,5.819699996209238,0.8992000002763234,7.875000002968591,8.774200003244914
disturbance_step60,47,130.0,130.0,130.0,130.0,0.0,-186962.37696064464,optimal,-186943.41054137188,True,True,201,8000,5.436541528069938e-07,7.898912492976251e-07,10.0,0,0,0.00010144511201164478,59.24080627823817,60.861573248056025,65.66914222531285,1.3629227439716847e-05,1.5076414058007539e-05,2.4431749600808675e-05,59.24080627823817,60.861573248056025,65.66914222531285,1.3629227439716847e-05,1.5076414058007539e-05,2.4431749600808675e-05,1.0010013058592766,1.0010013058592766,1b1458e116e19f25,1b1458e116e19f25,False,False,0.8338000043295324,4.661799997847993,5.495600002177525,0.8628000068711117,7.744599999568891,8.607400006440002
disturbance_step60,48,130.0,130.0,130.0,130.0,0.0,-183164.91513296502,optimal,-183140.08669744004,True,True,201,8000,5.483017559981818e-07,7.966439286022364e-07,10.0,0,0,0.00013555235459233148,60.44563150282925,62.04607084493373,66.79037712551897,1.4657239205824328e-05,1.6530593465596096e-05,2.8836727925755534e-05,60.44563150282925,62.04607084493373,66.79037712551897,1.4657239205824328e-05,1.6530593465596096e-05,2.8836727925755534e-05,1.0013157471013459,1.0013157471013459,78105417218a633d,78105417218a633d,False,False,0.8018999942578375,4.9559000035515055,5.757799997809343,0.8263999989139847,7.779999999911524,8.606399998825509
disturbance_step60,49,130.0,130.0,129.99999999999997,129.99999999999997,-2.842170943040401e-14,-179429.4913597434,optimal,-179399.47040565708,True,True,201,8000,6.11644779269227e-07,8.886768654292609e-07,10.0,0,0,0.0001673133767410563,61.63535669095369,63.214625663276244,67.89365282436219,1.5986343757010025e-05,1.8418955140258733e-05,3.468179049773321e-05,61.63535669095369,63.214625663276244,67.89365282436219,1.5986343757010025e-05,1.8418955140258733e-05,3.468179049773321e-05,1.0017384914685026,1.0017384914685026,c05ad60fb9db758c,c05ad60fb9db758c,False,False,0.9143999996013008,5.306699997163378,6.2210999967646785,0.8196999988285825,8.146000000124332,8.965699998952914
disturbance_step60,50,130.0,130.0,130.0,130.0,0.0,-175754.6587114928,optimal,-175720.0840778407,True,True,201,8000,5.602647092928237e-07,8.14025252537931e-07,10.0,0,0,0.00019672100816893248,62.809358627771545,64.3668063085973,68.97903535661558,1.771004879334599e-05,2.088118832276349e-05,4.248012413352589e-05,62.809358627771545,64.3668063085973,68.97903535661558,1.771004879334599e-05,2.088118832276349e-05,4.248012413352589e-05,1.00231055276414,1.00231055276414,9891ca22799da80a,9891ca22799da80a,False,False,0.8413000032305717,4.973000002792105,5.814300006022677,0.8092999996733852,7.878699994762428,8.687999994435813
disturbance_step60,51,130.0,130.0,130.0,130.0,0.0,-172138.60261126157,optimal,-172100.08379857015,True,True,201,8000,6.75781194559022e-07,9.802989779927884e-07,10.0,0,0,0.00022376626803710114,63.967157802997406,65.50229669912932,70.04663175947266,1.9954127492003092e-05,2.4106900556497154e-05,5.2939230035971814e-05,63.967157802997406,65.50229669912932,70.04663175947266,1.9954127492003092e-05,2.4106900556497154e-05,5.2939230035971814e-05,1.0030891393708201,1.0030891393708201,76da1e0fbbc7bc9c,76da1e0fbbc7bc9c,False,False,0.8048000017879531,5.025999998906627,5.83080000069458,0.8149999994202517,7.79030000558123,8.605300005001482
disturbance_step60,52,130.0,130.0,130.0,130.0,0.0,-168579.00984923483,optimal,-168537.12785959902,False,False,8000,8000,5.373015881104948e-07,7.806615212047063e-07,10.0,0,0,0.00024844130757010894,65.10839773149327,66.62087966539488,71.09658492755247,2.288892387473418e-05,2.835488283289929e-05,6.703486721298836e-05,65.10839773149327,66.62087966539488,71.09658492755247,2.288892387473418e-05,2.835488283289929e-05,6.703486721298836e-05,1.0041538720862666,1.0041538720862666,45ce2f4060439a62,45ce2f4060439a62,False,False,0.7757999992463738,5.239599995547906,6.015399994794279,0.87599999824306,303.6677000054624,304.54370000370545
disturbance_step60,53,130.0,130.0,130.0,130.0,0.0,-165072.8686270707,optimal,-165028.17762950246,False,False,8000,8000,5.214189968683058e-07,7.57585219446355e-07,10.0,0,0,0.0002707349665630763,66.23282762269277,67.72242340235866,72.12906995180523,2.6746518406205812e-05,3.397988237098351e-05,8.611184642383666e-05,66.23282762269277,67.72242340235866,72.12906995180523,2.6746518406205812e-05,3.397988237098351e-05,8.611184642383666e-05,1.0056152093333455,1.0056152093333455,5e34a0675036899a,5e34a0675036899a,False,False,0.8144000021275133,4.683599996496923,5.497999998624437,0.7769000003463589,308.97579999873415,309.7526999990805
disturbance_step60,54,130.0,130.0,130.0,130.0,0.0,-161616.161465562,optimal,-161569.19011905737,False,False,8000,8000,5.30629364448032e-07,7.709673424116659e-07,10.0,0,0,0.0002906352067682658,67.34028809419581,68.80687054634416,73.14429192629689,3.1844611049781495e-05,4.146967191003758e-05,0.00011202061419671508,67.34028809419581,68.80687054634416,73.14429192629689,3.1844611049781495e-05,4.146967191003758e-05,0.00011202061419671508,1.0076257803464352,1.0076257803464352,16cdbb91f360a9d6,16cdbb91f360a9d6,False,False,0.9005000028992072,5.208800001128111,6.109300004027318,0.8315000013681129,301.51610000029905,302.34760000166716
disturbance_step60,55,130.0,130.0,130.0,130.0,0.0,-158203.385028788,optimal,-158154.6386335131,False,False,8000,8000,6.882289937948372e-07,9.9745731763079e-07,10.0,0,0,0.0003081248562793972,68.43069970476235,69.87422973194207,74.1424852831402,3.8619637364567744e-05,5.1496155359949457e-05,0.00014730119077533538,68.43069970476235,69.87422973194207,74.1424852831402,3.8619637364567744e-05,5.1496155359949457e-05,0.00014730119077533538,1.0103955169547845,1.0103955169547845,a4681cb34236a826,a4681cb34236a826,False,False,0.8602000016253442,5.543899998883717,6.404100000509061,0.8375999968848191,313.132700001006,313.97029999789083
disturbance_step60,56,130.0,130.0,130.0,130.0,0.0,-154826.7786214304,optimal,-154776.74158551043,False,False,8000,8000,5.329182641844454e-07,7.742931193988056e-07,10.0,0,0,0.0003231807595913698,69.50405417141482,70.92456957340303,75.12391479571389,4.767250118687801e-05,6.498548706359971e-05,0.00019542929915612135,69.50405417141482,70.92456957340303,75.12391479571389,4.767250118687801e-05,6.498548706359971e-05,0.00019542929915612135,1.0142117107504625,1.0142117107504625,2a6b4c4d0e826b4e,2a6b4c4d0e826b4e,False,False,1.1623000027611852,5.381499999202788,6.543800001963973,0.8832000021357089,307.83729999529896,308.7204999974347
disturbance_step60,57,130.0,130.0,130.0,130.0,0.0,-151475.0412021802,optimal,-151424.18155768924,False,False,8000,8000,6.350218910711192e-07,9.226427168940177e-07,10.0,0,0,0.0003357625394081135,70.56040823389368,71.95801511327059,76.08887847756213,5.983144181865133e-05,8.321377814267008e-05,0.0002611435762269551,70.56040823389368,71.95801511327059,76.08887847756213,5.983144181865133e-05,8.321377814267008e-05,0.0002611435762269551,1.0194654224269861,1.0194654224269861,004b3d16fc53e669,004b3d16fc53e669,False,False,0.8928000024752691,4.845399998885114,5.738200001360383,0.789400000940077,307.3621999938041,308.1515999947442
disturbance_step60,58,130.0,130.0,130.0,130.0,0.0,-148131.11077336658,optimal,-148079.88602470316,False,False,8000,8000,5.12887424974906e-07,7.43332958741405e-07,10.0,0,0,0.000345806822050655,71.59988023965897,72.97474689074431,77.03771270348128,7.623802393224716e-05,0.00010793700677174491,0.0003508777483324832,71.59988023965897,72.97474689074431,77.03771270348128,7.623802393224716e-05,0.00010793700677174491,0.0003508777483324832,1.026686052093552,1.026686052093552,98602c18654e5ed3,98602c18654e5ed3,False,False,0.7803000044077635,4.926199995679781,5.706500000087544,0.764199998229742,324.3841000003158,325.14829999854555
disturbance_step60,59,130.0,130.0,130.0,130.0,0.0,-144768.14654226837,optimal,-144717.01502231657,False,False,8000,8000,5.178071518230354e-07,7.504631982513388e-07,10.0,0,0,0.0003531959286147212,72.62264964699989,73.97500290738093,77.97079999456433,9.846413029699087e-05,0.00014156634928201114,0.00047332777320754406,72.62264964699989,73.97500290738093,77.97079999456433,9.846413029699087e-05,0.00014156634928201114,0.00047332777320754406,1.036586351208483,1.036586351208483,18b24ae1e62f3625,18b24ae1e62f3625,False,False,0.7886000021244399,4.731799999717623,5.520400001842063,0.7620999967912212,302.8908999986015,303.65299999539275
disturbance_step60,60,129.99999999999997,129.99999999999997,130.0,130.0,2.842170943040401e-14,-197793.40084083733,optimal,-197793.37956402695,True,True,201,8000,6.577995890211241e-07,9.5421455803546e-07,10.0,0,0,1.0757088098311795e-07,58.62895978704019,59.95908391297364,63.88858004554176,0.00012867025852995748,0.00018740344468097845,0.0006401914369111172,58.62895978704019,59.95908391297364,63.888580045541744,0.00012867025852995748,0.00018740344468097845,0.0006401914369111172,1.0037383227045942,1.0037383227045942,96e04a2345972c95,96e04a2345972c95,False,False,0.7867000022088178,4.989799999748357,5.776500001957174,0.7842000050004572,6.148399996163789,6.932600001164246
disturbance_step60,61,130.0,130.0,130.0,130.0,0.0,-194201.37678182597,optimal,-194196.6515834269,True,True,201,8000,5.383842847095366e-07,7.802858137395674e-07,10.0,0,0,2.4331436148263265e-05,59.617804514945554,60.92535945578997,64.78433259412327,0.00013165092344799657,0.00019202816826026137,0.00065799152154091,59.617804514945554,60.92535945578997,64.78433259412327,0.00013165092344799657,0.00019202816826026137,0.00065799152154091,1.004498007025866,1.004498007025866,21c05d64b1dbb465,21c05d64b1dbb465,False,False,0.9329999957117252,4.882700006419327,5.815700002131052,0.8339999985764734,7.498699997086078,8.332699995662551
disturbance_step60,62,130.0,130.0,130.0,130.0,0.0,-190600.71901782788,optimal,-190589.06415487864,True,True,201,8000,6.256526603465318e-07,9.075817350989723e-07,10.0,0,0,6.114805342493736e-05,60.589894402254785,61.873844877618886,65.66784275654055,0.00013526370675729567,0.00019760719214877547,0.0006791469975475791,60.589894402254785,61.873844877618886,65.66784275654054,0.00013526370675729567,0.00019760719214877547,0.0006791469975475791,1.005403863798955,1.005403863798955,a07f608643a2cc69,a07f608643a2cc69,False,False,0.8302999995066784,4.867899995588232,5.69819999509491,0.8084000000962988,8.568800003558863,9.377200003655162
disturbance_step60,63,130.00000000000003,130.00000000000003,130.0,130.0,-2.842170943040401e-14,-187003.2901096426,optimal,-186985.29408106263,True,True,201,8000,6.840665918161903e-07,9.914246676956395e-07,10.0,0,0,9.623375379847982e-05,61.54446422452463,62.80699325747216,66.53568085720025,0.00013963429768705906,0.00020432419936719263,0.0007042708242781449,61.54446422452463,62.80699325747215,66.53568085720025,0.00013963429768705906,0.00020432419936719263,0.0007042708242781449,1.0064836358861171,1.0064836358861171,98e4949175ff4800,98e4949175ff4800,False,False,0.8923999994294718,5.022799996368121,5.915199995797593,0.770499995269347,7.440900000801776,8.211399996071123
disturbance_step60,64,130.0,130.0,130.0,130.0,0.0,-183418.0048470765,optimal,-183394.25829889558,True,True,201,8000,5.403238390044862e-07,7.850526833053095e-07,10.0,0,0,0.00012946683288116978,62.48314190891633,63.72387640132332,67.38883755124016,0.0001449126914647806,0.00021240167424555953,0.0007340746906852203,62.48314190891632,63.72387640132331,67.38883755124014,0.0001449126914647806,0.00021240167424555948,0.0007340746906852203,1.0077721104828514,1.0077721104828514,b6f144e39944d9b9,b6f144e39944d9b9,False,False,0.7861999984015711,4.62070000503445,5.4069000034360215,0.7519999999203719,7.753500001854263,8.505500001774635
disturbance_step60,65,130.0,130.0,130.0,130.0,0.0,-179850.95302285952,optimal,-179822.04105978576,True,True,201,8000,5.377974048315082e-07,7.81382051506796e-07,10.0,0,0,0.00016075512855411335,63.40565640577902,64.6252308347891,68.28537300921913,0.00015128081170993874,0.00022210534219838118,0.0007694075747355354,63.40565640577901,64.62523083478908,68.28537300921913,0.00015128081170993874,0.00022210534219838112,0.0007694075747355354,1.009343023575983,1.0093430235759828,5b15adb72b8e28e3,5b15adb72b8e28e3,False,False,0.7648000027984381,4.714700000477023,5.4795000032754615,0.7508999988203868,8.178399999451358,8.929299998271745
disturbance_step60,66,130.0,130.0,130.0,130.0,0.0,-176306.32436412503,optimal,-176272.82207705642,True,True,201,8000,5.538212377587115e-07,8.046636175151889e-07,10.0,0,0,0.00019002317239309515,64.31248693928106,65.5327261457309,69.20816389265495,0.00015895809894429458,0.0002337563495633437,0.0008117016647301294,64.31248693928104,65.5327261457309,69.20816389265494,0.00015895809894429458,0.00023375634956334363,0.0008117016647301294,1.011271328609492,1.0112713286094912,ef1a16fdb10c27a2,ef1a16fdb10c27a2,False,False,0.7554999974672683,4.4763000041712075,5.231800001638476,0.9443999952054583,7.742900001176167,8.687299996381626
disturbance_step60,67,130.0,130.0,130.0,130.0,0.0,-172786.32784486277,optimal,-172748.79699497914,True,True,201,8000,6.700396824044219e-07,9.719703175647965e-07,10.0,0,0,0.0002172096042076858,65.2198661253965,66.445741927868,70.15168242962643,0.00016821119825161655,0.00024779606089598145,0.0008626888748955491,65.2198661253965,66.44574192786799,70.15168242962643,0.00016821119825161655,0.0002477960608959814,0.0008626888748955491,1.0136596809054748,1.0136596809054748,4b1ec1008ffd7d86,4b1ec1008ffd7d86,False,False,0.7554999974672683,4.879200001596473,5.634699999063741,0.7861999984015711,7.586400002765004,8.372600001166575
disturbance_step60,68,130.0,130.0,130.0,130.0,0.0,-169291.38193869614,optimal,-169250.36909671998,False,False,8000,8000,4.869949350450042e-07,7.058067241771937e-07,10.0,0,0,0.00024226184172200158,66.13150206350885,67.36810159590947,71.10489859034308,0.00017939639935809815,0.00026477996457243514,0.0009245603135961839,66.13150206350885,67.36810159590947,71.10489859034307,0.00017939639935809815,0.0002647799645724351,0.0009245603135961839,1.0166335671342595,1.0166335671342595,6f60d9ca9f2c9822,6f60d9ca9f2c9822,False,False,1.0121000013896264,5.098000001453329,6.110100002842955,0.7925000027171336,305.6099999957951,306.4024999985122
disturbance_step60,69,130.0,130.0,130.00000000000003,130.0,0.0,-165819.83665543303,optimal,-165775.8725932699,False,False,8000,8000,5.189772736002851e-07,7.540379822756904e-07,10.0,0,0,0.00026513150085007793,67.05119206327697,68.2980707417599,72.06186457118349,0.00019297094758267277,0.0002854271234631744,0.0010000246155650822,67.05119206327697,68.29807074175989,72.06186457118349,0.00019297094758267277,0.00028542712346317435,0.0010000246155650822,1.0203561178925011,1.0203561178925011,bbea0968dbf3a98e,bbea0968dbf3a98e,False,False,0.7984000039868988,4.837200001929887,5.6356000059167854,1.1336999959894456,316.33919999876525,317.4728999947547
disturbance_step60,70,130.0,130.0,130.0,130.0,0.0,-162367.56694073614,optimal,-162321.16668808265,False,False,8000,8000,5.282809496520713e-07,7.675556679132001e-07,10.0,0,0,0.0002857729134441338,67.9786261676047,69.23441179319114,73.01742295359624,0.00020952829556562696,0.0003106547282640701,0.001092486532978023,67.97862616760469,69.23441179319114,73.01742295359624,0.00020952829556562696,0.00031065472826407003,0.001092486532978023,1.025036548155856,1.025036548155856,65502f983a7525d6,65502f983a7525d6,False,False,0.778499997977633,4.810200000065379,5.588699998043012,0.7697999972151592,300.3244999999879,301.09429999720305
disturbance_step60,71,130.0,130.0,130.0,130.0,0.0,-158927.09276886514,optimal,-158878.7571744312,False,False,8000,8000,6.854707237380353e-07,9.934597189342753e-07,10.0,0,0,0.00030413690700451256,68.91281079442138,70.174784077218,73.96837113486995,0.00022983289871542024,0.00034164109162423717,0.001206236214803697,68.91281079442138,70.174784077218,73.96837113486995,0.00022983289871542024,0.0003416410916242371,0.001206236214803697,1.030946739009736,1.030946739009736,addb72b08a3815ad,addb72b08a3815ad,False,False,0.8970999988378026,5.360700000892393,6.257799999730196,0.8379999999306165,328.4029999995255,329.2409999994561
disturbance_step60,72,130.0,130.0,130.0,130.0,0.0,-155486.09300282752,optimal,-155436.3117362813,False,False,8000,8000,5.308991291030907e-07,7.713600718162184e-07,10.0,0,0,0.0003201653960477523,69.85175874812636,71.11703887020282,74.91231789863815,0.0002548730428285285,0.0003799007841063013,0.001346718117046914,69.85175874812636,71.11703887020282,74.91231789863815,0.0002548730428285285,0.00037990078410630123,0.001346718117046914,1.0384399266623487,1.0384399266623487,5d165bd24347665e,5d165bd24347665e,False,False,0.8598999993409961,5.054299996118061,5.914199995459057,1.03270000545308,324.48879999719793,325.521500002651
disturbance_step60,73,130.00000000000003,130.00000000000003,130.0,130.0,-2.842170943040401e-14,-152024.7699142186,optimal,-151974.02817762207,False,False,8000,8000,6.339928972920461e-07,9.211485503257677e-07,10.0,0,0,0.0003337728228443892,70.7933728315132,72.05901258555058,75.84768275534987,0.0002859281990441025,0.00042738877278249984,0.001520866652176391,70.7933728315132,72.05901258555058,75.84768275534987,0.0002859281990441025,0.0004273887727824998,0.001520866652176391,1.0479764651395782,1.0479764651395782,88967adb120f49c9,88967adb120f49c9,False,False,0.7982999959494919,4.581900000630412,5.380199996579904,0.7677999965380877,298.5195000001113,299.2872999966494
disturbance_step60,74,130.00000000000003,130.00000000000003,130.00000000000003,130.0,-2.842170943040401e-14,-148511.16000127286,optimal,-148459.94968303552,False,False,8000,8000,5.123777526705453e-07,7.425942785133088e-07,10.0,0,0,0.00034482471375782317,71.73551972893112,72.99880294447459,76.77336161284565,0.0003246604692272039,0.0004866358136696463,0.0017375453938515194,71.73551972893112,72.99880294447459,76.77336161284565,0.0003246604692272039,0.0004866358136696462,0.0017375453938515194,1.0601564322801706,1.0601564322801706,6d0b6941ebe826a5,6d0b6941ebe826a5,False,False,0.7808000009390526,4.770899999130052,5.551700000069104,0.8285000003525056,301.5674999987823,302.3959999991348
disturbance_step60,75,130.0,130.0,130.0,130.0,0.0,-144892.46485591683,optimal,-144841.3075676979,False,False,8000,8000,5.177502799824651e-07,7.503807468722812e-07,10.0,0,0,0.00035307072917682903,72.67625526899549,73.93474459335147,77.68864963979865,0.0003732352377011845,0.0005609283084167929,0.002008109276572122,72.67625526899549,73.93474459335147,77.68864963979865,0.0003732352377011845,0.0005609283084167929,0.002008109276572122,1.0757621475863723,1.0757621475863723,1cceee2c37ef98ab,1cceee2c37ef98ab,False,False,0.8841000017127953,5.321099997672718,6.205199999385513,0.8426999993389472,334.7857999979169,335.62849999725586
disturbance_step60,76,130.0,130.0,130.0,130.0,0.0,-141224.5989135381,optimal,-141174.05906375867,False,False,8000,8000,5.434350214272854e-07,7.89575371307194e-07,10.0,0,0,0.0003578686019876338,73.61386548933406,74.8654598463914,78.59313444174542,0.0004344815776985251,0.0006545444385531455,0.0023471282542447116,73.61386548933406,74.8654598463914,78.59313444174542,0.0004344815776985251,0.0006545444385531455,0.0023471282542447116,1.0836785482033269,1.0836785482033269,1a3538b104cb26cd,1a3538b104cb26cd,False,False,0.7948000056785531,4.551799996988848,5.346600002667401,0.7896999959484674,302.3056000020006,303.09529999794904
disturbance_step60,77,130.0,130.0,130.0,130.0,0.0,-137427.79368688515,optimal,-137378.49400765367,False,False,8000,8000,5.483909575332291e-07,7.96776701506019e-07,10.0,0,0,0.00035873150480590383,74.54691667660829,75.78984983922197,79.48665703201615,0.0005121041666726845,0.0007730646510376109,0.0027733131750708557,74.54691667660829,75.78984983922197,79.48665703201615,0.0005121041666726845,0.0007730646510376109,0.0027733131750708557,1.089991761314452,1.089991761314452,3d79591c95e0d353,3d79591c95e0d353,False,False,0.8458000011160038,4.954799995175563,5.800599996291567,0.8325000017066486,309.203199998592,310.0357000002987
disturbance_step60,78,130.0,130.0,130.0,130.0,0.0,-133426.21800422936,optimal,-133378.89603163255,False,False,8000,8000,5.176650574867381e-07,7.502571977013872e-07,10.0,0,0,0.0003546677205173298,75.4742639804756,76.70709967902272,80.36928281199523,0.0006109630682109495,0.0009237783852600391,0.0033106985694120955,75.4742639804756,76.70709967902272,80.36928281199523,0.0006109630682109495,0.0009237783852600391,0.0033106985694120955,1.0961009031063647,1.0961009031063647,3500b92bd1fe18d3,3500b92bd1fe18d3,False,False,0.930900001549162,4.892099997960031,5.822999999509193,0.8813999957055785,310.71000000520144,311.591400000907
disturbance_step60,79,130.0,130.0,130.0,130.0,0.0,-129137.44417246588,optimal,-129093.01945829448,False,False,8000,8000,5.205894098025965e-07,7.544955566984868e-07,10.0,0,0,0.00034401109961578646,76.39506051628615,77.61667651527145,81.2412973750337,0.0007374421043111894,0.0011162161056939136,0.003990148572089693,76.39506051628615,77.61667651527145,81.2412973750337,0.0007374421043111894,0.0011162161056939136,0.003990148572089693,1.101936409863724,1.101936409863724,04eb4fd03c3af379,04eb4fd03c3af379,False,False,0.7727000047452748,6.029899996065069,6.802600000810344,1.3130999941495247,300.4776000016136,301.79069999576313
disturbance_step60,80,130.0,130.0,130.0,130.0,0.0,-124452.93623539738,optimal,-124412.61348222589,False,False,8000,8000,5.238105416083272e-07,7.591639645809778e-07,10.0,0,0,0.0003240000147139706,77.30876227454941,78.51833648953128,82.10321542494485,0.0008999331093467245,0.001362843888124324,0.004851269817928886,77.30876227454941,78.51833648953128,82.10321542494485,0.0008999331093467245,0.001362843888124324,0.004851269817928886,1.1074478297420607,1.1074478297420607,52e3aab366bda4d1,52e3aab366bda4d1,False,False,1.0246999954688363,5.827000000863336,6.851699996332172,0.79600000026403,302.7933999983361,303.58939999860013
disturbance_step60,81,130.0,130.0,130.0,130.0,0.0,-119229.81373168767,optimal,-119197.65594181436,False,False,8000,8000,5.097247566254737e-07,7.387492759747261e-07,10.0,0,0,0.0002697126571519749,78.21513978309748,79.41213896531704,82.95580553864035,0.001109471597068895,0.0016799692972920206,0.005944835977840639,78.21513978309748,79.41213896531704,82.95580553864035,0.001109471597068895,0.0016799692972920206,0.005944835977840639,1.1126068564471225,1.1126068564471225,d8e4cc8b6902dfd0,d8e4cc8b6902dfd0,False,False,0.8245999997598119,4.842799993639346,5.667399993399158,0.7983999967109412,291.34199999680277,292.1403999935137
disturbance_step60,82,130.0,130.0,130.0,130.0,0.0,-113279.66805847886,optimal,-113258.04942958245,False,False,8000,8000,4.972293652372173e-07,7.206395880032801e-07,10.0,0,0,0.00019084297532739669,79.11429853506885,80.29847323522542,83.80012970776376,0.0013805707187173413,0.0020889224685614015,0.007335856553786009,79.11429853506885,80.29847323522542,83.80012970776376,0.0013805707187173413,0.0020889224685614015,0.007335856553786009,1.117409263811668,1.117409263811668,1b76f0ac3d7440c6,1b76f0ac3d7440c6,False,False,0.7943000018713064,4.699499993876088,5.493799995747395,0.8409000001847744,256.78640000114683,257.6273000013316
disturbance_step60,83,130.0,130.0,130.0,130.0,0.0,-106353.0766880305,optimal,-106343.19593306053,False,False,8000,8000,5.74077560600017e-07,8.320164797126495e-07,10.0,0,0,9.29052104336768e-05,80.00671309778389,81.17810012307744,84.63760020807078,0.0017323158637796417,0.0026175974602227143,0.009107459150643153,80.00671309778389,81.17810012307744,84.63760020807078,0.0017323158637796417,0.0026175974602227143,0.009107459150643153,1.1218760638489584,1.1218760638489584,447db4058bbd5e3e,447db4058bbd5e3e,False,False,0.8176000046660192,6.307799994829111,7.12539999949513,0.851099997817073,255.74820000474574,256.5993000025628
disturbance_step60,84,130.0,130.0,130.00000000000003,130.0,0.0,-98119.3334000223,optimal,-98119.31065254405,True,True,551,8000,5.196985171096458e-07,7.532043584390635e-07,10.0,0,0,2.3183482251544258e-07,80.89327871821037,82.0522129087193,85.47005678585818,0.0021898041455174506,0.003302468815430997,0.011365804379491569,80.89327871821037,82.0522129087193,85.47005678585818,0.0021898041455174506,0.003302468815430997,0.011365804379491569,1.126054357011966,1.126054357011966,aa8cdfd21acc4b15,aa8cdfd21acc4b15,False,False,0.9219999992637895,5.371400002331939,6.293400001595728,0.8161000005202368,19.150799998897128,19.966899999417365
disturbance_step60,85,130.00000000000003,130.00000000000003,130.0,130.0,-2.842170943040401e-14,-88199.8388021771,optimal,-88182.58000440415,True,True,201,8000,6.629737612229292e-07,9.65895520899096e-07,10.0,0,0,0.000195678336914554,81.77538579070459,82.92252274661578,86.2998692503646,0.0027860446808960137,0.0041912418088347215,0.014246321778364667,81.77538579070459,82.92252274661578,86.2998692503646,0.0027860446808960137,0.0041912418088347215,0.014246321778364667,1.130018458111644,1.130018458111644,101b867dd6e8e878,101b867dd6e8e878,False,False,0.8325999951921403,4.854899998463225,5.687499993655365,0.8120999991660938,10.326199997507501,11.138299996673595
disturbance_step60,86,130.0,130.0,130.0,130.0,0.0,-75953.06398759871,optimal,-75917.43940568296,False,False,8000,8000,6.874913651699899e-07,9.963882350305653e-07,10.0,0,0,0.00046903416459341925,82.6550240402027,83.79137604139085,87.13007264658518,0.003564482771038744,0.005346359925044524,0.017921653560027128,82.6550240402027,83.79137604139085,87.13007264658518,0.003564482771038744,0.005346359925044524,0.017921653560027128,1.1338719836240567,1.1338719836240567,36837e58875b02ca,36837e58875b02ca,False,False,0.9648000050219707,5.494499993801583,6.459299998823553,0.8287000018754043,399.5314999992843,400.3602000011597
disturbance_step60,87,130.0,130.0,130.0,130.0,0.0,-60523.05126669933,optimal,-60517.74177043364,False,False,8000,8000,5.776019378345154e-07,8.371243724880628e-07,10.0,0,0,8.772684381575918e-05,83.53492622739988,84.66191436559458,87.96454548405339,0.004582383380291399,0.006849693059162111,0.022611835635914353,83.53492622739988,84.66191436559458,87.96454548405339,0.004582383380291399,0.006849693059162111,0.022611835635914353,1.1377517327885658,1.1377517327885658,088222ff48448880,088222ff48448880,False,False,0.8460000026389025,5.083999996713828,5.929999999352731,0.8027000003494322,359.76519999530865,360.5678999956581
disturbance_step60,88,130.0,130.0,129.29018400623605,129.29018400623605,-0.7098159937639537,-41016.98749410188,optimal,-41000.32721041458,False,False,8000,8000,6.064678217398978e-07,8.832571660732924e-07,10.0,0,0,0.00040618009037672516,84.41876569862092,85.53829262116562,88.80824626426839,0.005915423168626331,0.0088088874261518,0.028597455867751396,84.41876569862092,85.53829262116562,88.80824626426839,0.005915423168626331,0.0088088874261518,0.028597455867751396,1.1418344546423982,1.1418344546423982,79150bb225a4ab3d,79150bb225a4ab3d,False,False,0.8384000029764138,4.920100000163075,5.758500003139488,0.7878999967942946,511.13920000352664,511.92710000032093
disturbance_step60,89,126.00000000000001,126.00000000000001,125.29018400623603,125.29018400623605,-0.7098159937639679,-16260.353014230648,optimal,-16173.16104198365,False,False,1,8000,1.919445864473346e-05,2.7818724317008048e-05,10.0,0,0,0.0030414900440757973,85.31142950104572,86.425979271221,89.66753088100468,0.0076640246251638185,0.011366112875054818,0.036236844774838455,85.31142950104572,86.425979271221,89.66753088100468,0.0076640246251638185,0.011366112875054818,0.036236844774838455,1.146348070836026,1.146348070836026,1064d076ab2b2351,3cc73ec387c8b46a,True,True,0.79340000229422,4.909499999484979,5.702900001779199,0.8056999940890819,0.9005000028992072,1.706199996988289
disturbance_step60,90,122.00000000000003,122.00000000000003,121.29018400623605,121.29018400623605,-0.7098159937639821,15794.765055801854,optimal,15771.258915018252,False,False,1,8000,1.7834162946428478e-06,2.6098467165169836e-06,10.0,0,0,0.010038100824108264,86.21940095981533,87.33217585033769,90.550584822329,0.009962272676885762,0.01471036635977973,0.0459888317739209,86.21940095981533,87.33217585033769,90.550584822329,0.009962272676885762,0.01471036635977973,0.0459888317739209,1.1515897838685036,1.1515897838685036,5be9315344609766,a873fe8b60b2d943,True,True,0.8071999982348643,4.953800002112985,5.761000000347849,0.8025999995879829,1.1371000000508502,1.939699999638833
disturbance_step60,91,118.00000000000003,118.00000000000003,117.2901830371516,117.29018400623605,-0.7098159937639821,60649.043403530944,optimal,60389.724710022,False,False,19,8000,9.690844393617226e-07,2.0111852734316926e-06,10.0,0,0,0.002475564819001018,87.15130627932051,88.26641551954246,91.46802196134496,0.012990780563354476,0.01909521347963168,0.05844333001225481,87.15130627932051,88.26641551954246,91.46802196134495,0.012990780563354476,0.01909521347963168,0.05844333001225481,1.1579550241061647,1.1579550241061647,1ff2d78631bc6766,f5a04c30a74063d5,True,True,0.7893000001786277,4.699000004620757,5.488300004799385,0.7514999961131252,2.533500002755318,3.284999998868443
disturbance_step60,92,114.00000000000001,114.00000000000001,113.29018291950597,113.29018400623605,-0.7098159937639679,138971.9219378736,optimal,138717.25306713601,False,False,14,8000,2.0506563487288076e-06,2.980360280346872e-06,10.0,1,0,0.002645122900572905,88.11871589269505,89.24143967158615,92.43372999076678,0.016995805613265563,0.024865126397231523,0.07436312978508786,88.11871589269505,89.24143967158615,92.43372999076676,0.016995805613265563,0.024865126397231523,0.07436312978508786,1.1659838785217695,1.1659838785217695,3341c2fc1fb877a7,74277f4b648ce85c,True,True,0.7861999984015711,4.642800005967729,5.4290000043693,0.7679000045754947,1.8412999997963198,2.6092000043718144
disturbance_step60,93,110.0,110.0,109.29018400623605,109.29018400623605,-0.7098159937639537,288959.1791758336,optimal,288852.5118442534,False,False,10,8000,1.2247527791942048e-06,1.7767253668310445e-06,10.0,0,0,0.003283465336033094,89.13735695783174,90.2745222771068,93.46608723287677,0.022318636677728453,0.03249591316190313,0.09474197125077743,89.13735695783174,90.27452227710678,93.46333063270394,0.022318636677728453,0.03249591316190313,0.09474197125077743,1.1764364033105512,1.1764105245654135,43696fcf359ebe23,d749c2cd0239d870,True,True,0.814300001366064,5.297899995639455,6.1121999970055185,0.7852999988244846,1.4192000016919337,2.2045000005164184
disturbance_step60,94,106.0,106.0,105.29018324424555,105.29018400623605,-0.7098159937639537,605155.8344626818,optimal,605244.7258800727,False,False,13,8000,1.4415296902825503e-06,2.0950961188148653e-06,10.0,0,0,0.003859383493098107,90.2290179654335,91.389544323619,94.57421050957723,0.029442591420848537,0.04265919577798783,0.12088642900465667,90.22901796543348,91.38851977058714,94.56639741331459,0.029442591420848537,0.042659195777987755,0.12087563483070679,1.1902587614563993,1.1901731768179158,1c091302c13777cb,50234cf301343e76,True,True,0.9677000052761286,5.336399997759145,6.304100003035273,0.8032999976421706,1.6046000018832274,2.407899999525398
disturbance_step60,95,102.0,102.0,101.29018312785036,101.29018400623605,-0.7098159937639537,1343598.120635124,optimal,1342925.534333713,False,False,20,8000,1.933590354497028e-06,2.810554398102738e-06,10.0,0,0,0.00450243762407987,91.4246752054421,92.61460828609863,95.77811909850907,0.039071696073268124,0.05632984397753944,0.15445459654314386,91.42391360865672,92.61136803379759,95.76286106741604,0.039071696073268124,0.05632772196863035,0.15440381027971084,1.2088659469031262,1.2086676487369936,879bd309657db032,5bbe95d4734c4dc4,True,True,0.7841000042390078,5.4568999985349365,6.241000002773944,0.8348999981535599,1.9207000004826114,2.755599998636171
disturbance_step60,96,97.99999999999999,97.99999999999999,97.29018302682097,97.29018400623605,-0.7098159937639394,3290845.462753335,optimal,3281411.7139907046,False,False,33,8000,2.1552217503995053e-06,3.1331939229772843e-06,10.0,0,0,0.005074429040562021,92.76560746816821,93.99231874390698,97.10872997655582,0.0522696741329107,0.07495808183171102,0.1975406500572509,92.76295072158499,93.98520841454972,97.0835047056174,0.05226815155053791,0.07494657188913592,0.19738912086066127,1.2343664518032358,1.2339730437563348,c40d1ac52ca01e67,d9559b282c9700e5,True,True,0.792799997725524,6.376100005581975,7.168900003307499,0.7742000016150996,2.5583000024198554,3.332500004034955
disturbance_step60,97,93.99999999999999,93.99999999999999,93.2901833286798,93.29018400623605,-0.7098159937639394,9282470.017737998,optimal,9212440.727852885,False,False,62,8000,1.3388733890451476e-06,1.9555472006160812e-06,63.24268901303472,0,0,0.005574098776155143,94.31516012294976,95.58789313663982,98.61142780048097,0.07070986077307746,0.10078790688311641,0.25274618298479445,94.30892989292381,95.57470163232088,98.57304845095517,0.07070073481931172,0.10074737472898815,0.2523837024932051,1.269940209939403,1.2692140375010232,445ec087d3c0172f,663b60f88e04c6bf,True,True,0.8146999971359037,5.147500000020955,5.9621999971568584,0.7965999975567684,4.314800004067365,5.111400001624133
disturbance_step60,98,89.99999999999999,89.99999999999999,89.29018333087919,89.29018400623605,-0.7098159937639394,31741145.696799286,optimal,31252439.587036792,False,False,95,8000,1.7186624603482414e-06,2.4908750022589743e-06,251.85028389335463,0,0,0.006030353580488366,96.17650253830897,97.50699746975269,100.34701854018327,0.09717696045308008,0.13746626877540785,0.3231892385477368,96.16419918723304,97.48437366829033,100.2911072733746,0.09714185241473478,0.13734887451764582,0.32243140885030563,1.3202260222477717,1.318933732202158,edc2e566d49fcfd4,09cdda04a5475c8b,True,True,0.7981999951880425,4.793600004632026,5.5917999998200685,0.7704000017838553,6.8824999980279244,7.65289999981178
disturbance_step60,99,85.99999999999999,85.99999999999999,85.29018213724524,85.29018400623605,-0.7098159937639394,139679514.28367716,optimal,135889899.15446958,False,False,100,8000,4.061122353959945e-06,5.9527023505978605e-06,714.8685325522509,1,0,0.006741090980189732,98.53107651626236,99.92998798787444,102.3890623188115,0.13666545425539023,0.191308954893827,0.4122361629788638,98.50844379555058,99.89220635007199,102.30957359750487,0.13655349186351712,0.19100007978811634,0.4107997646582735,1.3910308411919097,1.3888018565039284,ccf5dea78046ea98,54d7849a59dd1dec,True,True,0.7867999956943095,4.83189999795286,5.618699993647169,0.7709999990765937,9.47959999757586,10.250599996652454
disturbance_step60,100,81.99999999999999,81.99999999999999,81.2901840062361,81.2901840062361,-0.7098159937638826,805202381.0779135,optimal,771172913.6250474,False,False,89,8000,1.7389000248613229e-06,2.52020551005927e-06,1983.075247921207,0,0,0.007601636759634985,101.7298495094103,103.1887218184508,104.80579776825557,0.1990954171006345,0.2741489413507582,0.5223598876278202,101.68833349295049,103.12464727846177,104.69555027497991,0.1987630333934694,0.2733651842115148,0.5198738382717554,1.4837194364268789,1.4801893904176906,7a457dfae23c9587,3632941db5e1486d,True,True,1.0513000015635043,5.643899996357504,6.695199997921009,0.797100001364015,10.11589999689022,10.912999998254236
disturbance_step60,101,78.03813156867311,78.03813156867311,77.29018400623619,77.29018400623619,-0.7479475624369201,4189479474.006821,optimal,4003038300.293871,False,False,60,8000,1.0116241227819955e-05,1.5660625956925855e-05,4774.121319670299,0,0,0.009439577775274292,106.5509911834372,107.95331338694504,107.60359132900184,0.30715133621762075,0.4102286982707983,0.6516778674802328,106.46956656247708,107.83821639033688,107.45877323785032,0.3061498063432811,0.40822330322504496,0.6478562840836818,1.55102371541951,1.5478043176158587,9348a9702022c15f,882d53573d23fe9d,False,True,0.906300003407523,7.205899994005449,8.112199997412972,0.8116999961202964,8.271600003354251,9.083299999474548
disturbance_step60,102,74.03813156867312,74.03813156867312,73.29018400623623,73.29018400623623,-0.7479475624368916,261692224.47975916,optimal,412595082.89330924,False,False,30,8000,1.705337965063336e-06,2.547265075314442e-06,860.4071513562355,0,0,0.33542887652390996,115.0823788303818,115.65360218067178,110.64010773872083,0.5237138995571208,0.6517325507792168,0.786453625869055,114.89434270002442,115.42783530483358,110.47258261783605,0.5203532418365306,0.6464843910635031,0.7816789113863927,1.2072504659872818,1.1966588853418754,c789509252731c18,17af279b07866466,True,True,0.8535000015399419,4.934500000672415,5.788000002212357,0.8191000015358441,4.525399999693036,5.34450000122888
disturbance_step60,103,78.03813156867312,78.03813156867312,77.29018400623622,77.29018400623622,-0.7479475624369059,-46851.055546938835,optimal,-47580.983211488776,True,True,651,8000,6.716268643458534e-07,9.74429213762562e-07,10.0,0,0,1.98959204423697e-07,133.774624741594,127.50534349168873,113.84183460475315,1.0,1.0,0.8962183904181259,133.23039614907273,127.14569708651979,113.67625994937283,1.0,1.0,0.8921636062610021,1.0804137791964283,1.0113195922253477,581fe440e6140d71,ac9b20478f57fa2a,True,True,0.7648000027984381,4.673000003094785,5.437800005893223,0.7977999994182028,40.609400006360374,41.40720000577858
disturbance_step60,104,82.03813156867312,82.03813156867312,81.29018440822658,81.29018400623622,-0.7479475624369059,-62076.02766964178,optimal,-62314.3146565943,True,True,201,8000,6.849653289009439e-07,9.953203310431036e-07,10.0,0,0,3.4134955764214917e-06,129.11438335041444,124.75711093389647,117.91761001472432,1.0,1.0,0.9587588971493896,128.70736307815903,124.4009915400297,117.74011684826328,1.0,1.0,0.9567328413211427,0.9819295467215731,0.9819055469474964,fdd8313783043c30,b95c2d8f978f7a22,True,True,0.8101999992504716,4.750399995828047,5.560599995078519,0.7514000026276335,8.039200001803692,8.790600004431326
disturbance_step60,105,86.03813156867312,86.03813156867312,85.2901840062362,85.2901840062362,-0.7479475624369201,-72395.9862001426,optimal,-72493.72491847188,True,True,201,8000,6.462309869448291e-07,9.374376883641844e-07,10.0,0,0,1.2559705490796233e-05,125.8754249341831,123.83453436177271,117.2962081007291,1.0,1.0,0.9872982127624542,125.50624159583741,123.52588699336351,117.0888664930747,1.0,1.0,0.9866245803595061,0.9822446974044972,0.9822368655924522,febfcca2b003d7e5,2accb01bf084a52a,True,True,0.7519999999203719,4.84409999626223,5.596099996182602,1.2892999948235229,7.641800002602395,8.931099997425918
disturbance_step60,106,90.03813156867311,90.03813156867311,89.2901840062362,89.2901840062362,-0.7479475624369059,-78490.92485556993,optimal,-78599.97164545214,False,False,8000,8000,6.778796972639611e-07,9.833451999341492e-07,10.0,0,0,6.8532105729406586e-06,124.35833831112583,122.16296029172653,116.62855613627805,1.0,1.0,0.9919929246894246,124.03415410769014,121.86946594159069,116.38722537333538,1.0,1.0,0.9915526801434591,0.9822952782212457,0.9822900889660864,38d0be188eafc30d,b0f8150d34555792,True,True,0.8425999985774979,4.820599999220576,5.663199997798074,0.7876000017859042,283.9915000004112,284.7791000021971
disturbance_step60,107,94.03813156867311,94.03813156867311,93.2901840062362,93.2901840062362,-0.7479475624369059,-82654.55560898548,optimal,-82750.52586022536,False,False,8000,8000,6.308318205583419e-07,9.142709815890271e-07,10.0,0,0,5.942163888853782e-06,122.72641415467727,120.92193542897357,115.90520522021144,1.0,1.0,0.9941733918630733,122.42504311258115,120.63642227951479,115.64905542890791,1.0,1.0,0.9938375393831614,0.9823185481257528,0.9823145162527208,5e4cdcb48c466f6d,5475b3c03c4f2976,True,True,0.9315999996033497,4.842300004384015,5.7739000039873645,0.8263999989139847,264.07230000040727,264.89869999932125
disturbance_step60,108,98.0381315686731,98.0381315686731,97.2901840062362,97.2901840062362,-0.7479475624368916,-84888.61173937574,optimal,-84995.60693080597,False,False,8000,8000,6.270232262295394e-07,9.087511303462747e-07,10.0,0,0,7.769550396586609e-06,121.38506319085596,119.72802924391823,115.24338856643855,1.0,1.0,0.9954137998537066,121.09548004033776,119.44753570730698,114.97653805574564,1.0,1.0,0.9951395165635947,0.9823316666332211,0.9823283025069447,35cb5d7338c3a944,05932a5545813232,True,True,0.829399999929592,4.968100001860876,5.797500001790468,0.7852999988244846,247.29410000145435,248.07940000027884
disturbance_step60,109,102.0381315686731,102.0381315686731,101.2901840062362,101.2901840062362,-0.7479475624368916,-85677.61982925516,optimal,-85823.06097814998,True,True,251,8000,6.7240569023852e-07,9.75402838498951e-07,10.0,0,0,6.588864556217061e-06,120.15331462538435,118.67708501296283,114.56506572238766,1.0,1.0,0.9962119791873879,119.87048819757015,118.3982838552927,114.28999881379312,1.0,1.0,0.9959785759072152,0.9823399824543299,0.9823370485338795,81a0f3198c619bb2,4c3581e0ee6ebd74,True,True,0.8053000055951998,4.785299999639392,5.590600005234592,0.8177999989129603,10.03330000094138,10.851099999854341
disturbance_step60,110,106.0381315686731,106.0381315686731,105.2901840062362,105.2901840062362,-0.7479475624368916,-85582.49460424282,optimal,-85784.26805978057,False,False,8000,8000,6.739374356357075e-07,9.855111340328904e-07,10.0,0,0,1.0782253466889717e-05,119.05596613064333,117.69743394396978,113.92831976887962,1.0,1.0,0.9967619318119126,118.77613186888266,117.41852462171308,113.64574688251511,1.0,1.0,0.9965574549337541,0.982345595924824,0.9823429544255541,d911b5618873381c,b354d51a8519b295,True,True,0.8239999951911159,5.907700004172511,6.731699999363627,0.8005999989109114,291.238700003305,292.0393000022159
disturbance_step60,111,110.0381315686731,110.0381315686731,109.2901840062362,109.2901840062362,-0.7479475624368916,-83446.22231754249,optimal,-85242.07111256632,True,True,251,8000,6.795623619382241e-07,9.87357496207153e-07,10.0,0,0,2.025312220155559e-05,118.04610747616337,116.80148642531118,113.33077756541095,1.0,1.0,0.9971626097763341,117.76696076393013,116.52087168152346,113.04117491365352,1.0,1.0,0.9969796346373732,0.9823471648356903,0.9823471345862134,61b847f8c5ed4c68,4374eb1d919f8b8c,True,True,0.8711000045877881,4.920699997455813,5.791800002043601,0.7877999960328452,11.696499997924548,12.484299993957393
disturbance_step60,112,114.0381315686731,114.0381315686731,113.29018442678289,113.2901840062362,-0.7479475624368916,-79225.92189311465,optimal,-81417.26493018308,False,False,8000,8000,6.530999883125332e-07,9.48909192999281e-07,10.0,0,0,5.490002394286969e-06,117.12092414073678,115.97411035662049,112.78963910556537,1.0,1.0,0.9974668982584641,116.84068617399747,115.69070068005419,112.49315210155277,1.0,1.0,0.997300509813275,0.9823449972915095,0.9823454178751713,129bdb70197eac9c,193c54681c08ffef,True,True,0.8199000003514811,5.0069999997504056,5.826900000101887,0.8377000049222261,298.1164999946486,298.95419999957085
disturbance_step60,113,118.03813156867308,118.03813156867308,117.29018437587146,117.2901840062362,-0.7479475624368774,-75421.16409684357,optimal,-77669.60500603281,True,True,551,8000,6.74454156524007e-07,9.799351214923036e-07,10.0,0,0,2.408462911888499e-07,116.2684453873239,115.21676870213514,112.3083146686418,1.0,1.0,0.9977061821574403,115.9858497446681,114.92967737791302,112.00503269280789,1.0,1.0,0.9975529955241861,0.9823422529066741,0.9823428882841997,e06d7f6270a7f6eb,d857fddcb65d28f2,True,True,1.4057000007596798,6.703300001390744,8.109000002150424,0.9368000028189272,27.940500003751367,28.877300006570294
disturbance_step60,114,122.03813156867307,122.03813156867307,121.29018400623622,121.2901840062362,-0.7479475624368632,-72189.25562891936,optimal,-74453.97470681832,False,False,8000,8000,6.168957327190583e-07,8.754233151719859e-07,10.0,0,0,0.00011596179341618502,115.48668635896172,114.52665524990293,111.89216207314153,1.0,1.0,0.9978998552474622,115.20074887208459,114.23521722457569,111.58210909614259,1.0,1.0,0.9977574567242582,0.9823387556202168,0.9823397003744342,5f98b708ba26bc77,0357cf1c99c6488a,True,True,1.7755000008037314,10.473299997102004,12.248799997905735,1.3634999995701946,351.3230000025942,352.6865000021644
disturbance_step60,115,126.03813156867305,126.03813156867305,125.2901840062362,125.2901840062362,-0.747947562436849,-69419.28271866456,optimal,-71688.82253881774,False,False,8000,8000,5.544115424527263e-07,8.07660388346676e-07,10.0,0,0,0.0002674961067497353,114.77305164823258,113.90430341044879,111.54300816198811,1.0,1.0,0.9980605677578146,114.48302536138985,113.60799111573722,111.22619957591833,1.0,1.0,0.9979271907058457,0.9823342476657628,0.9823356478046997,5c4d0250d6c15a75,11f69ffb9a541d0a,True,True,0.7837000011932105,4.876600003626663,5.660300004819874,0.9485999980825,359.97829999541864,360.92689999350114
disturbance_step60,116,130.0,130.0,129.2901840062362,129.2901840062362,-0.7098159937638115,-66833.44414153982,optimal,-69095.33860424596,False,False,8000,8000,5.65469306934574e-07,8.237690902745953e-07,10.0,0,0,0.0004343869397544076,114.12727164015024,113.34956443159513,111.26238364043823,1.0,1.0,0.9981968508593478,113.83257267826104,113.04797056243683,110.93882877542362,1.0,1.0,0.998071173424665,0.982328339828618,0.9823304301115428,916af0e957064036,526dfa6d1498e379,False,True,0.8244000055128708,4.76179999532178,5.586200000834651,0.7610999964526854,431.59900000318885,432.36009999964153
disturbance_step60,117,130.0,130.0,130.0,130.0,0.0,-64037.48362954953,optimal,-66337.30408463647,False,False,8000,8000,5.9524764139951e-07,8.671496329881734e-07,10.0,0,0,0.00041659884882161403,113.54916656254154,112.86286884823865,111.0507491050081,1.0,1.0,0.9983146587421368,113.2493423030364,112.55567532524137,110.72046371611908,1.0,1.0,0.9981956745778628,0.9823204116927158,0.9823235892496551,7a0eab56e47acf28,37d9d4e13dcaea09,False,False,0.821699999505654,5.178400002478156,6.00010000198381,0.8347999973921105,410.84499999851687,411.679799995909
disturbance_step60,118,130.0,130.0,129.99999999999997,129.99999999999997,-2.842170943040401e-14,-60725.91926862417,optimal,-63105.277016406144,True,True,201,8000,6.830620549180821e-07,9.924413957307365e-07,10.0,0,0,0.0003492894333013544,113.03901031218754,112.44443153388227,110.90822664932392,1.0,1.0,0.9984182586777882,112.73370814454914,112.1313943487841,110.57123406476482,1.0,1.0,0.9983051909306971,0.9823094097171395,0.9823143910650317,45f86c78ad9fdac7,a23ccb2958be7261,False,False,0.7939999995869584,4.877999999735039,5.671999999321997,0.7669999977224506,10.407000001578126,11.173999999300577
disturbance_step60,119,130.0,130.0,130.0,130.0,0.0,-57826.49625399577,optimal,-60115.87745758465,False,False,8000,8000,5.735029446896078e-07,8.311836667829198e-07,10.0,0,0,0.000207501173225519,112.5970329111869,112.09445481562273,110.83454998842636,1.0,1.0,0.998510785924596,112.28598095388512,111.77538895733466,110.4908832257059,1.0,1.0,0.9984030286839283,0.9822933808111817,0.9823015760383179,e3ac57df327dd0e9,4bc93f480dcbadd9,False,False,0.817699998151511,4.793400003109127,5.611100001260638,0.785399999585934,380.70880000304896,381.4942000026349
disturbance_step60,120,130.0,130.0,130.0,130.0,0.0,-55258.80188328403,optimal,-57465.9412359934,False,False,8000,8000,6.856315195591378e-07,9.936927201081858e-07,10.0,0,0,8.56328268035989e-05,112.2234437946859,111.81297714372434,110.82925759706914,1.0,1.0,0.9985945934177068,111.9064347409336,111.48774634906367,110.47895894299954,1.0,1.0,0.9984916708125919,0.9822682218957247,0.9822827760762083,2cddc8c99061eb5f,9ee6ff6054f4866b,False,False,0.8552999934181571,4.6212000015657395,5.476499994983897,0.7661000054213218,362.0846999983769,362.8508000037982
disturbance_step60,121,130.0,130.0,130.0,130.0,0.0,-52976.95109384229,optimal,-55091.82766044055,True,True,651,8000,6.822076130674759e-07,9.911998724021487e-07,10.0,0,0,1.613349631477037e-07,111.91832529700504,111.59991469161587,110.89157542097189,1.0,1.0,0.998671481507641,111.59520464995178,111.26842265459044,110.53484405488796,1.0,1.0,0.9985730185833521,0.9822233987551867,0.9822528976155114,0fee130f869411a2,c8e51b924b9a1fa4,False,False,0.782499999331776,4.501000003074296,5.283500002406072,0.7885000013629906,30.665999998745974,31.454500000108965
disturbance_step60,122,130.0,130.0,130.0,130.0,0.0,-50918.1709805493,optimal,-52949.24072231973,True,True,401,8000,5.42242077017363e-07,7.89931412725764e-07,10.0,0,0,2.059335078673657e-07,111.6816362375299,111.45498885139652,111.00528581447341,1.0,1.0,0.9987428500461848,111.3522927562322,111.11722746189028,110.64504078900517,1.0,1.0,0.9986485530818655,0.9821171038159503,0.9821977374793308,a60fc6a8bb123b87,b78eb69867215ec6,False,False,0.7826000000932254,5.428899996331893,6.211499996425118,0.8633999968878925,20.912500003760215,21.775900000648107
disturbance_step60,123,130.0,130.0,129.92859956122965,129.92859956122965,-0.07140043877035396,-49020.58901613092,optimal,-50984.420452289836,True,True,251,8000,5.351431013878027e-07,7.755883304483291e-07,10.0,0,0,0.00014558975411302794,111.51315894516446,111.37208515519032,111.15873589160864,1.0,1.0,0.9988096640633951,111.1775580505052,111.02909591865817,110.79705918142298,1.0,1.0,0.9987193222606332,0.9817904672258074,0.9820508304151314,0a724f2cb8c3293a,e384dbf315dd2f3d,False,False,0.8104000007733703,5.328600003849715,6.139000004623085,0.8245000062743202,16.688899995642714,17.513400001917034
disturbance_step60,124,130.0,130.0,129.83180549161523,129.83180549161523,-0.16819450838477223,-47248.89006041391,optimal,-49136.83108549463,True,True,251,8000,5.978844939136252e-07,8.742900066138759e-07,10.0,0,0,0.00030664028164164886,111.40829239203957,111.3452223346973,111.34175985451458,1.0,1.0,0.9988726095491126,111.06719940742043,110.9980335193371,110.98043953837352,1.0,1.0,0.9987860648749822,0.9825717492062652,0.9819434307294963,6d6bf98f70e274a8,718eb675fea7197c,False,False,0.8407999994233251,5.089400001452304,5.9302000008756295,0.8233000044128858,16.509399996721186,17.33270000113407
disturbance_step60,125,130.0,130.0,129.74098078500987,129.74098078500987,-0.2590192149901327,-45577.425896742425,optimal,-47394.7732681475,True,True,251,8000,6.767973985688513e-07,9.896847403823017e-07,10.0,0,0,0.00041542948021393674,111.36140955490812,111.36737684390128,111.54716222035977,1.0,1.0,0.9989321734964655,111.01578526253604,111.01720138935292,111.18743900263826,1.0,1.0,0.9988493034812242,0.9837810165945111,0.9827373230828805,cedb47db853c7c84,f0f69787c0d26ce7,False,False,0.8479000025545247,5.309499996656086,6.157399999210611,0.9978000016417354,17.001000000163913,17.998800001805648
disturbance_step60,126,129.99999999999997,129.99999999999997,129.65500625086682,129.65500625086682,-0.3449937491331525,-43986.674570103016,optimal,-45745.29420287808,False,False,8000,8000,6.773162368745034e-07,9.867055954515536e-07,10.0,0,0,0.00047629138130641374,111.3658453117438,111.43198028195519,111.76937658490738,1.0,1.0,0.9989887121437093,111.01683793389407,111.07994772721842,111.41218698085231,1.0,1.0,0.9989094157050038,0.9848332130150947,0.9838410124962005,5feebf68440c10a0,cb3e67669b1bbeaf,False,False,0.821699999505654,5.262600003334228,6.084300002839882,0.7980000009411015,564.4650000031106,565.2630000040517
disturbance_step60,127,130.0,130.0,129.57302880600412,129.57302880600412,-0.42697119399588246,-42461.94381650677,optimal,-44172.10789949447,False,False,8000,8000,5.809152980873478e-07,8.494756498222955e-07,10.0,0,0,0.0004917976620160858,111.41500643776413,111.53280071417653,112.00426739017699,1.0,1.0,0.9990424906647646,111.06375030858509,111.17997580065501,111.65028402615013,1.0,1.0,0.9989666795045203,0.985762053895777,0.9848141440307567,2e3b16f761f78185,2167d96fd760963b,False,False,0.8451000030618161,5.096699998830445,5.941800001892261,0.8336000028066337,559.0002999961143,559.833899998921
disturbance_step60,128,130.0,130.0,129.4943917245743,129.4943917245743,-0.5056082754256863,-40992.133223095254,optimal,-42662.74227771015,True,True,251,8000,5.909245430757437e-07,8.641121924668482e-07,10.0,0,0,0.00046324186431119036,111.5025682715213,111.66425109020672,112.24861930968395,1.0,1.0,0.9990937116016553,111.15014599371449,111.31157868657077,111.89806728795206,1.0,1.0,0.9990213041578995,0.9865931674708228,0.9856843950421742,48d8b70accd786e5,4a08fcaf1efed874,False,False,0.8118999976431951,4.830899997614324,5.642799995257519,0.7898999974713661,17.47350000368897,18.263400001160335
disturbance_step60,129,130.0,130.0,129.41859386822523,129.41859386822523,-0.5814061317747701,-39568.890708267056,optimal,-41207.72534270937,True,True,251,8000,5.950791148734424e-07,8.701873825955886e-07,10.0,0,0,0.00039094933668753557,111.62275445137912,111.82135171479962,112.49993114094396,1.0,1.0,0.9991425331965967,111.2701462436873,111.46956036417565,112.15261173368764,1.0,1.0,0.9990734488111813,0.9873460823970283,0.9864728984088479,74785294e1610d29,33dec5f22ac48f0b,False,False,0.8126000029733405,5.858299999090377,6.670900002063718,0.7914000016171485,21.34640000440413,22.13780000602128
disturbance_step60,130,130.0,130.0,129.3865656359603,129.3865656359603,-0.6134343640397049,-38185.938210839035,optimal,-39800.65059948145,False,False,8000,8000,6.275839297131824e-07,9.095637780731636e-07,10.0,0,0,0.00025567662793998764,111.77038081399942,111.99974798165934,112.75620992050973,1.0,1.0,0.9991890823958911,111.41837981325311,111.64931512683286,112.41161867918332,1.0,1.0,0.9991232371683828,0.988035738497203,0.9871957871577012,f7c3f9a3b8461178,acaedc805e79001e,False,False,0.8088000031420961,5.468899995321408,6.277699998463504,1.170399998954963,508.81139999546576,509.9817999944207
disturbance_step60,131,128.20438219169188,128.20438219169188,129.40532583398732,129.40532583398732,1.2009436422954423,-36846.17285964728,optimal,-38444.07975069408,False,False,8000,8000,6.002286170314619e-07,8.699174260939913e-07,10.0,0,0,8.875580682545992e-05,111.94087984345715,112.19565471895983,113.0158552355551,1.0,1.0,0.9992334638690119,111.59004451677006,111.8468101953716,112.67327909180338,1.0,1.0,0.999170768450888,0.9886735775277303,0.987865360299897,8f151ba5aec536b9,b83434ee6b3bf1c4,False,False,0.8047000010265037,4.647999994631391,5.452699995657895,0.8197999995900318,499.16749999829335,499.9872999978834
disturbance_step60,132,125.33682083546545,125.33682083546545,128.6436388720411,128.6436388720411,3.306818036575649,-35172.163192058506,optimal,-37133.8832061101,True,True,651,8000,6.381042823022653e-07,9.248110304227453e-07,10.0,0,0,2.1133250516015986e-07,112.13026557571604,112.40580799420918,113.27756584800689,1.0,1.0,0.9992757665369296,111.78091010335885,112.05855332912085,112.93615679063448,1.0,1.0,0.9992161252997102,0.9892683668102683,0.9884909737543726,b785ece7b92829b0,f36d1ab54f33f498,False,False,0.7801999963703565,4.907300004560966,5.687500000931323,0.7808999944245443,41.27349999907892,42.054399993503466
disturbance_step60,133,122.24944550325483,122.24944550325483,126.20133989871964,126.20133989871964,3.951894395464805,-33405.49340191345,optimal,-35700.10100026757,True,True,551,8000,6.198624191711133e-07,8.98372928936908e-07,10.0,0,0,1.4779861629101698e-07,112.33508876556844,112.62740499543708,113.54027751217978,1.0,1.0,0.9993160682882717,111.98729491863513,112.28154217044568,113.19910260269056,1.0,1.0,0.9992593794062984,0.9898268168655704,0.9890797186078509,ec605c9f5a26a4a6,70d75316bde5b38d,False,False,0.7913000008556992,4.544399998849258,5.335699999704957,0.7612000044900924,36.666299994976725,37.42749999946682
disturbance_step60,134,119.3299384164741,119.3299384164741,123.22872895220539,123.22872895220539,3.8987905357312798,-31772.900073786222,optimal,-33991.98331860447,True,True,451,8000,5.973846128881632e-07,8.657955676838469e-07,10.0,0,0,2.0611954757932468e-07,112.55238069098141,112.85804882671286,113.80311491766206,1.0,1.0,0.9993544394355568,112.20602226032985,112.51321066379742,113.4611905950982,1.0,1.0,0.9993005955265004,0.9903540541409377,0.9896369432679983,68f8bfcc96822282,5d16468f22c89904,False,False,0.7670999984839,4.484000004595146,5.251100003079046,0.7603999983984977,30.984799996076617,31.745199994475115
disturbance_step60,135,116.74392229118156,116.74392229118156,120.28078738623074,120.28078738623074,3.53686509504918,-30358.541640350602,optimal,-32331.483254796774,True,True,451,8000,5.747875349015885e-07,8.330454308591584e-07,10.0,0,0,2.3136375197709134e-07,112.77959769422591,113.09569559175361,114.06535636440817,1.0,1.0,0.9993909452349551,112.43436934760585,112.75137538173622,113.72183205122514,1.0,1.0,0.9993398343228717,0.9908539844389657,0.9901665865007614,f5aa89a0fbd9f208,4242a166f4ff20b4,False,False,0.8630000011180528,4.93859999551205,5.801599996630102,0.8310999983223155,30.800599997746758,31.631699996069074
disturbance_step60,136,114.54603316469446,114.54603316469446,117.6032885971493,117.6032885971493,3.0572554324548378,-29180.082414139742,optimal,-30854.444230116234,True,True,501,8000,6.668851284530319e-07,9.715094844153782e-07,10.0,0,0,2.2171903945334628e-07,113.01456761294597,113.33860707083669,114.31943272217528,1.0,1.0,0.9994256477120351,112.67001432549392,112.99424514436144,113.98072073573084,1.0,1.0,0.9993771551583968,0.991332288531963,0.9906715122980455,d8aba69674aabf69,87e98f76037f1607,False,False,0.9295999989262782,4.60630000452511,5.535900003451388,0.7703000010224059,33.06299999530893,33.833299996331334
disturbance_step60,137,112.73595638391095,112.73595638391095,115.28825944927706,115.28825944927706,2.552303065366118,-28225.812801283086,optimal,-29603.40241740021,True,True,551,8000,6.452619345509447e-07,9.400090572597719e-07,10.0,0,0,2.1659125458950807e-07,113.25544085404685,113.58271656934637,114.55581475424653,1.0,1.0,0.9994585761495256,112.91102981389704,113.24038344769184,114.2345548787296,1.0,1.0,0.999412617887272,0.9917943675253464,0.9911550580622024,96904f1ea56d49f5,3d1824cafedc5d68,False,False,0.7845000000088476,4.7085999976843596,5.493099997693207,0.7743999958620407,36.363600003824104,37.137999999686144
disturbance_step60,138,111.28739065065227,111.28739065065227,113.35788939684458,113.35788939684458,2.070498746192314,-27472.57044285314,optimal,-28577.2524002109,True,True,601,8000,6.271175436722842e-07,9.135765406398377e-07,10.0,0,0,1.9020934289154e-07,113.49871975221238,113.82275115100055,114.76614367296688,1.0,1.0,0.999489728591989,113.15585332322183,113.48747807407754,114.47445861801226,1.0,1.0,0.999446269286895,0.9922442714024818,0.9916219853959027,fe945a7e8ba04733,a0c329cb8881b0fc,False,False,1.1750999983632937,4.790500002854969,5.965600001218263,0.8199000003514811,39.472000004025176,40.29190000437666
disturbance_step60,139,110.16343192294347,110.16343192294347,111.7966537612339,111.7966537612339,1.6332218382904244,-26894.325132684593,optimal,-27758.147603975012,True,True,651,8000,5.840510084453854e-07,8.54060643540322e-07,10.0,0,0,1.5019344536549093e-07,113.73958700261645,114.05295077255732,114.94480731873445,1.0,1.0,0.9995190876132133,113.40236505697133,113.73105593181859,114.69177942765961,1.0,1.0,0.9994781232235057,0.992684140188834,0.9920761894739398,dd75ab4bad5c94c1,2d38727ac01a1558,False,False,0.789700003224425,4.578599997330457,5.368300000554882,0.7795999990776181,42.271500002243556,43.051100001321174
disturbance_step60,140,109.3244498696393,109.3244498696393,110.55840447776245,110.55840447776245,1.233954608123156,-26465.98594639078,optimal,-27121.77559959996,True,True,651,8000,5.725166829506634e-07,8.371939506091053e-07,10.0,0,0,2.0500500595084276e-07,113.97252452016626,114.26796074522008,115.08899100010129,1.0,1.0,0.9995466388080485,113.64669590747981,113.96596520319443,114.87983892385357,1.0,1.0,0.9995081723926232,0.9931143626565089,0.9925201176698456,0df2cc2e3e8b829b,0d15fd06e700513b,False,False,0.7846000007702969,5.400800000643358,6.1854000014136545,0.8238000009441748,40.326499998627696,41.15029999957187
disturbance_step60,141,108.73189320518215,108.73189320518215,109.62744809815234,109.62744809815234,0.8955548929701962,-26164.849475678733,optimal,-26640.53724271074,True,True,701,8000,5.635147459770451e-07,8.240303168705054e-07,10.0,0,0,1.387406773946188e-07,114.19213567965451,114.46330969792463,115.19824782203774,1.0,1.0,0.9995723840483831,113.88402327046013,114.18696343585043,115.03480152276236,1.0,1.0,0.999536405061763,0.9935339974486356,0.9929545058503427,d62b1808482ede47,3e44b58ee463b6a2,False,False,0.7913000008556992,4.68890000047395,5.480200001329649,0.7862999991630204,43.779499996162485,44.565799995325506
disturbance_step60,142,108.34987191230555,108.34987191230555,108.9468773200055,108.9468773200055,0.5970054076999531,-25970.905319520818,optimal,-26295.87571579503,True,True,701,8000,5.570629753037792e-07,8.145958405592069e-07,10.0,0,0,1.682006703982087e-07,114.39371163928688,114.6356781557782,115.27387264164038,1.0,1.0,0.9995963482596015,114.10921244949465,114.38948711812112,115.15532093892475,1.0,1.0,0.9995628205896997,0.9939413019416025,0.9933787168466548,4f887a98cc49c3bb,210deba20459f7f1,False,False,0.815400002466049,4.694999995990656,5.510399998456705,0.8041999972192571,43.69150000275113,44.495699999970384
disturbance_step60,143,108.1456204566222,108.1456204566222,108.48573814685408,108.48573814685408,0.3401176902318781,-25866.652235088906,optimal,-26063.275384975983,True,True,701,8000,5.526303539227229e-07,8.081139695192974e-07,10.0,0,0,1.9602148104156836e-07,114.57357633676706,114.7829452753729,115.31833274106334,1.0,1.0,0.9996185804925527,114.31755333572494,114.5699561997145,115.2420364304285,1.0,1.0,0.9995874384271225,0.9943342080273839,0.9937911845389492,486fcf02441d0605,77d06c85bee6526c,False,False,0.8132999937515706,4.576800005452242,5.390099999203812,0.8402999956160784,43.77770000428427,44.61799999990035
disturbance_step60,144,108.08945645344396,108.08945645344396,108.21300431431364,108.21300431431364,0.12354786086967806,-25836.753031066084,optimal,-25925.831931631685,True,True,701,8000,5.499373685324827e-07,8.041759960164541e-07,10.0,0,0,2.2118168250384666e-07,114.72920977460859,114.90411746191613,115.33479902147793,1.0,1.0,0.9996391512033199,114.50517584413197,114.72593882016082,115.29696679920123,1.0,1.0,0.9996103013142795,0.9947106924631807,0.9941898967710102,1fdc2dbbf0f44472,d7efc55acb32c70b,False,False,0.8067000017035753,4.7553000040352345,5.56200000573881,0.7909000050858594,59.465499994985294,60.25640000007115
disturbance_step60,145,108.15457077871226,108.15457077871226,108.09922794663747,108.09922794663747,-0.05534283207478552,-25867.687840738934,optimal,-25868.137454075168,True,True,701,8000,5.487169119078317e-07,8.023913267152238e-07,10.0,0,0,2.4307476524955877e-07,114.85922659974918,114.99918162786655,115.32679714879012,1.0,1.0,0.9996581475238354,114.66927898730252,114.85612275990198,115.32295920119518,1.0,1.0,0.999631473930402,0.9950690226348979,0.9945727986255019,6da10786d2b63327,e61766a09b47e53c,False,False,0.9036999981617555,5.623700002615806,6.527400000777561,0.7869000037317164,45.381099997030105,46.16800000076182
disturbance_step60,146,108.31680740391548,108.31680740391548,108.1314247358343,108.1314247358343,-0.18538266808117498,-25947.46969475956,optimal,-25876.342947654797,True,True,751,8000,5.485819940531655e-07,8.021939930102917e-07,10.0,0,0,1.3848594113827465e-07,114.96326152639186,115.06892991010209,115.2979586272018,1.0,1.0,0.9996756679252154,114.80816844656314,114.96018839134044,115.3233958781571,1.0,1.0,0.9996510387891032,0.995407891965202,0.9949380466505442,88d6f823bcc2fec6,785355d8c53faa10,False,False,0.8483999990858138,4.679999998188578,5.528399997274391,1.1106999954790808,49.17150000255788,50.28219999803696
disturbance_step60,147,108.55449180998025,108.55449180998025,108.26183401883551,108.26183401883551,-0.2926577911447339,-26065.4374919935,optimal,-25940.690263328277,True,True,751,8000,5.496342652122621e-07,8.037327239307501e-07,10.0,0,0,1.4577484839908886e-07,115.04180963356329,115.11477957841136,115.25185164119253,1.0,1.0,0.9996918171640709,114.92117177353092,115.03868103551143,115.30181726814283,1.0,1.0,0.9996690913354135,0.9957264686892278,0.9952841970677564,91fb01b6956bd5c8,ece8635cb023ef66,False,False,0.785899996117223,4.513700005190913,5.299600001308136,0.8306999952765182,47.96570000326028,48.7963999985368
disturbance_step60,148,108.84831360247398,108.84831360247398,108.47225338649844,108.47225338649844,-0.3760602159755422,-26212.11753903603,optimal,-26045.330425784137,True,True,751,8000,5.514370116088685e-07,8.063688721193785e-07,10.0,0,0,1.514977503130367e-07,115.09605150655283,115.1386045857245,115.19186991924144,1.0,1.0,0.9997067019854448,115.00852174312062,115.09280660503421,115.2617676024539,1.0,1.0,0.9996857347446765,0.9960243846907554,0.9956102678562532,33613b23a1d795ff,4f9c0a4e77fe06e8,False,False,0.8069999967119657,4.611099997418933,5.418099994130898,0.7726000039838254,63.42140000197105,64.19400000595488
disturbance_step60,149,109.1812464511165,109.1812464511165,108.74454705171644,108.74454705171644,-0.4366993994000552,-26379.13588361151,optimal,-26181.388321274462,True,True,751,8000,5.538256715453826e-07,8.098617634288985e-07,10.0,0,0,1.5562238837194087e-07,115.1276831422975,115.14258603823099,115.12116300560938,1.0,1.0,0.9997204277525299,115.07117450768523,115.12427841302947,115.20666180294153,1.0,1.0,0.9997010754447994,0.996301687531151,0.9959157460592177,8235dd4124d4d952,3a1765f875a8c1f0,False,False,1.2376000013318844,6.3052000041352585,7.542800005467143,1.8613000065670349,55.315699995844625,57.17700000241166
disturbance_step60,150,109.53848288297485,109.53848288297485,109.06178843667195,109.06178843667195,-0.4766944463029006,-26559.162457234364,optimal,-26340.566179607937,True,True,751,8000,5.566444372107071e-07,8.139836928933164e-07,10.0,0,0,1.5824452357789732e-07,115.13876114146666,115.12908468224795,115.04259518486664,1.0,1.0,0.9997330959890011,115.11064905155295,115.13516079814319,115.13970901859413,1.0,1.0,0.9997152194899559,0.9965587737647029,0.9962005485337385,79b7b475aaf44333,ff77ea544ddea1b4,False,False,0.7928999984869733,4.774499997438397,5.567399995925371,0.8222999967983924,46.68050000327639,47.502800000074785
disturbance_step60,151,109.90736459232562,109.90736459232562,109.40878107565347,109.40878107565347,-0.4985835166721557,-26745.870697713886,optimal,-26515.373583191362,True,True,751,8000,5.597537011681197e-07,8.185303679297817e-07,10.0,0,0,1.595292861640501e-07,115.13156818999846,115.10053537288071,114.95872428145981,1.0,1.0,0.9997448027232008,115.12886974567665,115.12774090046116,115.06391403327571,1.0,1.0,0.9997282698529292,0.9967963162586181,0.9964649526520531,53f6143f0701756a,a315eaa45ad6400d,False,False,0.8417999997618608,4.820299996936228,5.662099996698089,1.0573000035947189,47.41939999803435,48.47670000162907
disturbance_step60,152,110.27729528687097,110.27729528687097,109.77224983888163,109.77224983888163,-0.5050454479893318,-26933.900396465444,optimal,-26699.211371368427,True,True,751,8000,5.630305253134793e-07,8.23322029219753e-07,10.0,0,0,1.5967317472471694e-07,115.1085000880818,115.05936211245641,114.87179433415976,1.0,1.0,0.9997556374867276,115.12803062377611,115.10443775728714,114.9819420853119,1.0,1.0,0.9997403246242061,0.9970151937108791,0.99670954268858,28b63c6642f0ef04,d78471d2c882aa94,False,False,0.8056000006035902,5.078900001535658,5.884500002139248,1.0132000024896115,47.25549999420764,48.26869999669725
disturbance_step60,153,110.63962974807083,110.63962974807083,110.14089218676058,110.14089218676058,-0.49873756131025004,-27118.815737346034,optimal,-26886.399181944525,True,True,751,8000,5.663698914304405e-07,8.282052048613764e-07,10.0,0,0,1.5888265025409494e-07,115.07197359983537,115.00791153379627,114.78373818979527,1.0,1.0,0.9997656828180327,115.11049297495072,115.06767828443387,114.89614185513983,1.0,1.0,0.9997514757054738,0.9972164270580215,0.9969351323717177,d5d5120b945958e0,b291207de8f55ab4,False,False,0.8612000019638799,4.841199996008072,5.702399997971952,0.8037999941734597,46.8996000054176,47.703399999591056
disturbance_step60,154,110.98753829574724,110.98753829574724,110.50533910991473,110.50533910991473,-0.4821991858325134,-27297.054200848645,optimal,-27072.166720146353,True,True,751,8000,5.696842464431029e-07,8.33051833737386e-07,10.0,0,0,1.5735931059998495e-07,115.02435335760036,114.94840254265283,114.69618735115806,1.0,1.0,0.9997750141374568,115.07866687161548,115.01983592810289,114.80854344187283,1.0,1.0,0.9997618081404387,0.997401124996978,0.9971426998150613,2cc0c1459c531003,469c95e1a1506d79,False,False,0.8980999991763383,5.0542000026325695,5.952300001808908,0.8501999982399866,47.51810000016121,48.3682999984012
disturbance_step60,155,111.3158497535001,111.3158497535001,110.85806179801482,110.85806179801482,-0.45778795548528706,-27465.864941406722,optimal,-27252.62253836576,True,True,751,8000,5.729031471446433e-07,8.37758788563292e-07,10.0,0,0,1.5529062034758313e-07,114.96789566852833,114.88288988572837,114.6104872220772,1.0,1.0,0.9997836998827793,115.03493516025803,114.96317013471982,114.7208750655947,1.0,1.0,0.999771399863197,0.9975704392169064,0.9973333284442715,ab52f74f02695b08,20c84f70083c4d99,False,False,0.9726999996928498,5.1888000016333535,6.161500001326203,0.7866999949328601,45.97900000226218,46.76569999719504
disturbance_step60,156,111.62087834636314,111.62087834636314,111.19323906908153,111.19323906908153,-0.42763927728161377,-27623.23735663585,optimal,-27424.70454474986,True,True,751,8000,5.759713985753478e-07,8.422455302081744e-07,10.0,0,0,1.5284417479033946e-07,114.90470701073762,114.81323958086017,114.5277163566833,1.0,1.0,0.9997918018177213,114.9815889584973,114.89978877281526,114.63457618558584,1.0,1.0,0.9997803217576917,0.997725528950801,0.9975081590477831,9625a16cd882d1ea,0eef98fe6ddc5272,False,False,0.81079999654321,4.573300000629388,5.384099997172598,0.7872999995015562,47.38850000285311,48.17580000235466
disturbance_step60,157,111.90024100028516,111.90024100028516,111.50659880634088,111.50659880634088,-0.393642193944288,-27767.82192489466,optimal,-27586.11648480907,True,True,751,8000,6.170512421022067e-07,8.965320601461713e-07,10.0,0,0,1.4930446941317315e-07,114.83671511730229,114.74111433964484,114.44870858756,1.0,1.0,0.9997993754469346,114.92078316658497,114.83161939013206,114.55081606157826,1.0,1.0,0.999788637915996,0.9978675339200183,0.9976683510830211,d77d9fd3ee858a5e,bd5b3d105fd36af2,False,False,0.8014000050025061,4.925199995341245,5.726600000343751,0.8073000062722713,46.53129999496741,47.33860000123968
disturbance_step60,158,112.1526715912678,112.1526715912678,111.79524260310919,111.79524260310919,-0.3574289881586168,-27898.846111913157,optimal,-27735.25359368028,True,True,751,8000,6.198700646109501e-07,9.006275814016362e-07,10.0,0,0,1.465115600344843e-07,114.76565071879968,114.66796730322577,114.37407706589585,1.0,1.0,0.9998064704886602,114.85450368333065,114.76039220018096,114.4705138330285,1.0,1.0,0.9997964060238016,0.9979975545096071,0.9978150529834122,f34cc294d30dfb9d,efab2fae16c14316,False,False,0.8095999946817756,4.957000004651491,5.766599999333266,0.869200004672166,61.381200001051184,62.25040000572335
disturbance_step60,159,112.37783813269989,112.37783813269989,112.05746322795564,112.05746322795564,-0.3203749047442557,-28016.028378200175,optimal,-27871.121301643267,True,True,751,8000,6.224382360642267e-07,9.043590001311941e-07,10.0,0,0,1.4370562437640298e-07,114.69303820097777,114.59504258382567,114.30423935761402,1.0,1.0,0.9998131313703256,114.78454634505266,114.6876309936339,114.39436121748169,1.0,1.0,0.9998036778169691,0.9981166379643519,0.99794938004336,c39eda58bcdfa2f1,1b4c477f1a56ea05,False,False,0.8679000020492822,5.0461999999242835,5.914100001973566,0.9297999931732193,46.50470000342466,47.43449999659788
