scenario,step,Ta_cvx_raw,Ta_cvx_applied,Ta_snn_raw,Ta_snn_applied,control_diff_e_u,cvxpy_objective,cvxpy_status,snn_objective,snn_converged,snn_verified_converged,snn_convergence_reason,snn_convergence_reason_class,snn_kkt_residual,snn_kkt_tolerance,snn_projection_budget_exhausted,snn_relative_degree,snn_n_grad_rows_kept,snn_unactionable_predicted_violation_degC,snn_iterations,snn_max_iterations,snn_constraint_residual,snn_constraint_residual_scaled,snn_bound_violation,snn_clipped,cvxpy_clipped,objective_gap_snn_vs_reference,Tc1_cvx,Tc2_cvx,Tc3_cvx,alpha1_cvx,alpha2_cvx,alpha3_cvx,Tc1_snn,Tc2_snn,Tc3_snn,alpha1_snn,alpha2_snn,alpha3_snn,rho_Ap_cvx,rho_Ap_snn,qp_fingerprint_cvx,qp_fingerprint_snn,slew_saturated_cvx,slew_saturated_snn,build_ms_cvx,solve_ms_cvx,total_ms_cvx,build_ms_snn,solve_ms_snn,total_ms_snn
nominal_heatup,0,32.0,32.0,32.0,32.0,0.0,-95998.82400512494,optimal,-95995.60480396192,False,False,max_iterations,max_iterations,0.01313055188238663,0.07645254018157442,False,5,5,0.0,8000,8000,6.865136228384472e-07,9.949711854417842e-07,10.0,0,0,3.353375623490067e-05,28.0,28.0,28.0,1e-05,1e-05,1e-05,28.0,28.0,28.0,1e-05,1e-05,1e-05,1.0000008521941652,1.0000008521941652,2dff947584e37cd8,2dff947584e37cd8,True,True,3.381500006071292,9.984599993913434,13.366099999984726,83.89789999637287,589.5380000001751,673.435899996548
nominal_heatup,1,36.0,36.0,36.0,36.0,0.0,-106602.11835414612,optimal,-106599.55482178649,True,True,converged(kkt(residual=9.46e-03<=tol=7.67e-02); obj_plateau(range=1.17e-10)),converged,0.009461928775984105,0.0767245418445375,False,5,5,0.0,351,8000,6.114478665608658e-07,8.86975977998361e-07,10.0,0,0,2.4047668088202733e-05,28.000000056399145,28.000000056399145,28.000000056399145,1.0001630922571259e-05,1.0001630922571259e-05,1.0001630922571259e-05,28.000000056399145,28.000000056399145,28.000000056399145,1.0001630922571259e-05,1.0001630922571259e-05,1.0001630922571259e-05,1.0000008522669996,1.0000008522669996,c625caa6b8e2e8f4,c625caa6b8e2e8f4,True,True,1.9203000119887292,442.3621999885654,444.28250000055414,2.241800000774674,21.749700012151152,23.991500012925826
nominal_heatup,2,40.0,40.0,40.0,40.0,0.0,-117129.27118088401,optimal,-117127.3295911753,False,False,max_iterations,max_iterations,0.006558336307772783,0.0769651717983787,False,5,5,0.0,8000,8000,6.750023686663553e-07,9.791691546467973e-07,10.0,0,0,1.6576468795170985e-05,28.000000112803107,28.000000112803107,28.000000091841084,1.0003261984532805e-05,1.0003261984532805e-05,1.0003261984532805e-05,28.000000112803107,28.000000112803107,28.000000091841084,1.0003261984532805e-05,1.0003261984532805e-05,1.0003261984532805e-05,1.0000008523398338,1.0000008523398338,d809b50db00d9fe7,d809b50db00d9fe7,True,True,2.1919999999227002,8.772800007136539,10.964800007059239,2.415599999949336,477.3863000009442,479.8019000008935
nominal_heatup,3,44.0,44.0,44.0,44.0,0.0,-127560.7145561694,optimal,-127560.03202485747,True,True,converged(kkt(residual=2.13e-03<=tol=7.72e-02); obj_plateau(range=4.56e-16)),converged,0.002129028583334732,0.0771717920400987,False,5,5,0.0,501,8000,7.615793435888918e-07,9.623328613983517e-07,10.0,0,0,5.350638825661914e-06,28.00000016921189,28.00000016142088,28.000000128607986,1.0004893185885736e-05,1.0004893185885736e-05,1.0004893185878145e-05,28.00000016921189,28.00000016142088,28.000000128607986,1.0004893185885736e-05,1.0004893185885736e-05,1.0004893185878145e-05,1.000000852412668,1.000000852412668,f6b418e2ce9e1469,f6b418e2ce9e1469,True,True,1.5548999945167452,7.476500002667308,9.031399997184053,2.0930000027874485,24.61589999438729,26.70889999717474
nominal_heatup,4,48.0,48.0,48.0,48.0,0.0,-137877.66921696722,optimal,-137877.6503267312,True,True,converged(kkt(residual=1.07e-03<=tol=7.73e-02); obj_plateau(range=2.01e-08)),converged,0.0010711691966070285,0.07734236187885482,False,5,5,0.0,551,8000,5.533117857225989e-07,8.043588097805809e-07,10.0,0,0,1.3700721870182556e-07,28.00000021983408,28.000000208534534,28.00000016274716,1.0006524526631151e-05,1.0006524526628329e-05,1.0006524526608854e-05,28.00000021983408,28.000000208534534,28.00000016274716,1.0006524526631151e-05,1.0006524526628329e-05,1.0006524526608854e-05,1.000000852485502,1.000000852485502,ffd5fee53ada9566,ffd5fee53ada9566,True,True,1.8603999924380332,7.5742000044556335,9.434599996893667,1.781899991328828,25.195599999278784,26.977499990607612
nominal_heatup,5,52.0,52.0,52.0,52.0,0.0,-148066.0687411123,optimal,-148066.0464742435,True,True,converged(kkt(residual=2.82e-03<=tol=7.75e-02); obj_plateau(range=2.19e-08)),converged,0.002823883056173691,0.07747532436381872,False,5,5,0.0,501,8000,6.522267312902841e-07,9.45448449307662e-07,10.0,0,0,1.5038468307669126e-07,28.00000026785304,28.000000252134775,28.015534364180088,1.0008156006768049e-05,1.0008156006761134e-05,1.0008156006725072e-05,28.00000026785304,28.000000252134775,28.015534364180088,1.0008156006768049e-05,1.0008156006761134e-05,1.0008156006725072e-05,1.0000008535389835,1.0000008535389835,69a48d8a2773a3b9,69a48d8a2773a3b9,True,True,2.1182000054977834,6.817299989052117,8.9354999945499,1.7829999997047707,29.32889999647159,31.111899996176362
nominal_heatup,6,56.0,56.0,56.0,56.0,0.0,-158106.71652818128,optimal,-158106.697659675,True,True,converged(kkt(residual=4.01e-03<=tol=7.76e-02); obj_plateau(range=1.77e-08)),converged,0.004007279020327481,0.07756951146797195,False,5,5,0.0,451,8000,6.325447259314387e-07,9.19042980385143e-07,10.0,0,0,1.1934032119204157e-07,28.000000312592185,28.00577391978186,28.057459750004423,1.000978762629658e-05,1.000978762628397e-05,1.0009793262776227e-05,28.000000312592185,28.00577391978186,28.057459750004423,1.000978762629658e-05,1.000978762628397e-05,1.0009793262776227e-05,1.0000008566302483,1.0000008566302483,ff8d739282d50479,ff8d739282d50479,True,True,1.5111999964574352,6.597300001885742,8.108499998343177,1.654199993936345,19.797300003119744,21.45149999705609
nominal_heatup,7,60.0,60.0,60.0,60.0,0.0,-167979.73365905497,optimal,-167979.71126977514,True,True,converged(kkt(residual=5.72e-03<=tol=7.76e-02); obj_plateau(range=1.95e-08)),converged,0.005715923162980142,0.07762407336772807,False,5,5,0.0,301,8000,6.204440978763159e-07,9.01461598701303e-07,10.0,0,0,1.3328560088156034e-07,28.004292153377847,28.022838296226645,28.135109522234508,1.001141938521665e-05,1.0011421478125678e-05,1.0011445967490528e-05,28.004292153377847,28.022838296226645,28.135109522234508,1.001141938521665e-05,1.0011421478125678e-05,1.0011445967490528e-05,1.0000008630022164,1.0000008630022164,ec67dd0c19443881,ec67dd0c19443881,True,True,1.8514999974286184,6.518499998492189,8.369999995920807,1.8360000103712082,13.38539998687338,15.221399997244589
nominal_heatup,8,64.0,64.0,64.0,64.0,0.0,-177665.4000009005,optimal,-177664.62206776062,False,False,max_iterations,max_iterations,0.006731265540179127,0.07763842166301675,False,5,5,0.0,8000,8000,6.111416155363258e-07,8.879457302768401e-07,10.0,0,0,4.378641761041395e-06,28.01807839987666,28.057673407757182,28.254795432951447,1.0013052839181873e-05,1.0013061671269752e-05,1.0013127537634136e-05,28.01807839987666,28.057673407757182,28.254795432951447,1.0013052839181873e-05,1.0013061671269752e-05,1.0013127537634136e-05,1.0000008738881738,1.0000008738881738,490cda6d4683143d,490cda6d4683143d,True,True,1.6555999900447205,6.241000010049902,7.896600000094622,1.5815000078873709,420.66909999994095,422.2506000078283
nominal_heatup,9,67.99999999999999,67.99999999999999,68.0,68.0,1.4210854715202004e-14,-187142.34151269242,optimal,-187135.54167295562,False,False,max_iterations,max_iterations,0.020657770230065185,0.07761218467420897,False,5,5,0.0,8000,8000,6.305568547304574e-07,9.140364349846664e-07,10.0,0,0,3.633512160797393e-05,28.047511223592842,28.11622195693027,28.42117301871507,1.0014691440074805e-05,1.0014714737108251e-05,1.0014854481868797e-05,28.047511223592842,28.11622195693027,28.42117301871507,1.0014691440074805e-05,1.0014714737108251e-05,1.0014854481868797e-05,1.0000008905547881,1.0000008905547881,f5eff710e3f6e1e3,f5eff710e3f6e1e3,True,True,2.2415999992517754,8.240499999374151,10.482099998625927,2.3034000041661784,385.63340000109747,387.93680000526365
nominal_heatup,10,71.99999999999997,71.99999999999997,72.0,72.0,2.842170943040401e-14,-196384.77843366645,optimal,-196371.79536646046,False,False,max_iterations,max_iterations,0.0322680106289989,0.07754517109882873,False,5,5,0.0,8000,8000,6.510454682029376e-07,9.437361265796085e-07,10.0,0,0,6.61103539164274e-05,28.098587088330618,28.204026095810903,28.637444447596287,1.0016340922523065e-05,1.0016389563010768e-05,1.0016646422525322e-05,28.098587088330618,28.204026095810903,28.637444447596287,1.0016340922523065e-05,1.0016389563010768e-05,1.0016646422525322e-05,1.0000009143124624,1.0000009143124624,f4bd316394bce69d,f4bd316394bce69d,True,True,1.581599994096905,6.1378000100376084,7.719400004134513,1.8060000002151355,354.1664999938803,355.9724999940954
nominal_heatup,11,75.99999999999996,75.99999999999996,76.0,76.0,4.263256414560601e-14,-205373.05636583164,optimal,-205353.13712272828,False,False,max_iterations,max_iterations,0.044681866846975754,0.077437340407211,False,5,5,0.0,8000,8000,5.271957377317449e-07,7.663932732882017e-07,10.0,0,0,9.699053739520188e-05,28.17696474743232,28.325927123648107,28.905878723964744,1.001800935059378e-05,1.0018097472067574e-05,1.0018526362451092e-05,28.17696474743232,28.325927123648107,28.905878723964744,1.001800935059378e-05,1.0018097472067574e-05,1.0018526362451092e-05,1.0000009465851527,1.0000009465851527,26f252582edd1021,26f252582edd1021,True,True,2.2994000028120354,7.068899998557754,9.36830000136979,1.8501000013202429,433.7150999926962,435.56519999401644
nominal_heatup,12,79.99999999999994,79.99999999999994,80.0,80.0,5.684341886080802e-14,-214088.40650828427,optimal,-214063.13107200584,False,False,max_iterations,max_iterations,0.052332375088041075,0.07728877837544057,False,5,5,0.0,8000,8000,5.292319400496126e-07,7.548051019767854e-07,10.0,0,0,0.00011806074271284776,28.287695303581557,28.48611411336325,29.228022559149494,1.0019707186055292e-05,1.0019852307914455e-05,1.0020521334415317e-05,28.287695303581557,28.48611411336325,29.228022559149494,1.0019707186055292e-05,1.0019852307914455e-05,1.0020521334415317e-05,1.000000988985778,1.000000988985778,2c81db30a4bb22b4,2c81db30a4bb22b4,True,True,3.1433999974979088,11.687000005622394,14.830400003120303,2.425099999527447,545.280799997272,547.7058999967994
nominal_heatup,13,83.99999999999996,83.99999999999996,84.00000000000001,84.0,4.263256414560601e-14,-222512.4286454731,optimal,-222480.51993459422,False,False,max_iterations,max_iterations,0.06202510356984311,0.07709967677558853,False,5,5,0.0,8000,8000,5.2256444860177e-07,7.480033348272741e-07,10.0,0,0,0.00014340192623484146,28.435189073687383,28.68811443723295,29.60491107244096,1.0021447366458453e-05,1.0021670668093506e-05,1.002266335713411e-05,28.435189073687383,28.68811443723295,29.60491107244096,1.0021447366458453e-05,1.0021670668093506e-05,1.002266335713411e-05,1.0000010434153785,1.0000010434153785,e65ab9dfd8e36261,e65ab9dfd8e36261,True,True,2.5676999939605594,9.962299998733215,12.529999992693774,2.0782000065082684,364.3222999962745,366.4005000027828
nominal_heatup,14,87.99999999999994,87.99999999999994,87.99999999999999,87.99999999999999,4.263256414560601e-14,-230627.10644297558,optimal,-230592.75653999174,True,True,converged(kkt(residual=6.28e-02<=tol=7.69e-02); obj_plateau(range=3.59e-12)),converged,0.06284742157755369,0.07687031640850747,False,5,5,0.0,201,8000,5.843702126639982e-07,8.495087904236698e-07,10.0,0,0,0.0001489413083906157,28.623200041918288,28.934857331659494,30.037186768688905,1.0023245495954168e-05,1.0023572281445382e-05,1.0024990765584491e-05,28.623200041918288,28.934857331659494,30.037186768688905,1.0023245495954168e-05,1.0023572281445382e-05,1.0024990765584491e-05,1.0000011121797336,1.0000011121797336,5c3dada42f494c80,5c3dada42f494c80,True,True,2.0542999991448596,6.612299999687821,8.66659999883268,1.3060999917797744,9.713599996757694,11.019699988537468
nominal_heatup,15,91.99999999999993,91.99999999999993,91.99999999999999,91.99999999999999,5.684341886080802e-14,-238414.81741380476,optimal,-238380.6350597686,True,True,converged(kkt(residual=5.92e-02<=tol=7.66e-02); obj_plateau(range=3.00e-12)),converged,0.05916822710439215,0.07660105289289544,False,5,5,0.0,201,8000,5.896290673490512e-07,8.164697193890902e-07,10.0,0,0,0.00014337344636181575,28.854869120086413,29.22872865371056,30.525195733226727,1.0025120171607514e-05,1.0025580580941484e-05,1.0027549973976509e-05,28.854869120086413,29.22872865371056,30.525195733226727,1.0025120171607514e-05,1.0025580580941484e-05,1.0027549973976509e-05,1.0000011981334345,1.0000011981334345,0f3ee33e6d52efef,0f3ee33e6d52efef,True,True,1.8771000031847507,6.096500001149252,7.973600004334003,1.2884999887319282,8.052600009250455,9.341099997982383
nominal_heatup,16,95.99999999999993,95.99999999999993,95.99999999999999,95.99999999999999,5.684341886080802e-14,-245858.33859190316,optimal,-245826.03206303006,True,True,converged(kkt(residual=5.32e-02<=tol=7.63e-02); obj_plateau(range=1.08e-12)),converged,0.05315918080376378,0.07629230473777615,False,5,5,0.0,201,8000,6.278478821286626e-07,8.693919655300419e-07,10.0,0,0,0.0001314030228069714,29.132775953652295,29.571636766375924,31.069051976588753,1.0027093488534011e-05,1.0027723503453636e-05,1.0030397793205575e-05,29.132775953652295,29.571636766375924,31.069051976588753,1.0027093488534011e-05,1.0027723503453636e-05,1.0030397793205575e-05,1.0000013048593073,1.0000013048593073,0b9f8f456b1cef0e,0b9f8f456b1cef0e,True,True,1.392399994074367,5.8145000075455755,7.2069000016199425,1.5944999904604629,8.884400012902915,10.478900003363378
nominal_heatup,17,99.99999999999993,99.99999999999993,99.99999999999999,99.99999999999999,5.684341886080802e-14,-252940.84878196247,optimal,-252907.01079877315,False,False,max_iterations,max_iterations,0.05326826557756159,0.0759445433296222,False,5,5,0.0,8000,8000,6.361106414942697e-07,8.808334941434737e-07,10.0,0,0,0.0001337782463863624,29.459001193484145,29.965072618383886,31.66868726952701,1.0029191757879237e-05,1.0030034571632905e-05,1.0033604465787608e-05,29.459001193484145,29.965072618383886,31.66868726952701,1.0029191757879237e-05,1.0030034571632905e-05,1.0033604465787608e-05,1.0000014368973875,1.0000014368973875,734bd2d1eb417da7,734bd2d1eb417da7,True,True,1.9124999962514266,5.1131000072928146,7.025600003544241,1.485000000684522,286.97509999619797,288.4600999968825
nominal_heatup,18,103.99999999999993,103.99999999999993,103.99999999999999,103.99999999999999,5.684341886080802e-14,-259645.92809471049,optimal,-259612.1820624324,True,True,converged(kkt(residual=5.09e-02<=tol=7.56e-02); obj_plateau(range=2.58e-13)),converged,0.05092638791288817,0.07555828453379654,False,5,5,0.0,201,8000,6.768046461047561e-07,9.810758436756828e-07,10.0,0,0,0.0001299694261559515,29.83518713825559,30.410166831002797,32.32388788410938,1.0031446486637145e-05,1.003255432719756e-05,1.0037257650833878e-05,29.83518713825559,30.410166831002797,32.32388788410938,1.0031446486637145e-05,1.003255432719756e-05,1.0037257650833878e-05,1.0000016000414043,1.0000016000414043,c57a447deba633b1,c57a447deba633b1,True,True,1.5573999990010634,5.295499999192543,6.852899998193607,2.215900007286109,9.188999989419244,11.404899996705353
nominal_heatup,19,107.99999999999994,107.99999999999994,107.99999999999999,107.99999999999999,4.263256414560601e-14,-265957.55535151646,optimal,-265928.5514953351,True,True,converged(kkt(residual=4.20e-02<=tol=7.51e-02); obj_plateau(range=2.99e-13)),converged,0.04199558836803634,0.07513408166643742,False,5,5,0.0,201,8000,6.510827148531462e-07,9.116204946479911e-07,10.0,0,0,0.00010905445473523043,30.26259573381852,30.907740544433675,33.03432342597463,1.0033895682563044e-05,1.0035332213742204e-05,1.0041467676231376e-05,30.26259573381852,30.907740544433675,33.03432342597463,1.0033895682563044e-05,1.0035332213742204e-05,1.0041467676231376e-05,1.0000018017276073,1.0000018017276073,d6935a4d57fdc5d4,d6935a4d57fdc5d4,True,True,1.422299988917075,5.083700001705438,6.505999990622513,1.2654000020120293,7.2428999992553145,8.508300001267344
nominal_heatup,20,111.99999999999994,111.99999999999994,111.99999999999999,111.99999999999999,4.263256414560601e-14,-271860.1038329801,optimal,-271837.459974518,True,True,converged(kkt(residual=3.15e-02<=tol=7.47e-02); obj_plateau(range=3.00e-13)),converged,0.03152322187145396,0.0746725196353254,False,5,5,0.0,201,8000,6.837688744099069e-07,9.468268560297588e-07,10.0,0,0,8.329231889066706e-05,30.742161255455276,31.45835074073644,33.799569377951165,1.0036585572181912e-05,1.0038429042220354e-05,1.0046374493864521e-05,30.742161255455276,31.45835074073644,33.799569377951165,1.0036585572181912e-05,1.0038429042220354e-05,1.0046374493864521e-05,1.000002051549314,1.000002051549314,857027a74eaa6b83,857027a74eaa6b83,True,True,1.2503000034485012,5.215500001213513,6.4658000046620145,1.255800001672469,7.504599998355843,8.760400000028312
nominal_heatup,21,115.99999999999996,115.99999999999996,115.99999999999999,115.99999999999999,2.842170943040401e-14,-277338.3357562195,optimal,-277322.4097101143,False,False,max_iterations,max_iterations,0.02136268562861171,0.07417421008288368,False,5,5,0.0,8000,8000,7.106024355607587e-07,9.839836936365032e-07,10.0,0,0,5.742461121326382e-05,31.274537519628144,32.06232983559645,34.619125239305966,1.0039572851893256e-05,1.0041920221372836e-05,1.0052156935043224e-05,31.274537519628144,32.06232983559645,34.619125239305966,1.0039572851893256e-05,1.0041920221372836e-05,1.0052156935043224e-05,1.000002361942879,1.000002361942879,2e7906eeca422a63,2e7906eeca422a63,True,True,1.3189000019337982,6.344399997033179,7.663299998966977,1.844900005380623,286.3279000011971,288.17280000657775
nominal_heatup,22,119.99999999999996,119.99999999999996,120.0,119.99999999999999,2.842170943040401e-14,-282249.26060176594,optimal,-282197.0763839434,False,False,max_iterations,max_iterations,0.06976883828142798,0.07363978739219358,False,5,5,0.0,8000,8000,6.560766223628889e-07,9.55763558074807e-07,10.0,0,0,0.0001848869956695825,31.860139431473698,32.71982012895055,35.492429218553006,1.0042927636276365e-05,1.0045900001126806e-05,1.0059045087611502e-05,31.860139431473698,32.71982012895055,35.492429218553006,1.0042927636276365e-05,1.0045900001126806e-05,1.0059045087611502e-05,1.0000027491075865,1.0000027491075865,b44b4f7bd6f28b46,b44b4f7bd6f28b46,True,True,1.6676000086590648,6.2756999977864325,7.943300006445497,1.7722000047797337,258.5317000048235,260.30390000960324
nominal_heatup,23,123.99999999999997,123.99999999999997,124.0000004330801,123.99999999999999,1.4210854715202004e-14,-285922.71963817347,optimal,-285869.86301016615,False,False,max_iterations,max_iterations,0.07005100531542736,0.07306990543981288,False,5,5,0.0,8000,8000,6.280502589106618e-07,9.073958553429406e-07,10.0,0,0,0.00018486333675827568,32.499179256904526,33.43080354993059,36.418870302862096,1.0046737327042226e-05,1.0050487067028725e-05,1.0067336928314506e-05,32.499179256904526,33.43080354993059,36.4188703028621,1.0046737327042226e-05,1.0050487067028725e-05,1.0067336928314506e-05,1.0000032342458494,1.0000032342458494,949823b715d589cd,949823b715d589cd,True,True,1.3381000026129186,5.614399997284636,6.9524999998975545,1.3512000004993752,200.10529999854043,201.4564999990398
nominal_heatup,24,127.99999999999997,127.99999999999997,127.99999999999997,127.99999999999997,0.0,-287335.8756926245,optimal,-287286.219136647,False,False,max_iterations,max_iterations,0.06552642881908058,0.0724652349980616,False,5,5,0.0,8000,8000,6.228404885177952e-07,8.99869019299615e-07,10.0,0,0,0.00017281711118661392,33.19169804282029,34.19512725832241,37.397798234444124,1.005111170702066e-05,1.0055831947088486e-05,1.0077420781319361e-05,33.19169804282029,34.195127258322415,37.39779823444413,1.005111170702066e-05,1.0055831947088486e-05,1.0077420781319361e-05,1.0000038452434135,1.0000038452434135,741bd084326d10b1,741bd084326d10b1,True,True,1.3774999970337376,5.963699994026683,7.341199991060421,1.7253999976674095,172.79820000112522,174.52359999879263
nominal_heatup,25,130.0,130.0,130.0,130.0,0.0,-285421.34361368243,optimal,-285377.56691740005,False,False,max_iterations,max_iterations,0.057657870715883706,0.07182646170509674,False,5,5,0.0,8000,8000,5.973794969804658e-07,8.630835965917072e-07,10.0,0,0,0.00015337569267991552,33.93759271203294,35.01252560136735,38.42853181431628,1.005618967429849e-05,1.0062126862556018e-05,1.0089805789359043e-05,33.937592712032945,35.01252560136736,38.42853181431629,1.005618967429849e-05,1.0062126862556018e-05,1.0089805789359043e-05,1.0000046189564815,1.000004618956481,fc3b5ac021805915,fc3b5ac021805915,False,False,1.8128999945474789,6.526500001200475,8.339399995747954,1.755699995555915,181.46740000520367,183.2231000007596
nominal_heatup,26,130.0,130.0,130.0,130.0,0.0,-281039.45613230206,optimal,-281001.29474642174,False,False,max_iterations,max_iterations,0.050257745858787506,0.07100872565768025,False,5,5,0.0,8000,8000,5.907820366246597e-07,8.251905798672965e-07,10.0,0,0,0.00013578657746338255,34.73663933886756,35.88263890591761,39.51036584016605,1.0062148184087887e-05,1.0069618889944927e-05,1.0105163455459045e-05,34.73663933886757,35.88263890591762,39.51036584016606,1.0062148184087887e-05,1.0069618889944927e-05,1.0105163455459045e-05,1.0000056043396808,1.000005604339681,e5980b92603c97c8,e5980b92603c97c8,False,False,1.2691000010818243,4.686599990236573,5.955699991318397,1.2671000004047528,169.84869999578223,171.11579999618698
nominal_heatup,27,130.0,130.0,130.0,130.0,0.0,-276121.9701329737,optimal,-276086.8455933054,False,False,max_iterations,max_iterations,0.04632589416462514,0.07002782566253117,False,5,5,0.0,8000,8000,6.886175754061696e-07,9.98919578165669e-07,10.0,0,0,0.00012720660964171378,35.588513092118,36.80502953120534,40.64257692132613,1.0069214176848358e-05,1.007862763007317e-05,1.0124384554526784e-05,35.588513092118006,36.80502953120535,40.64257692132614,1.0069214176848358e-05,1.007862763007317e-05,1.0124384554526784e-05,1.0000068667446973,1.0000068667446973,55c41df516218fce,55c41df516218fce,False,False,1.2491999950725585,4.717000003438443,5.9661999985110015,1.2138999882154167,167.0777000108501,168.2915999990655
nominal_heatup,28,130.0,130.0,130.0,130.0,0.0,-271205.59466745873,optimal,-271172.8413230776,False,False,max_iterations,max_iterations,0.04329331366787285,0.06904684436760199,False,5,5,0.0,8000,8000,5.629278376773073e-07,8.133082873840181e-07,10.0,0,0,0.0001207694274198668,36.49280528639047,37.779195562592335,41.82442836075675,1.00776805645182e-05,1.0089569039656567e-05,1.0148657494724979e-05,36.49280528639048,37.77919556259234,41.824428360756755,1.00776805645182e-05,1.0089569039656569e-05,1.0148657494724979e-05,1.0000084938573894,1.0000084938573894,23ea22a2e480351b,23ea22a2e480351b,False,False,1.2922999885631725,4.914000004646368,6.206299993209541,1.305399986449629,151.6406000009738,152.94599998742342
nominal_heatup,29,130.0,130.0,130.0,130.0,0.0,-266303.80327160936,optimal,-266272.99317817076,False,False,max_iterations,max_iterations,0.040847768945857975,0.06806870209385167,False,5,5,0.0,8000,8000,5.667615994298103e-07,8.188474511783284e-07,10.0,0,0,0.00011569528132941508,37.44903793778677,38.804582478445084,43.05517425772096,1.008792775660128e-05,1.0102987727945596e-05,1.0179576783908196e-05,37.44903793778678,38.80458247844509,43.055174257720964,1.008792775660128e-05,1.0102987727945598e-05,1.0179576783908196e-05,1.000010603941939,1.000010603941939,fd22a99e5d500abb,fd22a99e5d500abb,False,False,1.2495999981183559,5.258400007733144,6.5080000058515,1.3002000050619245,175.63629998767283,176.93649999273475
nominal_heatup,30,130.0,130.0,130.0,130.0,0.0,-261427.5052721412,optimal,-261400.2390278176,False,False,max_iterations,max_iterations,0.036218760152021724,0.06709577259640181,False,5,5,0.0,8000,8000,5.538213656564039e-07,8.001513664979143e-07,10.0,0,0,0.00010429753477990843,38.456676172467965,39.88059307969842,44.326295872218694,1.0100452783556139e-05,1.0119600936431951e-05,1.0219294017606023e-05,38.45667617246797,39.88059307969843,44.3262958722187,1.0100452783556139e-05,1.0119600936431953e-05,1.0219294017606023e-05,1.0000133502968045,1.0000133502968045,c9ce0c2a8f826f50,c9ce0c2a8f826f50,False,False,1.3655000075232238,4.935599994496442,6.301100002019666,1.2264999968465418,159.04589999991003,160.27239999675658
nominal_heatup,31,130.0,130.0,130.0,130.0,0.0,-256585.55014345836,optimal,-256564.02872625447,False,False,max_iterations,max_iterations,0.028561413439777545,0.06612998760060436,False,5,5,0.0,8000,8000,5.940060532338975e-07,8.616746134393338e-07,10.0,0,0,8.387618551303116e-05,39.51513879282676,41.00370911940793,45.62384309440204,1.0115908887980325e-05,1.0140358723565775e-05,1.027064961864798e-05,39.51513879282677,41.00370911940794,45.62384309440205,1.0115908887980325e-05,1.0140358723565776e-05,1.027064961864798e-05,1.0000169276166246,1.0000169276166246,bcc444b2ad985300,bcc444b2ad985300,False,False,1.204400003189221,4.605599999194965,5.810000002384186,1.2149999965913594,145.50540001073387,146.72040000732522
nominal_heatup,32,130.0,130.0,129.99999999999997,129.99999999999997,-2.842170943040401e-14,-251785.12089130838,optimal,-251766.1222347287,False,False,max_iterations,max_iterations,0.025296168442286698,0.06517292003746414,False,5,5,0.0,8000,8000,5.815409735987487e-07,8.435925673566658e-07,10.0,0,0,7.54558351671923e-05,40.62166136640787,42.16762674340835,46.9369658648656,1.0135159609374298e-05,1.0166511340095577e-05,1.0337306087914461e-05,40.62166136640788,42.167626743408356,46.936965864865606,1.0135159609374298e-05,1.0166511340095578e-05,1.0337306087914461e-05,1.0000215859513406,1.0000215859513406,ffee3187d5cdd4c6,ffee3187d5cdd4c6,False,False,1.2023000017507002,4.473399996641092,5.675699998391792,1.1897999938810244,149.1227000078652,150.31250000174623
nominal_heatup,33,130.0,130.0,130.0,130.0,0.0,-247032.0355594463,optimal,-247016.3893892971,False,False,max_iterations,max_iterations,0.02087809176450811,0.06422584802798516,False,5,5,0.0,8000,8000,5.690581303952058e-07,8.254847498889717e-07,10.0,0,0,6.333660374719501e-05,41.77084845737515,43.36566791672193,48.25708836034171,1.0159342426202962e-05,1.0199689056691246e-05,1.0423972055584554e-05,41.77084845737516,43.36566791672194,48.25708836034172,1.0159342426202962e-05,1.0199689056691248e-05,1.0423972055584554e-05,1.0000276448036494,1.00002764480365,4263c1a4a3afded0,4263c1a4a3afded0,False,False,1.2013999948976561,4.64780000038445,5.849199995282106,1.2559000024339184,175.9394999971846,177.19539999961853
nominal_heatup,34,130.0,130.0,129.99999999999997,129.99999999999997,-2.842170943040401e-14,-242330.98488116497,optimal,-242317.98814503,False,False,max_iterations,max_iterations,0.01741305872577375,0.06328980575395214,False,5,5,0.0,8000,8000,5.56824574005077e-07,8.077386182137047e-07,10.0,0,0,5.3632168173795444e-05,42.95635122779743,44.590925972232014,49.57797689401694,1.018994412676557e-05,1.0242010082863204e-05,1.053668028779401e-05,42.956351227797434,44.59092597223202,49.57797689401695,1.018994412676557e-05,1.0242010082863206e-05,1.053668028779401e-05,1.0000355128009815,1.0000355128009815,5fd701c541207425,5fd701c541207425,False,False,1.2432000075932592,4.796799999894574,6.0400000074878335,1.436300008208491,162.42209999472834,163.85840000293683
nominal_heatup,35,130.0,130.0,130.0,130.0,0.0,-237685.7207438046,optimal,-237674.90426950995,False,False,max_iterations,max_iterations,0.014589144100984481,0.062365623944923045,False,5,5,0.0,8000,8000,5.44834080073997e-07,7.903449992241462e-07,10.0,0,0,4.550746364035806e-05,44.171406195469075,45.83695172260524,50.8949572932192,1.0228899307463622e-05,1.0296214244032104e-05,1.0683152902901279e-05,44.17140619546908,45.83695172260525,50.89495729321921,1.0228899307463622e-05,1.0296214244032106e-05,1.0683152902901279e-05,1.0000457117886863,1.0000457117886863,12db584ad9cbc4b2,12db584ad9cbc4b2,False,False,1.2538000009953976,4.904300003545359,6.158100004540756,1.2180000048829243,151.4173000032315,152.63530000811443
nominal_heatup,36,130.0,130.0,130.0,130.0,0.0,-233099.2079554046,optimal,-233090.17327209245,False,False,max_iterations,max_iterations,0.012326457386565775,0.06145396265258743,False,5,5,0.0,8000,8000,6.873502798043774e-07,9.96183769252923e-07,10.0,0,0,3.875896186552448e-05,45.40948352759254,47.0978389175981,52.20455455144949,1.0278713971231812e-05,1.0365834296490869e-05,1.0873268743414286e-05,45.40948352759255,47.097838917598104,52.2045545514495,1.0278713971231812e-05,1.036583429649087e-05,1.0873268743414286e-05,1.0000589086745004,1.000058908674502,fb0a8e50d240957c,fb0a8e50d240957c,False,False,1.222500010044314,4.525999989709817,5.748499999754131,1.2143999920226634,147.80310000060126,149.01749999262393
nominal_heatup,37,130.0,130.0,130.0,130.0,0.0,-228573.74701395683,optimal,-228566.9945560652,False,False,max_iterations,max_iterations,0.009340409624690156,0.060555337872889234,False,5,5,0.0,8000,8000,6.722444538809214e-07,9.742907254306488e-07,10.0,0,0,2.954170362858637e-05,46.664516953800415,48.3683532001705,53.504128266444766,1.0342623010345865e-05,1.045541181963181e-05,1.1119674734577008e-05,46.66451695380042,48.36835320017051,53.50412826644477,1.0342623010345865e-05,1.0455411819631811e-05,1.1119674734577008e-05,1.0000759571416176,1.0000759571416173,dccf7c89e5d0cee1,dccf7c89e5d0cee1,False,False,1.223200000822544,4.5365999976638705,5.7597999984864146,1.3328000059118494,140.20850000088103,141.54130000679288
nominal_heatup,38,130.0,130.0,130.0,130.0,0.0,-224111.0735988821,optimal,-224106.02917668296,False,False,max_iterations,max_iterations,0.007197694360526231,0.059670143240500025,False,5,5,0.0,8000,8000,6.576610900310698e-07,9.531548927910194e-07,10.0,0,0,2.2508580759344416e-05,47.93105863475706,49.643915160377404,54.791662659233666,1.0424789135198688e-05,1.057077204438009e-05,1.1438591403752979e-05,47.931058634757065,49.64391516037741,54.79166265923367,1.0424789135198688e-05,1.0570772044380092e-05,1.1438591403752979e-05,1.0000979538377246,1.0000979538377246,a577dd728364da27,a577dd728364da27,False,False,1.7364999948767945,6.244000003789552,7.980499998666346,1.8888000049628317,169.44479999074247,171.3335999957053
nominal_heatup,39,130.0,130.0,130.0,130.0,0.0,-219712.43848034053,optimal,-219709.87241184583,False,False,max_iterations,max_iterations,0.0038254948324219365,0.05879866758337711,False,5,5,0.0,8000,8000,6.425930649811562e-07,9.313166744462364e-07,10.0,0,0,1.1679213577714909e-05,49.20430631494216,50.92057550494544,56.065602396874425,1.0530555493521728e-05,1.0719374634412517e-05,1.1850890373346329e-05,49.204306314942166,50.92057550494545,56.06560239687443,1.0530555493521728e-05,1.0719374634412519e-05,1.1850890373346329e-05,1.0001263149983302,1.0001263149983302,474b2b4fe7a04db1,474b2b4fe7a04db1,False,False,1.211499999044463,4.611800002749078,5.823300001793541,1.200400001835078,154.46320000046398,155.66360000229906
nominal_heatup,40,130.0,130.0,130.0,130.0,0.0,-215378.67026079042,optimal,-215377.6730099853,False,False,max_iterations,max_iterations,0.0019174837320604643,0.057941108879194105,False,5,5,0.0,8000,8000,6.286498859253697e-07,9.11108696932672e-07,10.0,0,0,4.630220828769376e-06,50.480091836351285,52.19495775967505,57.32474554955665,1.0666767540547945e-05,1.0910765749966644e-05,1.238355239644559e-05,50.48009183635129,52.194957759675056,57.32474554955666,1.0666767540547945e-05,1.0910765749966646e-05,1.2383552396445595e-05,1.0001628826826376,1.0001628826826376,a44f9ccf1a3ca0ea,a44f9ccf1a3ca0ea,False,False,1.2845999881392345,4.918100006761961,6.202699994901195,1.2570999970193952,160.097300002235,161.35439999925438
nominal_heatup,41,130.0,130.0,130.0,130.0,0.0,-211111.1450099574,optimal,-211111.11690629888,True,True,converged(kkt(residual=4.91e-04<=tol=5.71e-02); obj_plateau(range=1.66e-08)),converged,0.000490667729020843,0.0570975849135654,False,5,5,0.0,501,8000,6.800672167628363e-07,9.86516296208606e-07,10.0,0,0,1.3312257176091696e-07,51.75483560174434,53.4641995143953,58.568163767464874,1.0842186462087133e-05,1.1157166424599133e-05,1.3071662770483212e-05,51.75483560174435,53.464199514395304,58.56816376746488,1.0842186462087133e-05,1.1157166424599135e-05,1.3071662770483217e-05,1.000210073755604,1.000210073755604,c55fce8fe600d884,c55fce8fe600d884,False,False,1.7491000035079196,6.158899996080436,7.907999999588355,1.722199987852946,19.25130000745412,20.973499995307066
nominal_heatup,42,130.0,130.0,130.0,130.0,0.0,-206912.3233302201,optimal,-206912.2944317979,True,True,converged(kkt(residual=1.08e-03<=tol=5.63e-02); obj_plateau(range=1.74e-08)),converged,0.001077787792359494,0.056268140734693016,False,5,5,0.0,451,8000,6.726167072201861e-07,9.757084997730203e-07,10.0,0,0,1.3966506042517293e-07,53.02549121637783,54.725890756821585,59.79514556110168,1.1068025253675922e-05,1.1474247701261863e-05,1.3961166177047799e-05,53.02549121637784,54.72589075682159,59.79514556110168,1.1068025253675922e-05,1.1474247701261865e-05,1.3961166177047804e-05,1.0002710907268957,1.0002710907268957,3245cd5746b06302,3245cd5746b06302,False,False,1.3995000044815242,4.562599991913885,5.962099996395409,1.3816999999107793,10.179400007473305,11.561100007384084
nominal_heatup,43,130.0,130.0,130.0,130.0,0.0,-202781.95236352086,optimal,-202781.91242131617,True,True,converged(kkt(residual=1.96e-03<=tol=5.55e-02); obj_plateau(range=2.45e-08)),converged,0.001958182554445776,0.055452752776152844,False,5,5,0.0,351,8000,6.654500452896173e-07,9.653124513064881e-07,10.0,0,0,1.969712006741839e-07,54.28948544658737,55.978016398292105,61.00515332643331,1.1358651936153698e-05,1.1882164517023142e-05,1.5112695179349733e-05,54.28948544658738,55.97801639829211,61.005153326433316,1.1358651936153698e-05,1.1882164517023144e-05,1.5112695179349738e-05,1.0003502217184121,1.0003502217184117,fca4e23c2e5fe731,fca4e23c2e5fe731,False,False,1.2165000080130994,5.214999997406267,6.431500005419366,1.213300012750551,7.404199990560301,8.617500003310852
nominal_heatup,44,130.0,130.0,130.0,130.0,0.0,-198719.31852875996,optimal,-198719.2969586252,True,True,converged(kkt(residual=1.92e-03<=tol=5.47e-02); obj_plateau(range=1.36e-08)),converged,0.001916045033909527,0.05465132926034461,False,5,5,0.0,201,8000,6.579059430578127e-07,9.543687999880035e-07,10.0,0,0,1.0854573623256533e-07,55.54466009462919,57.218903246915346,62.19779083408778,1.1732523445269194e-05,1.2406951562850738e-05,1.660691317248316e-05,55.544660094629194,57.21890324691535,62.19779083408779,1.1732523445269194e-05,1.240695156285074e-05,1.6606913172483163e-05,1.0004532681750724,1.0004532681750724,7ed7a61c19fb42a8,7ed7a61c19fb42a8,False,False,1.179500002763234,4.451699991477653,5.6311999942408875,1.185900007840246,5.040299991378561,6.226199999218807
nominal_heatup,45,130.0,130.0,130.0,130.0,0.0,-194722.70294223801,optimal,-194717.53441824578,True,True,converged(kkt(residual=6.79e-03<=tol=5.39e-02); obj_plateau(range=1.79e-15)),converged,0.006792379481273256,0.053863706153796154,False,5,5,0.0,201,8000,5.547262276195397e-07,8.039703915940777e-07,10.0,0,0,2.6542996343431713e-05,56.789217674450455,58.44717272868526,63.3727778009778,1.221344127067576e-05,1.3082428465613037e-05,1.8551986542778224e-05,56.78921767445046,58.44717272868527,63.372777800977815,1.221344127067576e-05,1.3082428465613039e-05,1.8551986542778255e-05,1.0005881542511206,1.000588154251119,03c77da99c0ada25,03c77da99c0ada25,False,False,1.2587000092025846,4.396399992401712,5.655100001604296,1.1654000118141994,6.20199998957105,7.367400001385249
nominal_heatup,46,130.0,130.0,130.0,130.0,0.0,-190788.46036723867,optimal,-190775.97906810985,True,True,converged(kkt(residual=1.64e-02<=tol=5.31e-02); obj_plateau(range=1.68e-15)),converged,0.016412359272359574,0.053089637459727966,False,5,5,0.0,201,8000,6.665247980208733e-07,9.661745119515786e-07,10.0,0,0,6.541957047458769e-05,58.021672340212916,59.66169913612939,64.52992981579378,1.283225903535136e-05,1.3952823801894357e-05,2.1094037516679103e-05,58.02167234021292,59.6616991361294,64.52992981579379,1.283225903535136e-05,1.3952823801894359e-05,2.1094037516679137e-05,1.0007657922929525,1.0007657922929523,56f953d3e97aed76,56f953d3e97aed76,False,False,1.2051999947289005,4.446200007805601,5.651400002534501,1.2208999978611246,6.943000000319444,8.163899998180568
nominal_heatup,47,130.00000000000003,130.00000000000003,130.0,130.0,-2.842170943040401e-14,-186914.54264864302,optimal,-186895.47756665765,True,True,converged(kkt(residual=2.51e-02<=tol=5.23e-02); obj_plateau(range=1.87e-15)),converged,0.025085424988886273,0.05232877789162333,False,5,5,0.0,201,8000,5.445832158557096e-07,7.912411650323747e-07,10.0,0,0,0.00010199892269017848,59.24080627823816,60.86157324805601,65.66914222531284,1.3629227439716847e-05,1.5076414058007537e-05,2.4431749600808593e-05,59.24080627823817,60.861573248056025,65.66914222531285,1.3629227439716847e-05,1.5076414058007539e-05,2.4431749600808675e-05,1.0010013058592755,1.0010013058592766,49801c3050122b0e,49801c3050122b0e,False,False,1.2011999933747575,4.966499996953644,6.167699990328401,1.7401999939465895,11.92760000412818,13.66779999807477
nominal_heatup,48,130.0,130.0,130.0,130.0,0.0,-183098.4095507756,optimal,-183073.45639019343,True,True,converged(kkt(residual=3.29e-02<=tol=5.16e-02); obj_plateau(range=1.91e-15)),converged,0.032854556331693006,0.05158065477464443,False,5,5,0.0,201,8000,5.492567680676075e-07,7.980315031019813e-07,10.0,0,0,0.00013628278171996547,60.445631502829244,62.046070844933716,66.79037712551896,1.4657239205824328e-05,1.6530593465596096e-05,2.8836727925755446e-05,60.44563150282925,62.04607084493373,66.79037712551897,1.4657239205824328e-05,1.6530593465596096e-05,2.8836727925755534e-05,1.0013157471013447,1.0013157471013459,31f3b98efc777687,31f3b98efc777687,False,False,1.1749999976018444,4.761000003782101,5.936000001383945,1.255800001672469,9.26679999975022,10.522600001422688
nominal_heatup,49,130.0,130.0,130.0,130.0,0.0,-179336.59056007024,optimal,-179306.41250622238,True,True,converged(kkt(residual=3.98e-02<=tol=5.08e-02); obj_plateau(range=1.62e-15)),converged,0.039761585368374375,0.0508446239963693,False,5,5,0.0,201,8000,6.12646928743743e-07,8.901329966448657e-07,10.0,0,0,0.00016827605428150794,61.63535669095368,63.21462566327623,67.89365282436218,1.5986343757010025e-05,1.841895514025872e-05,3.468179049773312e-05,61.63535669095369,63.214625663276244,67.89365282436219,1.5986343757010025e-05,1.8418955140258733e-05,3.468179049773321e-05,1.0017384914685052,1.0017384914685026,e0ec5458b0069c7e,e0ec5458b0069c7e,False,False,1.6351999947801232,6.033199999365024,7.6683999941451475,1.6943999944487587,10.74680000601802,12.441200000466779
nominal_heatup,50,130.0,130.0,130.0,130.0,0.0,-175624.29736141698,optimal,-175589.5259482531,True,True,converged(kkt(residual=4.58e-02<=tol=5.01e-02); obj_plateau(range=1.66e-15)),converged,0.045846958760086515,0.050119801260219664,False,5,5,0.0,201,8000,5.614897986561118e-07,8.158053264040177e-07,10.0,0,0,0.00019798748627681355,62.80935862777153,64.36680630859729,68.97903535661555,1.771004879334599e-05,2.0881188322763476e-05,4.248012413352573e-05,62.809358627771545,64.3668063085973,68.97903535661558,1.771004879334599e-05,2.088118832276349e-05,4.248012413352589e-05,1.0023105527641403,1.00231055276414,d657848dce19ac74,d657848dce19ac74,False,False,1.2009000056423247,4.417099989950657,5.617999995592982,1.1958999966736883,6.790300001739524,7.986199998413213
nominal_heatup,51,130.0,130.0,129.99999999999997,129.99999999999997,-2.842170943040401e-14,-171954.81030175835,optimal,-171916.04692455503,False,False,max_iterations,max_iterations,0.051149949760595795,0.04940495338325208,False,5,5,0.0,8000,8000,6.77250937997087e-07,9.824310414074944e-07,10.0,0,0,0.00022542769891230753,63.96715780299739,65.50229669912929,70.04663175947263,1.9954127492003092e-05,2.4106900556497137e-05,5.293923003597164e-05,63.967157802997406,65.50229669912932,70.04663175947266,1.9954127492003092e-05,2.4106900556497154e-05,5.2939230035971814e-05,1.0030891393708201,1.0030891393708201,1063ee05dea192b4,1063ee05dea192b4,False,False,1.1805999965872616,4.855599996517412,6.036199993104674,1.1945000005653128,244.4141000014497,245.608600002015
nominal_heatup,52,130.0,130.0,130.0,130.0,0.0,-168318.48079948733,optimal,-168276.29806939472,False,False,max_iterations,max_iterations,0.055707414531386085,0.04869832210301325,False,5,5,0.0,8000,8000,5.388206574252763e-07,7.828687857980299e-07,10.0,0,0,0.000250612588065801,65.10839773149326,66.62087966539485,71.09658492755244,2.288892387473418e-05,2.8354882832899212e-05,6.703486721298806e-05,65.10839773149327,66.62087966539488,71.09658492755247,2.288892387473418e-05,2.835488283289929e-05,6.703486721298836e-05,1.0041538720862668,1.0041538720862666,c776b99c3ed66c8e,c776b99c3ed66c8e,False,False,1.2559999886434525,4.866600007517263,6.122599996160716,1.213900002767332,276.60800000012387,277.8219000028912
nominal_heatup,53,130.0,130.0,130.0,130.0,0.0,-164701.05308826873,optimal,-164655.99765105738,False,False,max_iterations,max_iterations,0.05955364954378415,0.047997328947520616,False,5,5,0.0,8000,8000,5.226776238487219e-07,7.594141626654505e-07,10.0,0,0,0.0002735588896761877,66.23282762269274,67.72242340235863,72.1290699518052,2.6746518406205812e-05,3.397988237098335e-05,8.611184642383605e-05,66.23282762269277,67.72242340235866,72.12906995180523,2.6746518406205812e-05,3.397988237098351e-05,8.611184642383666e-05,1.0056152093333455,1.0056152093333455,5cffea7bb815f59a,5cffea7bb815f59a,False,False,1.188700000056997,5.91599999461323,7.104699994670227,1.6463000065414235,274.51960000325926,276.1659000098007
nominal_heatup,54,130.0,130.0,130.0,130.0,0.0,-161080.72767843746,optimal,-161033.32403058233,False,False,max_iterations,max_iterations,0.06271765991941633,0.04729806150483579,False,5,5,0.0,8000,8000,5.324480127910647e-07,7.736100720023842e-07,10.0,0,0,0.00029428503669068714,67.34028809419578,68.80687054634413,73.14429192629686,3.1844611049781495e-05,4.1469671910037346e-05,0.0001120206141967142,67.34028809419581,68.80687054634416,73.14429192629689,3.1844611049781495e-05,4.146967191003758e-05,0.00011202061419671508,1.0076257803464348,1.0076257803464352,d9fc5f47a4bee28e,d9fc5f47a4bee28e,False,False,1.2075999984517694,4.779099996085279,5.986699994537048,1.1847999994643033,325.3287999978056,326.5135999972699
nominal_heatup,55,130.0,130.0,130.0,130.0,0.0,-157422.79585869357,optimal,-157373.55399927552,False,False,max_iterations,max_iterations,0.0652193817102677,0.04659434033519819,False,5,5,0.0,8000,8000,6.854934184730155e-07,9.93670838944638e-07,10.0,0,0,0.00031280005636588414,68.43069970476232,69.87422973194204,74.14248528314019,3.8619637364567744e-05,5.1496155359949186e-05,0.00014730119077533435,68.43069970476235,69.87422973194207,74.1424852831402,3.8619637364567744e-05,5.1496155359949457e-05,0.00014730119077533538,1.010395516954784,1.0103955169547845,ca6305f4e0a22c19,ca6305f4e0a22c19,False,False,2.181100004236214,7.382600000710227,9.56370000494644,1.502500002970919,284.6521000028588,286.1546000058297
nominal_heatup,56,130.0,130.0,130.0,130.0,0.0,-153676.14409928268,optimal,-153625.5801899521,False,False,max_iterations,max_iterations,0.06705182049737848,0.045877056997793215,False,5,5,0.0,8000,8000,6.316018072993757e-07,9.176742121752568e-07,10.0,0,0,0.000329029008548359,69.5040541714148,70.924569573403,75.12391479571387,4.767250118687801e-05,6.498548706359931e-05,0.00019542929915612015,69.50405417141482,70.92456957340303,75.12391479571389,4.767250118687801e-05,6.498548706359971e-05,0.00019542929915612135,1.014211710750462,1.0142117107504625,6336b5e0f2cece1d,6336b5e0f2cece1d,False,False,1.2014000094495714,4.396999996970408,5.598400006419979,1.2076999992132187,283.6812000023201,284.88890000153333
nominal_heatup,57,130.0,130.0,130.0,130.0,0.0,-149803.8058766293,optimal,-149752.49798274424,False,False,max_iterations,max_iterations,0.06813447571447487,0.04513912203320477,False,5,5,0.0,8000,8000,5.111149619096977e-07,7.407641193779568e-07,10.0,0,0,0.00034250060327041954,70.56040823389365,71.95801511327056,76.0888784775621,5.983144181865124e-05,8.321377814266961e-05,0.0002611435762269537,70.56040823389368,71.95801511327059,76.08887847756213,5.983144181865133e-05,8.321377814267008e-05,0.0002611435762269551,1.0194654224269877,1.0194654224269861,b74d0aabe9de8c95,b74d0aabe9de8c95,False,False,1.2482000020099804,4.711500005214475,5.9597000072244555,1.2137000012444332,282.4552000092808,283.66890001052525
nominal_heatup,58,130.0,130.0,130.0,130.0,0.0,-145749.94356051218,optimal,-145698.54142665435,False,False,max_iterations,max_iterations,0.06837540372795853,0.04437063831671657,False,5,5,0.0,8000,8000,5.17276106393183e-07,7.496935383599634e-07,10.0,0,0,0.0003526734391930989,71.59988023965894,72.97474689074429,77.03771270348125,7.623802393224706e-05,0.00010793700677174436,0.0003508777483324809,71.59988023965897,72.97474689074431,77.03771270348128,7.623802393224716e-05,0.00010793700677174491,0.0003508777483324832,1.0266860520935506,1.026686052093552,9e4e64c88590bd46,9e4e64c88590bd46,False,False,1.2284000113140792,4.649299997254275,5.877700008568354,1.1959000112256035,254.9455999978818,256.1415000091074
nominal_heatup,59,130.0,130.0,130.0,130.0,0.0,-141440.57772832442,optimal,-141389.8562983079,False,False,max_iterations,max_iterations,0.0676129897160145,0.043558765888782304,False,5,5,0.0,8000,8000,5.44042350725249e-07,7.90457932886568e-07,10.0,0,0,0.00035860593071016173,72.62264964699986,73.9750029073809,77.9707999945643,9.846413029699062e-05,0.0001415663492820105,0.0004733277732075414,72.62264964699989,73.97500290738093,77.97079999456433,9.846413029699087e-05,0.00014156634928201114,0.00047332777320754406,1.0365863512084827,1.036586351208483,0528ae0c793230b6,0528ae0c793230b6,False,False,1.201300008688122,4.872299992712215,6.073600001400337,1.2115999998059124,271.90179999161046,273.1133999914164
nominal_heatup,60,130.0,130.0,129.99999999999997,129.99999999999997,-2.842170943040401e-14,-136777.72072458593,optimal,-136728.67279736762,False,False,max_iterations,max_iterations,0.06556515502624145,0.04268670890114287,False,5,5,0.0,8000,8000,5.503895437186657e-07,7.996810227339779e-07,10.0,0,0,0.0003585958806621782,73.62895978704016,74.95908391297361,78.88858004554173,0.00012867025852995718,0.00018740344468097736,0.0006401914369111129,73.62895978704019,74.95908391297364,78.88858004554174,0.00012867025852995748,0.00018740344468097845,0.0006401914369111172,1.050120718510396,1.0501207185103965,874a90177e448d1e,874a90177e448d1e,False,False,1.2103000044589862,4.634599987184629,5.844899991643615,1.1871000024257228,272.2388999973191,273.4259999997448
nominal_heatup,61,130.0,130.0,130.0,130.0,0.0,-131633.33535433802,optimal,-131587.304491166,False,False,max_iterations,max_iterations,0.061776400300100474,0.04173272375183805,False,5,5,0.0,8000,8000,5.196478980451502e-07,7.531309735853142e-07,10.0,0,0,0.0003496900161955911,74.61912439324067,75.9273626060559,79.7915647370316,0.00016981851204121582,0.000249954278207547,0.000867127057893924,74.6191243932407,75.92736260605591,79.79156473703163,0.00016981851204121614,0.00024995427820754916,0.0008671270578939291,1.0685602951995168,1.0685602951995172,5653e31ce5d9ffe7,5653e31ce5d9ffe7,False,False,1.1905999999726191,4.632900003343821,5.82350000331644,1.2226000108057633,270.94849999411963,272.1711000049254
nominal_heatup,62,130.0,130.0,130.0,130.0,0.0,-125838.05387612176,optimal,-125796.94770282996,False,False,max_iterations,max_iterations,0.05551244948232641,0.040668356922165964,False,5,5,0.0,8000,8000,5.238329521262131e-07,7.591964221731473e-07,10.0,0,0,0.0003266593214497393,75.59353860711926,76.88029754981152,80.68035807598109,0.00022595761699722793,0.00033534566642785455,0.0011749892088737301,75.59353860711927,76.88029754981154,80.6803580759811,0.0002259576169972283,0.00033534566642785715,0.0011749892088737384,1.0935892358408452,1.093589235840848,25a4de378befb375,25a4de378befb375,False,False,1.262899997527711,4.906399990431964,6.1692999879596755,1.2069999938830733,273.1742000032682,274.38119999715127
nominal_heatup,63,130.0,130.0,130.0,130.0,0.0,-119163.98373590372,optimal,-119135.87594293653,False,False,max_iterations,max_iterations,0.03818264105525747,0.03945591727803263,False,5,5,0.0,8000,8000,6.547875273099635e-07,9.489902312864729e-07,10.0,0,0,0.000235874901844459,76.55269541198885,77.81845285698665,81.55568225699331,0.000302602347467781,0.00045187509501606806,0.0015914133079866558,76.55269541198888,77.81845285698668,81.55568225699332,0.00030260234746778145,0.00045187509501607115,0.0015914133079866655,1.1274277236504153,1.1274277236504195,5904c0dc267ce05e,5904c0dc267ce05e,False,False,1.247799998964183,4.676399999880232,5.924199998844415,1.203799998620525,222.29729998798575,223.50109998660628
nominal_heatup,64,130.0,130.0,130.0,130.0,0.0,-111296.35621051691,optimal,-111281.75007823025,False,False,max_iterations,max_iterations,0.02018554302158789,0.03804428644153143,False,5,5,0.0,8000,8000,5.98532679418895e-07,8.674594882407405e-07,10.0,0,0,0.00013123639249185883,77.49720874793374,78.74252501387184,82.41841135365388,0.0004072362690768489,0.000610733411020268,0.0021528384063738536,77.49720874793377,78.74252501387187,82.4184113536539,0.00040723626907685016,0.0006107334110202738,0.0021528384063738693,1.1637021882955467,1.1637021882955465,270898a61297d7e6,270898a61297d7e6,False,False,1.2106999929528683,4.444599995622411,5.65529998857528,1.1881999962497503,251.12640000588726,252.314600002137
nominal_heatup,65,130.0,130.0,130.0,130.0,0.0,-101795.11615588568,optimal,-101794.11597911379,False,False,max_iterations,max_iterations,0.0021004815432277917,0.03636599674734804,False,5,5,0.0,8000,8000,5.301903769350247e-07,7.684102856231334e-07,10.0,0,0,9.825390543576765e-06,78.42784494406874,79.65337861958591,83.26961456008871,0.0005499752700757756,0.0008269513780813432,0.0029070797804485924,78.42784494406877,79.65337861958594,83.26961456008874,0.000549975270075777,0.0008269513780813502,0.002907079780448611,1.1641786564642513,1.1641786564642533,c0f61961dad9675b,c0f61961dad9675b,False,False,1.7550000047776848,6.263299990678206,8.018299995455891,1.7244000046048313,305.170999999973,306.8954000045778
nominal_heatup,66,130.0,130.0,130.0,130.0,0.0,-90132.27733826957,optimal,-90113.38295484081,True,True,converged(kkt(residual=2.55e-02<=tol=3.43e-02); obj_plateau(range=6.46e-16)),converged,0.025546504168051546,0.03433458755243504,False,5,5,0.0,201,8000,6.776905365768471e-07,9.821838036216946e-07,10.0,0,0,0.0002096294910822088,79.34556460405534,80.55209335323579,84.11061145147468,0.0007444407920444463,0.0011206365717722903,0.003916591951351883,79.34556460405537,80.55209335323582,84.11061145147471,0.0007444407920444479,0.0011206365717723007,0.003916591951351905,1.164377254198572,1.1643772541985693,90b55725b5711beb,90b55725b5711beb,False,False,1.6866000078152865,5.904599995119497,7.591200002934784,1.6389999946113676,15.124800003832206,16.763799998443574
nominal_heatup,67,130.0,130.0,130.0,130.0,0.0,-75454.14802956136,optimal,-75416.03321397508,False,False,max_iterations,max_iterations,0.05242443994383044,0.03184529329342812,False,5,5,0.0,8000,8000,6.669691998695271e-07,9.717203202086466e-07,10.0,0,0,0.0005051387707779758,80.25157775443296,81.44002521218513,84.94304248452,0.001008907354669381,0.001518588440871167,0.005262601461616995,80.25157775443299,81.44002521218516,84.94304248452003,0.0010089073546693866,0.0015185884408711794,0.005262601461617021,1.1644013940425086,1.1644013940425086,d06667ad6cfd4953,d06667ad6cfd4953,False,False,1.6348999924957752,6.447500010835938,8.082400003331713,1.714199999696575,414.5398999971803,416.2540999968769
nominal_heatup,68,130.0,130.0,129.96788820879357,129.96788820879357,-0.03211179120643237,-56570.902642528905,optimal,-56566.23635704631,True,True,converged(kkt(residual=6.49e-03<=tol=2.88e-02); obj_plateau(range=3.92e-14)),converged,0.006488901801949056,0.028784161359430963,False,5,5,0.0,201,8000,6.169681086021228e-07,8.941781972637841e-07,10.0,0,0,8.248561122059305e-05,81.1474160036229,82.31888609262268,85.76895901918326,0.0013678110793140352,0.002056409687077168,0.0070503417199141195,81.14741600362292,82.3188860926227,85.76895901918328,0.001367811079314047,0.0020564096870771863,0.007050341719914163,1.1643596554689415,1.164359655468941,fb868781151ac72f,fb868781151ac72f,False,False,1.820300007238984,4.799899994395673,6.620200001634657,1.6096000035759062,11.12450000073295,12.734100004308857
nominal_heatup,69,126.0,126.0,125.96788820879361,125.96788820879361,-0.03211179120638974,-32227.416197947598,optimal,-32226.462160545874,True,True,converged(kkt(residual=6.56e-07<=tol=2.51e-02); obj_plateau(range=6.77e-16)),converged,6.56121725127477e-07,0.025088403604759425,False,5,5,0.0,201,8000,6.35923157688012e-07,9.216499110564769e-07,10.0,0,0,-1.4136842444087e-08,82.03502681098917,83.19084727609174,86.59093867531229,0.0018537380486049763,0.002781276491450175,0.009415696603958829,82.0350268109892,83.19084727609177,86.59093867531232,0.0018537380486049937,0.002781276491450212,0.00941569660395888,1.1643695061459762,1.1643695061459745,ed4230ff5771d6fe,a5fc0244082c93e1,True,True,1.188700000056997,4.648000001907349,5.836700001964346,1.1934999929508194,36.135500005912036,37.328999998862855
nominal_heatup,70,122.0,122.0,121.96788820879361,121.96788820879361,-0.03211179120638974,-1268.41084935065,optimal,-1282.640942846061,True,True,converged(kkt(residual=9.15e-07<=tol=2.09e-02); obj_plateau(range=1.99e-14)),converged,9.14980760867863e-07,0.020881356560182508,False,5,5,0.0,201,8000,6.549152544721437e-07,9.491753418799931e-07,10.0,0,0,-4.773391034763007e-07,82.91689697522979,84.05867461721584,87.412234102917,0.0025100594802886338,0.00375559695020257,0.01253366642509912,82.91689697522982,84.05867461721587,87.41223410291703,0.002510059480288654,0.0037555969502026144,0.012533666425099226,1.1645625162363449,1.1645625162363435,6b051fec3751d830,3b7a3c1ea565a979,True,True,1.1836000048788264,4.581100001814775,5.764700006693602,1.1924999998882413,39.457400009268895,40.649900009157136
nominal_heatup,71,118.00000000000001,118.00000000000001,117.9678882087936,117.96788820879361,-0.03211179120640395,41538.988614941074,optimal,41569.729676016315,False,False,max_iterations,max_iterations,0.10773511786766644,0.021956375832529695,False,5,5,0.0,8000,8000,6.387610511637831e-07,9.307974577765776e-07,10.0,0,0,0.0016702361657121461,83.79621552972407,84.92590665561903,88.23696665853336,0.003394454966651837,0.0050618905306661745,0.01662922679636177,83.7962155297241,84.92590665561906,88.23696665853339,0.0033944549666518613,0.0050618905306662266,0.01662922679636189,1.1650915837151197,1.165091583715119,e9da0f1b1f96168e,e3d157a57e00d1b9,True,True,1.209999987622723,4.791300001670606,6.001299989293329,1.1908000014955178,1883.816300003673,1885.0071000051685
nominal_heatup,72,114.0,114.0,113.96788820879361,113.96788820879361,-0.03211179120638974,110054.94989309809,optimal,110277.00891029794,False,False,max_iterations,max_iterations,0.4857720455969265,0.035892263193800816,False,5,5,0.0,8000,8000,6.316075058521164e-07,9.204555384556556e-07,10.0,0,0,0.002794573960221725,84.67709107705628,85.79709227301232,89.070381713082,0.004583682868340428,0.006809385686102542,0.021991385533526475,84.6770910770563,85.79709227301235,89.07038171308204,0.004583682868340464,0.006809385686102616,0.021991385533526652,1.1661410862828399,1.1661410862828383,733ea623f8621f4a,c36402ed2e3f4027,True,True,1.217699988046661,4.9567000096431,6.174399997689761,1.210599992191419,1892.1322000096552,1893.3428000018466
nominal_heatup,73,110.0,110.0,109.96788820879362,109.96788820879362,-0.03211179120637553,232905.0831862013,optimal,233652.03060979577,False,False,max_iterations,max_iterations,1.4073904340846255,0.059690928205966096,False,5,5,0.0,8000,8000,6.464581474574516e-07,9.422094127131686e-07,10.0,0,0,0.004030812924402391,85.5648464189111,86.67811322409723,89.91919045961777,0.006180149049943025,0.009143100525628176,0.02899159883398972,85.56484641891113,86.67811322409727,89.91906575213028,0.006180149049943068,0.009143100525628278,0.028991598833990027,1.167941507712736,1.1679404076171787,b4dc9fb2584948cb,cb9a765cd364cb95,True,True,1.208700006827712,4.85599999956321,6.064700006390922,1.196700002765283,1669.342000008328,1670.5387000110932
nominal_heatup,74,105.99999999999999,105.99999999999999,105.96788820879364,105.96788820879364,-0.03211179120634711,480378.94369993865,optimal,482512.61962103704,False,False,max_iterations,max_iterations,3.2212475490630856,0.09762871017803773,False,5,5,0.0,8000,8000,6.746002725321887e-07,9.833819198945548e-07,10.0,0,0,0.0054286928436958065,86.46642630771652,87.57663126830742,90.77650176568609,0.008321147062830056,0.012256619320811018,0.038108255593280585,86.46642630771656,87.57658491793875,90.77615918590567,0.008321147062830138,0.012256619320811159,0.03810808193688387,1.1706518276892943,1.1706485612505328,317db7ce16a613c0,4c197f49e27befb7,True,True,1.23639999947045,5.158400002983399,6.394800002453849,1.219199999468401,2726.532300002873,2727.7515000023413
nominal_heatup,75,101.99999999999997,101.99999999999997,101.96788820879364,101.96788820879364,-0.032111791206332896,1035382.6601792967,optimal,1041026.0544696274,False,False,max_iterations,max_iterations,6.011868375684172,0.15860102563920164,False,5,5,0.0,8000,8000,6.636228135903366e-07,9.675858452240504e-07,10.0,0,0,0.006742556400332046,87.39097626199025,88.49695046222594,91.6417152448056,0.011192198561074394,0.01641054849661532,0.049931834889274294,87.39094180765682,88.4968102083971,91.64106817416597,0.01119219856107451,0.016410518704605803,0.04993102038306423,1.174525888175712,1.1745191551572718,58a74809b35d4690,6a326ee89b128b05,True,True,1.938199988217093,7.947200007038191,9.885399995255284,1.909500002511777,3216.8018000083975,3218.7113000109093
nominal_heatup,76,97.99999999999997,97.99999999999997,97.96788820879362,97.96788820879364,-0.032111791206332896,2450260.8011193075,optimal,2464931.3309193403,False,False,max_iterations,max_iterations,10.12361801056206,0.2614019918173508,False,5,5,0.0,8000,8000,6.288368439300029e-07,9.113796410886721e-07,8.941254835685537,0,0,0.007767958615908234,88.34639752244581,89.44644927233456,92.51806012636227,0.015046914377712908,0.021955075656455367,0.06518310470964248,88.34628371114954,89.44615565759942,92.51703581101118,0.015046893805961373,0.02195492112249295,0.06518068603645356,1.179916220974422,1.1799045375924024,96afea71ad48c930,cd75646deac11cec,True,True,1.8744999979389831,7.365700002992526,9.240200000931509,1.8755999917630106,3070.9276999987196,3072.8032999904826
nominal_heatup,77,93.99999999999997,93.99999999999997,93.96788820879367,93.96788820879367,-0.032111791206304474,6584138.742838232,optimal,6623052.357455857,False,False,max_iterations,max_iterations,16.803753291847507,0.44409528755747457,False,5,5,0.0,8000,8000,6.551420312916889e-07,9.558872102743976e-07,69.82651010164071,0,0,0.008375625907754859,89.3434982819535,90.43545761777781,93.4143146726347,0.0202342045479066,0.029364713724122544,0.08472816533236233,89.34324754605372,90.43494684300369,93.41283964384237,0.020234089458015306,0.029364200422310513,0.084722426856482,1.18733571899914,1.1873171387143748,89c1175e5e6c3ecd,2daf3e643cdf7261,True,True,2.2271000052569434,8.629799995105714,10.856900000362657,1.8574000132502988,3479.0497999929357,3480.907200006186
nominal_heatup,78,89.99999999999997,89.99999999999997,89.96788820879368,89.96788820879368,-0.03211179120629026,19281750.82400916,optimal,19381807.890647065,False,False,max_iterations,max_iterations,26.699252538646128,0.7574999166993359,False,5,5,2.81227451535341,8000,8000,6.704848374283756e-07,9.717405022868775e-07,231.9655854661425,0,0,0.008152974120384968,90.39749303663447,91.47995794305781,94.34409595782131,0.027240679233974545,0.039288969118057286,0.1095961816557526,90.39703901315984,91.4791558570703,94.34208749205763,0.02724027529078025,0.03928760061949943,0.1095842949578673,1.197507421333365,1.1974791842400665,cf890e9ad320f150,83e90841e8f9bca4,True,True,3.6269999982323498,16.846899990923703,20.473899989156052,5.223100000876002,4140.712199994596,4145.935299995472
nominal_heatup,79,85.99999999999997,85.99999999999997,85.96788820879368,85.96788820879368,-0.03211179120629026,29123274.774122797,optimal,29364255.803634875,False,False,max_iterations,max_iterations,25.425823421056034,0.8419370803010224,False,5,5,9.810994612219602,8000,8000,5.592809770860185e-07,8.123736519038971e-07,242.185303214621,0,0,0.0064423194492768355,91.5312477197182,92.60358108377882,95.3262446700373,0.03675770149285513,0.05263219708436957,0.1409943570841815,91.53050984730983,92.60239648893054,95.323598263072,0.036756571192075996,0.05262899244663724,0.14097190439757365,1.211449607796557,1.211407537177113,6fc621806300d5af,b8f53a9641f60d5f,True,True,2.469400002155453,30.268100003013387,32.73750000516884,4.824200004804879,761.8318000022555,766.6560000070604
nominal_heatup,80,89.99999999999997,89.99999999999997,89.96788857489248,89.96788820879368,-0.03211179120629026,37215226.29048412,optimal,37239484.50553918,False,False,max_iterations,max_iterations,6.012809242329303,0.8964381158590561,False,5,5,20.716636987353592,8000,8000,7.25120202105245e-07,8.745005670718342e-07,254.36432786057185,0,0,0.0013910874777237846,92.77918301577034,93.8411954200602,96.38516565731932,0.04979432686495195,0.0706834194599934,0.1803171229390338,92.77805623224349,93.83950545972408,96.38174166287138,0.049791552833940475,0.07067651094183752,0.18027747723559748,1.2305942947078155,1.2305318690773028,5a9342d2edbe5ead,06855bd5c886023f,True,True,2.7685999957611784,8.999400000902824,11.767999996664003,2.578699990408495,1381.6330999979982,1384.2117999884067
nominal_heatup,81,85.99999999999996,85.99999999999996,85.96788820879368,85.96788820879368,-0.03211179120627605,28945494.373593204,optimal,28943998.663450856,True,True,converged(kkt(residual=4.26e-01<=tol=7.63e-01); obj_plateau(range=0.00e+00)),converged,0.4258370716528011,0.7627410508042589,False,5,5,38.79300857494791,301,8000,6.418854354706127e-07,9.356620784828351e-07,193.82822692664337,0,0,0.0001102132807065849,94.19397407046621,95.24459945055114,97.55153414032769,0.06787786085321222,0.09533850709855915,0.22913646123759837,94.19230714926897,95.24222463174169,97.5471417533376,0.06787157326486198,0.09532437837718206,0.22907003597490386,1.2569484829694733,1.2568554051476255,c6f07abc1fa66cde,b11d09cdb1c563fc,True,True,3.1281999981729314,27.173800001037307,30.30199999921024,3.870399988954887,79.00080000399612,82.871199992951
nominal_heatup,82,89.99999999999994,89.99999999999994,88.0753099664073,88.0753099664073,-1.9246900335926398,19058480.667238116,optimal,19055585.607151262,False,False,max_iterations,max_iterations,0.6863535882492203,0.6203552916916132,False,5,5,71.15188720944212,8000,8000,5.601802257615418e-07,8.120205743367137e-07,160.72046035456083,0,0,0.00021813916587757403,95.858730568924,96.89287306858856,98.86296864758168,0.093434544076487,0.12949984845345588,0.2891444295796589,95.8562835550169,96.88953084440917,98.85734930501548,0.09342091490375487,0.12947182092108803,0.2890379128969023,1.2932475687810614,1.293107790762791,db7fb067bdc77c98,c3b7d1d5c3351367,True,False,2.8359999996609986,11.745299998437986,14.581299998098984,2.6750999968498945,570.5883000046015,573.2634000014514
nominal_heatup,83,93.99999999999996,93.99999999999996,91.2864305030085,91.2864305030085,-2.713569496991454,9754971.395502498,optimal,9750567.021934241,False,False,max_iterations,max_iterations,0.7234029831807544,0.445778281908593,False,5,5,131.7484949081375,8000,8000,6.427189589430782e-07,9.5298307378755e-07,118.09014484016853,0,0,0.00032265497027116183,97.91166268800623,98.91229677898936,100.3642131751305,0.13057060913306123,0.17783706478818284,0.3619811355652087,97.90801599333501,98.90750955417157,100.35703031359752,0.13054153135168856,0.17778210397889083,0.3618171383577616,1.3427927434850884,1.3425829699818155,60063e4050f90a4d,99caa2a4744d6c79,True,False,2.5025000068126246,10.206899998593144,12.709400005405769,2.377099997829646,1328.7438000115799,1331.1209000094095
nominal_heatup,84,97.99999999999996,97.99999999999996,95.28643084808984,95.2864305030085,-2.713569496991454,1517974.071616123,optimal,1526316.2679778845,False,False,max_iterations,max_iterations,0.8616642098103235,0.18628977388293436,False,5,5,191.66006323184067,8000,8000,6.227348166021329e-07,9.025358993497434e-07,10.0,0,0,0.001026852171013806,100.60122716645787,101.51751077952161,102.10596203483205,0.18683678083586278,0.2483230429940918,0.44880864153102273,100.5955643498877,101.51040622254904,102.09681775968414,0.18677391832562415,0.24821456041227877,0.44856698827003555,1.4073030558181963,1.4069997011663442,1d0facda39874a5f,87ef0ed53f06f942,True,True,2.9866999975638464,10.501099997782148,13.487799995345995,4.027300004963763,855.4436999984318,859.4710000033956
nominal_heatup,85,101.99999999999996,101.99999999999996,99.28643090819115,99.2864305030085,-2.713569496991454,1127324.4361516426,optimal,1141904.8116762913,False,False,max_iterations,max_iterations,0.2887876859480545,0.1636072192034618,False,5,5,121.45893713351816,8000,8000,6.850206233366407e-07,9.92807369648574e-07,10.0,0,0,0.0004142942966820298,104.42520608547386,105.10149658247683,104.17360819205444,0.2777205611545042,0.35548646637073705,0.5493805635896915,104.415711839244,105.0903361464115,104.16212809500313,0.2775778944660746,0.35526712485465695,0.5490441384100803,1.4735143937342212,1.4731661670494591,429765e7a0f0d28e,1530516419791c4e,True,True,2.6577999960863963,12.90549999976065,15.563299995847046,2.3056000063661486,612.3806999967201,614.6863000030862
nominal_heatup,86,105.99999999999997,105.99999999999997,103.28643050300852,103.2864305030085,-2.713569496991468,-97586.30580706323,optimal,-95170.43459717727,False,False,max_iterations,max_iterations,0.004696459011755206,0.045823887693518396,False,5,5,86.03951552525754,8000,8000,6.689869707088292e-07,9.931771165483383e-07,10.0,0,0,3.213214007802787e-05,110.53204865106466,110.43552435292857,106.63850786674986,0.4397778836634213,0.5269747169049016,0.6608212000404559,110.51393068493226,110.41661619252383,106.6245018916665,0.4394216564112724,0.5265168582364741,0.660390867305665,1.4003586287754022,1.4008584001724984,5915968c94782f73,5563f88f5d07ee42,True,True,2.577399995061569,32.02139999484643,34.598799989908,2.5576000043656677,830.9142000071006,833.4718000114663
nominal_heatup,87,109.99999999999997,109.99999999999997,107.28643050300849,107.28643050300849,-2.7135694969914823,-94935.13212969207,optimal,-93314.66226048178,True,True,converged(kkt(residual=5.45e-03<=tol=3.67e-02); obj_plateau(range=4.54e-14)),converged,0.005449061246978689,0.03665532333461812,False,5,5,32.62732549308978,251,8000,5.318654814345791e-07,7.708380680426785e-07,10.0,0,0,3.8275037288772895e-05,121.91163027337625,118.73923430696682,109.66087749686609,0.7709218610341926,0.8068696258089016,0.7749439106803413,121.87045022653112,118.70682221025864,109.63703974259113,0.7699157216985603,0.8059600861523784,0.7744650794668756,1.167786591758611,1.1672187062100186,2d06ec2416195ca0,033ae158ae7f4d4f,True,True,3.058200003579259,19.28379999299068,22.34199999656994,3.638700000010431,30.4275999951642,34.06629999517463
nominal_heatup,88,113.99999999999999,113.99999999999999,111.28643096364821,111.28643050300849,-2.7135694969914965,-88549.28648303205,optimal,-87252.33812960368,False,False,max_iterations,max_iterations,0.001875251858933118,0.03435602545768875,False,5,5,14.623551657482693,8000,8000,6.715797269407631e-07,9.733273431677958e-07,10.0,0,0,1.4598609644950736e-05,138.16696757212503,126.35259031999459,113.5631205821991,1.0,1.0,0.8778583383998092,138.14107705939125,126.34066765116891,113.51752540190856,1.0,1.0,0.8773319410006256,1.4822874390054606,1.476553536935666,c8df88971640ae4e,b50d3b3f6fc5837a,True,True,12.004799995338544,41.80400000768714,53.80880000302568,4.717200004961342,652.9866999917431,657.7038999967044
nominal_heatup,89,118.0,118.0,115.28643092586837,115.28643050300849,-2.7135694969915107,-92214.97917520048,optimal,-91022.87413896166,False,False,max_iterations,max_iterations,0.0022477098424728685,0.03468747332727088,False,5,5,2.4012130601445847,8000,8000,5.775127220886134e-07,8.765606480665156e-07,10.0,0,0,1.7293357042248653e-05,129.38480456385028,125.99017506210573,117.02799354494442,1.0,1.0,0.9536432687106603,129.36929698366194,125.96054577372115,116.96808392351736,1.0,1.0,0.9531088096720339,0.9818721950746225,0.9818659882135858,777d22aaf6ad0a02,cd67604b37f86d0f,True,True,2.4083999887807295,11.50680000137072,13.91519999015145,3.2338000019080937,490.78549999103416,494.01929999294225
nominal_heatup,90,121.99989060622569,121.99989060622569,119.28643095790711,119.28643050300849,-2.7134601032172014,-95021.91631778015,optimal,-93988.86840366185,False,False,max_iterations,max_iterations,0.0013602302767491143,0.03499506371795163,False,5,5,0.0,8000,8000,4.989624926565739e-07,9.428722478332929e-07,10.0,0,0,1.031999000824694e-05,126.86142233211706,123.92086796648114,116.96799737242722,1.0,1.0,0.9837178061991776,126.83541744507217,123.88523295835523,116.8872744862616,1.0,1.0,0.9834461791751405,0.9822054609527281,0.9822023825051848,8613e12e84db9eb4,8bbb816bfaefe073,False,True,2.0235000120010227,9.693199986941181,11.716699998942204,2.411900000879541,428.3540000033099,430.76590000418946
nominal_heatup,91,125.9999323827487,125.9999323827487,123.2864309554436,123.28643050300849,-2.713501879740207,-94409.6676698789,optimal,-93616.06265726397,True,True,converged(kkt(residual=2.65e-04<=tol=3.47e-02); obj_plateau(range=1.64e-08)),converged,0.0002646128258623456,0.03468257837333994,False,5,5,0.0,701,8000,5.213191798247863e-07,9.377326932735741e-07,10.0,0,0,1.3726266048355008e-07,124.67557476498848,122.42959955652924,116.19135351076761,1.0,1.0,0.9901910806349686,124.64241137171697,122.38078586810248,116.07792867203798,1.0,1.0,0.9900080506786831,0.9822752884721719,0.982273177808264,dfcaad7ce1fe7d6c,d5ec2c8f6884084d,True,True,2.7449000044725835,8.992699993541464,11.737599998014048,3.1860000017331913,39.763499997206964,42.949499998940155
nominal_heatup,92,129.99996545298993,129.99996545298993,127.28643050300849,127.28643050300849,-2.7135349499814367,-91398.32380663985,optimal,-91305.78782531331,True,True,converged(kkt(residual=1.04e-03<=tol=3.41e-02); obj_plateau(range=2.37e-08)),converged,0.0010423521430966524,0.03409337929402239,False,5,5,0.0,501,8000,5.13424978976218e-07,7.441120546403113e-07,10.0,0,0,2.0312160689778135e-07,123.00603942069634,120.94578147123623,115.78044080548403,1.0,1.0,0.9929647141951886,122.96124245248068,120.87877036953263,115.63298513403136,1.0,1.0,0.992815506942166,0.982305024722138,0.9823032629986481,7e3efc0668688989,04168e3b8d2e910b,True,True,2.2096000029705465,6.888500007335097,9.098100010305643,2.3864999966463074,23.86139999725856,26.247899993904866
nominal_heatup,93,130.0,130.0,130.00000000000003,130.0,0.0,-86471.67047424342,optimal,-87288.19101012283,True,True,converged(kkt(residual=1.07e-02<=tol=3.34e-02); obj_plateau(range=2.93e-14)),converged,0.010733312187118284,0.033366188596943784,False,5,5,0.0,201,8000,5.590106297859165e-07,8.101798245618852e-07,10.0,0,0,9.109985344828331e-05,121.47455614695969,119.79170699118963,115.37313064417454,1.0,1.0,0.9945750327626356,121.41324640475558,119.70305322595944,115.19035417429454,1.0,1.0,0.9944440645426796,0.9823222188034351,0.98232062876052,79cbe36756cf194f,4306af47d7c09e56,False,False,1.909200000227429,10.175399991567247,12.084599991794676,2.3951000039232895,15.518799991696142,17.91389999561943
nominal_heatup,94,130.0,130.0,130.0,130.0,0.0,-80228.49414999815,optimal,-81904.3532521632,True,True,converged(kkt(residual=3.19e-02<=tol=3.25e-02); obj_plateau(range=1.01e-13)),converged,0.031949316950453305,0.0324918386419556,False,5,5,0.0,201,8000,5.69367088587569e-07,8.294493030192029e-07,10.0,0,0,0.00028776647090385704,120.2236179647,118.77491187677295,115.07336372836414,1.0,1.0,0.9956151744290439,120.14198216870632,118.6614382985733,114.8543923115667,1.0,1.0,0.9954954475438947,0.9823333141466939,0.9823318155961331,3138eccb7ab2066d,8b1755366fd326e5,False,False,2.0437000057427213,11.549999995622784,13.593700001365505,2.8821000014431775,17.206799995619804,20.08889999706298
nominal_heatup,95,130.00000000000003,130.00000000000003,130.0,130.0,-2.842170943040401e-14,-73927.0784403765,optimal,-75774.15180446347,False,False,max_iterations,max_iterations,0.04265757811622286,0.03141268313762157,False,5,5,0.0,8000,8000,5.464338670435609e-07,7.960397407913433e-07,10.0,0,0,0.0004127861847705492,119.14672895533973,117.93759198318818,114.833198394839,1.0,1.0,0.9963454776898754,119.04142669033226,117.79674097287229,114.57732460562328,1.0,1.0,0.9962334070272133,0.982341106031778,0.9823396568412448,bf4217e32d15046d,77fd0d70874954c5,False,False,2.578300001914613,9.82599999406375,12.404299995978363,2.1034000092186034,724.3957000027876,726.4991000120062
nominal_heatup,96,130.0,130.0,130.00000000000003,130.0,0.0,-67676.23016674028,optimal,-69720.31556723108,False,False,max_iterations,max_iterations,0.0426464753404533,0.030361936663712775,False,5,5,0.0,8000,8000,5.893307530868697e-07,8.585310107278588e-07,10.0,0,0,0.0004440551673082,118.24792254666069,117.23317683752498,114.675780606877,1.0,1.0,0.9968861620602439,118.1161952852801,117.06278749848343,114.38256440127722,1.0,1.0,0.9967796764480324,0.9823468982938492,0.9823454741393164,d20fd641bd440614,117cf0bbbd77337e,False,False,2.4293000024044886,9.174299993901514,11.603599996306002,1.967000003787689,877.857799991034,879.8247999948217
nominal_heatup,97,130.0,130.0,130.0,130.0,0.0,-61511.471627404826,optimal,-63778.43471953129,False,False,max_iterations,max_iterations,0.032319125089565116,0.029346717910028745,False,5,5,0.0,8000,8000,6.834439147951343e-07,9.929964388533108e-07,10.0,0,0,0.0003597469334476266,117.4936159895402,116.65981575146867,114.59312894017211,1.0,1.0,0.9973042677002986,117.33314945049723,116.45814465800713,114.26230590975632,1.0,1.0,0.9972021083696062,0.9823468807359166,0.9823469918302623,09b579dc052a8875,6ae509ae15cd1729,False,False,2.965299994684756,9.14310000371188,12.108399998396635,2.650599999469705,780.6687999982387,783.3193999977084
nominal_heatup,98,130.0,130.0,130.0,130.0,0.0,-56120.042169811684,optimal,-58392.25977220542,False,False,max_iterations,max_iterations,0.009881447470383763,0.028442321417400364,False,5,5,0.0,8000,8000,5.483452412136103e-07,7.947223368276468e-07,10.0,0,0,0.00011218856785911852,116.87381441635428,116.20158546875008,114.57345464351172,1.0,1.0,0.9976385776191159,116.68271866124137,115.9672267340741,114.21546098487694,1.0,1.0,0.9975399487705361,0.9823448904785007,0.9823450694846085,630b320342b0521f,6bbf385d7ab689cd,False,False,2.915200006100349,10.431899994728155,13.347100000828505,2.902899999753572,765.5655999988085,768.468499998562
nominal_heatup,99,130.0,130.0,130.0,130.0,0.0,-51595.08938924481,optimal,-53818.3631613627,True,True,converged(kkt(residual=1.19e-03<=tol=2.77e-02); obj_plateau(range=2.76e-08)),converged,0.0011857839291141126,0.027688282541843127,False,5,5,0.0,501,8000,5.473341389006237e-07,7.973499913660476e-07,10.0,0,0,2.4021701057079324e-07,116.37411611903806,115.84630283598223,114.60333650819395,1.0,1.0,0.9979128654985526,116.15086102698862,115.58207204364666,114.22557168903725,1.0,1.0,0.9978176451708335,0.9823424216412281,0.9823427058549832,e57caa8a25a31332,c36c22a59e4c91a6,False,False,2.524800001992844,9.611100002075545,12.13590000406839,1.9436000002315268,41.66469999472611,43.60829999495763
nominal_heatup,100,130.0,130.0,129.86736831053275,129.86736831053275,-0.1326316894672459,-47738.34843876299,optimal,-49918.842862933445,True,True,converged(kkt(residual=1.77e-02<=tol=2.71e-02); obj_plateau(range=7.32e-13)),converged,0.017707771177033402,0.027051384005405545,False,5,5,0.0,201,8000,7.020856571671175e-07,9.432334993064728e-07,10.0,0,0,0.0002541059125311123,115.98176854194566,115.58049997220573,114.67273669299736,1.0,1.0,0.9981424059952555,115.72805435149337,115.2893012306656,114.28166036635055,1.0,1.0,0.9980506919237895,0.9823393266126954,0.9823397747845084,2385436888d7f5f1,bd3d47fc50608eb2,False,False,2.9476999916369095,11.376800001016818,14.324499992653728,2.92470000567846,23.756499998853542,26.681200004532002
nominal_heatup,101,130.0,130.0,129.69055095069072,129.69055095069072,-0.3094490493092792,-44385.1497578822,optimal,-46496.17668974741,False,False,max_iterations,max_iterations,0.0300713354860744,0.026496503663951936,False,5,5,0.0,8000,8000,5.967793299532786e-07,8.72675050445082e-07,10.0,0,0,0.0004591450141715733,115.68348739564843,115.39224971548659,114.7733761753729,1.0,1.0,0.9983375081799573,115.40190923649766,115.07786118646801,114.3734781032005,1.0,1.0,0.9982494724892059,0.9823353823124946,0.9823360877522107,960efab763600d9e,3bb52e86eb2a830f,False,False,2.287600000272505,8.83120000071358,11.118800000986084,2.3597000108566135,1189.5724999922095,1191.932200003066
nominal_heatup,102,130.0,130.0,129.53465676852272,129.53465676852272,-0.4653432314772772,-41432.17723552292,optimal,-43473.84947170732,False,False,max_iterations,max_iterations,0.030207691401095912,0.02601098911174984,False,5,5,0.0,8000,8000,6.316000167316815e-07,9.153843167908349e-07,10.0,0,0,0.00048607836880438875,115.46699720520087,115.27047641046813,114.89895015312577,1.0,1.0,0.9985053985467939,115.1610296084698,114.93650103737296,114.49365968360642,1.0,1.0,0.9984211924019711,0.9823302364063934,0.982331354547802,752d72eba460d21b,c1e22e33cd2dffaf,False,False,2.3522999981651083,11.658300005365163,14.010600003530271,2.1668999979738146,1159.219100009068,1161.3860000070417
nominal_heatup,103,130.0,130.0,129.3956644120323,129.3956644120323,-0.6043355879677108,-38800.23811678493,optimal,-40787.604641314414,True,True,converged(kkt(residual=2.18e-02<=tol=2.56e-02); obj_plateau(range=2.06e-13)),converged,0.021816154488213606,0.02558481439631254,False,5,5,0.0,251,8000,5.96950314957212e-07,8.729245397631757e-07,10.0,0,0,0.00036168813572128717,115.32091437603208,115.20543165748722,115.0444056578174,1.0,1.0,0.9986513192830585,114.99412732751954,114.8553601357715,114.63621899082128,1.0,1.0,0.998571047716776,0.9823232979433136,0.9823251025604345,c3809cee8caabb49,b73e06692760ad5c,False,False,2.1490999934030697,10.106600006110966,12.255699999514036,3.321600001072511,28.139800007920712,31.461400008993223
nominal_heatup,104,127.51367053358437,127.51367053358437,129.4241011839244,129.4241011839244,1.9104306503400181,-36443.292764143975,optimal,-38375.374438356725,False,False,max_iterations,max_iterations,0.005225744902164574,0.025206448764335344,False,5,5,0.0,8000,8000,6.435373336444172e-07,9.371038123262565e-07,10.0,0,0,7.713255029316648e-05,115.23507082818729,115.18850446317832,115.20573477802238,1.0,1.0,0.9987791809052663,114.89097537358036,114.8254873314934,114.79655778548666,1.0,1.0,0.9987028950471173,0.9823134959856353,0.9823165100969992,3836dc8b90b1f759,835158ffe2b742ee,False,False,4.643199994461611,14.043100003618747,18.686299998080358,2.848100004484877,1055.893400000059,1058.741500004544
nominal_heatup,105,123.51367053358437,123.51367053358437,127.10147135972662,127.10147135972662,3.5878008261422423,-33820.55384922086,optimal,-36229.88763440728,True,True,converged(kkt(residual=1.03e-03<=tol=2.49e-02); obj_plateau(range=2.12e-08)),converged,0.0010339862760733948,0.02487748066632265,False,5,5,0.0,551,8000,6.268057006764138e-07,9.084358909561274e-07,10.0,0,0,1.743338516833709e-07,115.2004559348684,115.21221594749524,115.3796800548032,1.0,1.0,0.9988919729215745,114.84229513860677,114.83907512647667,114.97044844353695,1.0,1.0,0.9988196744475839,0.982298666550522,0.9823040080608247,b9e863dce0e3f4c6,3682c2327c177dbe,True,False,4.167499995674007,22.87600000272505,27.043499998399056,7.522500003688037,108.98750000342261,116.51000000711065
nominal_heatup,106,119.51367053358439,119.51367053358439,123.10147135972665,123.10147135972665,3.5878008261422565,-31227.60853450666,optimal,-33801.93156695315,True,True,converged(kkt(residual=5.54e-07<=tol=2.44e-02); obj_plateau(range=8.61e-16)),converged,5.536338070129491e-07,0.024422339261291705,False,5,5,0.0,251,8000,6.353953097004705e-07,9.256357760278888e-07,10.0,0,0,-1.1075356633614097e-08,115.20919768618243,115.27008690892484,115.56358384887575,1.0,1.0,0.9989920290559345,114.83990155739536,114.88909979267578,115.15438245006519,1.0,1.0,0.9989236700548213,0.9822736572301737,0.9822841769585211,1d658153d96f751b,19283f26089efad0,True,True,12.153500007116236,15.949199994793162,28.102700001909398,2.963799997814931,54.46640000445768,57.43020000227261
nominal_heatup,107,115.5136705335844,115.5136705335844,119.1014713597266,119.10147135972665,3.5878008261422423,-29009.267881303444,optimal,-31326.00768427004,True,True,converged(kkt(residual=5.08e-07<=tol=2.39e-02); obj_plateau(range=4.65e-16)),converged,5.078418688708003e-07,0.0238980035536737,False,5,5,0.0,201,8000,5.747700839719982e-07,8.330201355377653e-07,10.0,0,0,-1.0553376170733254e-08,115.25445940994148,115.35654084745721,115.75525258296665,1.0,1.0,0.999081204933543,114.87647283937929,114.9694124734888,115.34557390608065,1.0,1.0,0.9990166924757865,0.9822221567850624,0.9822477915021454,29589345bbac3496,f334722b529816e9,True,True,3.023800003575161,22.37289999902714,25.3967000026023,2.3548000026494265,54.26350000197999,56.61830000462942
nominal_heatup,108,111.51367053358442,111.51367053358442,115.10147135972665,115.10147135972665,3.587800826142228,-27125.599879863737,optimal,-29195.908022588406,True,True,converged(kkt(residual=5.50e-07<=tol=2.34e-02); obj_plateau(range=6.23e-16)),converged,5.49691200704458e-07,0.023422934497114734,False,5,5,0.0,201,8000,6.424667731153022e-07,9.359372938888555e-07,10.0,0,0,-1.1781799590344041e-08,115.3303411771519,115.46679023151611,115.9528677325596,1.0,1.0,0.9991609999933642,114.94555908906139,115.07467828431773,115.54183067729322,1.0,1.0,0.9991002045820793,0.982036710211593,0.9821566902784711,d2fcd83312e011ad,119632df702f5b65,True,True,2.244299990707077,11.919199998374097,14.163499989081174,3.4020999883068725,79.23460000893101,82.63669999723788
nominal_heatup,109,107.51367053358442,107.51367053358442,111.10147135972666,111.10147135972666,3.5878008261422423,-25540.180937504734,optimal,-27377.94253057285,True,True,converged(kkt(residual=5.10e-07<=tol=2.30e-02); obj_plateau(range=1.17e-08)),converged,5.09767918473462e-07,0.02299468989552743,False,5,5,0.0,301,8000,5.938431257845878e-07,8.606628769669555e-07,10.0,0,0,-1.1182458747899028e-08,115.43176995432552,115.5967375806459,116.14525789622697,1.0,1.0,0.9992326432739298,115.04153924916962,115.20031599594753,115.74201397758917,1.0,1.0,0.99917540842013,0.9823254247576341,0.9818397327016268,e56ea95d59172fbc,82bb05dc6f898282,True,True,23.832200007745996,18.553999994765036,42.38620000251103,3.2279000006383285,43.18469999998342,46.41260000062175
nominal_heatup,110,104.74732645273446,104.74732645273446,107.9926304761028,107.9926304761028,3.245304023368348,-24223.174938669166,optimal,-25842.429397348984,True,True,converged(kkt(residual=2.66e-03<=tol=2.26e-02); obj_plateau(range=2.25e-08)),converged,0.002658757327456907,0.022611090765917854,False,5,5,0.0,451,8000,6.877092033619192e-07,9.967039433789182e-07,10.0,0,0,1.853739815585095e-07,115.55439788083535,115.73929364464588,116.31852697790517,1.0,1.0,0.9992970722803753,115.15956521383701,115.34263736558623,115.93598296767684,1.0,1.0,0.999243311569661,0.9840832867415834,0.9831555516623995,d37f4e1d6900c9bc,741954abb81eea59,False,False,3.4558999905129895,8.791700005531311,12.2475999960443,3.0451000056928024,52.3626000067452,55.407700012438
nominal_heatup,111,102.99720704232483,102.99720704232483,105.76095676776366,105.76095676776366,2.763749725438828,-23375.343443056317,optimal,-24730.77678072323,True,True,converged(kkt(residual=2.13e-03<=tol=2.23e-02); obj_plateau(range=1.87e-08)),converged,0.0021304845379171563,0.02232488319763606,False,5,5,0.0,601,8000,6.829974239508374e-07,9.987507514352956e-07,10.0,0,0,1.5100811996036414e-07,115.6918392967196,115.88585815419552,116.46170220621867,1.0,1.0,0.9993549982502702,115.29565105608039,115.49512480703032,116.11001915895336,1.0,1.0,0.9993046917181206,0.9857126246133833,0.9848240342145318,de4bbd2e642e5619,3167a77bdd9cd4ce,False,False,4.8073000070871785,9.989999991375953,14.797299998463131,3.99959999776911,64.48430000455119,68.4839000023203
nominal_heatup,112,101.9945929818776,101.9945929818776,104.23359337870224,104.23359337870224,2.239000396824636,-22894.09715508341,optimal,-23985.0820318643,True,True,converged(kkt(residual=2.05e-03<=tol=2.21e-02); obj_plateau(range=2.19e-08)),converged,0.002051133590273819,0.022126979985927282,False,5,5,0.0,651,8000,6.744161140659344e-07,9.798792248716381e-07,10.0,0,0,1.78992950140565e-07,115.83606232233235,116.02777215556937,116.56643901890706,1.0,1.0,0.9994069989253009,115.44392895167564,115.64952530385226,116.25334317045504,1.0,1.0,0.9993601366977265,0.9871591657204184,0.9863073594138306,8fd324a4fbc00f23,e759a3ae4abcf292,False,False,2.793399995425716,9.2614000022877,12.054799997713417,3.3512000081827864,78.51949999167118,81.87069999985397
nominal_heatup,113,101.56047175339587,101.56047175339587,103.29327367928552,103.29327367928552,1.732801925889646,-22684.395465026417,optimal,-23527.32119361722,True,True,converged(kkt(residual=1.72e-03<=tol=2.20e-02); obj_plateau(range=1.92e-08)),converged,0.001716026988563526,0.021999479968590974,False,5,5,0.0,701,8000,6.62243863303047e-07,9.621937868686814e-07,10.0,0,0,1.55180448890227e-07,115.97856894539393,116.15672661208384,116.6267112405808,1.0,1.0,0.9994535758332341,115.59675805474124,115.79753336972226,116.35769390267403,1.0,1.0,0.9994101256329943,0.9884511640664929,0.9876362317403867,4beeb90b0d1c897d,17414abcdb74ff5d,False,False,2.3960000107763335,8.909500000299886,11.30550001107622,2.223000003141351,83.3210999990115,85.54410000215285
nominal_heatup,114,101.5632870298841,101.5632870298841,102.8218278937246,102.8218278937246,1.2585408638405085,-22680.832001042647,optimal,-23301.229437768772,True,True,converged(kkt(residual=1.82e-03<=tol=2.19e-02); obj_plateau(range=2.63e-08)),converged,0.001819976886933084,0.021929503757368768,False,5,5,0.0,701,8000,6.560256764487349e-07,9.531591871336786e-07,10.0,0,0,2.1682879988717972e-07,116.1110016277651,116.26519072720836,116.6381452594568,1.0,1.0,0.9994951875011794,115.74600346197445,115.93110704439117,116.4171340623011,1.0,1.0,0.9994550785252588,0.9896100026653915,0.9888331841714052,efbf8aa587e21c00,0abbe2c08064ea32,False,False,2.498399990145117,10.671099997125566,13.169499987270683,3.028600011020899,108.99319998861756,112.02179999963846
nominal_heatup,115,101.89932466346525,101.89932466346525,102.74782138879769,102.74782138879769,0.8484967253324385,-22834.512446000794,optimal,-23257.7966038828,True,True,converged(kkt(residual=1.37e-03<=tol=2.19e-02); obj_plateau(range=1.79e-08)),converged,0.0013673406998110245,0.021905213025561626,False,5,5,0.0,751,8000,6.542778550056028e-07,9.50619751804993e-07,10.0,0,0,1.440033598244039e-07,116.22561738588013,116.3464998665083,116.60239153238048,1.0,1.0,0.999532264842335,115.88359935886407,116.04295207046036,116.43081734475795,1.0,1.0,0.999495385582176,0.9906503725100121,0.9899136644785015,cec857976e7b6bd2,5240d50b7288fea0,False,False,5.638399990857579,10.508699997444637,16.147099988302216,2.1363999985624105,126.18619999557268,128.3225999941351
nominal_heatup,116,102.4832393027911,102.4832393027911,102.97191804339795,102.97191804339795,0.4886787406068436,-23106.561158298326,optimal,-23362.06212778299,True,True,converged(kkt(residual=1.37e-03<=tol=2.19e-02); obj_plateau(range=2.08e-08)),converged,0.0013659797132299614,0.021918467892399086,False,5,5,0.0,751,8000,6.564826122712475e-07,9.538230596461972e-07,10.0,0,0,1.690796951356408e-07,116.31547482204162,116.39667909505009,116.52449439697672,1.0,1.0,0.9995652378889345,116.00205346433094,116.12788395185595,116.40149123882213,1.0,1.0,0.9995314366584226,0.9915835509944596,0.9908889507928592,69b0988ebff18984,b7e85e6acb29af98,False,False,2.8549999988172203,9.609000000637025,12.463999999454245,2.360200000111945,84.61390000593383,86.97410000604577
nominal_heatup,117,103.24342370186113,103.24342370186113,103.4275794089062,103.4275794089062,0.1841557070450648,-23464.82535102443,optimal,-23577.29736010576,True,True,converged(kkt(residual=1.35e-03<=tol=2.20e-02); obj_plateau(range=2.30e-08)),converged,0.0013495280799297766,0.02195998041440231,False,5,5,0.0,751,8000,6.615272951648876e-07,9.611526223807232e-07,10.0,0,0,1.8859681145707098e-07,116.37583764500803,116.4140031420653,116.41140792188651,1.0,1.0,0.9995945347488367,116.09558897866845,116.18280855405195,116.3341528476135,1.0,1.0,0.9995636267541061,0.9924189315068681,0.9917679811023955,cf725ed5208c0672,737896cd8fdbf8b5,False,False,2.698600001167506,10.750600005849265,13.44920000701677,3.176999991410412,87.63100000214763,90.80799999355804
nominal_heatup,118,104.11961742004993,104.11961742004993,104.05449239406092,104.05449239406092,-0.06512502598901904,-23882.164048204708,optimal,-23876.024429501467,True,True,converged(kkt(residual=1.33e-03<=tol=2.20e-02); obj_plateau(range=2.46e-08)),converged,0.0013269324420446356,0.022023002199975873,False,5,5,0.0,751,8000,6.686907596531455e-07,9.715606656968134e-07,10.0,0,0,2.022729454911903e-07,116.40420779176192,116.39885349619477,116.27060070145656,1.0,1.0,0.9996205719083455,116.16042324899719,116.20664196125915,116.23490690824515,1.0,1.0,0.9995923494503173,0.993165035931697,0.9925585271918229,d16f771a63e9fc16,c7342c30c92f7c56,False,False,2.084899999317713,8.376500001759268,10.461400001076981,2.90990000939928,76.02710000355728,78.93700001295656
nominal_heatup,119,105.06153534219862,105.06153534219862,104.79950284949534,104.79950284949534,-0.262032492703284,-24335.55092785534,optimal,-24234.02709012374,True,True,converged(kkt(residual=1.30e-03<=tol=2.21e-02); obj_plateau(range=2.56e-08)),converged,0.0013039191786398555,0.022101536249059993,False,5,5,0.0,751,8000,6.773348246724709e-07,9.841198664872763e-07,10.0,0,0,2.104394815643196e-07,116.40022770077094,116.35317547905689,116.10939553935793,1.0,1.0,0.9996437425862514,116.19477971624508,116.1999690368256,116.11018579493074,1.0,1.0,0.9996179862589352,0.9938298762655099,0.9932677906692743,a7de96f8b79b7a3f,57cf71d3c5659e62,False,False,2.0567000028677285,8.554300002288073,10.611000005155802,3.3719999919412658,70.80270000733435,74.17469999927562
nominal_heatup,120,106.02790906395208,106.02790906395208,105.61690409052305,105.61690409052305,-0.41100497342903,-24805.58351194551,optimal,-24630.23214789896,True,True,converged(kkt(residual=1.28e-03<=tol=2.22e-02); obj_plateau(range=2.60e-08)),converged,0.0012836295744435846,0.022190349024509008,False,5,5,0.0,751,8000,6.86908251168461e-07,9.980293507183546e-07,10.0,0,0,2.1380105542314768e-07,116.36525164810428,116.28005715674846,115.93454903578908,1.0,1.0,0.9996644084291715,116.19863717383829,116.16467032800784,115.96635434997383,1.0,1.0,0.9996408969355499,0.9944210915739062,0.9939026323228243,7d08b173cb3a959a,d0fd0921e8f84acf,False,False,1.8388000025879592,8.958499995060265,10.797299997648224,2.4338999937754124,81.20850000705104,83.64240000082646
nominal_heatup,121,106.98566515475855,106.98566515475855,106.46834521110623,106.46834521110623,-0.5173199436523248,-25276.182069612656,optimal,-25046.586959693876,True,True,converged(kkt(residual=1.27e-03<=tol=2.23e-02); obj_plateau(range=2.59e-08)),converged,0.0012672510499859666,0.02228495871514356,False,5,5,0.0,751,8000,5.324768608261365e-07,7.786433648959701e-07,10.0,0,0,2.159359123985441e-07,116.30192271467624,116.18330568692207,115.75206712542303,1.0,1.0,0.9996828950043061,116.1733880751686,116.10358624213188,115.80932603565843,1.0,1.0,0.9996614130163896,0.9949459457145879,0.9944696727631979,38be05e66f5ea195,a0d0af55d9903e6c,False,False,1.6666000010445714,8.008599994354881,9.675199995399453,2.421099998173304,96.61839999898802,99.03949999716133
nominal_heatup,122,107.90912287613187,107.90912287613187,107.32250152828148,107.32250152828148,-0.5866213478503965,-25734.359342976328,optimal,-25467.937723322917,True,True,converged(kkt(residual=1.26e-03<=tol=2.24e-02); obj_plateau(range=2.55e-08)),converged,0.0012551285338154889,0.02238161007158674,False,5,5,0.0,751,8000,5.402102232210382e-07,7.899518790210891e-07,10.0,0,0,2.1239780556801855e-07,116.21374929249215,116.06711279707892,115.56711798939725,1.0,1.0,0.9996994906389256,116.12150120352716,116.0201611922107,115.64442949364421,1.0,1.0,0.9996798341573856,0.9954112906030395,0.9949752666780308,da566a5423edd9e6,25f952bf5d00cb27,False,False,2.05199999618344,8.832899999106303,10.884899995289743,3.394800005480647,75.0073999952292,78.40220000070985
nominal_heatup,123,108.77917600381197,108.77917600381197,108.15457691672434,108.15457691672434,-0.6245990870876312,-26169.999394577793,optimal,-25881.892824341336,True,True,converged(kkt(residual=1.25e-03<=tol=2.25e-02); obj_plateau(range=2.49e-08)),converged,0.0012466160112639202,0.02247723854446044,False,5,5,0.0,751,8000,5.477759543737193e-07,8.010152701132256e-07,10.0,0,0,2.06714111318096e-07,116.10474772785624,115.93577915873118,115.38401963783674,1.0,1.0,0.9997144475588827,116.04617057207292,115.91817729267378,115.47631745724946,1.0,1.0,0.9996964271986608,0.9958235229889992,0.9954254613360846,c664b2888f500a1e,e688f8134071d99b,False,False,1.9914000004064292,8.325000002514571,10.316400002921,2.081200000247918,69.54929999483284,71.63049999508075
nominal_heatup,124,109.58246049014228,109.58246049014228,108.94569989414154,108.94569989414154,-0.636760596000741,-26575.61715013931,optimal,-26278.659047607645,True,True,converged(kkt(residual=1.24e-03<=tol=2.26e-02); obj_plateau(range=2.41e-08)),converged,0.001240907902468629,0.02256942422546408,False,5,5,0.0,751,8000,5.549960349071625e-07,8.115732237357065e-07,10.0,0,0,1.996334471601927e-07,115.97914571890874,115.79350621176205,115.2062655489022,1.0,1.0,0.9997279844333167,115.95102735634022,115.80152166203689,115.3089404853054,1.0,1.0,0.9997114270540738,0.9961885537467053,0.9958259486861326,21073f3056478132,40ae02bf97262011,False,False,2.932700008386746,7.784100002027117,10.716800010413863,1.7598999984329566,71.57470000674948,73.33460000518244
nominal_heatup,125,110.31052517466726,110.31052517466726,109.68225371763,109.68225371763,-0.6282714570372576,-26946.090440136664,optimal,-26650.84488091042,True,True,converged(kkt(residual=1.24e-03<=tol=2.27e-02); obj_plateau(range=2.32e-08)),converged,0.001237168859227912,0.0226563371454973,False,5,5,0.0,751,8000,5.61741074989186e-07,8.214364628500448e-07,10.0,0,0,1.9177381081122858e-07,115.84115144483526,115.64424202548645,115.03657726202401,1.0,1.0,0.9997402896215947,115.83989298590183,115.67400987082998,115.14554951299637,1.0,1.0,0.9997250387671653,0.9965117926350437,0.9961820299358725,c42593406137b413,55e8f9b48a43f51a,False,False,2.4468999909004197,8.105900007649325,10.552799998549744,2.0736000005854294,69.8370000027353,71.91060000332072
nominal_heatup,126,110.95902649535982,110.95902649535982,110.35517778946289,110.35517778946289,-0.6038487058969366,-27278.3679729518,optimal,-26993.231860970438,True,True,converged(kkt(residual=1.23e-03<=tol=2.27e-02); obj_plateau(range=2.22e-08)),converged,0.0012346697874599584,0.022736675609506374,False,5,5,0.0,751,8000,5.679228820554272e-07,8.304761252020398e-07,10.0,0,0,1.8362138281701562e-07,115.694779733345,115.49157547728242,114.87697229839662,1.0,1.0,0.99975152465246,115.71658453503797,115.53924980768528,114.98872618541293,1.0,1.0,0.9997374401780659,0.996798148453726,0.99649859351992,e82a54e80e50bfc9,eaca2bd0f8101930,False,False,1.811699999962002,6.067599999369122,7.879299999331124,1.8206000095233321,67.8903999942122,69.71100000373553
nominal_heatup,127,111.52696651172452,111.52696651172452,110.95927008658596,110.95927008658596,-0.5676964251385641,-27571.162744372035,optimal,-27302.520564777264,True,True,converged(kkt(residual=1.23e-03<=tol=2.28e-02); obj_plateau(range=2.13e-08)),converged,0.0012328478762916393,0.022809600045259688,False,5,5,0.0,751,8000,5.734901264986547e-07,8.386171668206543e-07,10.0,0,0,1.7554150059400074e-07,115.543728783927,115.33866972844109,114.72884152044904,1.0,1.0,0.9997618276398987,115.58476358083927,115.40054568312081,114.84042982518486,1.0,1.0,0.9997487848310675,0.997052041800417,0.9967801072806326,d6fb6a52c88100c8,0d908bfcc068b8c0,False,False,1.9075000018347055,6.728299995302223,8.635799997136928,2.5200000090990216,72.42440000118222,74.94440001028124
nominal_heatup,128,112.0159895249631,112.0159895249631,111.4925143285773,111.4925143285773,-0.5234751963858031,-27824.64266955732,optimal,-27577.06095155734,True,True,converged(kkt(residual=1.23e-03<=tol=2.29e-02); obj_plateau(range=2.04e-08)),converged,0.0012313546706147753,0.022874664986391364,False,5,5,0.0,751,8000,6.165910519939644e-07,8.958634110101116e-07,10.0,0,0,1.6693603666568592e-07,115.39129907788596,115.18822808424062,114.59303068633844,1.0,1.0,0.9997713164704534,115.44782605359775,115.26083467293985,114.70205663420856,1.0,1.0,0.999759204875936,0.9972774273965833,0.997030622493045,a02519e4e7f07226,de1add751010fe9d,False,False,3.595699992729351,9.555299999192357,13.150999991921708,2.7747999993152916,74.04009999299888,76.81489999231417
nominal_heatup,129,112.4297478990441,112.4297478990441,111.95544917614087,111.95544917614087,-0.47429872290322805,-28040.130057284372,optimal,-27816.577786116228,True,True,converged(kkt(residual=1.23e-03<=tol=2.29e-02); obj_plateau(range=1.96e-08)),converged,0.001229881598054254,0.022931751710750844,False,5,5,0.0,751,8000,6.211470378048034e-07,9.024829443760041e-07,10.0,0,0,1.5969566749675432e-07,115.24034718847308,115.04248540443025,114.46992261042787,1.0,1.0,0.9997800916818668,115.30882687056558,115.1226517215315,114.57450559899681,1.0,1.0,0.9997688138173827,0.9974778229709623,0.9972537873475891,0944496ab5e902c4,7274e26d49562df1,False,False,2.034699995419942,9.282600003643893,11.317299999063835,2.388899985817261,69.54460000270046,71.93349998851772
nominal_heatup,130,112.77334317050997,112.77334317050997,112.35059272028222,112.35059272028222,-0.4227504502277526,-28219.819899470218,optimal,-28021.90188664386,True,True,converged(kkt(residual=1.23e-03<=tol=2.30e-02); obj_plateau(range=1.88e-08)),converged,0.0012283593152196087,0.022981003694689184,False,5,5,0.0,751,8000,6.250499779980601e-07,9.08153602985351e-07,10.0,0,0,1.5307236443501143e-07,115.09326754106645,114.90321926798465,114.35951700640007,1.0,1.0,0.9997882390070991,115.17043442955797,114.98811699212064,114.45824746160324,1.0,1.0,0.9997777090342013,0.9976563421371002,0.9974528672757393,19212ae04d9168c8,ed24f578832d0cef,False,False,1.2866000033682212,5.978100001811981,7.264700005180202,1.5802999987499788,65.94090000726283,67.5212000060128
nominal_heatup,131,113.05284459187672,113.05284459187672,112.68192888472149,112.68192888472149,-0.37091570715523403,-28366.524556881413,optimal,-28194.71594691871,True,True,converged(kkt(residual=1.23e-03<=tol=2.30e-02); obj_plateau(range=1.81e-08)),converged,0.0012267666849217114,0.02302276667762485,False,5,5,0.0,751,8000,6.283353286562487e-07,9.129270166496894e-07,10.0,0,0,1.4712162607789517e-07,114.95199603110646,114.77177573485226,114.2615058944809,1.0,1.0,0.9997958315894138,115.03490960072817,114.85894136694134,114.35339352832601,1.0,1.0,0.9997859740352883,0.9978157291728691,0.9976307698505692,c796fea6ac8e4159,3aef7a54461bdc8d,False,False,1.4113999932305887,4.863400012254715,6.274800005485304,1.2780999968526885,55.78770001011435,57.06580000696704
nominal_heatup,132,113.27488403338852,113.27488403338852,112.9544600149656,112.9544600149656,-0.3204240184229121,-28483.449808384306,optimal,-28337.322083287658,True,True,converged(kkt(residual=1.23e-03<=tol=2.31e-02); obj_plateau(range=1.75e-08)),converged,0.0012251360429337342,0.023057534511783523,False,5,5,0.0,751,8000,6.310503124495881e-07,9.168716781360331e-07,10.0,0,0,1.4186031846726545e-07,114.81803010253256,114.64910532932069,114.17534303006282,1.0,1.0,0.9998029318913931,114.90410442323856,114.7364456250145,114.25976198539571,1.0,1.0,0.9997936804479138,0.9979583940981399,0.9977900723308223,6fd6106820bb5826,bfd7795e336763c3,False,False,1.8464000022504479,6.623699999181554,8.470100001432002,1.8469000060576946,70.42089999595191,72.26780000200961
nominal_heatup,133,113.44632369352553,113.44632369352553,113.17382594915337,113.17382594915337,-0.2724977443721599,-28574.004750094653,optimal,-28452.435884999577,True,True,converged(kkt(residual=1.22e-03<=tol=2.31e-02); obj_plateau(range=1.70e-08)),converged,0.0012235261736732266,0.023085901598576763,False,5,5,0.0,751,8000,6.332473532211225e-07,9.20063849996211e-07,10.0,0,0,1.3727761160649882e-07,114.69246064907576,114.53580554264373,114.10030635670321,1.0,1.0,0.9998095933286212,114.77947602646803,114.62158952753187,114.17693995034013,1.0,1.0,0.9998008897502647,0.998086446878372,0.9979330503219003,64869f7732d5e695,10977ca42231ac99,False,False,1.7960999975912273,5.424099988886155,7.2201999864773825,2.5579000066500157,69.0582999959588,71.61620000260882
nominal_heatup,134,113.57399129119314,113.57399129119314,113.34598759585437,113.34598759585437,-0.22800369533877074,-28641.645894218684,optimal,-28543.009599595454,True,True,converged(kkt(residual=1.22e-03<=tol=2.31e-02); obj_plateau(range=1.66e-08)),converged,0.0012220041528348945,0.02310852223522466,False,5,5,0.0,751,8000,6.4990368286999e-07,9.46770914111994e-07,10.0,0,0,1.3329139847846028e-07,114.57601179600425,114.43216681045011,114.03555293008307,1.0,1.0,0.9998158616610835,114.66211182344047,114.51500751968456,114.10434006593033,1.0,1.0,0.999807654769008,0.9982017299509353,0.9980617063914651,c8dba90f89492983,bf00829d214f0953,False,False,1.8217000033473596,6.129999994300306,7.951699997647665,1.6681999986758456,59.289300013915636,60.95750001259148
nominal_heatup,135,113.66447624966304,113.66447624966304,113.47697079946371,113.47697079946371,-0.18750545019932474,-28689.75412762738,optimal,-28612.0852120524,True,True,converged(kkt(residual=1.22e-03<=tol=2.31e-02); obj_plateau(range=1.62e-08)),converged,0.0012206249452502136,0.023126076854734296,False,5,5,0.0,751,8000,6.512404553404849e-07,9.487183039169622e-07,10.0,0,0,1.2996360501514596e-07,114.46908528738683,114.33821951258183,113.98016613596978,1.0,1.0,0.9998217761744693,114.552762515624,114.41704829183604,114.0412508969202,1.0,1.0,0.9998140209663502,0.9983058485695412,0.9981777978028321,b96e4f99370dfe85,4734df8e40f3aa65,False,False,1.6826999926706776,5.889000007300638,7.571699999971315,1.7097999952966347,70.66700000723358,72.37680000253022
nominal_heatup,136,113.72397973718785,113.72397973718785,113.55816100221993,113.55816100221993,-0.16581873496791388,-28721.541969420578,optimal,-28662.673306072033,True,True,converged(kkt(residual=1.66e-03<=tol=2.31e-02); obj_plateau(range=2.91e-08)),converged,0.001658465266439379,0.02313924484007153,False,5,5,0.0,701,8000,6.523855802242906e-07,9.503865259219424e-07,10.0,0,0,2.4190751354374905e-07,114.37180681540183,114.25378008298055,113.93319532330759,1.0,1.0,0.9998273706810459,114.4518799713805,114.32781593115413,113.98688077743715,1.0,1.0,0.999820027541725,0.9984001986945633,0.9982828628007834,4ef9265ee5c2a8bb,41e3f6528673b33e,False,False,1.2873000086983666,4.673399991588667,5.960700000287034,1.261299999896437,61.59660000412259,62.85790000401903
nominal_heatup,137,113.7582112037024,113.7582112037024,113.61886363696684,113.61886363696684,-0.13934756673556592,-28739.987784314428,optimal,-28694.825069805476,True,True,converged(kkt(residual=1.66e-03<=tol=2.31e-02); obj_plateau(range=2.88e-08)),converged,0.0016572487091861894,0.023147768469151356,False,5,5,0.0,701,8000,6.530195975074093e-07,9.513101488778375e-07,10.0,0,0,2.3895196137482725e-07,114.28407218653929,114.17849479387917,113.89368820396355,1.0,1.0,0.999832674366553,114.35965753752038,114.24721085863044,113.94039506435865,1.0,1.0,0.9998257083721379,0.9984859923298628,0.9983782451013176,5a7bd9475aa551ab,41b3ce566b89c056,False,False,2.078799996525049,8.593900012783706,10.672700009308755,2.5840000016614795,67.20489999861456,69.78890000027604
nominal_heatup,138,113.77232415358681,113.77232415358681,113.659462595007,113.659462595007,-0.11286155857980873,-28747.793202897083,optimal,-28716.402608654706,True,True,converged(kkt(residual=1.66e-03<=tol=2.32e-02); obj_plateau(range=2.85e-08)),converged,0.0016562868367781488,0.02315384026927159,False,5,5,0.0,701,8000,6.534555154757982e-07,9.519451964479231e-07,10.0,0,0,2.3615944448443488e-07,114.20559171714658,114.11188019403404,113.86071653728332,1.0,1.0,0.9998377125061872,114.27607081579346,114.17496916452211,113.90094699236357,1.0,1.0,0.9998310928131853,0.9985642803294829,0.9984651164043757,b8fcf5999b83fbb6,a9bab5bb1169a60a,False,False,1.9163999968441203,7.2991000051843,9.21550000202842,2.4868000036804006,60.3220000048168,62.8088000084972
nominal_heatup,139,113.7708842372533,113.7708842372533,113.68236629212521,113.68236629212521,-0.08851794512808908,-28747.359895550035,optimal,-28728.66078143672,True,True,converged(kkt(residual=1.66e-03<=tol=2.32e-02); obj_plateau(range=2.82e-08)),converged,0.0016555838733599568,0.02315768434921542,False,5,5,0.0,701,8000,6.537158583341807e-07,9.523244557385624e-07,10.0,0,0,2.3377459480245852e-07,114.13593168732321,114.0533595342438,113.83339572920826,1.0,1.0,0.9998425070695166,114.20091736818279,114.11069932746264,113.867702503962,1.0,1.0,0.9998362063803886,0.9986359727793921,0.9985444968718592,efe543e9e397ff5b,4fdb82437ca0e3fc,False,False,2.1736999915447086,6.803800002671778,8.977499994216487,1.900000002933666,66.4905000012368,68.39050000417046
nominal_heatup,140,113.7578632559269,113.7578632559269,113.69066549730559,113.69066549730559,-0.06719775862131883,-28740.7819672037,optimal,-28733.219331020442,True,True,converged(kkt(residual=1.66e-03<=tol=2.32e-02); obj_plateau(range=2.80e-08)),converged,0.0016551309652233,0.023159646384744673,False,5,5,0.0,701,8000,6.538297299130136e-07,9.524902973012672e-07,10.0,0,0,2.3186352909481282e-07,114.07455205699551,114.00229480786403,113.8108990400568,1.0,1.0,0.9998470772312388,114.13385420243289,114.05391562460846,113.83985955032617,1.0,1.0,0.9998410713280502,0.9987018571094549,0.998617273600071,a7f0f7760974e652,3cd920bd9a3d1af2,False,False,2.2332999942591414,8.805599994957447,11.038899989216588,2.207600002293475,56.85940000694245,59.067000009235926
nominal_heatup,141,113.73665329309821,113.73665329309821,113.68750486737613,113.68750486737613,-0.04914842572208045,-28729.850514628622,optimal,-28731.73061417563,True,True,converged(kkt(residual=1.65e-03<=tol=2.32e-02); obj_plateau(range=2.78e-08)),converged,0.0016549059042710592,0.02316009840102999,False,5,5,0.0,701,8000,6.538278825019006e-07,9.524876416477923e-07,10.0,0,0,2.3041264067380836e-07,114.02083996308995,113.95801427283261,113.79246712067858,1.0,1.0,0.9998514398021315,114.07443222816191,114.00406781244628,113.81660610712994,1.0,1.0,0.9998457071405331,0.9987626141171188,0.9986842204924059,836de39bfef9fec6,e442d35bd788e2da,False,False,1.8149000097764656,6.494399989605881,8.309299999382347,1.2672999873757362,46.16820000228472,47.43549998966046
nominal_heatup,142,113.71009586257428,113.71009586257428,113.67579748983408,113.67579748983408,-0.03429837274019576,-28716.06725654893,optimal,-28725.727612826617,True,True,converged(kkt(residual=1.65e-03<=tol=2.32e-02); obj_plateau(range=2.77e-08)),converged,0.0016548768859307454,0.023159394673359496,False,5,5,0.0,701,8000,6.537386099125797e-07,9.523575741354762e-07,10.0,0,0,2.2937491074166673e-07,113.9741387751075,113.91983550963702,113.77741359142007,1.0,1.0,0.9998556095923388,114.02212716327284,113.96054594653857,113.79723918492373,1.0,1.0,0.9998501309152755,0.9988188320937121,0.9987460068773272,c6282ed14446704b,f68d0cfce0ce836f,False,False,1.8367000011494383,6.64350000442937,8.480200005578808,1.8170999974245206,69.33119999303017,71.14829999045469
nominal_heatup,143,113.68052165718375,113.68052165718375,113.6581053064906,113.6581053064906,-0.022416350693148956,-28700.664561456713,optimal,-28716.55965923553,True,True,converged(kkt(residual=1.66e-03<=tol=2.32e-02); obj_plateau(range=2.76e-08)),converged,0.0016550070775341698,0.023157852358531166,False,5,5,0.0,701,8000,6.535875201052477e-07,9.521374764176471e-07,10.0,0,0,2.2869150194053298e-07,113.93377269240456,113.88708421196073,113.76512734954758,1.0,1.0,0.9998595997172738,113.97635104896172,113.92273733851034,113.78113018826303,1.0,1.0,0.9998543577528208,0.9988710192424183,0.9988032127580849,658649813bf6b296,368332624d83348c,False,False,2.291600001626648,8.377699996344745,10.669299997971393,2.2338999988278374,62.803599998005666,65.0374999968335
nominal_heatup,144,113.64979716414678,113.64979716414678,113.63660190563787,113.63660190563787,-0.01319525850890102,-28684.629622660956,optimal,-28705.37201476676,True,True,converged(kkt(residual=1.66e-03<=tol=2.32e-02); obj_plateau(range=2.75e-08)),converged,0.0016552585484085752,0.023155744351034784,False,5,5,0.0,701,8000,6.533954319820623e-07,9.518576424838443e-07,10.0,0,0,2.2830193807131135e-07,113.89906702513865,113.859109009133,113.75507224495482,1.0,1.0,0.9998634218548534,113.93649754381167,113.89003257906958,113.76772658663027,1.0,1.0,0.999858401061068,0.9989196145677641,0.9988563401693192,eae9cf077879da71,1fac131bd0d5a57b,False,False,2.2096999891800806,7.001600009971298,9.211299999151379,1.8035999964922667,64.98520000604913,66.7888000025414
nominal_heatup,145,113.61937506080056,113.61937506080056,113.61307660588804,113.61307660588804,-0.006298454912524676,-28668.730939394118,optimal,-28693.107587501258,True,True,converged(kkt(residual=1.66e-03<=tol=2.32e-02); obj_plateau(range=2.75e-08)),converged,0.0016555951468757801,0.023153298284664194,False,5,5,0.0,701,8000,6.531805780696232e-07,9.515446670604888e-07,10.0,0,0,2.281488485981675e-07,113.86936441766642,113.8352926877219,113.74678470676345,1.0,1.0,0.9998670864614674,113.90195802591494,113.86184453945742,113.75654076310927,1.0,1.0,0.9998622728108602,0.9989649974036772,0.9989058241496972,df8868bc7556d08f,bee4815e4690adaa,False,False,1.2490999943111092,5.526300010387786,6.775400004698895,1.250800007255748,40.885499998694286,42.136300005950034
nominal_heatup,146,113.59034590302828,113.59034590302828,113.58895941207109,113.58895941207109,-0.0013864909571879025,-28653.545640494147,optimal,-28680.519911087395,True,True,converged(kkt(residual=1.66e-03<=tol=2.32e-02); obj_plateau(range=2.75e-08)),converged,0.0016559843743595092,0.02315069866305387,False,5,5,0.0,701,8000,6.529573965963209e-07,9.512195360272813e-07,10.0,0,0,2.2818011853945617e-07,113.84403735387279,113.81506021927429,113.73986983951177,1.0,1.0,0.9998706029529907,113.87213985019716,113.83761508833366,113.74714774592874,1.0,1.0,0.9998659837451933,0.9990074957324242,0.9989520418669382,f7698cc753d53d8e,9c79ee4c2c7e06c9,False,False,1.2119000020902604,4.596799990395084,5.808699992485344,1.558200005092658,61.03820000134874,62.5964000064414
nominal_heatup,147,113.56348915898766,113.56348915898766,113.56535610504228,113.56535610504228,0.001866946054619234,-28639.486523982287,optimal,-28668.191617825927,True,True,converged(kkt(residual=1.66e-03<=tol=2.31e-02); obj_plateau(range=2.76e-08)),converged,0.0016563984250466278,0.023148090556014675,False,5,5,0.0,701,8000,6.527369720288334e-07,9.508984142314603e-07,10.0,0,0,2.2834975025471723e-07,113.82249733410485,113.7978840176214,113.73399644085418,1.0,1.0,0.9998739798562251,113.84647602720959,113.81682275832195,113.73918082055356,1.0,1.0,0.9998695435550277,0.999047393431808,0.9989953206876921,a1ae2110ce96decf,2f6f2059df0f9fc6,False,False,1.7598999984329566,6.064499990316108,7.8243999887490645,1.8158000020775944,63.686699999379925,65.50250000145752
nominal_heatup,148,113.53932211789949,113.53932211789949,113.5430876065088,113.5430876065088,0.003765488609317913,-28626.827977859393,optimal,-28656.555237310175,True,True,converged(kkt(residual=1.66e-03<=tol=2.31e-02); obj_plateau(range=2.76e-08)),converged,0.0016568145931037145,0.023145584016145093,False,5,5,0.0,701,8000,6.525271487589634e-07,9.5059272542386e-07,10.0,0,0,2.2861806872261392e-07,113.80420113846806,113.78328684722128,113.72889132607375,1.0,1.0,0.9998772249353763,113.82443340612666,113.79898668014081,113.73232818351133,1.0,1.0,0.9998729610264853,0.9990849365738712,0.9990359450990922,459dc2d47da4626a,f403e03629196509,False,False,2.7264999953331426,8.763899997575209,11.490399992908351,2.6676000125007704,69.78049999452196,72.44810000702273
nominal_heatup,149,113.51814561654147,113.51814561654147,113.52273022544813,113.52273022544813,0.004584608906654353,-28615.730194431548,optimal,-28645.9144787762,True,True,converged(kkt(residual=1.66e-03<=tol=2.31e-02); obj_plateau(range=2.76e-08)),converged,0.00165721522531848,0.023143258732698332,False,5,5,0.0,701,8000,6.523343927256064e-07,9.503119660081438e-07,10.0,0,0,2.2895155641281255e-07,113.78865459623294,113.77084278807068,113.72433328053036,1.0,1.0,0.9998803452975145,113.80551769936824,113.78366939003199,113.7263286474298,1.0,1.0,0.9998762441648081,0.9991203388851797,0.999074162730802,95cc424a94946f50,7849d72f197c5f4a,False,False,1.7617999983485788,12.378200000966899,14.139999999315478,10.154900010093115,72.35079999372829,82.5057000038214
nominal_heatup,150,113.50008587609571,113.50008587609571,113.50465475517183,113.50465475517183,0.004568879076117582,-28606.261294665375,optimal,-28636.4648961591,True,True,converged(kkt(residual=1.66e-03<=tol=2.31e-02); obj_plateau(range=2.77e-08)),converged,0.0016575873613395252,0.023141168635131746,False,5,5,0.0,701,8000,6.521625692812449e-07,9.500616382496219e-07,10.0,0,0,2.2932250776020707e-07,113.7754142705336,113.76017663662985,113.72014690106863,1.0,1.0,0.9998833474803936,113.7892768590809,113.77047782149435,113.72096714490444,1.0,1.0,0.9998794002985351,0.9991537864670087,0.9991101895572833,a8e8e99ff43a02da,dfe80aeb412378bd,False,False,2.627299996674992,8.923700006562285,11.551000003237277,1.8797999946400523,53.26110000896733,55.140900003607385
nominal_heatup,151,113.48513203241419,113.48513203241419,113.48906317918741,113.48906317918741,0.003931146773226146,-28598.41714412823,optimal,-28628.313268134752,True,True,converged(kkt(residual=1.66e-03<=tol=2.31e-02); obj_plateau(range=2.77e-08)),converged,0.001657922208573319,0.02313934627056839,False,5,5,0.0,701,8000,6.520136821563938e-07,9.498447601785642e-07,10.0,0,0,2.2970855909489945e-07,113.76408744543336,113.75096208924292,113.71619653249708,1.0,1.0,0.9998862375255227,113.77530268092826,113.7590631436733,113.71606986658156,1.0,1.0,0.9998824361670758,0.9991854418633387,0.9991442144013495,a9363ee02a4d38f8,9aa4f0b3029bb1f1,False,False,1.4762000064365566,6.462099991040304,7.938299997476861,2.18460000178311,68.91940000059549,71.1040000023786
nominal_heatup,152,113.47316917822694,113.47316917822694,113.47602224853996,113.47602224853996,0.002853070313022954,-28592.138772400853,optimal,-28621.49530130369,True,True,converged(kkt(residual=1.66e-03<=tol=2.31e-02); obj_plateau(range=2.78e-08)),converged,0.0016582145072086944,0.0231378068486834,False,5,5,0.0,701,8000,6.518886550566094e-07,9.496625548166548e-07,10.0,0,0,2.3009215088493953e-07,113.75433077225912,113.74291901745194,113.71238045617496,1.0,1.0,0.999889021038952,113.76323109557862,113.74911950892584,113.71149934190976,1.0,1.0,0.9998853579942416,0.9992154475552942,0.9991764028206273,daf7bbffaa42f0f5,9cc0a212954bdbd6,False,False,2.73580000794027,8.90449999133125,11.64029999927152,2.470899999025278,72.46199999644887,74.93289999547414
nominal_heatup,153,113.4640069215914,113.4640069215914,113.46549352922814,113.46549352922814,0.0014866076367354708,-28587.327408037185,optimal,-28615.991449416462,True,True,converged(kkt(residual=1.66e-03<=tol=2.31e-02); obj_plateau(range=2.78e-08)),converged,0.0016584618933349177,0.023136551893445642,False,5,5,0.0,701,8000,6.517875874578749e-07,9.495153703298342e-07,10.0,0,0,2.3045997323546314e-07,113.74584789679406,113.73581010562947,113.70862544479455,1.0,1.0,0.9998917032418746,113.75274131252486,113.74038201136513,113.70714956799152,1.0,1.0,0.9998881715499784,0.9992439289525826,0.9992069004563366,e78a7880cc99ff79,af61fd7cfb402844,False,False,2.2941999923205003,9.688800011645071,11.983000003965572,2.932699993834831,70.51669999782462,73.44939999165945
nominal_heatup,154,113.45740360680242,113.45740360680242,113.45735975862537,113.45735975862537,-4.384817704305988e-05,-28583.857215725984,optimal,-28611.74076998816,True,True,converged(kkt(residual=1.66e-03<=tol=2.31e-02); obj_plateau(range=2.78e-08)),converged,0.0016586642767055571,0.023135572472919683,False,5,5,0.0,701,8000,6.517093282809583e-07,9.494013379907074e-07,10.0,0,0,2.3080240361955257e-07,113.73838635088528,113.72943708226511,113.70488176063328,1.0,1.0,0.9998942890128181,113.74355408283542,113.73262403421978,113.70294134242957,1.0,1.0,0.9998908822022134,0.999270996945029,0.9992358359104032,93ac24892389c878,0d48e04d1f1854d3,False,False,2.6171999925281852,8.191200002329424,10.80839999485761,1.7256999999517575,60.75199999031611,62.477699990267865
nominal_heatup,155,113.45308644775567,113.45308644775567,113.45144752051472,113.45144752051472,-0.0016389272409469413,-28581.585875432866,optimal,-28608.65283103881,True,True,converged(kkt(residual=1.66e-03<=tol=2.31e-02); obj_plateau(range=2.79e-08)),converged,0.001658823279591823,0.023134852001192335,False,5,5,0.0,701,8000,6.516522148558579e-07,9.49318121001852e-07,10.0,0,0,2.3111294668154402e-07,113.7317339532049,113.72363673839004,113.70111864366245,1.0,1.0,0.999896782922927,113.73542928145297,113.72565418867987,113.69881788785119,1.0,1.0,0.9998934949604559,0.9992967500710052,0.9992633232103956,b919ac0c8e851805,d6128aa3c9085f34,False,False,1.2739999947370961,4.904699992039241,6.178699986776337,1.596000001882203,67.71699999808334,69.31299999996554
nominal_heatup,156,113.45076789512922,113.45076789512922,113.44754637198909,113.44754637198909,-0.003221523140126692,-28580.363178798158,optimal,-28606.617744704497,True,True,converged(kkt(residual=1.66e-03<=tol=2.31e-02); obj_plateau(range=2.79e-08)),converged,0.0016589417451519457,0.023134368622758583,False,5,5,0.0,701,8000,6.516143997714607e-07,9.492630619334363e-07,10.0,0,0,2.3138772167411467e-07,113.72571492580299,113.71827689100184,113.69732031057988,1.0,1.0,0.9998991892655904,113.72816301118561,113.71931300339924,113.69474083911481,1.0,1.0,0.9998960145125523,0.9993212763534489,0.9992894639146731,7dddb46244ef34d0,b2dddfb5eee2edc5,False,False,2.0056999928783625,7.485499998438172,9.491199991316535,1.8991999968420714,75.44719999714289,77.34639999398496
nominal_heatup,157,113.45015860308406,113.45015860308406,113.44542464142015,113.44542464142015,-0.004733961663916375,-28580.03783927906,optimal,-28605.514448493694,True,True,converged(kkt(residual=1.66e-03<=tol=2.31e-02); obj_plateau(range=2.79e-08)),converged,0.0016590233236459249,0.023134097201235163,False,5,5,0.0,701,8000,6.515939503515256e-07,9.492332333493891e-07,10.0,0,0,2.316249720662094e-07,113.72018589683337,113.71325241663713,113.69348246561685,1.0,1.0,0.9999015120814607,113.72158439858964,113.7134695070278,113.69068663091393,1.0,1.0,0.9998984452557811,0.9993446548488655,0.9993143489046655,23ce4458c4ee78e7,0a04d11be30842dd,False,False,2.325100009329617,6.811200000811368,9.136300010140985,1.8442000000504777,63.730399997439235,65.57459999748971
nominal_heatup,158,113.45097738339712,113.45097738339712,113.44484217363122,113.44484217363122,-0.006135209765901095,-28580.462722362252,optimal,-28605.217383287836,True,True,converged(kkt(residual=1.66e-03<=tol=2.31e-02); obj_plateau(range=2.80e-08)),converged,0.0016590721353547174,0.023134010942029562,False,5,5,0.0,701,8000,6.515883228530583e-07,9.492250407916458e-07,10.0,0,0,2.3182462544564223e-07,113.71503192620939,113.70848145085444,113.68960930833097,1.0,1.0,0.9999037551797316,113.71555223125914,113.70801781759087,113.68664330407586,1.0,1.0,0.9999007913232861,0.9993669569496768,0.999338059905875,a440b2143956b14d,ca5db9a85dc5fb26,False,False,1.9859000021824613,9.630199987441301,11.616099989623763,2.317400008905679,63.58269999327604,65.90010000218172
nominal_heatup,159,113.45295853963182,113.45295853963182,113.4455603324227,113.4455603324227,-0.00739820720912121,-28581.49870317679,optimal,-28605.60173339903,True,True,converged(kkt(residual=1.66e-03<=tol=2.31e-02); obj_plateau(range=2.80e-08)),converged,0.0016590924954887132,0.023134082683415057,False,5,5,0.0,701,8000,6.515953145935782e-07,9.492352495144019e-07,10.0,0,0,2.31987895628928e-07,113.71016266047315,113.70390182353688,113.68571101198117,1.0,1.0,0.9999059221563856,113.7099515595018,113.70287383029849,113.68260773027153,1.0,1.0,0.9999030566066824,0.9993882474757403,0.999360670774824,c4599959ccca8ab5,4649212a7f0d97ad,False,False,1.9185999990440905,7.131199992727488,9.049799991771579,1.9103999948129058,63.667399997939356,65.57779999275226
disturbance_step60,0,32.0,32.0,32.0,32.0,0.0,-95998.82400512494,optimal,-95995.60480396192,False,False,max_iterations,max_iterations,0.01313055188238663,0.07645254018157442,False,5,5,0.0,8000,8000,6.865136228384472e-07,9.949711854417842e-07,10.0,0,0,3.353375623490067e-05,28.0,28.0,28.0,1e-05,1e-05,1e-05,28.0,28.0,28.0,1e-05,1e-05,1e-05,1.0000008521941652,1.0000008521941652,2dff947584e37cd8,2dff947584e37cd8,True,True,1.9915000011678785,7.952100000693463,9.943600001861341,2.361700011533685,510.83359999756794,513.1953000091016
disturbance_step60,1,36.0,36.0,36.0,36.0,0.0,-106602.11835414612,optimal,-106599.55482178649,True,True,converged(kkt(residual=9.46e-03<=tol=7.67e-02); obj_plateau(range=1.17e-10)),converged,0.009461928775984105,0.0767245418445375,False,5,5,0.0,351,8000,6.114478665608658e-07,8.86975977998361e-07,10.0,0,0,2.4047668088202733e-05,28.000000056399145,28.000000056399145,28.000000056399145,1.0001630922571259e-05,1.0001630922571259e-05,1.0001630922571259e-05,28.000000056399145,28.000000056399145,28.000000056399145,1.0001630922571259e-05,1.0001630922571259e-05,1.0001630922571259e-05,1.0000008522669996,1.0000008522669996,c625caa6b8e2e8f4,c625caa6b8e2e8f4,True,True,2.4944000033428892,8.209400009945966,10.703800013288856,1.9271000055596232,24.834800002281554,26.761900007841177
disturbance_step60,2,40.0,40.0,40.0,40.0,0.0,-117129.27118088401,optimal,-117127.3295911753,False,False,max_iterations,max_iterations,0.006558336307772783,0.0769651717983787,False,5,5,0.0,8000,8000,6.750023686663553e-07,9.791691546467973e-07,10.0,0,0,1.6576468795170985e-05,28.000000112803107,28.000000112803107,28.000000091841084,1.0003261984532805e-05,1.0003261984532805e-05,1.0003261984532805e-05,28.000000112803107,28.000000112803107,28.000000091841084,1.0003261984532805e-05,1.0003261984532805e-05,1.0003261984532805e-05,1.0000008523398338,1.0000008523398338,d809b50db00d9fe7,d809b50db00d9fe7,True,True,2.0696999999927357,7.726899988483638,9.796599988476373,1.8571000109659508,509.91189999331255,511.7690000042785
disturbance_step60,3,44.0,44.0,44.0,44.0,0.0,-127560.7145561694,optimal,-127560.03202485747,True,True,converged(kkt(residual=2.13e-03<=tol=7.72e-02); obj_plateau(range=4.56e-16)),converged,0.002129028583334732,0.0771717920400987,False,5,5,0.0,501,8000,7.615793435888918e-07,9.623328613983517e-07,10.0,0,0,5.350638825661914e-06,28.00000016921189,28.00000016142088,28.000000128607986,1.0004893185885736e-05,1.0004893185885736e-05,1.0004893185878145e-05,28.00000016921189,28.00000016142088,28.000000128607986,1.0004893185885736e-05,1.0004893185885736e-05,1.0004893185878145e-05,1.000000852412668,1.000000852412668,f6b418e2ce9e1469,f6b418e2ce9e1469,True,True,1.9284000009065494,6.975500000407919,8.903900001314469,1.8660000059753656,30.590800000936724,32.45680000691209
disturbance_step60,4,48.0,48.0,48.0,48.0,0.0,-137877.66921696722,optimal,-137877.6503267312,True,True,converged(kkt(residual=1.07e-03<=tol=7.73e-02); obj_plateau(range=2.01e-08)),converged,0.0010711691966070285,0.07734236187885482,False,5,5,0.0,551,8000,5.533117857225989e-07,8.043588097805809e-07,10.0,0,0,1.3700721870182556e-07,28.00000021983408,28.000000208534534,28.00000016274716,1.0006524526631151e-05,1.0006524526628329e-05,1.0006524526608854e-05,28.00000021983408,28.000000208534534,28.00000016274716,1.0006524526631151e-05,1.0006524526628329e-05,1.0006524526608854e-05,1.000000852485502,1.000000852485502,ffd5fee53ada9566,ffd5fee53ada9566,True,True,1.73200000426732,6.302199995843694,8.034200000111014,1.7654999974183738,32.1059999987483,33.871499996166676
disturbance_step60,5,52.0,52.0,52.0,52.0,0.0,-148066.0687411123,optimal,-148066.0464742435,True,True,converged(kkt(residual=2.82e-03<=tol=7.75e-02); obj_plateau(range=2.19e-08)),converged,0.002823883056173691,0.07747532436381872,False,5,5,0.0,501,8000,6.522267312902841e-07,9.45448449307662e-07,10.0,0,0,1.5038468307669126e-07,28.00000026785304,28.000000252134775,28.015534364180088,1.0008156006768049e-05,1.0008156006761134e-05,1.0008156006725072e-05,28.00000026785304,28.000000252134775,28.015534364180088,1.0008156006768049e-05,1.0008156006761134e-05,1.0008156006725072e-05,1.0000008535389835,1.0000008535389835,69a48d8a2773a3b9,69a48d8a2773a3b9,True,True,1.262299992959015,5.30040000739973,6.5627000003587455,1.2578000023495406,20.701500005088747,21.959300007438287
disturbance_step60,6,56.0,56.0,56.0,56.0,0.0,-158106.71652818128,optimal,-158106.697659675,True,True,converged(kkt(residual=4.01e-03<=tol=7.76e-02); obj_plateau(range=1.77e-08)),converged,0.004007279020327481,0.07756951146797195,False,5,5,0.0,451,8000,6.325447259314387e-07,9.19042980385143e-07,10.0,0,0,1.1934032119204157e-07,28.000000312592185,28.00577391978186,28.057459750004423,1.000978762629658e-05,1.000978762628397e-05,1.0009793262776227e-05,28.000000312592185,28.00577391978186,28.057459750004423,1.000978762629658e-05,1.000978762628397e-05,1.0009793262776227e-05,1.0000008566302483,1.0000008566302483,ff8d739282d50479,ff8d739282d50479,True,True,1.360000009299256,5.721399997128174,7.08140000642743,1.3967999984743074,25.28040000470355,26.67720000317786
disturbance_step60,7,60.0,60.0,60.0,60.0,0.0,-167979.73365905497,optimal,-167979.71126977514,True,True,converged(kkt(residual=5.72e-03<=tol=7.76e-02); obj_plateau(range=1.95e-08)),converged,0.005715923162980142,0.07762407336772807,False,5,5,0.0,301,8000,6.204440978763159e-07,9.01461598701303e-07,10.0,0,0,1.3328560088156034e-07,28.004292153377847,28.022838296226645,28.135109522234508,1.001141938521665e-05,1.0011421478125678e-05,1.0011445967490528e-05,28.004292153377847,28.022838296226645,28.135109522234508,1.001141938521665e-05,1.0011421478125678e-05,1.0011445967490528e-05,1.0000008630022164,1.0000008630022164,ec67dd0c19443881,ec67dd0c19443881,True,True,2.4458999978378415,8.007199998246506,10.453099996084347,2.3055000056046993,19.02659999905154,21.33210000465624
disturbance_step60,8,64.0,64.0,64.0,64.0,0.0,-177665.4000009005,optimal,-177664.62206776062,False,False,max_iterations,max_iterations,0.006731265540179127,0.07763842166301675,False,5,5,0.0,8000,8000,6.111416155363258e-07,8.879457302768401e-07,10.0,0,0,4.378641761041395e-06,28.01807839987666,28.057673407757182,28.254795432951447,1.0013052839181873e-05,1.0013061671269752e-05,1.0013127537634136e-05,28.01807839987666,28.057673407757182,28.254795432951447,1.0013052839181873e-05,1.0013061671269752e-05,1.0013127537634136e-05,1.0000008738881738,1.0000008738881738,490cda6d4683143d,490cda6d4683143d,True,True,2.2881000040797517,8.10289999935776,10.391000003437512,2.521700007491745,432.35099999583326,434.872700003325
disturbance_step60,9,67.99999999999999,67.99999999999999,68.0,68.0,1.4210854715202004e-14,-187142.34151269242,optimal,-187135.54167295562,False,False,max_iterations,max_iterations,0.020657770230065185,0.07761218467420897,False,5,5,0.0,8000,8000,6.305568547304574e-07,9.140364349846664e-07,10.0,0,0,3.633512160797393e-05,28.047511223592842,28.11622195693027,28.42117301871507,1.0014691440074805e-05,1.0014714737108251e-05,1.0014854481868797e-05,28.047511223592842,28.11622195693027,28.42117301871507,1.0014691440074805e-05,1.0014714737108251e-05,1.0014854481868797e-05,1.0000008905547881,1.0000008905547881,f5eff710e3f6e1e3,f5eff710e3f6e1e3,True,True,1.8577000009827316,6.830699989222921,8.688399990205653,1.829200002248399,426.013399992371,427.8425999946194
disturbance_step60,10,71.99999999999997,71.99999999999997,72.0,72.0,2.842170943040401e-14,-196384.77843366645,optimal,-196371.79536646046,False,False,max_iterations,max_iterations,0.0322680106289989,0.07754517109882873,False,5,5,0.0,8000,8000,6.510454682029376e-07,9.437361265796085e-07,10.0,0,0,6.61103539164274e-05,28.098587088330618,28.204026095810903,28.637444447596287,1.0016340922523065e-05,1.0016389563010768e-05,1.0016646422525322e-05,28.098587088330618,28.204026095810903,28.637444447596287,1.0016340922523065e-05,1.0016389563010768e-05,1.0016646422525322e-05,1.0000009143124624,1.0000009143124624,f4bd316394bce69d,f4bd316394bce69d,True,True,1.7645000043557957,8.329599993885495,10.09409999824129,2.1212999999988824,418.60170000290964,420.7230000029085
disturbance_step60,11,75.99999999999996,75.99999999999996,76.0,76.0,4.263256414560601e-14,-205373.05636583164,optimal,-205353.13712272828,False,False,max_iterations,max_iterations,0.044681866846975754,0.077437340407211,False,5,5,0.0,8000,8000,5.271957377317449e-07,7.663932732882017e-07,10.0,0,0,9.699053739520188e-05,28.17696474743232,28.325927123648107,28.905878723964744,1.001800935059378e-05,1.0018097472067574e-05,1.0018526362451092e-05,28.17696474743232,28.325927123648107,28.905878723964744,1.001800935059378e-05,1.0018097472067574e-05,1.0018526362451092e-05,1.0000009465851527,1.0000009465851527,26f252582edd1021,26f252582edd1021,True,True,2.5520000053802505,8.02069999917876,10.57270000455901,2.259999993839301,344.50120000110473,346.76119999494404
disturbance_step60,12,79.99999999999994,79.99999999999994,80.0,80.0,5.684341886080802e-14,-214088.40650828427,optimal,-214063.13107200584,False,False,max_iterations,max_iterations,0.052332375088041075,0.07728877837544057,False,5,5,0.0,8000,8000,5.292319400496126e-07,7.548051019767854e-07,10.0,0,0,0.00011806074271284776,28.287695303581557,28.48611411336325,29.228022559149494,1.0019707186055292e-05,1.0019852307914455e-05,1.0020521334415317e-05,28.287695303581557,28.48611411336325,29.228022559149494,1.0019707186055292e-05,1.0019852307914455e-05,1.0020521334415317e-05,1.000000988985778,1.000000988985778,2c81db30a4bb22b4,2c81db30a4bb22b4,True,True,1.4610999933211133,8.01099999807775,9.472099991398863,2.286300004925579,406.92209999542683,409.2084000003524
disturbance_step60,13,83.99999999999996,83.99999999999996,84.00000000000001,84.0,4.263256414560601e-14,-222512.4286454731,optimal,-222480.51993459422,False,False,max_iterations,max_iterations,0.06202510356984311,0.07709967677558853,False,5,5,0.0,8000,8000,5.2256444860177e-07,7.480033348272741e-07,10.0,0,0,0.00014340192623484146,28.435189073687383,28.68811443723295,29.60491107244096,1.0021447366458453e-05,1.0021670668093506e-05,1.002266335713411e-05,28.435189073687383,28.68811443723295,29.60491107244096,1.0021447366458453e-05,1.0021670668093506e-05,1.002266335713411e-05,1.0000010434153785,1.0000010434153785,e65ab9dfd8e36261,e65ab9dfd8e36261,True,True,1.4996999962022528,4.859799999394454,6.359499995596707,1.4525000005960464,321.47640000039246,322.9289000009885
disturbance_step60,14,87.99999999999994,87.99999999999994,87.99999999999999,87.99999999999999,4.263256414560601e-14,-230627.10644297558,optimal,-230592.75653999174,True,True,converged(kkt(residual=6.28e-02<=tol=7.69e-02); obj_plateau(range=3.59e-12)),converged,0.06284742157755369,0.07687031640850747,False,5,5,0.0,201,8000,5.843702126639982e-07,8.495087904236698e-07,10.0,0,0,0.0001489413083906157,28.623200041918288,28.934857331659494,30.037186768688905,1.0023245495954168e-05,1.0023572281445382e-05,1.0024990765584491e-05,28.623200041918288,28.934857331659494,30.037186768688905,1.0023245495954168e-05,1.0023572281445382e-05,1.0024990765584491e-05,1.0000011121797336,1.0000011121797336,5c3dada42f494c80,5c3dada42f494c80,True,True,1.3024999934714288,5.944600008660927,7.247100002132356,1.8139000021619722,13.375800001085736,15.189700003247708
disturbance_step60,15,91.99999999999993,91.99999999999993,91.99999999999999,91.99999999999999,5.684341886080802e-14,-238414.81741380476,optimal,-238380.6350597686,True,True,converged(kkt(residual=5.92e-02<=tol=7.66e-02); obj_plateau(range=3.00e-12)),converged,0.05916822710439215,0.07660105289289544,False,5,5,0.0,201,8000,5.896290673490512e-07,8.164697193890902e-07,10.0,0,0,0.00014337344636181575,28.854869120086413,29.22872865371056,30.525195733226727,1.0025120171607514e-05,1.0025580580941484e-05,1.0027549973976509e-05,28.854869120086413,29.22872865371056,30.525195733226727,1.0025120171607514e-05,1.0025580580941484e-05,1.0027549973976509e-05,1.0000011981334345,1.0000011981334345,0f3ee33e6d52efef,0f3ee33e6d52efef,True,True,1.8009999912464991,5.53819999913685,7.339199990383349,1.3898999895900488,8.09540000045672,9.48529999004677
disturbance_step60,16,95.99999999999993,95.99999999999993,95.99999999999999,95.99999999999999,5.684341886080802e-14,-245858.33859190316,optimal,-245826.03206303006,True,True,converged(kkt(residual=5.32e-02<=tol=7.63e-02); obj_plateau(range=1.08e-12)),converged,0.05315918080376378,0.07629230473777615,False,5,5,0.0,201,8000,6.278478821286626e-07,8.693919655300419e-07,10.0,0,0,0.0001314030228069714,29.132775953652295,29.571636766375924,31.069051976588753,1.0027093488534011e-05,1.0027723503453636e-05,1.0030397793205575e-05,29.132775953652295,29.571636766375924,31.069051976588753,1.0027093488534011e-05,1.0027723503453636e-05,1.0030397793205575e-05,1.0000013048593073,1.0000013048593073,0b9f8f456b1cef0e,0b9f8f456b1cef0e,True,True,1.8653000006452203,7.314600006793626,9.179900007438846,1.821500001824461,12.71219999762252,14.53369999944698
disturbance_step60,17,99.99999999999993,99.99999999999993,99.99999999999999,99.99999999999999,5.684341886080802e-14,-252940.84878196247,optimal,-252907.01079877315,False,False,max_iterations,max_iterations,0.05326826557756159,0.0759445433296222,False,5,5,0.0,8000,8000,6.361106414942697e-07,8.808334941434737e-07,10.0,0,0,0.0001337782463863624,29.459001193484145,29.965072618383886,31.66868726952701,1.0029191757879237e-05,1.0030034571632905e-05,1.0033604465787608e-05,29.459001193484145,29.965072618383886,31.66868726952701,1.0029191757879237e-05,1.0030034571632905e-05,1.0033604465787608e-05,1.0000014368973875,1.0000014368973875,734bd2d1eb417da7,734bd2d1eb417da7,True,True,1.2671000004047528,5.1411000022199005,6.408200002624653,1.28680000489112,279.3034000060288,280.59020001091994
disturbance_step60,18,103.99999999999993,103.99999999999993,103.99999999999999,103.99999999999999,5.684341886080802e-14,-259645.92809471049,optimal,-259612.1820624324,True,True,converged(kkt(residual=5.09e-02<=tol=7.56e-02); obj_plateau(range=2.58e-13)),converged,0.05092638791288817,0.07555828453379654,False,5,5,0.0,201,8000,6.768046461047561e-07,9.810758436756828e-07,10.0,0,0,0.0001299694261559515,29.83518713825559,30.410166831002797,32.32388788410938,1.0031446486637145e-05,1.003255432719756e-05,1.0037257650833878e-05,29.83518713825559,30.410166831002797,32.32388788410938,1.0031446486637145e-05,1.003255432719756e-05,1.0037257650833878e-05,1.0000016000414043,1.0000016000414043,c57a447deba633b1,c57a447deba633b1,True,True,1.5872999938437715,5.7080999977188185,7.29539999156259,1.6094000020530075,9.191499993903562,10.80089999595657
disturbance_step60,19,107.99999999999994,107.99999999999994,107.99999999999999,107.99999999999999,4.263256414560601e-14,-265957.55535151646,optimal,-265928.5514953351,True,True,converged(kkt(residual=4.20e-02<=tol=7.51e-02); obj_plateau(range=2.99e-13)),converged,0.04199558836803634,0.07513408166643742,False,5,5,0.0,201,8000,6.510827148531462e-07,9.116204946479911e-07,10.0,0,0,0.00010905445473523043,30.26259573381852,30.907740544433675,33.03432342597463,1.0033895682563044e-05,1.0035332213742204e-05,1.0041467676231376e-05,30.26259573381852,30.907740544433675,33.03432342597463,1.0033895682563044e-05,1.0035332213742204e-05,1.0041467676231376e-05,1.0000018017276073,1.0000018017276073,d6935a4d57fdc5d4,d6935a4d57fdc5d4,True,True,1.5168999962043017,6.9851000007474795,8.501999996951781,1.7224000039277598,8.972600000561215,10.695000004488975
disturbance_step60,20,111.99999999999994,111.99999999999994,111.99999999999999,111.99999999999999,4.263256414560601e-14,-271860.1038329801,optimal,-271837.459974518,True,True,converged(kkt(residual=3.15e-02<=tol=7.47e-02); obj_plateau(range=3.00e-13)),converged,0.03152322187145396,0.0746725196353254,False,5,5,0.0,201,8000,6.837688744099069e-07,9.468268560297588e-07,10.0,0,0,8.329231889066706e-05,30.742161255455276,31.45835074073644,33.799569377951165,1.0036585572181912e-05,1.0038429042220354e-05,1.0046374493864521e-05,30.742161255455276,31.45835074073644,33.799569377951165,1.0036585572181912e-05,1.0038429042220354e-05,1.0046374493864521e-05,1.000002051549314,1.000002051549314,857027a74eaa6b83,857027a74eaa6b83,True,True,1.619100003154017,6.855700004962273,8.47480000811629,2.4267999979201704,12.898499990114942,15.325299988035113
disturbance_step60,21,115.99999999999996,115.99999999999996,115.99999999999999,115.99999999999999,2.842170943040401e-14,-277338.3357562195,optimal,-277322.4097101143,False,False,max_iterations,max_iterations,0.02136268562861171,0.07417421008288368,False,5,5,0.0,8000,8000,7.106024355607587e-07,9.839836936365032e-07,10.0,0,0,5.742461121326382e-05,31.274537519628144,32.06232983559645,34.619125239305966,1.0039572851893256e-05,1.0041920221372836e-05,1.0052156935043224e-05,31.274537519628144,32.06232983559645,34.619125239305966,1.0039572851893256e-05,1.0041920221372836e-05,1.0052156935043224e-05,1.000002361942879,1.000002361942879,2e7906eeca422a63,2e7906eeca422a63,True,True,1.7179999995278195,5.952999999863096,7.670999999390915,1.549599997815676,301.42329999944195,302.9728999972576
disturbance_step60,22,119.99999999999996,119.99999999999996,120.0,119.99999999999999,2.842170943040401e-14,-282249.26060176594,optimal,-282197.0763839434,False,False,max_iterations,max_iterations,0.06976883828142798,0.07363978739219358,False,5,5,0.0,8000,8000,6.560766223628889e-07,9.55763558074807e-07,10.0,0,0,0.0001848869956695825,31.860139431473698,32.71982012895055,35.492429218553006,1.0042927636276365e-05,1.0045900001126806e-05,1.0059045087611502e-05,31.860139431473698,32.71982012895055,35.492429218553006,1.0042927636276365e-05,1.0045900001126806e-05,1.0059045087611502e-05,1.0000027491075865,1.0000027491075865,b44b4f7bd6f28b46,b44b4f7bd6f28b46,True,True,1.2845999881392345,5.601300013950095,6.885900002089329,1.2772000045515597,253.2035000040196,254.48070000857115
disturbance_step60,23,123.99999999999997,123.99999999999997,124.0000004330801,123.99999999999999,1.4210854715202004e-14,-285922.71963817347,optimal,-285869.86301016615,False,False,max_iterations,max_iterations,0.07005100531542736,0.07306990543981288,False,5,5,0.0,8000,8000,6.280502589106618e-07,9.073958553429406e-07,10.0,0,0,0.00018486333675827568,32.499179256904526,33.43080354993059,36.418870302862096,1.0046737327042226e-05,1.0050487067028725e-05,1.0067336928314506e-05,32.499179256904526,33.43080354993059,36.4188703028621,1.0046737327042226e-05,1.0050487067028725e-05,1.0067336928314506e-05,1.0000032342458494,1.0000032342458494,949823b715d589cd,949823b715d589cd,True,True,1.8019000126514584,6.817299989052117,8.619200001703575,1.3531000004149973,204.71720000205096,206.07030000246596
disturbance_step60,24,127.99999999999997,127.99999999999997,127.99999999999997,127.99999999999997,0.0,-287335.8756926245,optimal,-287286.219136647,False,False,max_iterations,max_iterations,0.06552642881908058,0.0724652349980616,False,5,5,0.0,8000,8000,6.228404885177952e-07,8.99869019299615e-07,10.0,0,0,0.00017281711118661392,33.19169804282029,34.19512725832241,37.397798234444124,1.005111170702066e-05,1.0055831947088486e-05,1.0077420781319361e-05,33.19169804282029,34.195127258322415,37.39779823444413,1.005111170702066e-05,1.0055831947088486e-05,1.0077420781319361e-05,1.0000038452434135,1.0000038452434135,741bd084326d10b1,741bd084326d10b1,True,True,1.2845000019297004,5.030400003306568,6.314900005236268,1.2532999971881509,174.1601000103401,175.41340000752825
disturbance_step60,25,130.0,130.0,130.0,130.0,0.0,-285421.34361368243,optimal,-285377.56691740005,False,False,max_iterations,max_iterations,0.057657870715883706,0.07182646170509674,False,5,5,0.0,8000,8000,5.973794969804658e-07,8.630835965917072e-07,10.0,0,0,0.00015337569267991552,33.93759271203294,35.01252560136735,38.42853181431628,1.005618967429849e-05,1.0062126862556018e-05,1.0089805789359043e-05,33.937592712032945,35.01252560136736,38.42853181431629,1.005618967429849e-05,1.0062126862556018e-05,1.0089805789359043e-05,1.0000046189564815,1.000004618956481,fc3b5ac021805915,fc3b5ac021805915,False,False,1.253900001756847,5.071100007626228,6.325000009383075,1.3054000010015443,156.26499999780208,157.57039999880362
disturbance_step60,26,130.0,130.0,130.0,130.0,0.0,-281039.45613230206,optimal,-281001.29474642174,False,False,max_iterations,max_iterations,0.050257745858787506,0.07100872565768025,False,5,5,0.0,8000,8000,5.907820366246597e-07,8.251905798672965e-07,10.0,0,0,0.00013578657746338255,34.73663933886756,35.88263890591761,39.51036584016605,1.0062148184087887e-05,1.0069618889944927e-05,1.0105163455459045e-05,34.73663933886757,35.88263890591762,39.51036584016606,1.0062148184087887e-05,1.0069618889944927e-05,1.0105163455459045e-05,1.0000056043396808,1.000005604339681,e5980b92603c97c8,e5980b92603c97c8,False,False,1.2929999938933179,5.065000004833564,6.357999998726882,1.2695999903371558,179.59980000159703,180.8693999919342
disturbance_step60,27,130.0,130.0,130.0,130.0,0.0,-276121.9701329737,optimal,-276086.8455933054,False,False,max_iterations,max_iterations,0.04632589416462514,0.07002782566253117,False,5,5,0.0,8000,8000,6.886175754061696e-07,9.98919578165669e-07,10.0,0,0,0.00012720660964171378,35.588513092118,36.80502953120534,40.64257692132613,1.0069214176848358e-05,1.007862763007317e-05,1.0124384554526784e-05,35.588513092118006,36.80502953120535,40.64257692132614,1.0069214176848358e-05,1.007862763007317e-05,1.0124384554526784e-05,1.0000068667446973,1.0000068667446973,55c41df516218fce,55c41df516218fce,False,False,1.3497000036295503,5.197099992074072,6.546799995703623,1.4069000026211143,192.28040000598412,193.68730000860523
disturbance_step60,28,130.0,130.0,130.0,130.0,0.0,-271205.59466745873,optimal,-271172.8413230776,False,False,max_iterations,max_iterations,0.04329331366787285,0.06904684436760199,False,5,5,0.0,8000,8000,5.629278376773073e-07,8.133082873840181e-07,10.0,0,0,0.0001207694274198668,36.49280528639047,37.779195562592335,41.82442836075675,1.00776805645182e-05,1.0089569039656567e-05,1.0148657494724979e-05,36.49280528639048,37.77919556259234,41.824428360756755,1.00776805645182e-05,1.0089569039656569e-05,1.0148657494724979e-05,1.0000084938573894,1.0000084938573894,23ea22a2e480351b,23ea22a2e480351b,False,False,1.3322000013431534,5.107099990709685,6.439299992052838,1.237000004039146,162.6166999922134,163.85369999625254
disturbance_step60,29,130.0,130.0,130.0,130.0,0.0,-266303.80327160936,optimal,-266272.99317817076,False,False,max_iterations,max_iterations,0.040847768945857975,0.06806870209385167,False,5,5,0.0,8000,8000,5.667615994298103e-07,8.188474511783284e-07,10.0,0,0,0.00011569528132941508,37.44903793778677,38.804582478445084,43.05517425772096,1.008792775660128e-05,1.0102987727945596e-05,1.0179576783908196e-05,37.44903793778678,38.80458247844509,43.055174257720964,1.008792775660128e-05,1.0102987727945598e-05,1.0179576783908196e-05,1.000010603941939,1.000010603941939,fd22a99e5d500abb,fd22a99e5d500abb,False,False,1.3921000063419342,5.54050000209827,6.932600008440204,1.364399999147281,177.84740000206511,179.2118000012124
disturbance_step60,30,130.0,130.0,130.0,130.0,0.0,-261427.5052721412,optimal,-261400.2390278176,False,False,max_iterations,max_iterations,0.036218760152021724,0.06709577259640181,False,5,5,0.0,8000,8000,5.538213656564039e-07,8.001513664979143e-07,10.0,0,0,0.00010429753477990843,38.456676172467965,39.88059307969842,44.326295872218694,1.0100452783556139e-05,1.0119600936431951e-05,1.0219294017606023e-05,38.45667617246797,39.88059307969843,44.3262958722187,1.0100452783556139e-05,1.0119600936431953e-05,1.0219294017606023e-05,1.0000133502968045,1.0000133502968045,c9ce0c2a8f826f50,c9ce0c2a8f826f50,False,False,3.123700007563457,22.311099994112737,25.434800001676194,1.4340000052470714,228.26299999724142,229.6970000024885
disturbance_step60,31,130.0,130.0,130.0,130.0,0.0,-256585.55014345836,optimal,-256564.02872625447,False,False,max_iterations,max_iterations,0.028561413439777545,0.06612998760060436,False,5,5,0.0,8000,8000,5.940060532338975e-07,8.616746134393338e-07,10.0,0,0,8.387618551303116e-05,39.51513879282676,41.00370911940793,45.62384309440204,1.0115908887980325e-05,1.0140358723565775e-05,1.027064961864798e-05,39.51513879282677,41.00370911940794,45.62384309440205,1.0115908887980325e-05,1.0140358723565776e-05,1.027064961864798e-05,1.0000169276166246,1.0000169276166246,bcc444b2ad985300,bcc444b2ad985300,False,False,1.301299998885952,4.914899996947497,6.216199995833449,2.6405999960843474,178.31570000271313,180.95629999879748
disturbance_step60,32,130.0,130.0,129.99999999999997,129.99999999999997,-2.842170943040401e-14,-251785.12089130838,optimal,-251766.1222347287,False,False,max_iterations,max_iterations,0.025296168442286698,0.06517292003746414,False,5,5,0.0,8000,8000,5.815409735987487e-07,8.435925673566658e-07,10.0,0,0,7.54558351671923e-05,40.62166136640787,42.16762674340835,46.9369658648656,1.0135159609374298e-05,1.0166511340095577e-05,1.0337306087914461e-05,40.62166136640788,42.167626743408356,46.936965864865606,1.0135159609374298e-05,1.0166511340095578e-05,1.0337306087914461e-05,1.0000215859513406,1.0000215859513406,ffee3187d5cdd4c6,ffee3187d5cdd4c6,False,False,1.6499000048497692,5.959999994956888,7.609899999806657,1.8925000040326267,238.62400000507478,240.5165000091074
disturbance_step60,33,130.0,130.0,130.0,130.0,0.0,-247032.0355594463,optimal,-247016.3893892971,False,False,max_iterations,max_iterations,0.02087809176450811,0.06422584802798516,False,5,5,0.0,8000,8000,5.690581303952058e-07,8.254847498889717e-07,10.0,0,0,6.333660374719501e-05,41.77084845737515,43.36566791672193,48.25708836034171,1.0159342426202962e-05,1.0199689056691246e-05,1.0423972055584554e-05,41.77084845737516,43.36566791672194,48.25708836034172,1.0159342426202962e-05,1.0199689056691248e-05,1.0423972055584554e-05,1.0000276448036494,1.00002764480365,4263c1a4a3afded0,4263c1a4a3afded0,False,False,2.3172999935923144,8.329800009960309,10.647100003552623,3.9212999981828034,165.06320000917185,168.98450000735465
disturbance_step60,34,130.0,130.0,129.99999999999997,129.99999999999997,-2.842170943040401e-14,-242330.98488116497,optimal,-242317.98814503,False,False,max_iterations,max_iterations,0.01741305872577375,0.06328980575395214,False,5,5,0.0,8000,8000,5.56824574005077e-07,8.077386182137047e-07,10.0,0,0,5.3632168173795444e-05,42.95635122779743,44.590925972232014,49.57797689401694,1.018994412676557e-05,1.0242010082863204e-05,1.053668028779401e-05,42.956351227797434,44.59092597223202,49.57797689401695,1.018994412676557e-05,1.0242010082863206e-05,1.053668028779401e-05,1.0000355128009815,1.0000355128009815,5fd701c541207425,5fd701c541207425,False,False,1.3154000043869019,5.128599994350225,6.443999998737127,1.3146999990567565,170.97900000226218,172.29370000131894
disturbance_step60,35,130.0,130.0,130.0,130.0,0.0,-237685.7207438046,optimal,-237674.90426950995,False,False,max_iterations,max_iterations,0.014589144100984481,0.062365623944923045,False,5,5,0.0,8000,8000,5.44834080073997e-07,7.903449992241462e-07,10.0,0,0,4.550746364035806e-05,44.171406195469075,45.83695172260524,50.8949572932192,1.0228899307463622e-05,1.0296214244032104e-05,1.0683152902901279e-05,44.17140619546908,45.83695172260525,50.89495729321921,1.0228899307463622e-05,1.0296214244032106e-05,1.0683152902901279e-05,1.0000457117886863,1.0000457117886863,12db584ad9cbc4b2,12db584ad9cbc4b2,False,False,1.5087999927345663,7.034700000076555,8.543499992811121,1.899099996080622,219.51320000516716,221.4123000012478
disturbance_step60,36,130.0,130.0,130.0,130.0,0.0,-233099.2079554046,optimal,-233090.17327209245,False,False,max_iterations,max_iterations,0.012326457386565775,0.06145396265258743,False,5,5,0.0,8000,8000,6.873502798043774e-07,9.96183769252923e-07,10.0,0,0,3.875896186552448e-05,45.40948352759254,47.0978389175981,52.20455455144949,1.0278713971231812e-05,1.0365834296490869e-05,1.0873268743414286e-05,45.40948352759255,47.097838917598104,52.2045545514495,1.0278713971231812e-05,1.036583429649087e-05,1.0873268743414286e-05,1.0000589086745004,1.000058908674502,fb0a8e50d240957c,fb0a8e50d240957c,False,False,1.3252999924588948,4.918500009807758,6.243800002266653,1.288700004806742,161.85659999609925,163.145300000906
disturbance_step60,37,130.0,130.0,130.0,130.0,0.0,-228573.74701395683,optimal,-228566.9945560652,False,False,max_iterations,max_iterations,0.009340409624690156,0.060555337872889234,False,5,5,0.0,8000,8000,6.722444538809214e-07,9.742907254306488e-07,10.0,0,0,2.954170362858637e-05,46.664516953800415,48.3683532001705,53.504128266444766,1.0342623010345865e-05,1.045541181963181e-05,1.1119674734577008e-05,46.66451695380042,48.36835320017051,53.50412826644477,1.0342623010345865e-05,1.0455411819631811e-05,1.1119674734577008e-05,1.0000759571416176,1.0000759571416173,dccf7c89e5d0cee1,dccf7c89e5d0cee1,False,False,1.3005000073462725,5.330699990736321,6.631199998082593,1.2820999982068315,159.33840000070632,160.62049999891315
disturbance_step60,38,130.0,130.0,130.0,130.0,0.0,-224111.0735988821,optimal,-224106.02917668296,False,False,max_iterations,max_iterations,0.007197694360526231,0.059670143240500025,False,5,5,0.0,8000,8000,6.576610900310698e-07,9.531548927910194e-07,10.0,0,0,2.2508580759344416e-05,47.93105863475706,49.643915160377404,54.791662659233666,1.0424789135198688e-05,1.057077204438009e-05,1.1438591403752979e-05,47.931058634757065,49.64391516037741,54.79166265923367,1.0424789135198688e-05,1.0570772044380092e-05,1.1438591403752979e-05,1.0000979538377246,1.0000979538377246,a577dd728364da27,a577dd728364da27,False,False,2.325800000107847,5.520599996089004,7.846399996196851,1.436699996702373,183.27829999907408,184.71499999577645
disturbance_step60,39,130.0,130.0,130.0,130.0,0.0,-219712.43848034053,optimal,-219709.87241184583,False,False,max_iterations,max_iterations,0.0038254948324219365,0.05879866758337711,False,5,5,0.0,8000,8000,6.425930649811562e-07,9.313166744462364e-07,10.0,0,0,1.1679213577714909e-05,49.20430631494216,50.92057550494544,56.065602396874425,1.0530555493521728e-05,1.0719374634412517e-05,1.1850890373346329e-05,49.204306314942166,50.92057550494545,56.06560239687443,1.0530555493521728e-05,1.0719374634412519e-05,1.1850890373346329e-05,1.0001263149983302,1.0001263149983302,474b2b4fe7a04db1,474b2b4fe7a04db1,False,False,1.5238999912980944,6.674000003840774,8.197899995138869,1.6898000030778348,185.43070000305306,187.1205000061309
disturbance_step60,40,130.0,130.0,130.0,130.0,0.0,-215378.67026079042,optimal,-215377.6730099853,False,False,max_iterations,max_iterations,0.0019174837320604643,0.057941108879194105,False,5,5,0.0,8000,8000,6.286498859253697e-07,9.11108696932672e-07,10.0,0,0,4.630220828769376e-06,50.480091836351285,52.19495775967505,57.32474554955665,1.0666767540547945e-05,1.0910765749966644e-05,1.238355239644559e-05,50.48009183635129,52.194957759675056,57.32474554955666,1.0666767540547945e-05,1.0910765749966646e-05,1.2383552396445595e-05,1.0001628826826376,1.0001628826826376,a44f9ccf1a3ca0ea,a44f9ccf1a3ca0ea,False,False,1.3209000026108697,4.923899992718361,6.244799995329231,1.2898999993922189,183.17090001073666,184.46080001012888
disturbance_step60,41,130.0,130.0,130.0,130.0,0.0,-211111.1450099574,optimal,-211111.11690629888,True,True,converged(kkt(residual=4.91e-04<=tol=5.71e-02); obj_plateau(range=1.66e-08)),converged,0.000490667729020843,0.0570975849135654,False,5,5,0.0,501,8000,6.800672167628363e-07,9.86516296208606e-07,10.0,0,0,1.3312257176091696e-07,51.75483560174434,53.4641995143953,58.568163767464874,1.0842186462087133e-05,1.1157166424599133e-05,1.3071662770483212e-05,51.75483560174435,53.464199514395304,58.56816376746488,1.0842186462087133e-05,1.1157166424599135e-05,1.3071662770483217e-05,1.000210073755604,1.000210073755604,c55fce8fe600d884,c55fce8fe600d884,False,False,1.2592999992193654,5.003199999919161,6.262499999138527,1.2898999993922189,10.799800002132542,12.089700001524761
disturbance_step60,42,130.0,130.0,130.0,130.0,0.0,-206912.3233302201,optimal,-206912.2944317979,True,True,converged(kkt(residual=1.08e-03<=tol=5.63e-02); obj_plateau(range=1.74e-08)),converged,0.001077787792359494,0.056268140734693016,False,5,5,0.0,451,8000,6.726167072201861e-07,9.757084997730203e-07,10.0,0,0,1.3966506042517293e-07,53.02549121637783,54.725890756821585,59.79514556110168,1.1068025253675922e-05,1.1474247701261863e-05,1.3961166177047799e-05,53.02549121637784,54.72589075682159,59.79514556110168,1.1068025253675922e-05,1.1474247701261865e-05,1.3961166177047804e-05,1.0002710907268957,1.0002710907268957,3245cd5746b06302,3245cd5746b06302,False,False,1.2379999971017241,4.578799998853356,5.81679999595508,1.5631999995093793,9.558100005961023,11.121300005470403
disturbance_step60,43,130.0,130.0,130.0,130.0,0.0,-202781.95236352086,optimal,-202781.91242131617,True,True,converged(kkt(residual=1.96e-03<=tol=5.55e-02); obj_plateau(range=2.45e-08)),converged,0.001958182554445776,0.055452752776152844,False,5,5,0.0,351,8000,6.654500452896173e-07,9.653124513064881e-07,10.0,0,0,1.969712006741839e-07,54.28948544658737,55.978016398292105,61.00515332643331,1.1358651936153698e-05,1.1882164517023142e-05,1.5112695179349733e-05,54.28948544658738,55.97801639829211,61.005153326433316,1.1358651936153698e-05,1.1882164517023144e-05,1.5112695179349738e-05,1.0003502217184121,1.0003502217184117,fca4e23c2e5fe731,fca4e23c2e5fe731,False,False,1.1985000019194558,5.384200005210005,6.582700007129461,1.9299999985378236,13.745799995376728,15.675799993914552
disturbance_step60,44,130.0,130.0,130.0,130.0,0.0,-198719.31852875996,optimal,-198719.2969586252,True,True,converged(kkt(residual=1.92e-03<=tol=5.47e-02); obj_plateau(range=1.36e-08)),converged,0.001916045033909527,0.05465132926034461,False,5,5,0.0,201,8000,6.579059430578127e-07,9.543687999880035e-07,10.0,0,0,1.0854573623256533e-07,55.54466009462919,57.218903246915346,62.19779083408778,1.1732523445269194e-05,1.2406951562850738e-05,1.660691317248316e-05,55.544660094629194,57.21890324691535,62.19779083408779,1.1732523445269194e-05,1.240695156285074e-05,1.6606913172483163e-05,1.0004532681750724,1.0004532681750724,7ed7a61c19fb42a8,7ed7a61c19fb42a8,False,False,1.1942999990424141,4.334000012022443,5.528300011064857,1.214599993545562,5.086300006951205,6.3009000004967675
disturbance_step60,45,130.0,130.0,130.0,130.0,0.0,-194722.70294223801,optimal,-194717.53441824578,True,True,converged(kkt(residual=6.79e-03<=tol=5.39e-02); obj_plateau(range=1.79e-15)),converged,0.006792379481273256,0.053863706153796154,False,5,5,0.0,201,8000,5.547262276195397e-07,8.039703915940777e-07,10.0,0,0,2.6542996343431713e-05,56.789217674450455,58.44717272868526,63.3727778009778,1.221344127067576e-05,1.3082428465613037e-05,1.8551986542778224e-05,56.78921767445046,58.44717272868527,63.372777800977815,1.221344127067576e-05,1.3082428465613039e-05,1.8551986542778255e-05,1.0005881542511206,1.000588154251119,03c77da99c0ada25,03c77da99c0ada25,False,False,1.1757000029319897,4.4283000024734065,5.604000005405396,1.5485000039916486,9.95639999746345,11.504900001455098
disturbance_step60,46,130.0,130.0,130.0,130.0,0.0,-190788.46036723867,optimal,-190775.97906810985,True,True,converged(kkt(residual=1.64e-02<=tol=5.31e-02); obj_plateau(range=1.68e-15)),converged,0.016412359272359574,0.053089637459727966,False,5,5,0.0,201,8000,6.665247980208733e-07,9.661745119515786e-07,10.0,0,0,6.541957047458769e-05,58.021672340212916,59.66169913612939,64.52992981579378,1.283225903535136e-05,1.3952823801894357e-05,2.1094037516679103e-05,58.02167234021292,59.6616991361294,64.52992981579379,1.283225903535136e-05,1.3952823801894359e-05,2.1094037516679137e-05,1.0007657922929525,1.0007657922929523,56f953d3e97aed76,56f953d3e97aed76,False,False,1.2878999987151474,4.629300005035475,5.917200003750622,1.2443000014172867,6.59389999054838,7.838199991965666
disturbance_step60,47,130.00000000000003,130.00000000000003,130.0,130.0,-2.842170943040401e-14,-186914.54264864302,optimal,-186895.47756665765,True,True,converged(kkt(residual=2.51e-02<=tol=5.23e-02); obj_plateau(range=1.87e-15)),converged,0.025085424988886273,0.05232877789162333,False,5,5,0.0,201,8000,5.445832158557096e-07,7.912411650323747e-07,10.0,0,0,0.00010199892269017848,59.24080627823816,60.86157324805601,65.66914222531284,1.3629227439716847e-05,1.5076414058007537e-05,2.4431749600808593e-05,59.24080627823817,60.861573248056025,65.66914222531285,1.3629227439716847e-05,1.5076414058007539e-05,2.4431749600808675e-05,1.0010013058592755,1.0010013058592766,49801c3050122b0e,49801c3050122b0e,False,False,1.2854000087827444,4.742699995404109,6.028100004186854,1.2692000018432736,10.037599990027957,11.30679999187123
disturbance_step60,48,130.0,130.0,130.0,130.0,0.0,-183098.4095507756,optimal,-183073.45639019343,True,True,converged(kkt(residual=3.29e-02<=tol=5.16e-02); obj_plateau(range=1.91e-15)),converged,0.032854556331693006,0.05158065477464443,False,5,5,0.0,201,8000,5.492567680676075e-07,7.980315031019813e-07,10.0,0,0,0.00013628278171996547,60.445631502829244,62.046070844933716,66.79037712551896,1.4657239205824328e-05,1.6530593465596096e-05,2.8836727925755446e-05,60.44563150282925,62.04607084493373,66.79037712551897,1.4657239205824328e-05,1.6530593465596096e-05,2.8836727925755534e-05,1.0013157471013447,1.0013157471013459,31f3b98efc777687,31f3b98efc777687,False,False,2.06389999948442,7.4388999928487465,9.502799992333166,1.8026000034296885,10.383500004536472,12.18610000796616
disturbance_step60,49,130.0,130.0,130.0,130.0,0.0,-179336.59056007024,optimal,-179306.41250622238,True,True,converged(kkt(residual=3.98e-02<=tol=5.08e-02); obj_plateau(range=1.62e-15)),converged,0.039761585368374375,0.0508446239963693,False,5,5,0.0,201,8000,6.12646928743743e-07,8.901329966448657e-07,10.0,0,0,0.00016827605428150794,61.63535669095368,63.21462566327623,67.89365282436218,1.5986343757010025e-05,1.841895514025872e-05,3.468179049773312e-05,61.63535669095369,63.214625663276244,67.89365282436219,1.5986343757010025e-05,1.8418955140258733e-05,3.468179049773321e-05,1.0017384914685052,1.0017384914685026,e0ec5458b0069c7e,e0ec5458b0069c7e,False,False,1.2790000037057325,5.120999994687736,6.399999998393469,1.292100001592189,6.837299995822832,8.129399997415021
disturbance_step60,50,130.0,130.0,130.0,130.0,0.0,-175624.29736141698,optimal,-175589.5259482531,True,True,converged(kkt(residual=4.58e-02<=tol=5.01e-02); obj_plateau(range=1.66e-15)),converged,0.045846958760086515,0.050119801260219664,False,5,5,0.0,201,8000,5.614897986561118e-07,8.158053264040177e-07,10.0,0,0,0.00019798748627681355,62.80935862777153,64.36680630859729,68.97903535661555,1.771004879334599e-05,2.0881188322763476e-05,4.248012413352573e-05,62.809358627771545,64.3668063085973,68.97903535661558,1.771004879334599e-05,2.088118832276349e-05,4.248012413352589e-05,1.0023105527641403,1.00231055276414,d657848dce19ac74,d657848dce19ac74,False,False,1.3588000001618639,4.876400009379722,6.235200009541586,1.2403000000631437,6.994199997279793,8.234499997342937
disturbance_step60,51,130.0,130.0,129.99999999999997,129.99999999999997,-2.842170943040401e-14,-171954.81030175835,optimal,-171916.04692455503,False,False,max_iterations,max_iterations,0.051149949760595795,0.04940495338325208,False,5,5,0.0,8000,8000,6.77250937997087e-07,9.824310414074944e-07,10.0,0,0,0.00022542769891230753,63.96715780299739,65.50229669912929,70.04663175947263,1.9954127492003092e-05,2.4106900556497137e-05,5.293923003597164e-05,63.967157802997406,65.50229669912932,70.04663175947266,1.9954127492003092e-05,2.4106900556497154e-05,5.2939230035971814e-05,1.0030891393708201,1.0030891393708201,1063ee05dea192b4,1063ee05dea192b4,False,False,1.4756999880773947,5.131400001118891,6.607099989196286,1.2055999977746978,362.33329999959096,363.53889999736566
disturbance_step60,52,130.0,130.0,130.0,130.0,0.0,-168318.48079948733,optimal,-168276.29806939472,False,False,max_iterations,max_iterations,0.055707414531386085,0.04869832210301325,False,5,5,0.0,8000,8000,5.388206574252763e-07,7.828687857980299e-07,10.0,0,0,0.000250612588065801,65.10839773149326,66.62087966539485,71.09658492755244,2.288892387473418e-05,2.8354882832899212e-05,6.703486721298806e-05,65.10839773149327,66.62087966539488,71.09658492755247,2.288892387473418e-05,2.835488283289929e-05,6.703486721298836e-05,1.0041538720862668,1.0041538720862666,c776b99c3ed66c8e,c776b99c3ed66c8e,False,False,1.2270000006537884,4.710599998361431,5.9375999990152195,1.2094000121578574,278.4032999916235,279.61270000378136
disturbance_step60,53,130.0,130.0,130.0,130.0,0.0,-164701.05308826873,optimal,-164655.99765105738,False,False,max_iterations,max_iterations,0.05955364954378415,0.047997328947520616,False,5,5,0.0,8000,8000,5.226776238487219e-07,7.594141626654505e-07,10.0,0,0,0.0002735588896761877,66.23282762269274,67.72242340235863,72.1290699518052,2.6746518406205812e-05,3.397988237098335e-05,8.611184642383605e-05,66.23282762269277,67.72242340235866,72.12906995180523,2.6746518406205812e-05,3.397988237098351e-05,8.611184642383666e-05,1.0056152093333455,1.0056152093333455,5cffea7bb815f59a,5cffea7bb815f59a,False,False,1.4100999978836626,5.168899995624088,6.57899999350775,1.259800003026612,338.36320000409614,339.62300000712276
disturbance_step60,54,130.0,130.0,130.0,130.0,0.0,-161080.72767843746,optimal,-161033.32403058233,False,False,max_iterations,max_iterations,0.06271765991941633,0.04729806150483579,False,5,5,0.0,8000,8000,5.324480127910647e-07,7.736100720023842e-07,10.0,0,0,0.00029428503669068714,67.34028809419578,68.80687054634413,73.14429192629686,3.1844611049781495e-05,4.1469671910037346e-05,0.0001120206141967142,67.34028809419581,68.80687054634416,73.14429192629689,3.1844611049781495e-05,4.146967191003758e-05,0.00011202061419671508,1.0076257803464348,1.0076257803464352,d9fc5f47a4bee28e,d9fc5f47a4bee28e,False,False,1.2652000004891306,4.601000007824041,5.866200008313172,1.7591999931028113,284.464600001229,286.2237999943318
disturbance_step60,55,130.0,130.0,130.0,130.0,0.0,-157422.79585869357,optimal,-157373.55399927552,False,False,max_iterations,max_iterations,0.0652193817102677,0.04659434033519819,False,5,5,0.0,8000,8000,6.854934184730155e-07,9.93670838944638e-07,10.0,0,0,0.00031280005636588414,68.43069970476232,69.87422973194204,74.14248528314019,3.8619637364567744e-05,5.1496155359949186e-05,0.00014730119077533435,68.43069970476235,69.87422973194207,74.1424852831402,3.8619637364567744e-05,5.1496155359949457e-05,0.00014730119077533538,1.010395516954784,1.0103955169547845,ca6305f4e0a22c19,ca6305f4e0a22c19,False,False,1.2770999892381951,4.96710000152234,6.244199990760535,1.3341000012587756,283.80220000690315,285.1363000081619
disturbance_step60,56,130.0,130.0,130.0,130.0,0.0,-153676.14409928268,optimal,-153625.5801899521,False,False,max_iterations,max_iterations,0.06705182049737848,0.045877056997793215,False,5,5,0.0,8000,8000,6.316018072993757e-07,9.176742121752568e-07,10.0,0,0,0.000329029008548359,69.5040541714148,70.924569573403,75.12391479571387,4.767250118687801e-05,6.498548706359931e-05,0.00019542929915612015,69.50405417141482,70.92456957340303,75.12391479571389,4.767250118687801e-05,6.498548706359971e-05,0.00019542929915612135,1.014211710750462,1.0142117107504625,6336b5e0f2cece1d,6336b5e0f2cece1d,False,False,1.2771000037901103,4.756499998620711,6.033600002410822,1.2010999926133081,281.1931000032928,282.3941999959061
disturbance_step60,57,130.0,130.0,130.0,130.0,0.0,-149803.8058766293,optimal,-149752.49798274424,False,False,max_iterations,max_iterations,0.06813447571447487,0.04513912203320477,False,5,5,0.0,8000,8000,5.111149619096977e-07,7.407641193779568e-07,10.0,0,0,0.00034250060327041954,70.56040823389365,71.95801511327056,76.0888784775621,5.983144181865124e-05,8.321377814266961e-05,0.0002611435762269537,70.56040823389368,71.95801511327059,76.08887847756213,5.983144181865133e-05,8.321377814267008e-05,0.0002611435762269551,1.0194654224269877,1.0194654224269861,b74d0aabe9de8c95,b74d0aabe9de8c95,False,False,1.261299999896437,4.8386999987997115,6.099999998696148,1.3133999891579151,269.4264000019757,270.7397999911336
disturbance_step60,58,130.0,130.0,130.0,130.0,0.0,-145749.94356051218,optimal,-145698.54142665435,False,False,max_iterations,max_iterations,0.06837540372795853,0.04437063831671657,False,5,5,0.0,8000,8000,5.17276106393183e-07,7.496935383599634e-07,10.0,0,0,0.0003526734391930989,71.59988023965894,72.97474689074429,77.03771270348125,7.623802393224706e-05,0.00010793700677174436,0.0003508777483324809,71.59988023965897,72.97474689074431,77.03771270348128,7.623802393224716e-05,0.00010793700677174491,0.0003508777483324832,1.0266860520935506,1.026686052093552,9e4e64c88590bd46,9e4e64c88590bd46,False,False,1.2775000068359077,5.115699997986667,6.3932000048225746,1.2821999989682809,324.7413999924902,326.02359999145847
disturbance_step60,59,130.0,130.0,130.0,130.0,0.0,-141440.57772832442,optimal,-141389.8562983079,False,False,max_iterations,max_iterations,0.0676129897160145,0.043558765888782304,False,5,5,0.0,8000,8000,5.44042350725249e-07,7.90457932886568e-07,10.0,0,0,0.00035860593071016173,72.62264964699986,73.9750029073809,77.9707999945643,9.846413029699062e-05,0.0001415663492820105,0.0004733277732075414,72.62264964699989,73.97500290738093,77.97079999456433,9.846413029699087e-05,0.00014156634928201114,0.00047332777320754406,1.0365863512084827,1.036586351208483,0528ae0c793230b6,0528ae0c793230b6,False,False,1.32530000701081,4.859599997871555,6.1849000048823655,1.2480000004870817,302.974100006395,304.2221000068821
disturbance_step60,60,130.0,130.0,130.0,130.0,0.0,-197715.38647193366,optimal,-197715.36798600253,True,True,converged(kkt(residual=1.79e-03<=tol=5.44e-02); obj_plateau(range=1.17e-08)),converged,0.0017883665153060832,0.054415809852390654,False,5,5,0.0,201,8000,6.575696005484133e-07,9.538809768727674e-07,10.0,0,0,9.349768587764397e-08,58.62895978704016,59.95908391297361,63.88858004554173,0.00012867025852995718,0.00018740344468097736,0.0006401914369111129,58.62895978704019,59.95908391297364,63.888580045541744,0.00012867025852995748,0.00018740344468097845,0.0006401914369111172,1.003738322704595,1.0037383227045942,6bc4fe7be4bc2f11,6bc4fe7be4bc2f11,False,False,1.5412000066135079,5.7840999943437055,7.325300000957213,2.441100004944019,8.934299999964423,11.375400004908442
disturbance_step60,61,130.0,130.0,130.0,130.0,0.0,-194104.60861135166,optimal,-194099.6509755362,True,True,converged(kkt(residual=6.52e-03<=tol=5.37e-02); obj_plateau(range=1.65e-15)),converged,0.0065151450018531894,0.05371025755901865,False,5,5,0.0,201,8000,5.472042232668173e-07,7.930686480861482e-07,10.0,0,0,2.5541051553795143e-05,59.617804514945526,60.925359455789945,64.78433259412324,0.00013165092344799627,0.00019202816826026023,0.0006579915215409055,59.617804514945554,60.92535945578997,64.78433259412327,0.00013165092344799657,0.00019202816826026137,0.00065799152154091,1.0044980070258664,1.004498007025866,4cb08ab7fb15ba5d,4cb08ab7fb15ba5d,False,False,1.277300005313009,4.756800000905059,6.034100006218068,1.2627999967662618,6.811100000049919,8.07389999681618
disturbance_step60,62,130.0,130.0,130.0,130.0,0.0,-190479.5096181155,optimal,-190467.58497500652,True,True,converged(kkt(residual=1.57e-02<=tol=5.30e-02); obj_plateau(range=1.68e-15)),converged,0.015679662047921473,0.053002212369854126,False,5,5,0.0,201,8000,6.567123591594282e-07,9.519506969368763e-07,10.0,0,0,6.260328542869839e-05,60.58989440225476,61.87384487761886,65.66784275654052,0.00013526370675729537,0.00019760719214877428,0.0006791469975475745,60.589894402254785,61.873844877618886,65.66784275654054,0.00013526370675729567,0.00019760719214877547,0.0006791469975475791,1.005403863798956,1.005403863798955,62137be98365a1bd,62137be98365a1bd,False,False,1.1783999943872914,4.496299996390007,5.674699990777299,1.1804999958258122,6.8940000055590644,8.074500001384877
disturbance_step60,63,130.0,130.0,130.00000000000003,130.0,0.0,-186849.8751003287,optimal,-186831.5645562759,True,True,converged(kkt(residual=2.41e-02<=tol=5.23e-02); obj_plateau(range=1.71e-15)),converged,0.02409097601841014,0.05229382119119562,False,5,5,0.0,201,8000,6.878525056208673e-07,9.969116492314356e-07,10.0,0,0,9.799601976153662e-05,61.5444642245246,62.80699325747213,66.53568085720023,0.0001396342976870587,0.0002043241993671914,0.0007042708242781398,61.54446422452463,62.80699325747215,66.53568085720025,0.00013963429768705906,0.00020432419936719263,0.0007042708242781449,1.0064836358861171,1.0064836358861171,ba05f8417051067b,ba05f8417051067b,False,False,1.524999999674037,5.996499996399507,7.521499996073544,1.2506000057328492,10.00749999366235,11.2580999993952
disturbance_step60,64,130.00000000000003,130.00000000000003,130.0,130.0,-2.842170943040401e-14,-183221.65975007895,optimal,-183197.54508044504,True,True,converged(kkt(residual=3.17e-02<=tol=5.16e-02); obj_plateau(range=1.75e-15)),converged,0.03174755402000771,0.05158643639126026,False,5,5,0.0,201,8000,5.43104917483106e-07,7.890935815879629e-07,10.0,0,0,0.00013161473194134331,62.4831419089163,63.72387640132329,67.38883755124013,0.00014491269146478026,0.00021240167424555823,0.0007340746906852151,62.48314190891632,63.72387640132331,67.38883755124014,0.0001449126914647806,0.00021240167424555948,0.0007340746906852203,1.0077721104828512,1.0077721104828514,5be9c19226617378,5be9c19226617378,False,False,2.7651999989757314,7.671999992453493,10.437199991429225,1.6589000006206334,15.30790000106208,16.966800001682714
disturbance_step60,65,130.0,130.0,130.0,130.0,0.0,-179597.19022175574,optimal,-179567.84675276116,True,True,converged(kkt(residual=3.87e-02<=tol=5.09e-02); obj_plateau(range=1.62e-15)),converged,0.03865766247470301,0.05088071269471967,False,5,5,0.0,201,8000,6.075317315890061e-07,8.827013955325924e-07,10.0,0,0,0.00016338490016637209,63.40565640577899,64.62523083478906,68.28537300921911,0.0001512808117099384,0.00022210534219837985,0.0007694075747355301,63.40565640577901,64.62523083478908,68.28537300921913,0.00015128081170993874,0.00022210534219838112,0.0007694075747355354,1.0093430235759835,1.0093430235759828,f938754c34be3c9b,f938754c34be3c9b,False,False,1.9708000036189333,8.191400003852323,10.162200007471256,2.077199998893775,12.087199997040443,14.164399995934218
disturbance_step60,66,130.0,130.0,130.0,130.0,0.0,-175974.89154070063,optimal,-175940.88301425218,True,True,converged(kkt(residual=4.48e-02<=tol=5.02e-02); obj_plateau(range=2.15e-15)),converged,0.04483559339830384,0.05017655478103222,False,5,5,0.0,201,8000,5.569065848476384e-07,8.091466563442395e-07,10.0,0,0,0.0001932578344026286,64.31248693928103,65.53272614573089,69.20816389265492,0.00015895809894429417,0.00023375634956334233,0.000811701664730124,64.31248693928104,65.5327261457309,69.20816389265494,0.00015895809894429458,0.00023375634956334363,0.0008117016647301294,1.011271328609491,1.0112713286094912,9e96199d139f5b31,9e96199d139f5b31,False,False,1.8897999980254099,7.092700005159713,8.982500003185123,2.2071999992476776,11.294700001599267,13.501900000846945
disturbance_step60,67,130.0,130.0,130.0,130.0,0.0,-172348.51657355993,optimal,-172310.39245414233,False,False,max_iterations,max_iterations,0.050300103616661124,0.04947299576407875,False,5,5,0.0,8000,8000,6.73517618565711e-07,9.770155422472726e-07,10.0,0,0,0.00022120364117723956,65.21986612539649,66.44574192786797,70.15168242962642,0.0001682111982516161,0.0002477960608959799,0.0008626888748955432,65.2198661253965,66.44574192786799,70.15168242962643,0.00016821119825161655,0.0002477960608959814,0.0008626888748955491,1.013659680905474,1.0136596809054748,6e1b703b603f596f,6e1b703b603f596f,False,False,3.3073000086005777,10.490899992873892,13.79820000147447,1.8493000097805634,344.40669999457896,346.2560000043595
disturbance_step60,68,130.0,130.0,130.0,130.0,0.0,-168711.95460450946,optimal,-168670.26055215404,False,False,max_iterations,max_iterations,0.05505538986711625,0.048768979410501394,False,5,5,0.0,8000,8000,5.36393031325133e-07,7.79342229861868e-07,10.0,0,0,0.00024713158266171585,66.13150206350883,67.36810159590945,71.10489859034305,0.0001793963993580977,0.0002647799645724335,0.0009245603135961777,66.13150206350885,67.36810159590947,71.10489859034307,0.00017939639935809815,0.0002647799645724351,0.0009245603135961839,1.016633567134259,1.0166335671342595,9ba991610986e240,9ba991610986e240,False,False,1.777500001480803,7.647699996596202,9.425199998077005,1.9987999985460192,303.8204000040423,305.81920000258833
disturbance_step60,69,130.00000000000003,130.00000000000003,130.0,130.0,-2.842170943040401e-14,-165054.7080640166,optimal,-165009.98340894136,False,False,max_iterations,max_iterations,0.05911006904854774,0.04806270495352193,False,5,5,0.0,8000,8000,5.215320442175653e-07,7.577504046452077e-07,10.0,0,0,0.00027096867214370453,67.05119206327696,68.29807074175987,72.06186457118348,0.0001929709475826723,0.00028542712346317267,0.0010000246155650757,67.05119206327697,68.29807074175989,72.06186457118349,0.00019297094758267277,0.00028542712346317435,0.0010000246155650822,1.0203561178925005,1.0203561178925011,f7e5fe1d381a40cf,f7e5fe1d381a40cf,False,False,1.7336000018985942,7.06579998950474,8.799399991403334,2.4283000093419105,335.9500999940792,338.3784000034211
disturbance_step60,70,130.0,130.0,130.0,130.0,0.0,-161360.71688258415,optimal,-161313.49748322132,False,False,max_iterations,max_iterations,0.06246862646029415,0.04735139939922434,False,5,5,0.0,8000,8000,5.316356777029796e-07,7.72430587048234e-07,10.0,0,0,0.00029263255812834,67.97862616760467,69.23441179319113,73.01742295359622,0.00020952829556562647,0.00031065472826406824,0.0010924865329780163,67.97862616760469,69.23441179319114,73.01742295359624,0.00020952829556562696,0.00031065472826407003,0.001092486532978023,1.025036548155856,1.025036548155856,694e7a59970898aa,694e7a59970898aa,False,False,1.2913999962620437,4.81160001072567,6.103000006987713,1.2279000075068325,285.3502999932971,286.5782000008039
disturbance_step60,71,130.0,130.0,130.0,130.0,0.0,-157607.1553075408,optimal,-157557.98407336642,False,False,max_iterations,max_iterations,0.06512240411628954,0.04663108665827322,False,5,5,0.0,8000,8000,6.849322602420216e-07,9.928574096207399e-07,10.0,0,0,0.0003119860521460537,68.91281079442136,70.17478407721799,73.96837113486994,0.00022983289871541943,0.0003416410916242353,0.0012062362148036899,68.91281079442138,70.174784077218,73.96837113486995,0.00022983289871542024,0.0003416410916242371,0.001206236214803697,1.0309467390097358,1.030946739009736,791decd631f5a0bd,791decd631f5a0bd,False,False,2.1917999983998016,8.35320001351647,10.545000011916272,1.9183999975211918,417.77440000441857,419.69280000193976
disturbance_step60,72,130.0,130.0,130.0,130.0,0.0,-153762.8870253915,optimal,-153712.32907865834,False,False,max_iterations,max_iterations,0.06704267234323609,0.045896310348712235,False,5,5,0.0,8000,8000,6.315258218592135e-07,9.175650985682182e-07,10.0,0,0,0.0003288046141114971,69.85175874812633,71.1170388702028,74.91231789863814,0.00025487304282852764,0.000379900784106299,0.0013467181170469065,69.85175874812636,71.11703887020282,74.91231789863815,0.0002548730428285285,0.00037990078410630123,0.001346718117046914,1.0384399266623487,1.0384399266623487,745370c1f2c39496,745370c1f2c39496,False,False,3.3429000031901523,7.518099999288097,10.86100000247825,1.3433999993139878,384.42380000196863,385.7672000012826
disturbance_step60,73,130.0,130.0,130.0,130.0,0.0,-149786.13273186798,optimal,-149734.79946770988,False,False,max_iterations,max_iterations,0.06817009248790444,0.045139730840733736,False,5,5,0.0,8000,8000,5.112523950856485e-07,7.409632987176451e-07,10.0,0,0,0.0003427103912879624,70.79337283151318,72.05901258555055,75.84768275534985,0.00028592819904410137,0.0004273887727824974,0.0015208666521763828,70.7933728315132,72.05901258555058,75.84768275534987,0.0002859281990441025,0.0004273887727824998,0.001520866652176391,1.0479764651395789,1.0479764651395782,bd25d404eb985654,bd25d404eb985654,False,False,1.9012999982805923,6.763400000636466,8.664699998917058,1.715399994282052,423.99399999703746,425.7093999913195
disturbance_step60,74,130.0,130.0,130.0,130.0,0.0,-145621.3180504865,optimal,-145569.90334812584,False,False,max_iterations,max_iterations,0.06839847653012625,0.044351610763956995,False,5,5,0.0,8000,8000,5.176267023898617e-07,7.502016332594508e-07,10.0,0,0,0.0003530712607807146,71.73551972893111,72.99880294447458,76.77336161284563,0.00032466046922720266,0.0004866358136696428,0.0017375453938515105,71.73551972893112,72.99880294447459,76.77336161284565,0.0003246604692272039,0.0004866358136696462,0.0017375453938515194,1.0601564322801702,1.0601564322801706,a88042b3db4e9cfb,a88042b3db4e9cfb,False,False,2.0530000037979335,6.881900000735186,8.93490000453312,1.702499997918494,377.1246000105748,378.8271000084933
disturbance_step60,75,130.0,130.0,130.0,130.0,0.0,-141194.54944369706,optimal,-141143.8855880887,False,False,max_iterations,max_iterations,0.06754864037836697,0.043519004474219,False,5,5,0.0,8000,8000,5.445406259241281e-07,7.911836243934545e-07,10.0,0,0,0.0003588230268652437,72.67625526899548,73.93474459335145,77.68864963979864,0.0003732352377011828,0.0005609283084167881,0.0020081092765721125,72.67625526899549,73.93474459335147,77.68864963979865,0.0003732352377011845,0.0005609283084167929,0.002008109276572122,1.0757621475863735,1.0757621475863723,b975c9becaf966cc,b975c9becaf966cc,False,False,1.3676000089617446,6.024499991326593,7.3921000002883375,1.7393000016454607,401.77730000868905,403.5166000103345
disturbance_step60,76,130.0,130.0,130.0,130.0,0.0,-136407.90258642886,optimal,-136359.04793724144,False,False,max_iterations,max_iterations,0.06532758665022,0.04262500647606079,False,5,5,0.0,8000,8000,5.510784859552587e-07,8.00683957358217e-07,10.0,0,0,0.00035815116471299175,73.61386548933405,74.86545984639139,78.5931344417454,0.00043448157769852326,0.0006545444385531403,0.0023471282542447012,73.61386548933406,74.8654598463914,78.59313444174542,0.0004344815776985251,0.0006545444385531455,0.0023471282542447116,1.0836785482033264,1.0836785482033269,160fcf518df00a4a,160fcf518df00a4a,False,False,1.683700000285171,6.806799996411428,8.490499996696599,1.896000001579523,417.9047000070568,419.80070000863634
disturbance_step60,77,129.99999999999997,129.99999999999997,130.0,130.0,2.842170943040401e-14,-131130.71105643897,optimal,-131085.0883924764,False,False,max_iterations,max_iterations,0.06126181741224794,0.04164727984443391,False,5,5,0.0,8000,8000,5.201066386462116e-07,7.537958426340197e-07,10.0,0,0,0.000347917460333706,74.54691667660828,75.78984983922196,79.48665703201614,0.0005121041666726825,0.0007730646510376052,0.0027733131750708444,74.54691667660829,75.78984983922197,79.48665703201615,0.0005121041666726845,0.0007730646510376109,0.0027733131750708557,1.08999176131445,1.089991761314452,02698210abdb329f,02698210abdb329f,False,False,1.9472999993013218,6.583000009413809,8.53030000871513,1.8420999986119568,402.7902000088943,404.6323000075063
disturbance_step60,78,130.0,130.0,130.0,130.0,0.0,-125191.4695577288,optimal,-125151.08443952748,False,False,max_iterations,max_iterations,0.05459239597170808,0.040556980057794324,False,5,5,0.0,8000,8000,5.243932292842146e-07,7.60008430411574e-07,10.0,0,0,0.0003225868211620199,75.47426398047558,76.7070996790227,80.36928281199523,0.0006109630682109459,0.0009237783852600327,0.0033106985694120795,75.4742639804756,76.70709967902272,80.36928281199523,0.0006109630682109495,0.0009237783852600391,0.0033106985694120955,1.0961009031063653,1.0961009031063647,6f87ac79b484ca03,6f87ac79b484ca03,False,False,2.0401999936439097,7.295300005353056,9.335499998996966,2.1112000104039907,417.14710000087507,419.25830001127906
disturbance_step60,79,130.0,130.0,130.0,130.0,0.0,-118362.2568578245,optimal,-118334.71870598919,False,False,max_iterations,max_iterations,0.03749629522833745,0.03931661872749604,False,5,5,0.0,8000,8000,4.913249540550169e-07,7.120822376194269e-07,10.0,0,0,0.00023265990837218137,76.39506051628614,77.61667651527145,81.2412973750337,0.0007374421043111854,0.0011162161056939065,0.003990148572089675,76.39506051628615,77.61667651527145,81.2412973750337,0.0007374421043111894,0.0011162161056939136,0.003990148572089693,1.1019364098637237,1.101936409863724,3192fcddea5ebd10,3192fcddea5ebd10,False,False,1.893799999379553,7.068000006256625,8.961800005636178,1.8454999953974038,322.12430000072345,323.96979999612086
disturbance_step60,80,130.0,130.0,130.0,130.0,0.0,-110337.16541699605,optimal,-110323.06672794826,False,False,max_iterations,max_iterations,0.019645400434023,0.037877454206385726,False,5,5,0.0,8000,8000,6.683034854404468e-07,9.69455927979368e-07,10.0,0,0,0.000127778242213281,77.30876227454941,78.51833648953126,82.10321542494485,0.00089993310934672,0.001362843888124316,0.004851269817928865,77.30876227454941,78.51833648953128,82.10321542494485,0.0008999331093467245,0.001362843888124324,0.004851269817928886,1.107447829742061,1.1074478297420607,e4ffc46efd6db982,e4ffc46efd6db982,False,False,1.785599990398623,6.142199999885634,7.927799990284257,1.3383999903453514,348.4432000113884,349.78160000173375
disturbance_step60,81,130.0,130.0,130.0,130.0,0.0,-100701.33887803444,optimal,-100701.32256193832,True,True,converged(kkt(residual=2.73e-04<=tol=3.62e-02); obj_plateau(range=1.90e-08)),converged,0.0002726795132993682,0.036176406654031296,False,5,5,0.0,601,8000,5.223961636602326e-07,7.571140772100193e-07,10.0,0,0,1.620246188660457e-07,78.21513978309747,79.41213896531704,82.95580553864035,0.00110947159706889,0.0016799692972920117,0.0059448359778406165,78.21513978309748,79.41213896531704,82.95580553864035,0.001109471597068895,0.0016799692972920206,0.005944835977840639,1.112606856447124,1.1126068564471225,84f331767fe42531,84f331767fe42531,False,False,2.094399998895824,8.771900000283495,10.866299999179319,2.499900001566857,33.90850000141654,36.4084000029834
disturbance_step60,82,130.0,130.0,130.0,130.0,0.0,-88968.05440992702,optimal,-88945.73596353884,True,True,converged(kkt(residual=3.02e-02<=tol=3.41e-02); obj_plateau(range=9.82e-16)),converged,0.030200351880400076,0.034132977950645016,False,5,5,0.0,201,8000,5.381108536539614e-07,7.798895298449793e-07,10.0,0,0,0.0002508591037109026,79.11429853506885,80.29847323522542,83.80012970776376,0.0013805707187173357,0.002088922468561391,0.007335856553785984,79.11429853506885,80.29847323522542,83.80012970776376,0.0013805707187173413,0.0020889224685614015,0.007335856553786009,1.117409263811668,1.117409263811668,cb63228b9aff46a2,cb63228b9aff46a2,False,False,1.825500003178604,6.80429999192711,8.629799995105714,1.7602000007173046,16.154099997947924,17.91429999866523
disturbance_step60,83,130.0,130.0,130.0,130.0,0.0,-74297.53260929478,optimal,-74260.30485171467,False,False,max_iterations,max_iterations,0.051330862042349025,0.03164858722437462,False,5,5,0.0,8000,8000,6.800031968623443e-07,9.907221398819388e-07,10.0,0,0,0.0005010631749491079,80.00671309778389,81.17810012307744,84.63760020807078,0.0017323158637796352,0.0026175974602227025,0.009107459150643125,80.00671309778389,81.17810012307744,84.63760020807078,0.0017323158637796417,0.0026175974602227143,0.009107459150643153,1.1218760638489564,1.1218760638489584,3a6195e56de15c9b,3a6195e56de15c9b,False,False,2.3348000104306266,7.139199995435774,9.474000005866401,1.7171999934362248,524.4819999934407,526.1991999868769
disturbance_step60,84,130.0,130.0,129.91626191776442,129.91626191776442,-0.08373808223558399,-55580.27238075794,optimal,-55568.75971580264,True,True,converged(kkt(residual=1.60e-02<=tol=2.86e-02); obj_plateau(range=3.05e-14)),converged,0.01603013691777903,0.028617726460076633,False,5,5,0.0,201,8000,5.852168669662206e-07,8.559919049133669e-07,10.0,0,0,0.00020713581387963938,80.89327871821037,82.0522129087193,85.47005678585818,0.002189804145517443,0.0033024688154309834,0.011365804379491537,80.89327871821037,82.0522129087193,85.47005678585818,0.0021898041455174506,0.003302468815430997,0.011365804379491569,1.1260543570119657,1.126054357011966,ca5f93fafd604acb,ca5f93fafd604acb,False,False,1.8045000033453107,6.605899994610809,8.41039999795612,1.8331999890506268,19.14450000913348,20.977699998184107
disturbance_step60,85,126.0,126.0,125.91626191776444,125.91626191776444,-0.08373808223555557,-31625.053015989113,optimal,-31622.897529341688,True,True,converged(kkt(residual=6.98e-07<=tol=2.50e-02); obj_plateau(range=6.90e-16)),converged,6.981255814621446e-07,0.024984396576375176,False,5,5,0.0,201,8000,6.734527744356456e-07,9.760419574789125e-07,10.0,0,0,-1.532189961620796e-08,81.77538579070459,82.92252274661578,86.2998692503646,0.0027860446808960055,0.004191241808834706,0.014246321778364632,81.77538579070459,82.92252274661578,86.2998692503646,0.0027860446808960137,0.0041912418088347215,0.014246321778364667,1.130018458111644,1.130018458111644,31f5ae0ac68d1f58,cdb3f0378cc1b031,True,True,1.3636999938171357,6.297300002188422,7.6609999960055575,1.7462000105297193,61.058999999659136,62.805200010188855
disturbance_step60,86,122.0,122.0,121.91626191776444,121.91626191776444,-0.08373808223555557,-1365.7622112256868,optimal,-1402.3696563753547,True,True,converged(kkt(residual=9.10e-07<=tol=2.09e-02); obj_plateau(range=5.19e-15)),converged,9.101669036623361e-07,0.020870830546835483,False,5,5,0.0,201,8000,6.536087653330469e-07,9.472818307543207e-07,10.0,0,0,-4.34081426833997e-07,82.6550240402027,83.79137604139085,87.13007264658518,0.0035644827710387345,0.005346359925044506,0.01792165356002709,82.6550240402027,83.79137604139085,87.13007264658518,0.003564482771038744,0.005346359925044524,0.017921653560027128,1.1338719836240558,1.1338719836240567,c48a55f905c82da6,7bc5ecbc3450f01a,True,True,2.433199988445267,7.25100000272505,9.684199991170317,1.4650000084657222,63.84429999161512,65.30930000008084
disturbance_step60,87,118.0,118.0,117.91626191776444,117.91626191776444,-0.08373808223555557,40191.56646558365,optimal,40160.82561703847,False,False,max_iterations,max_iterations,0.1046890212547393,0.021767793213151997,False,5,5,0.0,8000,8000,6.362031399476109e-07,9.270824161689006e-07,10.0,0,0,0.0016791307998762649,83.53492622739988,84.66191436559458,87.96454548405339,0.0045823833802913876,0.0068496930591620915,0.02261183563591431,83.53492622739988,84.66191436559458,87.96454548405339,0.004582383380291399,0.006849693059162111,0.022611835635914353,1.1377517327885673,1.1377517327885658,16e27b6a3ffd9d43,a709a98706510a44,True,True,2.389700006460771,8.317999992868863,10.707699999329634,2.1195999870542437,2548.114200006239,2550.2337999932934
disturbance_step60,88,114.0,114.0,113.91626191776444,113.91626191776444,-0.08373808223555557,105857.8979068661,optimal,105935.87043547857,False,False,max_iterations,max_iterations,0.4627341933505767,0.03510183676035304,False,5,5,0.0,8000,8000,6.892139197134384e-07,9.988847695652225e-07,10.0,0,0,0.0027656488507803254,84.41876569862092,85.53829262116562,88.80824626426839,0.005915423168626318,0.008808887426151775,0.028597455867751347,84.41876569862092,85.53829262116562,88.80824626426839,0.005915423168626331,0.0088088874261518,0.028597455867751396,1.141834454642398,1.1418344546423982,77a3ccad8bee4c38,04c3785a2621b473,True,True,2.219900008640252,9.330999993835576,11.550900002475828,1.7465999990236014,2545.671499989112,2547.4180999881355
disturbance_step60,89,110.0,110.0,109.91626191776444,109.91626191776444,-0.08373808223555557,221529.706047075,optimal,221931.80593705247,False,False,max_iterations,max_iterations,1.3227492004622288,0.057706740531406175,False,5,5,0.0,8000,8000,6.023238512398166e-07,8.729540725838092e-07,10.0,0,0,0.003953433021394901,85.31142950104572,86.425979271221,89.66753088100468,0.007664024625163804,0.01136611287505479,0.0362368447748384,85.31142950104572,86.425979271221,89.66720568065136,0.0076640246251638185,0.011366112875054818,0.036236844774838455,1.1463480708360265,1.1463455546207744,d5463fc93ddce477,57cdd818a7b120b5,True,True,1.8469000060576946,8.800399999017827,10.647300005075522,1.8677000043680891,2550.9844000043813,2552.8521000087494
disturbance_step60,90,106.00000000000001,106.00000000000001,105.91626191776446,105.91626191776446,-0.08373808223555557,449227.41934841324,optimal,450467.78890171036,False,False,max_iterations,max_iterations,3.0123781372826186,0.09334385022439935,False,5,5,0.0,8000,8000,6.631059221717805e-07,9.61046180414371e-07,10.0,0,0,0.0053010675647361255,86.21940095981533,87.33217585033769,90.53505065461766,0.009962272676885745,0.014710366359779698,0.04598883177392084,86.21940095981533,87.332054982244,90.53415619325261,0.009962272676885762,0.01471036635977973,0.045988346705929946,1.1514652988878278,1.151457616058658,f32f1f4c759e0712,c2acd32c82c321d0,True,True,2.398099997662939,8.191600005375221,10.58970000303816,2.310099996975623,2323.2308000006014,2325.540899997577
disturbance_step60,91,102.00000000000003,102.00000000000003,101.91626191776446,101.91626191776446,-0.08373808223556978,944236.1275264446,optimal,947328.9853268728,False,False,max_iterations,max_iterations,5.592115031917119,0.1496700092504478,False,5,5,0.0,8000,8000,6.734450437306805e-07,9.819042068315298e-07,10.0,0,0,0.006563769672469623,87.15130627932051,88.26064189347113,91.40954521793115,0.012990780563354455,0.019095213479631647,0.05841391447147193,87.1512164325788,88.26027558550348,91.40785479927325,0.012990780563354476,0.019095131361312877,0.05841167834999099,1.157440229576797,1.15742404278662,5ac627583a0091a6,f78f8f025494ad78,True,True,1.3276999961817637,5.572300011408515,6.900000007590279,1.7970000044442713,2445.225699993898,2447.0226999983424
disturbance_step60,92,98.00000000000001,98.00000000000001,97.91626191776449,97.91626191776449,-0.08373808223552714,2155398.3212510054,optimal,2162115.635120455,False,False,max_iterations,max_iterations,9.34581771406122,0.24255893091541042,False,5,5,0.0,8000,8000,6.032459083371577e-07,8.742904471503721e-07,9.077229414681735,0,0,0.007596681734930908,88.11442409430185,89.2180461338794,92.29338601897717,0.01699580561326554,0.024859993515115565,0.07418988908903486,88.11412681137782,89.2172787622196,92.29070971536385,0.01699574980244452,0.0248595736118121,0.07418335221333801,1.1646148296889096,1.164586258645015,2435e5898d15d1f0,cb412a2f27bda8c3,True,True,2.56759999319911,9.254400007193908,11.822000000393018,2.4941000010585412,2373.860699997749,2376.3547999988077
disturbance_step60,93,94.00000000000001,94.00000000000001,93.91626191776449,93.91626191776449,-0.08373808223552714,5515396.146691049,optimal,5526829.687292177,False,False,max_iterations,max_iterations,15.230072258357046,0.4033450243494387,False,5,5,0.0,8000,8000,6.546852517885782e-07,9.551844737387682e-07,49.136650041804444,0,0,0.008233263221484044,89.11874413569336,90.21378984289167,93.1942197234305,0.022315113552254937,0.03246269537141045,0.09412335791790752,89.11808867712176,90.21245459903753,93.19036755767094,0.022314805079140437,0.03246131848808779,0.09410806718150842,1.173474806729158,1.1734288068152168,fde2ec1b4064b785,14bf0c300db217f8,True,True,1.8501000013202429,6.322999994154088,8.173099995474331,1.734499994199723,2411.6240000003017,2413.3584999945015
disturbance_step60,94,90.00000000000001,90.00000000000001,89.91626191776449,89.91626191776449,-0.08373808223552714,15452607.596143007,optimal,15460932.478446161,False,False,max_iterations,max_iterations,24.174651921876446,0.6775522308214459,False,5,5,2.5095635895263104,8000,8000,6.758947819207606e-07,9.79581199267443e-07,188.68426776353562,0,0,0.008204288109755075,90.17837426183029,91.26258505593385,94.12417801417772,0.029418205428307483,0.04252741556662693,0.11916289087737086,90.17718712343948,91.26048913227665,94.1189390911393,0.02941713455801246,0.042523786984903826,0.11913162625061624,1.1846935476802478,1.1846231002594254,733335ca62c628f4,337aeb9828a23fa7,True,True,1.6573000029893592,6.963399995584041,8.6206999985734,1.4032000035513192,1785.511599999154,1786.9148000027053
disturbance_step60,95,86.0,86.0,85.91626191776446,85.91626191776449,-0.08373808223551293,29274516.992029402,optimal,29480617.813701924,False,False,max_iterations,max_iterations,29.51963301094249,0.8747974169957244,False,5,5,9.108298353930131,8000,8000,6.123374518551827e-07,8.874668937508545e-07,278.1917463618785,0,0,0.007441383699640375,91.31460960125548,92.38626872237381,95.10012240338645,0.03896943301259937,0.05591851220002912,0.15040764612575833,91.31268135921437,92.38317715648377,95.09323468488124,0.038966466244065766,0.05591010512078122,0.15034930023528115,1.1992038402850915,1.1990985483992658,353068d4e8b8d20c,db9e7f031be17e9a,True,True,1.6740999999456108,5.256500007817522,6.9306000077631325,1.2247999984538183,1585.1530999934766,1586.3778999919305
disturbance_step60,96,90.0,90.0,89.91626191776449,89.91626191776449,-0.08373808223551293,28769251.762275405,optimal,28483155.77352012,False,False,max_iterations,max_iterations,7.237068833793085,0.787451900370443,False,5,5,19.209385745556688,8000,8000,6.721502927575784e-07,9.832520380115284e-07,244.40593755383514,0,0,0.0019151401007058632,92.55952897123377,93.61705125150074,96.14379483118616,0.05193333864494486,0.07385961660931029,0.18910813508058197,92.55658912893996,93.61265145812784,96.13491408676839,0.05192612537481274,0.07384167609619464,0.1890062897083714,1.2182934895422,1.2181374419833277,0a2f0b3123ba9da8,92fb2e0d53e60d60,True,True,1.472399992053397,6.528300000354648,8.000699992408045,1.8233000009786338,683.961900009308,685.7852000102866
disturbance_step60,97,86.0,86.0,85.91626191776447,85.91626191776449,-0.08373808223551293,24462021.514351923,optimal,24296746.8963387,False,False,max_iterations,max_iterations,1.6726120904119968,0.6998001874296569,False,5,5,35.55931590765415,8000,8000,6.876323723759015e-07,9.965926013322246e-07,208.72312870967113,0,0,0.00047184648698631076,93.96208159718171,95.00256585968972,97.28227683765596,0.06975948613301695,0.0981342770914498,0.23664673288563678,93.95774580611416,94.99640779376588,97.27094070507496,0.06974328816911828,0.0980979609683732,0.23647799613366016,1.2437293021134286,1.2434978507418764,2c349446eaefad86,f543b62b68402e32,True,True,1.65049999486655,5.836700001964346,7.4871999968308955,1.7585000023245811,2275.87460000359,2277.6331000059145
disturbance_step60,98,90.0,90.0,87.2367150935362,87.2367150935362,-2.763284906463795,16246791.909400584,optimal,16150968.6780654,False,False,max_iterations,max_iterations,1.3025372149047107,0.5728183412862788,False,5,5,63.95342297413873,8000,8000,6.801271652534524e-07,9.857152294401317e-07,165.3743270936726,0,0,0.00044997313202088695,95.59896541450802,96.61491377300024,98.54842224200523,0.09472815130293401,0.1314403377814648,0.2944731554687175,95.59263309068065,96.60630048615599,98.53401468827468,0.09469338965567987,0.13136909033134697,0.29420556410126764,1.277860091376956,1.2775155364664352,db78494b9f9d0056,5522b44b6ca57d94,True,False,1.2165999942226335,6.320200001937337,7.536799996159971,1.7767000099411234,289.04589999001473,290.82259999995586
disturbance_step60,99,94.0,94.0,89.33048423973258,89.33048423973258,-4.669515760267416,8805831.502406009,optimal,8770430.375677845,False,False,max_iterations,max_iterations,0.9589306906987223,0.4242110444429418,False,5,5,115.75274345721972,8000,8000,6.298210593058684e-07,9.128060698415652e-07,113.82912710841117,0,0,0.0004509989710309699,97.59626286504347,98.56774639640253,99.98102891770884,0.13064649620729796,0.17804959078003788,0.36394220369712244,97.58690253707199,98.55552168343732,99.96275971663567,0.13057320311756224,0.17791167034769503,0.3635346733526057,1.3234365451019612,1.3229250313179093,fba3df08d5165833,2bde95aecbda2b66,True,False,1.3118999922880903,4.805600008694455,6.117500000982545,1.3389999949140474,694.3641999969259,695.7031999918399
disturbance_step60,100,97.99999999999999,97.99999999999999,93.33048423973258,93.33048423973258,-4.669515760267402,1842020.7862332012,optimal,1844783.3482962365,False,False,max_iterations,max_iterations,0.9001063979584186,0.20410698361985843,False,5,5,181.89242055743534,8000,8000,6.637568077394462e-07,9.82928657577986e-07,10.0,0,0,0.0009809026422339926,100.176706841667,101.050750393485,101.62448228852615,0.18438378668118946,0.2451034856975038,0.44595311804428706,100.16235624020557,101.03284995381759,101.60142018340788,0.1842277592742467,0.24483561666744483,0.4453584980025113,1.3818261615953389,1.3810921521930106,080a2cea79c7f05a,df2b0c52531498b3,True,True,1.339100010227412,4.94629998866003,6.285399998887442,1.5584000066155568,413.0829000059748,414.64130001259036
disturbance_step60,101,101.99999999999999,101.99999999999999,97.33048463653805,97.33048423973258,-4.669515760267402,1305011.8031520732,optimal,1287583.1049885263,False,False,max_iterations,max_iterations,0.3708729607442216,0.17315498278522468,False,5,5,111.92624872930521,8000,8000,6.61770030774278e-07,9.59110036724553e-07,10.0,0,0,0.0004973489195154502,103.77521534296085,104.40285942844847,103.56019073339628,0.2696555043101241,0.3452658229319564,0.5402287394257231,103.75164417261088,104.37528508303723,103.53141675267126,0.2693091472864658,0.34473553234751947,0.5394060481194477,1.4429157972701145,1.4420433170407143,427beb1c88b2f199,ea5812c8ff5dcc8b,True,True,2.4418999964836985,9.129199999733828,11.571099996217526,2.4135999992722645,461.07460001076106,463.4882000100333
disturbance_step60,102,105.99999999999999,105.99999999999999,101.33048423973258,101.33048423973258,-4.669515760267402,-125343.13878399729,optimal,-121559.19783484681,True,True,converged(kkt(residual=2.28e-04<=tol=4.78e-02); obj_plateau(range=7.18e-16)),converged,0.00022834591185601517,0.04778761298353853,False,5,5,77.9084124943508,251,8000,6.74246578569182e-07,9.780817613602721e-07,10.0,0,0,1.166985658797799e-06,109.35837850916717,109.27317359572893,105.86088152957133,0.4176150130485716,0.5019058600247122,0.6445498540424125,109.31490110334045,109.22768527686068,105.8257339798961,0.4167790683707655,0.5008274099864407,0.6434934618530731,1.4072165416667362,1.4077512261295821,30a5ae2422856611,bf122c9e9b47d9ef,True,True,2.1693000016966835,7.233199998154305,9.402499999850988,2.5968999980250373,12.70910000312142,15.306000001146458
disturbance_step60,103,110.0,110.0,105.33048465157017,105.33048423973258,-4.669515760267416,-98771.61597521462,optimal,-95909.19001162614,False,False,max_iterations,max_iterations,0.004935117870954399,0.03752291352190196,False,5,5,25.663092037533715,8000,8000,6.752615746563606e-07,9.788390835652194e-07,10.0,0,0,3.3200001643722146e-05,119.34186871504478,116.71731822936393,108.69006691187425,0.7081441903864624,0.7529309831638686,0.7528166741251181,119.24762114756292,116.64005362277565,108.63774092933754,0.7058833252252569,0.7508008881349587,0.7516081312843959,1.1240971624385345,1.1218351910847917,fdf25c2aac3f3192,c7d466aeaa912ec0,True,True,1.939300011144951,7.3296999908052385,9.26900000195019,1.9066999957431108,392.36340000934433,394.27010000508744
disturbance_step60,104,114.0,114.0,109.33048423973258,109.33048423973258,-4.669515760267416,-92461.05607333509,optimal,-90118.7292184425,False,False,max_iterations,max_iterations,0.0019572706799998395,0.03519921392529872,False,5,5,13.224844167866323,8000,8000,6.588822571984565e-07,9.64230731703708e-07,10.0,0,0,1.4558308440369249e-05,135.6228224750851,125.13288560216714,112.35910340882178,1.0,1.0,0.8546576806648303,135.49372694691505,125.06847521909,112.26888277904872,1.0,1.0,0.8533605799906454,1.1009739445592754,1.0798032552344954,8947dfbe9040ad39,1e0553447c820517,True,True,2.332800009753555,6.423899991204962,8.756700000958517,1.2287999998079613,407.6872000005096,408.9160000003176
disturbance_step60,105,118.00000000000001,118.00000000000001,113.33048458085206,113.33048423973258,-4.66951576026743,-95044.99552770444,optimal,-92902.42225717739,False,False,max_iterations,max_iterations,0.002466477973939632,0.03521764761719722,False,5,5,1.5851030186679793,8000,8000,6.109691668143569e-07,8.85642735148906e-07,10.0,0,0,1.8425253627741514e-05,127.82517613296706,124.28404264321803,116.2811357179379,1.0,1.0,0.9367581163654881,127.74416400998179,124.18599759344511,116.15906099131381,1.0,1.0,0.9354685865978467,0.9816713534760246,0.9816556816202289,1333d70e99a3d209,2cbe625499a85ec6,True,True,1.3823999906890094,5.6801000027917325,7.062499993480742,1.18010000733193,381.19089999236166,382.3709999996936
disturbance_step60,106,122.0000549545589,122.0000549545589,117.33048423973258,117.33048423973258,-4.669570714826321,-97481.43249639406,optimal,-95562.21369488785,True,True,converged(kkt(residual=2.00e-03<=tol=3.54e-02); obj_plateau(range=1.86e-13)),converged,0.0020001531703537014,0.03542868616272812,False,5,5,0.0,301,8000,5.689456230584256e-07,8.266419166957917e-07,10.0,0,0,1.5001948178954696e-05,125.19289083537096,122.62572325910668,116.33002554156599,1.0,1.0,0.9794409571625183,125.0992173645749,122.52507770833931,116.17174387731475,1.0,1.0,0.9787038464270224,0.9821557478686489,0.9821472418715093,3ceb2e4db730c18f,9acd395294ab8394,True,True,2.355599994189106,8.270100006484427,10.625700000673532,2.452499989885837,19.953100010752678,22.405600000638515
disturbance_step60,107,126.00002515945589,126.00002515945589,121.33048423973258,121.33048423973258,-4.669540919723303,-97103.89395692843,optimal,-95532.75426046041,False,False,max_iterations,max_iterations,0.0007164733225065974,0.035141574511113494,False,5,5,0.0,8000,8000,5.343235471855223e-07,7.744005587895231e-07,10.0,0,0,5.363254319060763e-06,123.2845986213023,121.23993039067383,115.39609288272536,1.0,1.0,0.9878147249731322,123.18574248691694,121.12045440172642,115.18352139770774,1.0,1.0,0.9873376474474004,0.9822472726507961,0.9822416940250942,b28d30e8cebd8542,65ed81a1b6d8cfa3,False,True,1.726199989207089,7.192200006102212,8.9183999953093,1.865500002168119,367.64109999057837,369.5065999927465
disturbance_step60,108,130.00001163909045,130.00001163909045,125.3304846755678,125.33048423973258,-4.669527399357861,-94765.82222779746,optimal,-94252.86666839384,False,False,max_iterations,max_iterations,0.0020940981470039975,0.034671724042845325,False,5,5,0.0,8000,8000,5.294364484598191e-07,9.033184937834449e-07,10.0,0,0,1.0312869449968016e-05,121.76470389337817,119.82788288375014,114.9583670434866,1.0,1.0,0.9912470885422089,121.65052008491348,119.68146967736541,114.68621908942923,1.0,1.0,0.990867709284385,0.9822844639049492,0.9822799317392882,ea6714f2e558c3d3,4b8f0285227eaec9,False,True,1.742799999192357,5.97830000333488,7.721100002527237,1.8143000052077696,410.6710999913048,412.48539999651257
disturbance_step60,109,130.0,130.0,129.33048423973258,129.33048423973258,-0.6695157602674158,-90705.38774444824,optimal,-91724.60239539016,True,True,converged(kkt(residual=1.00e-03<=tol=3.41e-02); obj_plateau(range=1.74e-08)),converged,0.001003497423215036,0.03411857745138101,False,5,5,0.0,501,8000,5.117858847825119e-07,7.417364829009898e-07,10.0,0,0,1.481164039298487e-07,120.32497690130693,118.7378802747882,114.54858005621644,1.0,1.0,0.9932374145731057,120.18683551808803,118.55671368250134,114.21614166927378,1.0,1.0,0.9929105080557529,0.9823059209797554,0.9823019128260703,44dd533653b73b76,f919b8a95d744d3c,False,True,1.9037000020034611,6.561799993505701,8.465499995509163,1.8093999970005825,27.147999993758276,28.95739999075886
disturbance_step60,110,130.0,130.0,130.0,130.0,0.0,-85414.94337242634,optimal,-87924.74651454986,True,True,converged(kkt(residual=9.55e-03<=tol=3.35e-02); obj_plateau(range=3.51e-14)),converged,0.009550162441552377,0.033531568808932474,False,5,5,0.0,201,8000,5.753672951414046e-07,8.338856902767589e-07,10.0,0,0,8.048335709667784e-05,119.14521592139941,117.77071223713277,114.26028215989604,1.0,1.0,0.9945262442987204,118.97509194684827,117.54931334400457,113.86590318308158,1.0,1.0,0.9942318818149509,0.9823198004830529,0.982316085442199,a6d1ff0cfce7d913,e3adc6358005f8f1,False,False,1.954100007424131,8.14580000587739,10.099900013301522,1.7523999995319173,15.32339998811949,17.075799987651408
disturbance_step60,111,130.0,130.0,130.0,130.0,0.0,-80064.23878577795,optimal,-83027.85792717166,True,True,converged(kkt(residual=2.85e-02<=tol=3.27e-02); obj_plateau(range=1.01e-13)),converged,0.028481304087979924,0.032683135375245115,False,5,5,0.0,201,8000,7.503047356749448e-07,9.429544585159988e-07,10.0,0,0,0.0002533008691512145,118.12348492762003,116.97684670548331,114.03455217755376,1.0,1.0,0.9954344183172226,117.91524597810492,116.71021332491121,113.57726218588112,1.0,1.0,0.9951622996230095,0.9823295845929232,0.9823260413673989,d98101fc29bd35b1,c1509b040f3647aa,False,False,1.858199990238063,7.2081000107573345,9.066300000995398,2.262699999846518,15.901000006124377,18.163700005970895
disturbance_step60,112,130.0,130.0,130.0,130.0,0.0,-74735.28456502953,optimal,-78004.99693963102,False,False,max_iterations,max_iterations,0.039883676125932764,0.0317991621226297,False,5,5,0.0,8000,8000,5.185405314023228e-07,7.515260564971982e-07,10.0,0,0,0.0003758649101606886,117.27113667739744,116.30945027621044,113.89358971606039,1.0,1.0,0.996108829218977,117.01949049605167,115.99365865393911,113.37257697716869,1.0,1.0,0.9958529652418916,0.9823368838889062,0.9823334422441655,63eca292eea0423f,1bc98a66af84bfd2,False,False,2.3551999911433086,8.408700014115311,10.76390000525862,1.9866000075126067,573.6056000023382,575.5922000098508
disturbance_step60,113,130.00000000000003,130.00000000000003,130.0,130.0,-2.842170943040401e-14,-69449.3928231509,optimal,-73056.89767125156,False,False,max_iterations,max_iterations,0.043948007717450416,0.030937364479763276,False,5,5,0.0,8000,8000,5.592652598807035e-07,8.147319885409843e-07,10.0,0,0,0.00043945543237100467,116.55627151287577,115.768973438799,113.82753233351153,1.0,1.0,0.9966317014578499,116.25694311295649,115.40074783909432,113.24235720359047,1.0,1.0,0.9963883986806583,0.9823425933889542,0.9823392111667009,f4a2499e94756538,7f5b71cd4a7cc7fe,False,False,3.0953999958001077,8.498199997120537,11.593599992920645,2.4102000024868175,572.8842000098666,575.2944000123534
disturbance_step60,114,130.00000000000003,130.00000000000003,130.0,130.0,-2.842170943040401e-14,-64207.5111569567,optimal,-68183.30120779717,False,False,max_iterations,max_iterations,0.040973426138199445,0.0300981632349764,False,5,5,0.0,8000,8000,5.936393847605359e-07,8.64807525147171e-07,10.0,0,0,0.000434561335005827,115.97103710948001,115.34000998102856,113.82437930748432,1.0,1.0,0.9970506473158496,115.62049429288719,114.91675737178068,113.19036090253213,1.0,1.0,0.9968175273754161,0.9823464521910771,0.9823438885035172,792587cbf306eaaa,3a10ab1edad8d275,False,False,1.2454000097932294,6.001000001560897,7.246400011354126,1.5220000059343874,461.18439998826943,462.7063999942038
disturbance_step60,115,130.0,130.0,129.99999999999997,129.99999999999997,-2.842170943040401e-14,-59094.9175794781,optimal,-63369.96939450375,False,False,max_iterations,max_iterations,0.031215115719532137,0.02927968068733678,False,5,5,0.0,8000,8000,6.84127385852662e-07,9.939894649590997e-07,10.0,0,0,0.00034869865625700245,115.50196599498645,115.0112269920944,113.87033625990956,1.0,1.0,0.9973949401927016,115.0973746883406,114.53666273530153,113.20096684023149,1.0,1.0,0.9971711625724193,0.9823446577744988,0.9823450216486621,99f2119ccc520619,f1d3b99bba872071,False,False,1.2257999915163964,4.5842999970773235,5.81009998859372,1.1897000076714903,457.34449999872595,458.53420000639744
disturbance_step60,116,130.0,130.0,130.0,130.0,0.0,-54654.18149191373,optimal,-58899.66867368623,False,False,max_iterations,max_iterations,0.01195314688457306,0.02852998726141668,False,5,5,0.0,8000,8000,5.544390546674549e-07,8.0355412723776e-07,10.0,0,0,0.00013653579173780536,115.13717741358754,114.76958334279703,113.95531917616829,1.0,1.0,0.9976834231630138,114.6805720361831,114.24862236032179,113.26194013702012,1.0,1.0,0.9974688429918822,0.9823424834854954,0.9823430370606742,5cc516e2cc6c91ee,13ee1f60d04e7165,False,False,1.6619999951217324,5.662199997459538,7.324199992581271,1.755699995555915,411.6952000040328,413.4508999995887
disturbance_step60,117,130.0,130.0,130.0,130.0,0.0,-50811.46391790768,optimal,-54959.865417646004,True,True,converged(kkt(residual=6.31e-04<=tol=2.79e-02); obj_plateau(range=2.63e-08)),converged,0.0006314924292041976,0.027879958063650016,False,5,5,0.0,601,8000,6.797166065553029e-07,9.87580768274654e-07,10.0,0,0,2.2758508257101775e-07,114.8639280512502,114.60356826181315,114.07099257682265,1.0,1.0,0.997928844888593,114.35948423072121,114.04244341607239,113.36180855771711,1.0,1.0,0.9977235935584824,0.982339823581907,0.9823406560908787,69fc3134f5b0aeca,6a377603fcd250db,False,False,1.2540000025182962,4.651199997169897,5.905199999688193,1.172400006907992,24.152600002707914,25.325000009615906
disturbance_step60,118,130.0,130.0,129.94716436919052,129.94716436919052,-0.052835630809482836,-47418.800885408724,optimal,-51486.20632216506,True,True,converged(kkt(residual=7.93e-03<=tol=2.73e-02); obj_plateau(range=2.62e-13)),converged,0.007929532545714074,0.027310509367636397,False,5,5,0.0,201,8000,6.750466496896479e-07,9.069072008927037e-07,10.0,0,0,0.00011064507251342768,114.67039079889744,114.50239304465293,114.2110656297953,1.0,1.0,0.9981401612247123,114.12381339889467,113.90730543577419,113.49222782456151,1.0,1.0,0.9979444053038862,0.9823365246583283,0.9823377695128009,c6564b111ca648f8,30a1ecfae222669d,False,False,1.1996999965049326,4.475299996556714,5.674999993061647,1.17050000699237,12.137300000176765,13.307800007169135
disturbance_step60,119,130.0,130.0,129.78497631524536,129.78497631524536,-0.21502368475464095,-44386.21281657781,optimal,-48360.29062236347,True,True,converged(kkt(residual=2.52e-02<=tol=2.68e-02); obj_plateau(range=7.52e-15)),converged,0.025155766634639535,0.02680280723781526,False,5,5,0.0,251,8000,5.766108301941131e-07,8.358378957851187e-07,10.0,0,0,0.0003712749233223743,114.54551044072763,114.4565547765773,114.37050277210336,1.0,1.0,0.9983238839857186,113.96287320000516,113.83350251832769,113.64652462948568,1.0,1.0,0.9981377351323429,0.9823323553384912,0.9823342181397293,d399f655f2fd0444,0415a58c21de87ca,False,False,2.6689999940572307,5.2392000070540234,7.908200001111254,1.226299995323643,14.612999992095865,15.839299987419508
disturbance_step60,120,130.0,130.0,129.63820023986108,129.63820023986108,-0.361799760138922,-41650.89250150756,optimal,-45510.1963794815,False,False,max_iterations,max_iterations,0.03135625451044173,0.02634144837022376,False,5,5,0.0,8000,8000,6.815858171194122e-07,9.929258411034425e-07,10.0,0,0,0.00048728774864791795,114.47938565679654,114.45763398761206,114.54532796143657,1.0,1.0,0.9984848817450722,113.86670609862212,113.81209149204278,113.81962179941945,1.0,1.0,0.998308363104584,0.9823269508781381,0.9823297625692861,3ab21bdea5300a13,8bc34fa79805f496,False,False,2.657100005308166,7.768299998133443,10.42540000344161,2.520499998354353,619.688299993868,622.2087999922223
disturbance_step60,121,130.0,130.0,129.504380353489,129.504380353489,-0.49561964651098833,-39163.175313871834,optimal,-42918.50442973575,False,False,max_iterations,max_iterations,0.02922404428904882,0.025926500971115925,False,5,5,0.0,8000,8000,5.899680957099918e-07,8.627144634232309e-07,10.0,0,0,0.0004742297886544394,114.46321665352167,114.4983119453638,114.73231572880638,1.0,1.0,0.9986268849422998,113.82610858193743,113.83518906006731,114.00747760824996,1.0,1.0,0.9984599291223635,0.9823197019548683,0.9823240263919906,084408e8045f2a63,7b0fc27b7434beba,False,False,1.2561999901663512,4.706100007751957,5.962299997918308,1.2218000047141686,647.4625999981072,648.6844000028213
disturbance_step60,122,128.2774257062818,128.2774257062818,129.38154481220815,129.38154481220815,1.104119105926344,-36890.739193425565,optimal,-40544.893240574645,True,True,converged(kkt(residual=2.07e-02<=tol=2.56e-02); obj_plateau(range=2.29e-13)),converged,0.02070898166941441,0.025550494205002487,False,5,5,0.0,251,8000,6.400219092483894e-07,9.275902757011067e-07,10.0,0,0,0.0003432677698536535,114.48930457734558,114.57224080169223,114.92884138958443,1.0,1.0,0.998752812247328,113.83285851360355,113.89584904429165,114.20688511903072,1.0,1.0,0.998595270205507,0.9823095094230201,0.9823163838237319,32516508c1fce429,63bf64f21c180c6f,False,False,1.6956999897956848,6.036500009940937,7.732199999736622,1.7755000008037314,23.747900006128475,25.523400006932206
disturbance_step60,123,124.2774257062818,124.2774257062818,129.4188969862457,129.4188969862457,5.141471279963895,-34470.61530266752,optimal,-38358.412526085885,False,False,max_iterations,max_iterations,0.005175265790633665,0.025207538134440093,False,5,5,0.0,8000,8000,6.43248185383527e-07,9.366829267776211e-07,10.0,0,0,7.585033991649752e-05,114.55095483837579,114.6739543748634,115.13274212610786,1.0,1.0,0.9988649895427316,113.87968223496227,113.9880408016244,114.41503847000284,1.0,1.0,0.9987166438787333,0.9822941654379631,0.9823057120545695,e6f86af9d6181191,7f7efb197e3d88e5,True,False,1.6717999969841912,6.085999993956648,7.757799990940839,1.6461000050185248,641.5307999996003,643.1769000046188
disturbance_step60,124,120.2774257062818,120.2774257062818,127.33513145526982,127.33513145526982,7.057705748988013,-31853.784711146545,optimal,-36372.03110989026,True,True,converged(kkt(residual=1.10e-03<=tol=2.49e-02); obj_plateau(range=2.86e-08)),converged,0.0011042218575196144,0.024903106722696675,False,5,5,0.0,551,8000,6.287438480967467e-07,9.112448653425531e-07,10.0,0,0,2.384161696758803e-07,114.64238597827625,114.79875768761187,115.34222795135676,1.0,1.0,0.9989653003065517,113.96023007726163,114.10647025720904,114.62924921760049,1.0,1.0,0.998825875895934,0.9822684556162721,0.9822897710833055,0cde9de7af897ae7,0da64958cac68ec6,True,False,1.7554000078234822,6.898499996168539,8.653900003992021,1.651700004003942,39.70560000743717,41.35730001144111
disturbance_step60,125,116.27742570628179,116.27742570628179,123.48524707084874,123.48524707084874,7.2078213645669535,-29595.373476130426,optimal,-34098.899075416804,True,True,converged(kkt(residual=3.12e-05<=tol=2.45e-02); obj_plateau(range=6.95e-09)),converged,3.119887840451879e-05,0.02448016711672875,False,5,5,0.0,201,8000,5.984775697243094e-07,8.673796516589505e-07,10.0,0,0,5.132452298295595e-08,114.75862416941919,114.94263165288908,115.55580899704685,1.0,1.0,0.9990552915621469,114.06893704261827,114.24641944277445,114.847410030538,1.0,1.0,0.998924462025658,0.9822160865160909,0.9822633311715434,7f15baee0ef40d4d,9da2a87aabc5b4ec,True,False,1.2221999932080507,5.156300001544878,6.378499994752929,2.4550000089220703,18.549100001109764,21.004100010031834
disturbance_step60,126,112.2774257062818,112.2774257062818,119.48524707084879,119.48524707084879,7.207821364566982,-27662.547559838087,optimal,-31708.668296613778,True,True,converged(kkt(residual=5.24e-07<=tol=2.40e-02); obj_plateau(range=1.03e-15)),converged,5.237728451142477e-07,0.02397485993495126,False,5,5,0.0,201,8000,5.933368214527945e-07,8.599290994837361e-07,10.0,0,0,-1.0793046175899219e-08,114.8954052861965,115.1021423742062,115.77224209545764,1.0,1.0,0.9991362500005673,114.20086776871645,114.40382587476545,115.06782879596811,1.0,1.0,0.9990136485520892,0.9820332406681013,0.9822103631303687,db2a641d6406f5e4,da593e1d45840701,True,True,1.425599999492988,5.676300002960488,7.101900002453476,1.200400001835078,22.65159999660682,23.851999998441897
disturbance_step60,127,108.38717392606966,108.38717392606966,115.4852470708488,115.4852470708488,7.098073144779136,-26023.857321148433,optimal,-29600.173165463566,True,True,converged(kkt(residual=5.02e-07<=tol=2.35e-02); obj_plateau(range=4.92e-16)),converged,5.015559864492855e-07,0.02350400156870151,False,5,5,0.0,251,8000,5.75213590536805e-07,8.336628924965339e-07,10.0,0,0,-1.0644249643222562e-08,115.04908234999856,115.27436161565367,115.98379811454909,1.0,1.0,0.9992092577220097,114.35173574365365,114.57518364650366,115.28918325255614,1.0,1.0,0.9990944886301567,0.9822736822175492,0.9820340090520789,5478fbeb089a3c7f,8ad7faccabb6b9c3,False,True,1.8801999976858497,6.674399992334656,8.554599990020506,1.807399996323511,37.45989999151789,39.2672999878414
disturbance_step60,128,105.67477430071813,105.67477430071813,111.8108627770596,111.8108627770596,6.13608847634147,-24673.686293970506,optimal,-27785.702564801737,True,True,converged(kkt(residual=2.61e-03<=tol=2.31e-02); obj_plateau(range=1.88e-08)),converged,0.0026071548230734497,0.023077060319622623,False,5,5,0.0,201,8000,6.137337322797976e-07,8.940793181366757e-07,10.0,0,0,1.5252398272968454e-07,115.21654265629705,115.45430964224919,116.17608547901658,1.0,1.0,0.99927517506368,114.51783471483151,114.75750832302158,115.51100887916003,1.0,1.0,0.9991678834613033,0.9839021943871328,0.9822058322125191,bbf286904cdfd5ce,c3c470a812545b81,False,False,2.3059000086504966,7.978399997227825,10.284300005878322,1.6401999891968444,17.650699999649078,19.290899988845922
disturbance_step60,129,103.84430372970492,103.84430372970492,108.91959728386252,108.91959728386252,5.0752935541575965,-23780.75026143503,optimal,-26304.8473427458,True,True,converged(kkt(residual=2.45e-03<=tol=2.27e-02); obj_plateau(range=2.04e-08)),converged,0.002451206921457206,0.02271306701726394,False,5,5,0.0,501,8000,5.957351163488056e-07,8.678591640887134e-07,10.0,0,0,1.671616439893498e-07,115.39328565206023,115.634202519148,116.33817269850704,1.0,1.0,0.9993346477816337,114.69599498946867,114.94848377262106,115.7246142750851,1.0,1.0,0.9992346174293083,0.9854825927534767,0.9836646927852288,494f37e735dff4c4,556c2e8ceb3cb748,False,False,1.6672999918228015,5.677000008290634,7.344300000113435,1.6260000120382756,27.400299994042143,29.02630000608042
disturbance_step60,130,102.70348378892233,102.70348378892233,106.7339049972904,106.7339049972904,4.030421208368068,-23230.46045536692,optimal,-25208.89896455626,True,True,converged(kkt(residual=2.15e-03<=tol=2.24e-02); obj_plateau(range=1.95e-08)),converged,0.002154523710481211,0.0224363888864374,False,5,5,0.0,601,8000,6.728308505898895e-07,9.751406055968914e-07,10.0,0,0,1.590023892215502e-07,115.57237009748253,115.8063067944349,116.46141833466994,1.0,1.0,0.9993882025788244,114.88368136549035,115.143107104803,115.91702033251715,1.0,1.0,0.9992953097129716,0.9869009966263922,0.9851653454062769,105bca4704971d63,19393088f84ed89d,False,False,1.2033999955747277,4.371599992737174,5.574999988311902,1.1849000002257526,44.33920000155922,45.52410000178497
disturbance_step60,131,102.11225058056374,102.11225058056374,105.16524598308398,105.16524598308398,3.0529954025202386,-22945.424477043896,optimal,-24435.877557415555,True,True,converged(kkt(residual=2.01e-03<=tol=2.22e-02); obj_plateau(range=2.08e-08)),converged,0.002007520798893685,0.022235334482169966,False,5,5,0.0,651,8000,6.856223251361371e-07,9.961610505371254e-07,10.0,0,0,1.6857905695163287e-07,115.74626586552927,115.96284598603833,116.53971652064762,1.0,1.0,0.9994362999335624,115.07652429597786,115.33432805925682,116.07754623623956,1.0,1.0,0.999350429591472,0.9881798993353078,0.9865232503451244,5085fda05cb6079e,6bc0829eb0e5eb00,False,False,2.3973000061232597,7.834399992134422,10.231699998257682,2.252899997984059,45.44980000355281,47.70270000153687
disturbance_step60,132,101.95931030715023,101.95931030715023,104.13493607675622,104.13493607675622,2.175625769605986,-22868.562477181724,optimal,-23930.88330710715,True,True,converged(kkt(residual=1.68e-03<=tol=2.21e-02); obj_plateau(range=1.77e-08)),converged,0.0016757940849685706,0.022098519287041974,False,5,5,0.0,701,8000,6.724301186977755e-07,9.769937134862516e-07,10.0,0,0,1.420733230024038e-07,115.9072597022818,116.09675609739763,116.56904292846176,1.0,1.0,0.9994793680386622,115.26816153803853,115.51474334551087,116.19800352545741,1.0,1.0,0.9994003618202665,0.9893361994266968,0.9877590227070692,ad81924d47c7fe38,40e0bf93ae380cb7,False,False,1.2629999982891604,4.717999996501021,5.9809999947901815,1.2638000043807551,45.336900002439506,46.60070000682026
disturbance_step60,133,102.15148996707563,102.15148996707563,103.54923426479698,103.54923426479698,1.3977442977213457,-22954.93721625566,optimal,-23648.365233553723,True,True,converged(kkt(residual=1.79e-03<=tol=2.20e-02); obj_plateau(range=2.41e-08)),converged,0.0017870437791845323,0.022016107005121462,False,5,5,0.0,701,8000,6.648759978133967e-07,9.660181019555125e-07,10.0,0,0,1.9815607968310098e-07,116.0481209762933,116.20186158254842,116.55112140198172,1.0,1.0,0.9995178189520129,115.4514569908485,115.67704477568422,116.273770904102,1.0,1.0,0.9994454508781049,0.9903812936466436,0.9888870156147418,bd5380b424a5a00d,bc90a3cca910b77a,False,False,1.7995999951381236,4.830000005313195,6.629600000451319,1.1803000088548288,49.808499999926426,50.988800008781254
disturbance_step60,134,102.60867270909651,102.60867270909651,103.35109500958615,103.35109500958615,0.7424223004896362,-23167.4969003214,optimal,-23545.655317581764,True,True,converged(kkt(residual=1.35e-03<=tol=2.20e-02); obj_plateau(range=1.65e-08)),converged,0.001352377493554701,0.021978118937329906,False,5,5,0.0,751,8000,6.616714784968281e-07,9.613621720916399e-07,10.0,0,0,1.3195150517429613e-07,116.16240334905908,116.27453073661114,116.49058633899274,1.0,1.0,0.9995520722360755,115.61914663346133,115.81498676629447,116.30454248351136,1.0,1.0,0.9994860336798551,0.9913241361467324,0.9899168436266067,8522b4e53db125e3,df4f4daee7da23ce,False,False,1.8432000069878995,8.329399992362596,10.172599999350496,1.9348999921930954,52.72990000958089,54.66480000177398
disturbance_step60,135,103.26143526071233,103.26143526071233,103.45141718920183,103.45141718920183,0.18998192848950168,-23474.81705121918,optimal,-23591.43520964377,True,True,converged(kkt(residual=1.36e-03<=tol=2.20e-02); obj_plateau(range=1.93e-08)),converged,0.001359613028325734,0.02197750001021874,False,5,5,0.0,751,8000,6.624020016943177e-07,9.624235275396131e-07,10.0,0,0,1.564171003563091e-07,116.24575272703807,116.31315801692875,116.39387121168397,1.0,1.0,0.999582550394803,115.76472349573672,115.92415283087327,116.29294742628849,1.0,1.0,0.9995224595172616,0.9921724072546092,0.9908555223389174,da846f6c16947f40,9cf4a32d11f12f0a,False,False,2.080599995679222,7.349699997575954,9.430299993255176,2.150699991034344,66.69010000769049,68.84079999872483
disturbance_step60,136,104.04987818863208,104.04987818863208,103.7896203597658,103.7896203597658,-0.2602578288662727,-23849.878009961605,optimal,-23751.37316285854,True,True,converged(kkt(residual=1.35e-03<=tol=2.20e-02); obj_plateau(range=2.16e-08)),converged,0.0013499522493679403,0.022005695586257167,False,5,5,0.0,751,8000,6.66040151031666e-07,9.677094832127864e-07,10.0,0,0,1.762521371161498e-07,116.29585813935113,116.31810420187463,116.26797057592255,1.0,1.0,0.9996096680643946,115.88323455895993,116.00196818266025,116.24352531030127,1.0,1.0,0.9995550904001297,0.992933357710489,0.9917087906966595,c61cd5314b94fef0,25a46c80c80cbdf0,False,False,1.254500006325543,4.313500001444481,5.568000007770024,1.1881999962497503,43.358399998396635,44.546599994646385
disturbance_step60,137,104.92295735392463,104.92295735392463,104.30913553734457,104.30913553734457,-0.6138218165800566,-24269.40597955585,optimal,-23999.37819109769,True,True,converged(kkt(residual=1.33e-03<=tol=2.21e-02); obj_plateau(range=2.33e-08)),converged,0.00133191524768436,0.022056382614710057,False,5,5,0.0,751,8000,6.719115077657989e-07,9.76240189132227e-07,10.0,0,0,1.9092557656185545e-07,116.31239464764136,116.29120264756011,116.11987015538388,1.0,1.0,0.9996338196802699,115.97149465220448,116.0476183261183,116.16184490376848,1.0,1.0,0.9995842926640958,0.9936140503764734,0.9924819394050898,fa5bc66df01e2e1e,3625fe297d92cc82,False,False,1.219199999468401,5.03970000136178,6.258900000830181,1.2099000014131889,40.14080000342801,41.3507000048412
disturbance_step60,138,105.8379593677759,105.8379593677759,104.95898707018785,104.95898707018785,-0.8789722975880494,-24713.507059341588,optimal,-24312.072483757027,True,True,converged(kkt(residual=1.31e-03<=tol=2.21e-02); obj_plateau(range=2.44e-08)),converged,0.001311414308961324,0.022123823447153093,False,5,5,0.0,751,8000,6.794056730541342e-07,9.87128631280143e-07,10.0,0,0,2.0051547212960984e-07,116.29664167182105,116.23539952533109,115.95613438991647,1.0,1.0,0.9996553705909271,116.0280808351943,116.0617801352666,116.0538491820464,1.0,1.0,0.9996104258966904,0.9942214263264961,0.9931802147381331,c0692c9b5ed5b554,e5df8b76a38355a4,False,False,1.2523999903351068,4.7130000020843,5.965399992419407,1.20009999955073,48.494999995455146,49.695099995005876
disturbance_step60,139,106.75996717587675,106.75996717587675,105.69450761457135,105.69450761457135,-1.0654595613054028,-25165.441628890057,optimal,-24668.83405410058,True,True,converged(kkt(residual=1.29e-03<=tol=2.22e-02); obj_plateau(range=2.50e-08)),converged,0.0012920379637400194,0.022202927071269137,False,5,5,0.0,751,8000,6.879854197450186e-07,9.99594424122563e-07,10.0,0,0,2.0550509373909539e-07,116.25111760381701,116.15436633215359,115.78270767207495,1.0,1.0,0.999674651881148,116.05313105495483,116.04630730658134,115.9255152136367,1.0,1.0,0.9996338329596562,0.9947622469512856,0.9938089256739836,6c3ecfe43f3de977,5af0b69272135bf2,False,False,1.708600000711158,6.028100004186854,7.736700004898012,1.7548999894643202,61.677700010477565,63.432599999941885
disturbance_step60,140,107.6612576738664,107.6612576738664,106.47754921605065,106.47754921605065,-1.1837084578157544,-25611.448570750534,optimal,-25051.768454108962,True,True,converged(kkt(residual=1.28e-03<=tol=2.23e-02); obj_plateau(range=2.52e-08)),converged,0.0012754885483896763,0.022289267835665538,False,5,5,0.0,751,8000,5.326622698476058e-07,7.789144840231188e-07,10.0,0,0,2.0930628466730858e-07,116.17919799088499,116.05219076057168,115.60479973349409,1.0,1.0,0.9996919585588534,116.04805865297675,116.0039483841241,115.78248514623502,1.0,1.0,0.99965483304928,0.9952430146067612,0.9943734623508902,491ea3c336c2755c,fd231598b09e6a28,False,False,1.7697000002954155,6.2837000004947186,8.053400000790134,1.7066000000340864,64.09770000027493,65.80430000030901
disturbance_step60,141,108.52062632624998,108.52062632624998,107.27638416441792,107.27638416441792,-1.2442421618320623,-26040.569345230055,optimal,-25445.649462655903,True,True,converged(kkt(residual=1.26e-03<=tol=2.24e-02); obj_plateau(range=2.49e-08)),converged,0.001262554743706644,0.022379081163721056,False,5,5,0.0,751,8000,5.398773197384799e-07,7.894650533302183e-07,10.0,0,0,2.0734376974533872e-07,116.08478775020642,115.9331128494661,115.42684622110075,1.0,1.0,0.9997075501204801,116.01526948744262,115.93803112708888,115.62992499306938,1.0,1.0,0.999673717369144,0.9956698943799208,0.9948792089465551,e2b2f2eb0c11823c,69b86f1612c9984f,False,False,1.7186000040965155,6.0904999991180375,7.809100003214553,1.8629999976838008,59.541800001170486,61.40479999885429
disturbance_step60,142,109.32265691625044,109.32265691625044,108.06538727589435,108.06538727589435,-1.2572696403560855,-26444.447339670307,optimal,-25837.830828169932,True,True,converged(kkt(residual=1.25e-03<=tol=2.25e-02); obj_plateau(range=2.44e-08)),converged,0.001252945400039034,0.02246924368824177,False,5,5,0.0,751,8000,5.470363078075025e-07,7.999336499864285e-07,10.0,0,0,2.0307669133184578e-07,115.97204091013703,115.8013207843013,115.25250972336933,1.0,1.0,0.9997216526461689,115.95785470741296,115.85222387807266,115.47241805693294,1.0,1.0,0.9996907474493727,0.9960486552657081,0.9953314531552311,7ebcafee1b2eea4d,774a4ed5bdef4115,False,False,1.4381999935721979,4.995199997210875,6.433399990783073,1.302800010307692,46.687399997608736,47.99020000791643
disturbance_step60,143,110.05696355884781,110.05696355884781,108.82457684747375,108.82457684747375,-1.2323867113740619,-26817.094841088205,optimal,-26218.124238670855,True,True,converged(kkt(residual=1.25e-03<=tol=2.26e-02); obj_plateau(range=2.38e-08)),converged,0.0012460977374623866,0.022557240287816034,False,5,5,0.0,751,8000,5.539519918329461e-07,8.100464796712004e-07,10.0,0,0,1.9721631608333048e-07,115.84513688956224,115.66079470522389,115.08471210659913,1.0,1.0,0.9997344617236188,115.87933451610974,115.75032051831916,115.31392086845356,1.0,1.0,0.9997061553137412,0.9963846323177321,0.9957352979005404,31b88633ddb65673,a9010a166b226724,False,False,1.8096999992849305,4.777000009198673,6.586700008483604,1.2313000042922795,61.06799999543,62.29929999972228
disturbance_step60,144,110.7174326692705,110.7174326692705,109.53906040830364,109.53906040830364,-1.178372260966853,-27154.630487089824,optimal,-26578.64122178446,True,True,converged(kkt(residual=1.24e-03<=tol=2.26e-02); obj_plateau(range=2.30e-08)),converged,0.0012413230200381713,0.022641120666107198,False,5,5,0.0,751,8000,5.604830590755228e-07,8.195969281032944e-07,10.0,0,0,1.9036998674394084e-07,115.70810697443329,115.51519548734841,114.9256862100107,1.0,1.0,0.9997461457161229,115.78343255405399,115.63607366275845,115.15774854545764,1.0,1.0,0.9997201448988892,0.9966827089088937,0.9960955924423859,810766ebfc1f65a1,9b11f2c104f9e5f7,False,False,1.2637000036193058,4.817099994397722,6.080799998017028,1.2661999935517088,52.7528000093298,54.01900000288151
disturbance_step60,145,111.3014892934214,111.3014892934214,110.19842747277235,110.19842747277235,-1.103061820649046,-27454.996051145354,optimal,-26913.60015919744,True,True,converged(kkt(residual=1.24e-03<=tol=2.27e-02); obj_plateau(range=2.22e-08)),converged,0.0012379634277659573,0.02271944739796673,False,5,5,0.0,751,8000,5.665303177693204e-07,8.284397736701976e-07,10.0,0,0,1.8303088928474914e-07,115.56470710750907,115.36779091542762,114.77704075397796,1.0,1.0,0.9997568490559999,115.67389399976051,115.51306255159355,115.00658956727702,1.0,1.0,0.9997328941955534,0.9969473154423184,0.9964168826658844,6871edae9cc36bbc,5fdd513aa9a4c238,False,False,1.4987000031396747,5.004000006010756,6.502700009150431,2.5999000063166022,62.402199997450225,65.00210000376683
disturbance_step60,146,111.8094071989541,111.8094071989541,110.79612246096096,110.79612246096096,-1.0132847379931462,-27717.664047889586,optimal,-27219.10455201537,True,True,converged(kkt(residual=1.24e-03<=tol=2.28e-02); obj_plateau(range=2.13e-08)),converged,0.0012354746981292108,0.022791238021240615,False,5,5,0.0,751,8000,5.720290658928207e-07,8.364806305394268e-07,10.0,0,0,1.7558187989323965e-07,115.41833036153913,115.22141358028014,114.63983262921562,1.0,1.0,0.9997666953748647,115.55434068226302,115.38459702826904,114.8625392530017,1.0,1.0,0.9997445577428847,0.9971824407874765,0.9967033805264521,07f3d7d8a7a126b5,a951530792be1b2a,False,False,2.5058000028366223,8.165499995811842,10.671299998648465,2.5939000042853877,53.196199994999915,55.7900999992853
disturbance_step60,147,112.24367676727294,112.24367676727294,111.32882447819601,111.32882447819601,-0.9148522890769328,-27943.34793104515,optimal,-27492.901460255314,True,True,converged(kkt(residual=1.23e-03<=tol=2.29e-02); obj_plateau(range=2.05e-08)),converged,0.0012334941881953579,0.022855903807713025,False,5,5,0.0,751,8000,6.150273463845224e-07,8.935914443952697e-07,10.0,0,0,1.6744859010064618e-07,115.27195317760679,115.07844440930391,114.51464248158665,1.0,1.0,0.9997757903703431,115.42816251754202,115.25365148720881,114.72714759086209,1.0,1.0,0.9997552692171803,0.9973916528192281,0.996958949527307,7fd4ed04022c492d,62d7834622ac1196,False,False,1.9240999972680584,8.022599999094382,9.94669999636244,1.2522000033641234,42.68860000593122,43.940800009295344
disturbance_step60,148,112.60843967247749,112.60843967247749,111.79585396437597,111.79585396437597,-0.8125857081015226,-28133.725408313236,optimal,-27734.130225781977,True,True,converged(kkt(residual=1.23e-03<=tol=2.29e-02); obj_plateau(range=1.97e-08)),converged,0.0012316824004946945,0.02291318776420369,False,5,5,0.0,751,8000,6.196146529191537e-07,9.002565199978108e-07,10.0,0,0,1.605441521492233e-07,115.12810932443544,114.94081655057612,114.4016501788065,1.0,1.0,0.9997842243673358,115.29844054553949,115.12282534795872,114.60147581187806,1.0,1.0,0.9997651439526245,0.9975781249953853,0.9971871031777588,6eef8e2725300c6d,9dd35c0551c3e0a5,False,False,1.6792000096756965,5.898399991565384,7.5776000012410805,1.819700002670288,62.946799997007474,64.76649999967776
disturbance_step60,149,112.90899492734691,112.90899492734691,112.19862197240617,112.19862197240617,-0.7103729549407376,-28291.183286032214,optimal,-27943.071919780337,True,True,converged(kkt(residual=1.23e-03<=tol=2.30e-02); obj_plateau(range=1.89e-08)),converged,0.0012299327514988252,0.022963104098628107,False,5,5,0.0,751,8000,6.235845120272643e-07,9.060244359204717e-07,10.0,0,0,1.541451524901674e-07,114.98888610215279,114.81003474002411,114.3007076215206,1.0,1.0,0.9997920745677185,115.16789779589041,114.99432533253402,114.48615791108371,1.0,1.0,0.9997742812981385,0.9977446664625469,0.9973910132304467,c20c8cc6fe28d1bd,0df2cd1878bf517d,False,False,1.26530000125058,4.442999997991137,5.708299999241717,1.6158000071300194,48.930699995253235,50.546500002383254
disturbance_step60,150,113.1513772422461,113.1513772422461,112.54013097204016,112.54013097204016,-0.6112462702059389,-28418.589792407638,optimal,-28120.908308557548,True,True,converged(kkt(residual=1.23e-03<=tol=2.30e-02); obj_plateau(range=1.83e-08)),converged,0.0012281886782949368,0.023005881063013118,False,5,5,0.0,751,8000,6.269632422117866e-07,9.109334930812452e-07,10.0,0,0,1.4832886682515464e-07,114.85593776446679,114.68720592303153,114.21140698439545,1.0,1.0,0.999799407003048,115.0388735033346,114.86996552071246,114.3814637021696,1.0,1.0,0.9997827667618944,0.9978937537431655,0.9975735249227923,640c3edb8f12f076,da9870e3f2f19a06,False,False,1.255199997103773,4.4535000051837415,5.7087000022875145,1.197099991259165,39.583700010553,40.78080000181217
disturbance_step60,151,113.34200579556605,113.34200579556605,112.82453358705817,112.82453358705817,-0.5174722085078827,-28519.097881066846,optimal,-28269.497822457288,True,True,converged(kkt(residual=1.23e-03<=tol=2.30e-02); obj_plateau(range=1.77e-08)),converged,0.0012264524078933082,0.02304190849816998,False,5,5,0.0,751,8000,6.297885875028442e-07,9.150384849831994e-07,10.0,0,0,1.4313131854020466e-07,114.73051172595903,114.57307746562134,114.13314307204031,1.0,1.0,0.9998062782154467,114.91331653108547,114.75118121648731,114.28736087263987,1.0,1.0,0.9997906739257799,0.9980275625485721,0.9977371768587536,ee13a584650271a4,facbb4620797412e,False,False,1.2499000004027039,4.552899990812875,5.802799991215579,1.1817000049632043,60.21889999101404,61.400599995977245
disturbance_step60,152,113.48739940265634,113.48739940265634,113.05675138799666,113.05675138799666,-0.43064801465968117,-28595.98082529573,optimal,-28391.173875042696,True,True,converged(kkt(residual=1.22e-03<=tol=2.31e-02); obj_plateau(range=1.72e-08)),converged,0.0012247596722162774,0.02307169105519444,False,5,5,0.0,751,8000,6.321069179193728e-07,9.184068741063811e-07,10.0,0,0,1.3855805492134222e-07,114.61348369241428,114.46807987806102,114.06516896307618,1.0,1.0,0.9998127366961695,114.79279399047148,114.63905312680973,114.2035740642946,1.0,1.0,0.9997980661314592,0.9981479986838631,0.9978842236381062,d421eddb95aec781,72d23916ffd6689e,False,False,1.6927999968174845,5.594500005827285,7.28730000264477,1.74459999834653,64.95710001036059,66.70170000870712
disturbance_step60,153,113.59395261174933,113.59395261174933,113.24215333723227,113.24215333723227,-0.35179927451706305,-28652.499609723756,optimal,-28488.568842453355,True,True,converged(kkt(residual=1.22e-03<=tol=2.31e-02); obj_plateau(range=1.67e-08)),converged,0.0012231597860494197,0.02309580759118859,False,5,5,0.0,751,8000,6.339682130374058e-07,9.211111944296135e-07,10.0,0,0,1.3459283870279506e-07,114.50539843557647,114.37237151843813,114.00664453475055,1.0,1.0,0.9998188241119235,114.67851142636367,114.53433872946212,114.12963958634856,1.0,1.0,0.9998049979508083,0.9982567273525081,0.9980166597624053,4a658085a8c3a55d,d2d83fe1a377018c,False,False,1.6691000055288896,5.311999993864447,6.9810999993933365,2.4319999938597903,62.00470001203939,64.43670000589918
disturbance_step60,154,113.6677663533924,113.6677663533924,113.38629144661992,113.38629144661992,-0.28147490677247333,-28691.80025987501,optimal,-28564.46519685639,True,True,converged(kkt(residual=1.22e-03<=tol=2.31e-02); obj_plateau(range=1.63e-08)),converged,0.0012217036694844535,0.023114876888952786,False,5,5,0.0,751,8000,6.503481984054815e-07,9.474185018731873e-07,10.0,0,0,1.3115224060622236e-07,114.40651348837483,114.28588325617686,113.95667779660754,1.0,1.0,0.9998245763474626,114.57134131502296,114.43750816151204,114.06495483186995,1.0,1.0,0.9998115164592656,0.9983552004383127,0.9981362437232574,01d98ec43e99c8f0,41d3b95fe4fc51e2,False,False,2.488800004357472,7.732300000498071,10.221100004855543,2.396199997747317,61.14499999966938,63.5411999974167
disturbance_step60,155,113.7145263250152,113.7145263250152,113.48013667285798,113.48013667285798,-0.23438965215721907,-28716.83831192534,optimal,-28621.67042692754,True,True,converged(kkt(residual=1.66e-03<=tol=2.31e-02); obj_plateau(range=2.93e-08)),converged,0.0016598575864243165,0.023129529562215995,False,5,5,0.0,701,8000,6.516162471825737e-07,9.492657726539733e-07,10.0,0,0,2.4393419658789297e-07,114.31684355992408,114.20836153805443,113.91435922685177,1.0,1.0,0.9998300243904054,114.47185705572082,114.34878238886203,114.008821869411,1.0,1.0,0.9998176623328832,0.9984446815468871,0.9982445214926523,d8e01c8c8c82c78b,688cfd6340a14042,False,False,1.6790000081527978,5.83159999223426,7.510600000387058,1.651099999435246,58.03179999929853,59.682899998733774
disturbance_step60,156,113.73942220967058,113.73942220967058,113.55280263384508,113.55280263384508,-0.18661957582550315,-28730.327069563784,optimal,-28660.07591810481,True,True,converged(kkt(residual=1.66e-03<=tol=2.31e-02); obj_plateau(range=2.90e-08)),converged,0.0016584876414624358,0.02313946805338816,False,5,5,0.0,701,8000,6.523656423951252e-07,9.503574673885851e-07,10.0,0,0,2.408173354804622e-07,114.23620394776385,114.13940871102452,113.87878950268939,1.0,1.0,0.9998351950812374,114.38037006800438,114.26817183821662,113.96048500566057,1.0,1.0,0.9998234707900018,0.9985262687377767,0.9983428488901535,d4e50091d9607675,c3f3afc4ac582c28,False,False,1.8145000067306682,6.132299997261725,7.946800003992394,1.724000001559034,59.784299999591894,61.50830000115093
disturbance_step60,157,113.74710102099547,113.74710102099547,113.604467816385,113.604467816385,-0.14263320461047613,-28734.7060568653,optimal,-28687.450823740903,True,True,converged(kkt(residual=1.66e-03<=tol=2.31e-02); obj_plateau(range=2.86e-08)),converged,0.001657378357294535,0.023146862823996334,False,5,5,0.0,701,8000,6.529090370577251e-07,9.511491017022422e-07,10.0,0,0,2.378445452909741e-07,114.1642516535948,114.07851981301012,113.84910115508809,1.0,1.0,0.9998401117484726,114.29696802977521,114.19551406120762,113.91916237314827,1.0,1.0,0.9998289723973741,0.9986009149824419,0.9984324125008102,b8933da78935eb0f,f5b17648c3989eac,False,False,2.0001999946543947,6.058700004359707,8.058899999014102,1.733200013404712,64.16759999410715,65.90080000751186
disturbance_step60,158,113.74164825889828,113.74164825889828,113.63741341583126,113.63741341583126,-0.1042348430670188,-28732.126084141346,optimal,-28704.97844760323,True,True,converged(kkt(residual=1.66e-03<=tol=2.32e-02); obj_plateau(range=2.84e-08)),converged,0.0016565302311363013,0.023151919066776598,False,5,5,0.0,701,8000,6.532668663794539e-07,9.516703887157973e-07,10.0,0,0,2.3527199219437097e-07,114.1005232840882,114.02511534550976,113.8244747668229,1.0,1.0,0.9998447947461461,114.22155268872231,114.13050935340235,113.88407179301133,1.0,1.0,0.9998341937588601,0.9986694464507387,0.998514248969142,2e9833e50c06fa7d,a5687db01e96d7c8,False,False,2.224500000011176,7.478500003344379,9.703000003355555,1.2534999987110496,51.456000001053326,52.709499999764375
disturbance_step60,159,113.72659108760615,113.72659108760615,113.65466505361584,113.65466505361584,-0.07192603399030872,-28724.44752902824,optimal,-28714.240424196436,True,True,converged(kkt(residual=1.66e-03<=tol=2.32e-02); obj_plateau(range=2.81e-08)),converged,0.001655935330337233,0.023154971485276267,False,5,5,0.0,701,8000,6.534685326187173e-07,9.519641439581505e-07,10.0,0,0,2.3317371694477395e-07,114.044469139669,113.97856979190513,113.80415037900094,1.0,1.0,0.999849261908302,114.1538760440263,114.0727535620477,113.85445130517758,1.0,1.0,0.999839158102868,0.998732578769269,0.9985892626039677,12fad630b4360c7d,6ac5accdd19b0a92,False,False,2.067399997031316,7.2075000061886385,9.274900003219955,2.0767000096384436,57.52129999746103,59.59800000709947
