scenario,step,Ta_cvx_raw,Ta_cvx_applied,Ta_snn_raw,Ta_snn_applied,control_diff_e_u,cvxpy_objective,cvxpy_status,snn_objective,snn_converged,snn_verified_converged,snn_convergence_reason,snn_convergence_reason_class,snn_kkt_residual,snn_kkt_tolerance,snn_projection_budget_exhausted,snn_relative_degree,snn_n_grad_rows_kept,snn_unactionable_predicted_violation_degC,snn_iterations,snn_max_iterations,snn_constraint_residual,snn_constraint_residual_scaled,snn_bound_violation,snn_clipped,cvxpy_clipped,objective_gap_snn_vs_reference,Tc1_cvx,Tc2_cvx,Tc3_cvx,alpha1_cvx,alpha2_cvx,alpha3_cvx,Tc1_snn,Tc2_snn,Tc3_snn,alpha1_snn,alpha2_snn,alpha3_snn,rho_Ap_cvx,rho_Ap_snn,qp_fingerprint_cvx,qp_fingerprint_snn,slew_saturated_cvx,slew_saturated_snn,build_ms_cvx,solve_ms_cvx,total_ms_cvx,build_ms_snn,solve_ms_snn,total_ms_snn
nominal_heatup,0,32.0,32.0,32.0,32.0,0.0,-95998.82400512494,optimal,-95995.60480396192,False,False,max_iterations,max_iterations,0.01313055188238663,0.07645254018157442,False,5,5,0.0,8000,8000,6.865136228384472e-07,9.949711854417842e-07,10.0,0,0,3.353375623490067e-05,28.0,28.0,28.0,1e-05,1e-05,1e-05,28.0,28.0,28.0,1e-05,1e-05,1e-05,1.0000008521941652,1.0000008521941652,2dff947584e37cd8,2dff947584e37cd8,True,True,5.4444000124931335,25.322099987533875,30.76650000002701,2.34759999148082,617.992100000265,620.3396999917459
nominal_heatup,1,36.0,36.0,36.0,36.0,0.0,-106602.11834510237,optimal,-106599.55481274643,True,True,converged(kkt(residual=9.46e-03<=tol=7.67e-02); obj_plateau(range=1.17e-10)),converged,0.00946192876202397,0.07672454183914508,False,5,5,0.0,351,8000,6.114478381391564e-07,8.869759353657969e-07,10.0,0,0,2.404766805543362e-05,28.000000056399145,28.000000056399145,28.000000056399145,1.0001630922571259e-05,1.0001630922571259e-05,1.0001630922571259e-05,28.000000056399145,28.000000056399145,28.000000056399145,1.0001630922571259e-05,1.0001630922571259e-05,1.0001630922571259e-05,1.0000008522669996,1.0000008522669996,7deb6d341e85e86e,7deb6d341e85e86e,True,True,2.928999994765036,15.7725000026403,18.701499997405335,2.8082999924663454,30.904700004612096,33.71299999707844
nominal_heatup,2,40.0,40.0,40.0,40.0,0.0,-117129.27117072618,optimal,-117127.32958102174,False,False,max_iterations,max_iterations,0.006558336293111593,0.07696517179286803,False,5,5,0.0,8000,8000,6.750023473500733e-07,9.791691262250879e-07,10.0,0,0,1.6576468760082554e-05,28.000000112803107,28.000000112803107,28.000000091841084,1.0003261984532805e-05,1.0003261984532805e-05,1.0003261984532805e-05,28.000000112803107,28.000000112803107,28.000000091841084,1.0003261984532805e-05,1.0003261984532805e-05,1.0003261984532805e-05,1.0000008523398338,1.0000008523398338,dea493021349b947,dea493021349b947,True,True,3.763399989111349,14.409200011868961,18.17260000098031,4.188599996268749,640.6692000018666,644.8577999981353
nominal_heatup,3,44.0,44.0,44.0,44.0,0.0,-127560.7145447529,optimal,-127560.03201344592,True,True,converged(kkt(residual=2.13e-03<=tol=7.72e-02); obj_plateau(range=4.56e-16)),converged,0.0021290285680746683,0.07717179203441876,False,5,5,0.0,501,8000,7.615793506943191e-07,9.623327761332234e-07,10.0,0,0,5.3506387871259956e-06,28.00000016921189,28.00000016142088,28.000000128607986,1.0004893185885736e-05,1.0004893185885736e-05,1.0004893185878145e-05,28.00000016921189,28.00000016142088,28.000000128607986,1.0004893185885736e-05,1.0004893185885736e-05,1.0004893185878145e-05,1.000000852412668,1.000000852412668,0edcd0738c543a27,0edcd0738c543a27,True,True,2.07129999762401,7.847800006857142,9.919100004481152,2.1856000093976036,25.420299993129447,27.60590000252705
nominal_heatup,4,48.0,48.0,48.0,48.0,0.0,-137877.66920410897,optimal,-137877.65031387296,True,True,converged(kkt(residual=1.07e-03<=tol=7.73e-02); obj_plateau(range=2.01e-08)),converged,0.001071169199391304,0.07734236187294435,False,5,5,0.0,551,8000,5.533117999334536e-07,8.043587955697262e-07,10.0,0,0,1.3700721892568705e-07,28.00000021983408,28.000000208534534,28.00000016274716,1.0006524526631151e-05,1.0006524526628329e-05,1.0006524526608854e-05,28.00000021983408,28.000000208534534,28.00000016274716,1.0006524526631151e-05,1.0006524526628329e-05,1.0006524526608854e-05,1.000000852485502,1.000000852485502,680eee491494ebde,680eee491494ebde,True,True,2.1115000126883388,8.977899997262284,11.089400009950623,2.428100007819012,38.88330000336282,41.31140001118183
nominal_heatup,5,52.0,52.0,51.99999999999999,51.99999999999999,-7.105427357601002e-15,-148066.06872664744,optimal,-148066.04645978825,True,True,converged(kkt(residual=2.82e-03<=tol=7.75e-02); obj_plateau(range=2.19e-08)),converged,0.0028238830587717636,0.07747532435764008,False,5,5,0.0,501,8000,6.522267455011388e-07,9.454484635185167e-07,10.0,0,0,1.5038468328793262e-07,28.00000026785304,28.000000252134775,28.015534364180088,1.0008156006768049e-05,1.0008156006761134e-05,1.0008156006725072e-05,28.00000026785304,28.000000252134775,28.015534364180088,1.0008156006768049e-05,1.0008156006761134e-05,1.0008156006725072e-05,1.0000008535389835,1.0000008535389835,7fcaea07eedb7f3f,7fcaea07eedb7f3f,True,True,2.4883000005502254,8.359799991012551,10.848099991562776,3.061600000364706,28.87429999827873,31.935899998643436
nominal_heatup,6,56.0,56.0,55.99999999999999,55.99999999999999,-7.105427357601002e-15,-158106.7165118793,optimal,-158106.6976433849,True,True,converged(kkt(residual=4.01e-03<=tol=7.76e-02); obj_plateau(range=1.77e-08)),converged,0.0040072790213808935,0.07756951146146501,False,5,5,0.0,451,8000,6.325446832988746e-07,9.190428951200147e-07,10.0,0,0,1.193403212043375e-07,28.000000312592185,28.00577391978186,28.057459750004423,1.000978762629658e-05,1.000978762628397e-05,1.0009793262776227e-05,28.000000312592185,28.00577391978186,28.057459750004423,1.000978762629658e-05,1.000978762628397e-05,1.0009793262776227e-05,1.0000008566302483,1.0000008566302483,d021821520a1ff94,d021821520a1ff94,True,True,2.8067999955965206,9.761200009961613,12.568000005558133,2.438999988953583,29.826400001184084,32.26539999013767
nominal_heatup,7,60.0,60.0,59.99999999999998,59.99999999999998,-2.1316282072803006e-14,-167979.73364055506,optimal,-167979.7112512882,True,True,converged(kkt(residual=5.72e-03<=tol=7.76e-02); obj_plateau(range=1.95e-08)),converged,0.005715923154556874,0.0776240733607983,False,5,5,0.0,301,8000,6.204439984003329e-07,9.014614565927559e-07,10.0,0,0,1.3328560037645516e-07,28.004292153377847,28.022838296226645,28.135109522234508,1.001141938521665e-05,1.0011421478125678e-05,1.0011445967490528e-05,28.004292153377847,28.022838296226645,28.135109522234508,1.001141938521665e-05,1.0011421478125678e-05,1.0011445967490528e-05,1.0000008630022164,1.0000008630022164,1fcae77276133a49,1fcae77276133a49,True,True,2.9940000094939023,9.94219999120105,12.936200000694953,2.326100002392195,19.50909999141004,21.835199993802235
nominal_heatup,8,64.0,64.0,64.0,63.99999999999998,-2.1316282072803006e-14,-177665.39997974408,optimal,-177664.62204661613,False,False,max_iterations,max_iterations,0.006731265545315815,0.07763842165555288,False,5,5,0.0,8000,8000,6.111417008014541e-07,8.879458581745325e-07,10.0,0,0,4.378641784332362e-06,28.01807839987666,28.057673407757182,28.254795432951447,1.0013052839181873e-05,1.0013061671269752e-05,1.0013127537634136e-05,28.01807839987666,28.057673407757182,28.254795432951447,1.0013052839181873e-05,1.0013061671269752e-05,1.0013127537634136e-05,1.0000008738881738,1.0000008738881738,fa7da7a4150261e1,fa7da7a4150261e1,True,True,2.8449999954318628,9.827100002439693,12.672099997871555,3.358199988724664,451.0322999994969,454.39049998822156
nominal_heatup,9,67.99999999999999,67.99999999999999,67.99999999999997,67.99999999999997,-1.4210854715202004e-14,-187142.34148828022,optimal,-187135.54164842775,False,False,max_iterations,max_iterations,0.0206577702340634,0.07761218466603557,False,5,5,0.0,8000,8000,6.305568689413121e-07,9.140364349846664e-07,10.0,0,0,3.633512165316918e-05,28.047511223592842,28.11622195693027,28.42117301871507,1.0014691440074805e-05,1.0014714737108251e-05,1.0014854481868797e-05,28.047511223592842,28.11622195693027,28.42117301871507,1.0014691440074805e-05,1.0014714737108251e-05,1.0014854481868797e-05,1.0000008905547881,1.0000008905547881,7ff7f670344ac907,ddec85241e2b9cda,True,True,1.4116999955149367,7.4643999978434294,8.876099993358366,2.5114999880315736,441.5985000086948,444.1099999967264
nominal_heatup,10,71.99999999999997,71.99999999999997,71.99999999999997,71.99999999999997,0.0,-196384.77840504333,optimal,-196371.79533760427,False,False,max_iterations,max_iterations,0.032268010628203316,0.07754517108972717,False,5,5,0.0,8000,8000,6.510454397812282e-07,9.437360697361896e-07,10.0,0,0,6.611035394748055e-05,28.098587088330618,28.204026095810903,28.637444447596287,1.0016340922523065e-05,1.0016389563010768e-05,1.0016646422525322e-05,28.098587088330618,28.204026095810903,28.637444447596287,1.0016340922523065e-05,1.0016389563010768e-05,1.0016646422525322e-05,1.0000009143124624,1.0000009143124624,b049dda0d6760132,b049dda0d6760132,True,True,2.3345000081462786,7.79169998713769,10.126199995283969,2.2348000056808814,424.505599992699,426.74039999837987
nominal_heatup,11,75.99999999999996,75.99999999999996,75.99999999999997,75.99999999999997,1.4210854715202004e-14,-205373.05633183158,optimal,-205353.13708846018,False,False,max_iterations,max_iterations,0.04468186684309657,0.0774373403969535,False,5,5,0.0,8000,8000,5.271957235208902e-07,7.66393557505296e-07,10.0,0,0,9.699053742428005e-05,28.17696474743232,28.325927123648107,28.905878723964744,1.001800935059378e-05,1.0018097472067574e-05,1.0018526362451092e-05,28.17696474743232,28.325927123648107,28.905878723964744,1.001800935059378e-05,1.0018097472067574e-05,1.0018526362451092e-05,1.0000009465851527,1.0000009465851527,d41ebe08cf942e48,c3db9d26fe549d9a,True,True,1.9063999934587628,7.907799998065457,9.81419999152422,1.9547999982023612,410.7347999961348,412.6895999943372
nominal_heatup,12,79.99999999999994,79.99999999999994,79.99999999999997,79.99999999999997,2.842170943040401e-14,-214088.40646751056,optimal,-214063.13103090762,False,False,max_iterations,max_iterations,0.05233237507592734,0.07728877836373677,False,5,5,0.0,8000,8000,5.292319258387579e-07,7.548050309225118e-07,10.0,0,0,0.0001180607427245016,28.287695303581557,28.48611411336325,29.228022559149494,1.0019707186055292e-05,1.0019852307914455e-05,1.0020521334415317e-05,28.287695303581557,28.48611411336325,29.228022559149494,1.0019707186055292e-05,1.0019852307914455e-05,1.0020521334415317e-05,1.000000988985778,1.000000988985778,584bfb1129999d58,584bfb1129999d58,True,True,2.027900001849048,9.053700006916188,11.081600008765236,2.0456999918678775,415.3405999968527,417.38629998872057
nominal_heatup,13,83.99999999999996,83.99999999999996,83.99999999999999,83.99999999999997,1.4210854715202004e-14,-222512.42859610394,optimal,-222480.51988485045,False,False,max_iterations,max_iterations,0.06202510355126661,0.07709967676208208,False,5,5,0.0,8000,8000,5.225643917583511e-07,7.480034200924024e-07,10.0,0,0,0.00014340192624152882,28.435189073687383,28.68811443723295,29.60491107244096,1.0021447366458453e-05,1.0021670668093506e-05,1.002266335713411e-05,28.435189073687383,28.68811443723295,29.60491107244096,1.0021447366458453e-05,1.0021670668093506e-05,1.002266335713411e-05,1.0000010434153785,1.0000010434153785,9b6501f11b4b8036,9b6501f11b4b8036,True,True,2.2505000088131055,9.509600000455976,11.760100009269081,2.352100011194125,409.29209999740124,411.64420000859536
nominal_heatup,14,87.99999999999994,87.99999999999994,87.99999999999997,87.99999999999997,2.842170943040401e-14,-230627.10638262113,optimal,-230592.75647918278,True,True,converged(kkt(residual=6.28e-02<=tol=7.69e-02); obj_plateau(range=3.59e-12)),converged,0.06284742154109518,0.07687031639273208,False,5,5,0.0,201,8000,5.8437012739887e-07,8.495088472670886e-07,10.0,0,0,0.00014894130835796672,28.623200041918288,28.934857331659494,30.037186768688905,1.0023245495954168e-05,1.0023572281445382e-05,1.0024990765584491e-05,28.623200041918288,28.934857331659494,30.037186768688905,1.0023245495954168e-05,1.0023572281445382e-05,1.0024990765584491e-05,1.0000011121797336,1.0000011121797336,918a245a8a0a134e,918a245a8a0a134e,True,True,2.749999999650754,7.996500004082918,10.746500003733672,1.960900000995025,13.952499997685663,15.913399998680688
nominal_heatup,15,91.99999999999993,91.99999999999993,91.99999999999997,91.99999999999997,4.263256414560601e-14,-238414.81733931246,optimal,-238380.63498478293,True,True,converged(kkt(residual=5.92e-02<=tol=7.66e-02); obj_plateau(range=3.00e-12)),converged,0.059168227041612426,0.07660105287427336,False,5,5,0.0,201,8000,5.89629024716487e-07,8.164697193890902e-07,10.0,0,0,0.00014337344626715655,28.854869120086413,29.22872865371056,30.525195733226727,1.0025120171607514e-05,1.0025580580941484e-05,1.0027549973976509e-05,28.854869120086413,29.22872865371056,30.525195733226727,1.0025120171607514e-05,1.0025580580941484e-05,1.0027549973976509e-05,1.0000011981334345,1.0000011981334345,89999277de89617c,7f9a5aab0edd7596,True,True,2.4836999946273863,11.44679999561049,13.930499990237877,2.0549999899230897,11.449500001617707,13.504499991540797
nominal_heatup,16,95.99999999999993,95.99999999999993,95.99999999999997,95.99999999999997,4.263256414560601e-14,-245858.33849909017,optimal,-245826.0319697086,True,True,converged(kkt(residual=5.32e-02<=tol=7.63e-02); obj_plateau(range=1.08e-12)),converged,0.05315918070658588,0.07629230471555298,False,5,5,0.0,201,8000,6.278478394960985e-07,8.693920507951702e-07,10.0,0,0,0.00013140302262758358,29.132775953652295,29.571636766375924,31.069051976588753,1.0027093488534011e-05,1.0027723503453636e-05,1.0030397793205575e-05,29.132775953652295,29.571636766375924,31.069051976588753,1.0027093488534011e-05,1.0027723503453636e-05,1.0030397793205575e-05,1.0000013048593073,1.0000013048593073,825c10fb4549c9ca,825c10fb4549c9ca,True,True,2.169700004742481,7.31689999520313,9.48659999994561,1.771399998688139,11.370699998224154,13.142099996912293
nominal_heatup,17,99.99999999999993,99.99999999999993,99.99999999999997,99.99999999999997,4.263256414560601e-14,-252940.84866524732,optimal,-252907.01068154193,False,False,max_iterations,max_iterations,0.05326826545366716,0.07594454330281392,False,5,5,0.0,8000,8000,6.361106272834149e-07,8.808334657217642e-07,10.0,0,0,0.00013377824614855405,29.459001193484145,29.965072618383886,31.66868726952701,1.0029191757879237e-05,1.0030034571632905e-05,1.0033604465787608e-05,29.459001193484145,29.965072618383886,31.66868726952701,1.0029191757879237e-05,1.0030034571632905e-05,1.0033604465787608e-05,1.0000014368973875,1.0000014368973875,9e94efa170440ac9,9e94efa170440ac9,True,True,2.4145999923348427,7.266000000527129,9.680599992861971,1.8423000001348555,376.69359998835716,378.535899988492
nominal_heatup,18,103.99999999999993,103.99999999999993,103.99999999999997,103.99999999999997,4.263256414560601e-14,-259645.92794660272,optimal,-259612.18191372926,True,True,converged(kkt(residual=5.09e-02<=tol=7.56e-02); obj_plateau(range=2.57e-13)),converged,0.050926387749484346,0.07555828450109504,False,5,5,0.0,201,8000,6.76804603472192e-07,9.810758152539734e-07,10.0,0,0,0.000129969425822879,29.83518713825559,30.410166831002797,32.32388788410938,1.0031446486637145e-05,1.003255432719756e-05,1.0037257650833878e-05,29.83518713825559,30.410166831002797,32.32388788410938,1.0031446486637145e-05,1.003255432719756e-05,1.0037257650833878e-05,1.0000016000414043,1.0000016000414043,b52c585128b36b86,b52c585128b36b86,True,True,1.4947000017855316,5.604899997706525,7.099599999492057,1.3338000135263428,7.454499995219521,8.788300008745864
nominal_heatup,19,107.99999999999994,107.99999999999994,107.99999999999997,107.99999999999997,2.842170943040401e-14,-265957.55516190745,optimal,-265928.55130507593,True,True,converged(kkt(residual=4.20e-02<=tol=7.51e-02); obj_plateau(range=2.99e-13)),converged,0.04199558813565572,0.07513408162614542,False,5,5,0.0,201,8000,6.510827432748556e-07,9.116205230697005e-07,10.0,0,0,0.00010905445421866546,30.26259573381852,30.907740544433675,33.03432342597463,1.0033895682563044e-05,1.0035332213742204e-05,1.0041467676231376e-05,30.26259573381852,30.907740544433675,33.03432342597463,1.0033895682563044e-05,1.0035332213742204e-05,1.0041467676231376e-05,1.0000018017276073,1.0000018017276073,79fccccf8f15c6a9,79fccccf8f15c6a9,True,True,1.2599000037880614,5.3155000059632584,6.57540000975132,2.360800004680641,10.57060000312049,12.93140000780113
nominal_heatup,20,111.99999999999994,111.99999999999994,111.99999999999997,111.99999999999997,2.842170943040401e-14,-271860.1035881512,optimal,-271837.459729102,True,True,converged(kkt(residual=3.15e-02<=tol=7.47e-02); obj_plateau(range=2.98e-13)),converged,0.03152322154606667,0.07467251958521323,False,5,5,0.0,201,8000,6.837688459881974e-07,9.468268560297588e-07,10.0,0,0,8.329231811291875e-05,30.742161255455276,31.45835074073644,33.799569377951165,1.0036585572181912e-05,1.0038429042220354e-05,1.0046374493864521e-05,30.742161255455276,31.45835074073644,33.799569377951165,1.0036585572181912e-05,1.0038429042220354e-05,1.0046374493864521e-05,1.000002051549314,1.000002051549314,26237f67a7a0e7c8,711287311a7e82e7,True,True,2.1715000038966537,8.566099990275688,10.737599994172342,1.6780000005383044,11.111200001323596,12.7892000018619
nominal_heatup,21,115.99999999999996,115.99999999999996,115.99999999999997,115.99999999999997,1.4210854715202004e-14,-277338.3354374501,optimal,-277322.4093909128,False,False,max_iterations,max_iterations,0.0213626851783019,0.07417421001996738,False,5,5,0.0,8000,8000,7.106024639824682e-07,9.839836936365032e-07,10.0,0,0,5.7424610074087085e-05,31.274537519628144,32.06232983559645,34.619125239305966,1.0039572851893256e-05,1.0041920221372836e-05,1.0052156935043224e-05,31.274537519628144,32.06232983559645,34.619125239305966,1.0039572851893256e-05,1.0041920221372836e-05,1.0052156935043224e-05,1.000002361942879,1.000002361942879,9b751e3902f36ed4,846a7839e22c80d8,True,True,1.7833000019891188,7.463400004780851,9.24670000676997,2.0914000051561743,374.7473999974318,376.83880000258796
nominal_heatup,22,119.99999999999996,119.99999999999996,119.99999999999999,119.99999999999997,1.4210854715202004e-14,-282249.2601844363,optimal,-282197.07596616494,False,False,max_iterations,max_iterations,0.06976883802459596,0.07363978731247066,False,5,5,0.0,8000,8000,6.560766223628889e-07,9.55763558074807e-07,10.0,0,0,0.00018488699522014034,31.860139431473698,32.71982012895055,35.492429218553006,1.0042927636276365e-05,1.0045900001126806e-05,1.0059045087611502e-05,31.860139431473698,32.71982012895055,35.492429218553006,1.0042927636276365e-05,1.0045900001126806e-05,1.0059045087611502e-05,1.0000027491075865,1.0000027491075865,c0c53ccfd1fbff75,f3b09411b8df9c38,True,True,1.329899998381734,5.6284000020241365,6.95830000040587,1.3069999986328185,353.1641000008676,354.47109999950044
nominal_heatup,23,123.99999999999997,123.99999999999997,124.0000004330801,123.99999999999997,0.0,-285922.71912266745,optimal,-285869.86250708776,False,False,max_iterations,max_iterations,0.07005100500993405,0.07306990534601678,False,5,5,0.0,8000,8000,6.280502446998071e-07,9.073960827166161e-07,10.0,0,0,0.00018486333622724544,32.499179256904526,33.43080354993059,36.418870302862096,1.0046737327042226e-05,1.0050487067028725e-05,1.0067336928314506e-05,32.499179256904526,33.43080354993059,36.4188703028621,1.0046737327042226e-05,1.0050487067028725e-05,1.0067336928314506e-05,1.0000032342458494,1.0000032342458494,f2ac192c71e9e327,35bc48c120ce9f9a,True,True,1.2386000016704202,5.171900003915653,6.410500005586073,1.231799993547611,248.15090000629425,249.38269999984186
nominal_heatup,24,127.99999999999997,127.99999999999997,127.99999999999997,127.99999999999997,0.0,-287335.8751669478,optimal,-287286.2186274071,False,False,max_iterations,max_iterations,0.06552642851850562,0.07246523490438808,False,5,5,0.0,8000,8000,6.228404316743763e-07,8.998690477213245e-07,10.0,0,0,0.00017281711064910416,33.19169804282029,34.19512725832241,37.397798234444124,1.005111170702066e-05,1.0055831947088486e-05,1.0077420781319361e-05,33.19169804282029,34.195127258322415,37.39779823444413,1.005111170702066e-05,1.0055831947088486e-05,1.0077420781319361e-05,1.0000038452434135,1.0000038452434135,097cf872b54ada68,ebba7cf0531ae575,True,True,1.349900005152449,8.79989999521058,10.14980000036303,1.8595000001369044,219.07089999876916,220.93039999890607
nominal_heatup,25,130.0,130.0,130.0,130.0,0.0,-285421.3433542201,optimal,-285377.5666791368,False,False,max_iterations,max_iterations,0.05765787060924054,0.07182646166125428,False,5,5,0.0,8000,8000,5.973794827696111e-07,8.63083653435126e-07,10.0,0,0,0.00015337569250107358,33.93759271203294,35.01252560136735,38.42853181431628,1.005618967429849e-05,1.0062126862556018e-05,1.0089805789359043e-05,33.937592712032945,35.01252560136736,38.42853181431629,1.005618967429849e-05,1.0062126862556018e-05,1.0089805789359043e-05,1.0000046189564815,1.000004618956481,311707fff0b6f53b,02ece3e105871a13,False,False,2.013200006331317,7.066799997119233,9.08000000345055,2.666000000317581,257.53899999835994,260.2049999986775
nominal_heatup,26,130.0,130.0,130.0,130.0,0.0,-281039.4561664829,optimal,-281001.29480649665,False,False,max_iterations,max_iterations,0.05025774587858509,0.07100872566817841,False,5,5,0.0,8000,8000,5.907819797812408e-07,8.251904946021682e-07,10.0,0,0,0.00013578657749524058,34.73663933886756,35.88263890591761,39.51036584016605,1.0062148184087887e-05,1.0069618889944927e-05,1.0105163455459045e-05,34.73663933886757,35.88263890591762,39.51036584016606,1.0062148184087887e-05,1.0069618889944927e-05,1.0105163455459045e-05,1.0000056043396808,1.000005604339681,8eb29ce445d7875e,8e327865e710a1f4,False,False,3.048799990210682,10.221899996395223,13.270699986605905,2.502300005289726,248.92600000021048,251.4283000055002
nominal_heatup,27,130.0,130.0,130.0,130.0,0.0,-276121.9701775234,optimal,-276086.84566948604,False,False,max_iterations,max_iterations,0.04632589418899749,0.07002782567582269,False,5,5,0.0,8000,8000,6.886176748821526e-07,9.989197486959256e-07,10.0,0,0,0.00012720660968460574,35.588513092118,36.80502953120534,40.64257692132613,1.0069214176848358e-05,1.007862763007317e-05,1.0124384554526784e-05,35.588513092118006,36.80502953120535,40.64257692132614,1.0069214176848358e-05,1.007862763007317e-05,1.0124384554526784e-05,1.0000068667446973,1.0000068667446973,f92e3f8c7735ab34,e8668d64e152b3bc,False,False,1.843999998527579,7.8517000074498355,9.695700005977415,1.9966000108979642,252.01039999956265,254.00700001046062
nominal_heatup,28,130.0,130.0,130.0,130.0,0.0,-271205.5947255437,optimal,-271172.8414221514,False,False,max_iterations,max_iterations,0.04329331370305631,0.06904684438486627,False,5,5,0.0,8000,8000,5.62927851888162e-07,8.133082021188898e-07,10.0,0,0,0.00012076942748884269,36.49280528639047,37.779195562592335,41.82442836075675,1.00776805645182e-05,1.0089569039656567e-05,1.0148657494724979e-05,36.49280528639048,37.77919556259234,41.824428360756755,1.00776805645182e-05,1.0089569039656569e-05,1.0148657494724979e-05,1.0000084938573894,1.0000084938573894,69a6587c63d2f50b,cc704d544d1cc699,False,False,1.9496999884722754,8.377300007850863,10.326999996323138,1.7247999930987135,243.26920000021346,244.99399999331217
nominal_heatup,29,130.0,130.0,130.0,130.0,0.0,-266303.80334732385,optimal,-266272.99330798956,False,False,max_iterations,max_iterations,0.04084776900129335,0.06806870211644805,False,5,5,0.0,8000,8000,5.667616420623744e-07,8.188471385395246e-07,10.0,0,0,0.0001156952814517901,37.44903793778677,38.804582478445084,43.05517425772096,1.008792775660128e-05,1.0102987727945596e-05,1.0179576783908196e-05,37.44903793778678,38.80458247844509,43.055174257720964,1.008792775660128e-05,1.0102987727945598e-05,1.0179576783908196e-05,1.000010603941939,1.000010603941939,45a465e323453ee7,cbef66634e65b801,False,False,2.5175000046147034,9.335700000519864,11.853200005134568,2.6388000114820898,225.82219999458175,228.46100000606384
nominal_heatup,30,130.0,130.0,130.0,130.0,0.0,-261427.50537077658,optimal,-261400.23919893746,False,False,max_iterations,max_iterations,0.03621876021548192,0.06709577262615266,False,5,5,0.0,8000,8000,5.538212235478568e-07,8.001514517630426e-07,10.0,0,0,0.00010429753492625475,38.456676172467965,39.88059307969842,44.326295872218694,1.0100452783556139e-05,1.0119600936431951e-05,1.0219294017606023e-05,38.45667617246797,39.88059307969843,44.3262958722187,1.0100452783556139e-05,1.0119600936431953e-05,1.0219294017606023e-05,1.0000133502968045,1.0000133502968045,1d55e7d7dec0aadb,d766628155f089a8,False,False,1.3194000057410449,6.287999989581294,7.607399995322339,2.362700004596263,198.72109999414533,201.0837999987416
nominal_heatup,31,130.0,130.0,130.0,130.0,0.0,-256585.55027185671,optimal,-256564.02894684317,False,False,max_iterations,max_iterations,0.028561413459431438,0.06612998763889327,False,5,5,0.0,8000,8000,5.940057548059485e-07,8.616741871136924e-07,10.0,0,0,8.387618553868833e-05,39.51513879282676,41.00370911940793,45.62384309440204,1.0115908887980325e-05,1.0140358723565775e-05,1.027064961864798e-05,39.51513879282677,41.00370911940794,45.62384309440205,1.0115908887980325e-05,1.0140358723565776e-05,1.027064961864798e-05,1.0000169276166246,1.0000169276166246,ea7b1a85f35d0c10,f4598c01e819090e,False,False,2.4219000042648986,8.447799991699867,10.869699995964766,1.821199999540113,204.08950001001358,205.9107000095537
nominal_heatup,32,130.0,130.0,129.99999999999997,129.99999999999997,-2.842170943040401e-14,-251785.1210583345,optimal,-251766.1225075383,False,False,max_iterations,max_iterations,0.02529616846404484,0.06517292008472327,False,5,5,0.0,8000,8000,5.815408030684921e-07,8.435923115612809e-07,10.0,0,0,7.545583520540911e-05,40.62166136640787,42.16762674340835,46.9369658648656,1.0135159609374298e-05,1.0166511340095577e-05,1.0337306087914461e-05,40.62166136640788,42.167626743408356,46.936965864865606,1.0135159609374298e-05,1.0166511340095578e-05,1.0337306087914461e-05,1.0000215859513406,1.0000215859513406,1db3ac0cd269c8a4,c8108ff38536af88,False,False,1.8471999937901273,6.666700006462634,8.513900000252761,1.8748000002233312,225.7709999976214,227.64579999784473
nominal_heatup,33,130.0,130.0,130.0,130.0,0.0,-247032.03577662606,optimal,-247016.38974330595,False,False,max_iterations,max_iterations,0.02087809175193523,0.06422584808922023,False,5,5,0.0,8000,8000,5.690584288231548e-07,8.254851762146131e-07,10.0,0,0,6.333660369495334e-05,41.77084845737515,43.36566791672193,48.25708836034171,1.0159342426202962e-05,1.0199689056691246e-05,1.0423972055584554e-05,41.77084845737516,43.36566791672194,48.25708836034172,1.0159342426202962e-05,1.0199689056691248e-05,1.0423972055584554e-05,1.0000276448036494,1.00002764480365,d30ed634c9a4c473,f570a98128e82bb5,False,False,1.5469999925699085,5.375400010962039,6.922400003531948,1.7574000085005537,220.48679999716114,222.2442000056617
nominal_heatup,34,130.0,130.0,129.99999999999997,129.99999999999997,-2.842170943040401e-14,-242330.98516355816,optimal,-242317.9885951913,False,False,max_iterations,max_iterations,0.017413058683337358,0.06328980583168345,False,5,5,0.0,8000,8000,5.568244176856751e-07,8.077383908400293e-07,10.0,0,0,5.363216805291025e-05,42.95635122779743,44.590925972232014,49.57797689401694,1.018994412676557e-05,1.0242010082863204e-05,1.053668028779401e-05,42.956351227797434,44.59092597223202,49.57797689401695,1.018994412676557e-05,1.0242010082863206e-05,1.053668028779401e-05,1.0000355128009815,1.0000355128009815,c3b2fb0fe2b01822,a58c6a9f950e2c1a,False,False,1.756699988618493,6.327200011583045,8.083900000201538,1.3470999983837828,201.52669999515638,202.87379999354016
nominal_heatup,35,130.0,130.0,130.0,130.0,0.0,-237685.72111121414,optimal,-237674.90484817396,False,False,max_iterations,max_iterations,0.01458914404033879,0.06236562404468214,False,5,5,0.0,8000,8000,5.448339237545952e-07,7.903447718504708e-07,10.0,0,0,4.5507463504588684e-05,44.171406195469075,45.83695172260524,50.8949572932192,1.0228899307463622e-05,1.0296214244032104e-05,1.0683152902901279e-05,44.17140619546908,45.83695172260525,50.89495729321921,1.0228899307463622e-05,1.0296214244032106e-05,1.0683152902901279e-05,1.0000457117886863,1.0000457117886863,4337d30d6b6bcb33,245c2ee087137189,False,False,1.7669000080786645,5.690499994670972,7.457400002749637,1.7980999982682988,194.2540000018198,196.0521000000881
nominal_heatup,36,130.0,130.0,130.0,130.0,0.0,-233099.20843406662,optimal,-233090.1740238631,False,False,max_iterations,max_iterations,0.012326457347394527,0.061453962781997,False,5,5,0.0,8000,8000,6.873501803283943e-07,9.961835987226664e-07,10.0,0,0,3.8758961880480685e-05,45.40948352759254,47.0978389175981,52.20455455144949,1.0278713971231812e-05,1.0365834296490869e-05,1.0873268743414286e-05,45.40948352759255,47.097838917598104,52.2045545514495,1.0278713971231812e-05,1.036583429649087e-05,1.0873268743414286e-05,1.0000589086745004,1.000058908674502,5ffec732c83b4c47,d17f5bc5bb87af0a,False,False,1.8126999930245802,6.22270000167191,8.03539999469649,1.7705999925965443,204.0190999978222,205.78969999041874
nominal_heatup,37,130.0,130.0,130.0,130.0,0.0,-228573.74763891986,optimal,-228566.99554763146,False,False,max_iterations,max_iterations,0.00934040952431906,0.0605553380433324,False,5,5,0.0,8000,8000,6.722444538809214e-07,9.742907538523582e-07,10.0,0,0,2.9541703602928718e-05,46.664516953800415,48.3683532001705,53.504128266444766,1.0342623010345865e-05,1.045541181963181e-05,1.1119674734577008e-05,46.66451695380042,48.36835320017051,53.50412826644477,1.0342623010345865e-05,1.0455411819631811e-05,1.1119674734577008e-05,1.0000759571416176,1.0000759571416173,cb73d96bed4df43d,a199123315829f09,False,False,1.2638999905902892,5.015100003220141,6.27899999381043,1.7475999920861796,215.22769999864977,216.97529999073595
nominal_heatup,38,130.0,130.0,130.0,130.0,0.0,-224111.07441737008,optimal,-224106.0304609699,False,False,max_iterations,max_iterations,0.0071976943362498345,0.059670143460892076,False,5,5,0.0,8000,8000,6.576610047659415e-07,9.531547506824722e-07,10.0,0,0,2.2508581304982423e-05,47.93105863475706,49.643915160377404,54.791662659233666,1.0424789135198688e-05,1.057077204438009e-05,1.1438591403752979e-05,47.931058634757065,49.64391516037741,54.79166265923367,1.0424789135198688e-05,1.0570772044380092e-05,1.1438591403752979e-05,1.0000979538377246,1.0000979538377246,dc9dd1c04ee405ee,aa457fa9e6d107ef,False,False,1.8992000113939866,5.200699990382418,7.099900001776405,1.268699998036027,197.26830000581685,198.53700000385288
nominal_heatup,39,130.0,130.0,130.0,130.0,0.0,-219712.43955652008,optimal,-219709.87412985804,False,False,max_iterations,max_iterations,0.0038254944615679913,0.0587986678777465,False,5,5,0.0,8000,8000,6.425929797160279e-07,9.313165323376893e-07,10.0,0,0,1.1679213609050417e-05,49.20430631494216,50.92057550494544,56.065602396874425,1.0530555493521728e-05,1.0719374634412517e-05,1.1850890373346329e-05,49.204306314942166,50.92057550494545,56.06560239687443,1.0530555493521728e-05,1.0719374634412519e-05,1.1850890373346329e-05,1.0001263149983302,1.0001263149983302,f9231ad42e3bec27,c4c1fa5ef74bc075,False,False,1.8455999961588532,6.485000005341135,8.330600001499988,1.7229999939445406,197.4324000038905,199.15539999783505
nominal_heatup,40,130.0,130.0,130.0,130.0,0.0,-215378.67168252845,optimal,-215377.67516622983,False,False,max_iterations,max_iterations,0.001917483602040908,0.0579411092478518,False,5,5,0.0,8000,8000,6.286500848773358e-07,9.111089527280569e-07,10.0,0,0,4.6302235264592335e-06,50.480091836351285,52.19495775967505,57.32474554955665,1.0666767540547945e-05,1.0910765749966644e-05,1.238355239644559e-05,50.48009183635129,52.194957759675056,57.32474554955666,1.0666767540547945e-05,1.0910765749966646e-05,1.2383552396445595e-05,1.0001628826826376,1.0001628826826376,23ec3ae69006c90b,c4e639f2ad5b4b97,False,False,1.2242999946465716,4.717800009530038,5.942100004176609,1.1990000057267025,210.06879999185912,211.26779999758583
nominal_heatup,41,130.0,130.0,130.0,130.0,0.0,-211111.14689637834,optimal,-211111.11987272018,True,True,converged(kkt(residual=4.91e-04<=tol=5.71e-02); obj_plateau(range=1.66e-08)),converged,0.0004906672057895514,0.05709758542047869,False,5,5,0.0,501,8000,6.800675294016401e-07,9.865167793776664e-07,10.0,0,0,1.331226545365167e-07,51.75483560174434,53.4641995143953,58.568163767464874,1.0842186462087133e-05,1.1157166424599133e-05,1.3071662770483212e-05,51.75483560174435,53.464199514395304,58.56816376746488,1.0842186462087133e-05,1.1157166424599135e-05,1.3071662770483217e-05,1.000210073755604,1.000210073755604,a381559fbb950d1d,83adbca440833e0f,False,False,1.734400007990189,6.421899990527891,8.15629999851808,1.3285000022733584,15.96639999479521,17.29489999706857
nominal_heatup,42,130.0,130.0,130.0,130.0,0.0,-206912.32783061662,optimal,-206912.29927938865,True,True,converged(kkt(residual=1.08e-03<=tol=5.63e-02); obj_plateau(range=1.74e-08)),converged,0.0010777874525396572,0.05626814156472215,False,5,5,0.0,451,8000,6.726167924853144e-07,9.757086418815675e-07,10.0,0,0,1.396652582936762e-07,53.02549121637783,54.725890756821585,59.79514556110168,1.1068025253675922e-05,1.1474247701261863e-05,1.3961166177047799e-05,53.02549121637784,54.72589075682159,59.79514556110168,1.1068025253675922e-05,1.1474247701261865e-05,1.3961166177047804e-05,1.0002710907268957,1.0002710907268957,17ca43bda6c11d13,593df6c439998031,False,False,1.8256000039400533,6.057399994460866,7.882999998400919,1.3985999976284802,10.885099996812642,12.283699994441122
nominal_heatup,43,130.0,130.0,130.0,130.0,0.0,-202781.96203119605,optimal,-202781.9225624983,True,True,converged(kkt(residual=1.96e-03<=tol=5.55e-02); obj_plateau(range=2.45e-08)),converged,0.0019581857838933373,0.055452754518273084,False,5,5,0.0,351,8000,6.654502158198738e-07,9.653126786801636e-07,10.0,0,0,1.969723575200269e-07,54.28948544658737,55.978016398292105,61.00515332643331,1.1358651936153698e-05,1.1882164517023142e-05,1.5112695179349733e-05,54.28948544658738,55.97801639829211,61.005153326433316,1.1358651936153698e-05,1.1882164517023144e-05,1.5112695179349738e-05,1.0003502217184121,1.0003502217184117,e26f249b1c4df875,5fa3f11b8b534d2c,False,False,1.3871999981347471,5.689599987817928,7.076799985952675,1.7512000049464405,13.162699993699789,14.91389999864623
nominal_heatup,44,130.0,130.0,130.0,130.0,0.0,-198719.33643193133,optimal,-198719.3156142013,True,True,converged(kkt(residual=1.92e-03<=tol=5.47e-02); obj_plateau(range=1.36e-08)),converged,0.001916083601354186,0.054651332468782544,False,5,5,0.0,201,8000,6.579060851663598e-07,9.54369027361679e-07,10.0,0,0,1.0855043302219586e-07,55.54466009462919,57.218903246915346,62.19779083408778,1.1732523445269194e-05,1.2406951562850738e-05,1.660691317248316e-05,55.544660094629194,57.21890324691535,62.19779083408779,1.1732523445269194e-05,1.240695156285074e-05,1.6606913172483163e-05,1.0004532681750724,1.0004532681750724,7abf743314cafe75,4b8e405ad8115bad,False,False,1.8188999965786934,6.3402999949175864,8.15919999149628,1.780300008249469,7.998000000952743,9.778300009202212
nominal_heatup,45,130.0,130.0,130.0,130.0,0.0,-194722.73380527928,optimal,-194717.56614164304,True,True,converged(kkt(residual=6.79e-03<=tol=5.39e-02); obj_plateau(range=1.64e-15)),converged,0.006792242239706767,0.05386371158789679,False,5,5,0.0,201,8000,5.547224048996213e-07,8.039648209390293e-07,10.0,0,0,2.6542455921816896e-05,56.789217674450455,58.44717272868526,63.3727778009778,1.221344127067576e-05,1.3082428465613037e-05,1.8551986542778224e-05,56.78921767445046,58.44717272868527,63.372777800977815,1.221344127067576e-05,1.3082428465613039e-05,1.8551986542778255e-05,1.0005881542511206,1.000588154251119,0f32fd1f0e955319,2f7f300362350972,False,False,1.7843999958131462,6.211800005985424,7.99620000179857,1.7484999989392236,11.452999999164604,13.201499998103827
nominal_heatup,46,130.0,130.0,130.0,130.0,0.0,-190788.5057477284,optimal,-190776.0252087976,True,True,converged(kkt(residual=1.64e-02<=tol=5.31e-02); obj_plateau(range=1.98e-15)),converged,0.01641217459706913,0.053089645351986896,False,5,5,0.0,201,8000,6.665222542778793e-07,9.661708171293526e-07,10.0,0,0,6.541881938613467e-05,58.021672340212916,59.66169913612939,64.52992981579378,1.283225903535136e-05,1.3952823801894357e-05,2.1094037516679103e-05,58.02167234021292,59.6616991361294,64.52992981579379,1.283225903535136e-05,1.3952823801894359e-05,2.1094037516679137e-05,1.0007657922929525,1.0007657922929523,bd5a7865fc375bfa,3da7aa2bd3e10d90,False,False,1.5807000017957762,5.737200001021847,7.317900002817623,1.2461000005714595,8.29929999599699,9.545399996568449
nominal_heatup,47,130.00000000000003,130.00000000000003,130.0,130.0,-2.842170943040401e-14,-186914.6052038146,optimal,-186895.54245825604,True,True,converged(kkt(residual=2.51e-02<=tol=5.23e-02); obj_plateau(range=1.56e-15)),converged,0.02508518587213351,0.05232878897371409,False,5,5,0.0,201,8000,5.445816384508362e-07,7.912388344522014e-07,10.0,0,0,0.00010199791697651682,59.24080627823816,60.86157324805601,65.66914222531284,1.3629227439716847e-05,1.5076414058007537e-05,2.4431749600808593e-05,59.24080627823817,60.861573248056025,65.66914222531285,1.3629227439716847e-05,1.5076414058007539e-05,2.4431749600808675e-05,1.0010013058592755,1.0010013058592766,c59eeed7c1c5b42a,57410f0dbe537f86,False,False,1.7479000089224428,6.379899990861304,8.127799999783747,2.0091000042157248,11.60330000857357,13.612400012789294
nominal_heatup,48,130.0,130.0,130.0,130.0,0.0,-183098.4962159504,optimal,-183073.5480565016,True,True,converged(kkt(residual=3.29e-02<=tol=5.16e-02); obj_plateau(range=1.75e-15)),converged,0.03285424718806865,0.05158067040320104,False,5,5,0.0,201,8000,5.492548069696568e-07,7.980286893527477e-07,10.0,0,0,0.0001362814350249375,60.445631502829244,62.046070844933716,66.79037712551896,1.4657239205824328e-05,1.6530593465596096e-05,2.8836727925755446e-05,60.44563150282925,62.04607084493373,66.79037712551897,1.4657239205824328e-05,1.6530593465596096e-05,2.8836727925755534e-05,1.0013157471013447,1.0013157471013459,915f66a05d6b3bc0,acf3212e4ff77131,False,False,1.5423000004375353,5.88199999765493,7.424299998092465,1.7176999972434714,8.158099997672252,9.875799994915724
nominal_heatup,49,130.0,130.0,130.0,130.0,0.0,-179336.71123913286,optimal,-179306.54257688686,True,True,converged(kkt(residual=3.98e-02<=tol=5.08e-02); obj_plateau(range=1.62e-15)),converged,0.03976118670774211,0.05084464613348719,False,5,5,0.0,201,8000,6.126449534349376e-07,8.901301260522132e-07,10.0,0,0,0.0001682742521870521,61.63535669095368,63.21462566327623,67.89365282436218,1.5986343757010025e-05,1.841895514025872e-05,3.468179049773312e-05,61.63535669095369,63.214625663276244,67.89365282436219,1.5986343757010025e-05,1.8418955140258733e-05,3.468179049773321e-05,1.0017384914685052,1.0017384914685026,ed7ef8cc2b0a80a3,2a9068b35bc49550,False,False,1.7394999886164442,6.627000009757467,8.36649999837391,1.8165999936172739,11.265300010563806,13.08190000418108
nominal_heatup,50,130.0,130.0,130.0,130.0,0.0,-175624.46633158968,optimal,-175589.7114279555,True,True,converged(kkt(residual=4.58e-02<=tol=5.01e-02); obj_plateau(range=1.82e-15)),converged,0.045846446500416735,0.05011983276830526,False,5,5,0.0,201,8000,5.614874254433744e-07,8.158018873771766e-07,10.0,0,0,0.00019798507763495177,62.80935862777153,64.36680630859729,68.97903535661555,1.771004879334599e-05,2.0881188322763476e-05,4.248012413352573e-05,62.809358627771545,64.3668063085973,68.97903535661558,1.771004879334599e-05,2.088118832276349e-05,4.248012413352589e-05,1.0023105527641403,1.00231055276414,419b9d3d97799a0b,15a0d58fd374debd,False,False,1.9083000079263002,7.662499992875382,9.570800000801682,1.8454999953974038,9.211900003720075,11.057399999117479
nominal_heatup,51,130.0,130.0,129.99999999999997,129.99999999999997,-2.842170943040401e-14,-171955.0484212246,optimal,-171916.31299291278,False,False,max_iterations,max_iterations,0.0511492945833689,0.049404998490476915,False,5,5,0.0,8000,8000,6.772483089889647e-07,9.824272613201401e-07,10.0,0,0,0.00022542448441267537,63.96715780299739,65.50229669912929,70.04663175947263,1.9954127492003092e-05,2.4106900556497137e-05,5.293923003597164e-05,63.967157802997406,65.50229669912932,70.04663175947266,1.9954127492003092e-05,2.4106900556497154e-05,5.2939230035971814e-05,1.0030891393708201,1.0030891393708201,0db767955c2f20b3,1f3541454ecb8c0a,False,False,1.8014999950537458,6.703200007905252,8.504700002958998,1.6675999941071495,362.4257000046782,364.09329999878537
nominal_heatup,52,130.0,130.0,130.0,130.0,0.0,-168318.8191011335,optimal,-168276.68266804464,False,False,max_iterations,max_iterations,0.05570658151412078,0.04869838716390785,False,5,5,0.0,8000,8000,5.388176731457861e-07,7.828644656981965e-07,10.0,0,0,0.00025060830516421365,65.10839773149326,66.62087966539485,71.09658492755244,2.288892387473418e-05,2.8354882832899212e-05,6.703486721298806e-05,65.10839773149327,66.62087966539488,71.09658492755247,2.288892387473418e-05,2.835488283289929e-05,6.703486721298836e-05,1.0041538720862668,1.0041538720862666,d38914f9ce1ff888,72f3b2bfae1d0a28,False,False,1.196099998196587,6.648100010352209,7.844200008548796,1.7251999961445108,353.0946000100812,354.8198000062257
nominal_heatup,53,130.0,130.0,130.0,130.0,0.0,-164701.53886287927,optimal,-164656.55929792352,False,False,max_iterations,max_iterations,0.05955259873985551,0.04799742373518355,False,5,5,0.0,8000,8000,5.226749522080354e-07,7.594102973129679e-07,10.0,0,0,0.0002735531934523726,66.23282762269274,67.72242340235863,72.1290699518052,2.6746518406205812e-05,3.397988237098335e-05,8.611184642383605e-05,66.23282762269277,67.72242340235866,72.12906995180523,2.6746518406205812e-05,3.397988237098351e-05,8.611184642383666e-05,1.0056152093333455,1.0056152093333455,ef5e8cd39f893654,cbafe0eab8873078,False,False,1.2321999965934083,4.709300003014505,5.941499999607913,1.2013999948976561,335.2089999971213,336.41039999201894
nominal_heatup,54,130.0,130.0,130.0,130.0,0.0,-161081.43521375846,optimal,-161034.15571237323,False,False,max_iterations,max_iterations,0.06271634982012717,0.04729820150154353,False,5,5,0.0,8000,8000,5.324442753362746e-07,7.736046150341735e-07,10.0,0,0,0.0002942774789036434,67.34028809419578,68.80687054634413,73.14429192629686,3.1844611049781495e-05,4.1469671910037346e-05,0.0001120206141967142,67.34028809419581,68.80687054634416,73.14429192629689,3.1844611049781495e-05,4.146967191003758e-05,0.00011202061419671508,1.0076257803464348,1.0076257803464352,fae8f4b58ac9cfb1,f22cd4b86f2a93c1,False,False,1.1960000119870529,6.117400000221096,7.313400012208149,1.3474000006681308,345.07680000388063,346.42420000454877
nominal_heatup,55,130.0,130.0,130.0,130.0,0.0,-157423.84626396018,optimal,-157374.80903137755,False,False,max_iterations,max_iterations,0.06521778119891196,0.04659455098201135,False,5,5,0.0,8000,8000,6.854863840999315e-07,9.93660663972662e-07,10.0,0,0,0.00031279007619330006,68.43069970476232,69.87422973194204,74.14248528314019,3.8619637364567744e-05,5.1496155359949186e-05,0.00014730119077533435,68.43069970476235,69.87422973194207,74.1424852831402,3.8619637364567744e-05,5.1496155359949457e-05,0.00014730119077533538,1.010395516954784,1.0103955169547845,0cbbb4972aab60d1,31ea2b98cbae8fab,False,False,2.0194999960949644,7.381200004601851,9.400700000696816,1.6636000073049217,372.63810000149533,374.30170000880025
nominal_heatup,56,130.0,130.0,130.0,130.0,0.0,-153677.66506215444,optimal,-153627.42050591615,False,False,max_iterations,max_iterations,0.06705005614355472,0.04587736519847325,False,5,5,0.0,8000,8000,6.315961798009084e-07,9.176660267229408e-07,10.0,0,0,0.0003290167313335109,69.5040541714148,70.924569573403,75.12391479571387,4.767250118687801e-05,6.498548706359931e-05,0.00019542929915612015,69.50405417141482,70.92456957340303,75.12391479571389,4.767250118687801e-05,6.498548706359971e-05,0.00019542929915612135,1.014211710750462,1.0142117107504625,cb4328268b2389c5,9e2a65872c1cadd9,False,False,1.2568000092869624,5.817699988256209,7.074499997543171,1.7763999931048602,375.35729999945033,377.1336999925552
nominal_heatup,57,130.0,130.0,130.0,130.0,0.0,-149805.94532267828,optimal,-149755.12754503702,False,False,max_iterations,max_iterations,0.06813282364235725,0.045139561529521324,False,5,5,0.0,8000,8000,5.111084391273835e-07,7.407546833704259e-07,10.0,0,0,0.00034248681630001963,70.56040823389365,71.95801511327056,76.0888784775621,5.983144181865124e-05,8.321377814266961e-05,0.0002611435762269537,70.56040823389368,71.95801511327059,76.08887847756213,5.983144181865133e-05,8.321377814267008e-05,0.0002611435762269551,1.0194654224269877,1.0194654224269861,bfe5674a528f23e7,73cfec6533f776c9,False,False,1.8177000019932166,6.421699989004992,8.239399990998209,1.8045000033453107,362.70759999752045,364.51210000086576
nominal_heatup,58,130.0,130.0,130.0,130.0,0.0,-145752.89089884126,optimal,-145702.22869304856,False,False,max_iterations,max_iterations,0.06837435282458458,0.04437125278222234,False,5,5,0.0,8000,8000,5.172672388198407e-07,7.496806917473009e-07,10.0,0,0,0.00035265996424735374,71.59988023965894,72.97474689074429,77.03771270348125,7.623802393224706e-05,0.00010793700677174436,0.0003508777483324809,71.59988023965897,72.97474689074431,77.03771270348128,7.623802393224716e-05,0.00010793700677174491,0.0003508777483324832,1.0266860520935506,1.026686052093552,126049ec5398d36e,335059e238518eaf,False,False,1.5451999934157357,8.760099997743964,10.3052999911597,2.500200003851205,379.17359999846667,381.6738000023179
nominal_heatup,59,130.0,130.0,130.0,130.0,0.0,-141444.60886665623,optimal,-141394.9878511902,False,False,max_iterations,max_iterations,0.06761341151065153,0.043559618061664425,False,5,5,0.0,8000,8000,5.440314509996824e-07,7.904421304161247e-07,10.0,0,0,0.0003585965893057353,72.62264964699986,73.9750029073809,77.9707999945643,9.846413029699062e-05,0.0001415663492820105,0.0004733277732075414,72.62264964699989,73.97500290738093,77.97079999456433,9.846413029699087e-05,0.00014156634928201114,0.00047332777320754406,1.0365863512084827,1.036586351208483,9c67a6f84aafe4ab,2e9b22cd2dea2eaf,False,False,1.33119999372866,4.7236000100383535,6.0548000037670135,1.1879000085173175,379.4674999953713,380.65540000388864
nominal_heatup,60,130.0,130.0,129.99999999999997,129.99999999999997,-2.842170943040401e-14,-136783.1983565147,optimal,-136735.77507178203,False,False,max_iterations,max_iterations,0.06556858777155197,0.04268788354347404,False,5,5,0.0,8000,8000,5.503742954715563e-07,7.996588538006222e-07,10.0,0,0,0.0003585984416806862,73.62895978704016,74.95908391297361,78.88858004554173,0.00012867025852995718,0.00018740344468097736,0.0006401914369111129,73.62895978704019,74.95908391297364,78.88858004554174,0.00012867025852995748,0.00018740344468097845,0.0006401914369111172,1.050120718510396,1.0501207185103965,dfe00ad36962e1b7,d752693ae6cbfcd1,False,False,1.7539000109536573,6.56279998656828,8.316699997521937,2.042199994320981,350.28860000602435,352.33080000034533
nominal_heatup,61,130.0,130.0,130.0,130.0,0.0,-131640.73596168097,optimal,-131597.0919996542,False,False,max_iterations,max_iterations,0.061785507824165704,0.04173433461163205,False,5,5,0.0,8000,8000,5.196372256932591e-07,7.531155121753841e-07,10.0,0,0,0.000349719750421774,74.61912439324067,75.9273626060559,79.7915647370316,0.00016981851204121582,0.000249954278207547,0.000867127057893924,74.6191243932407,75.92736260605591,79.79156473703163,0.00016981851204121614,0.00024995427820754916,0.0008671270578939291,1.0685602951995168,1.0685602951995172,966f991464ca2518,f86ffeda7c44dcc0,False,False,1.7671999958110973,6.462500008638017,8.229700004449114,1.4570000057574362,366.3024999987101,367.75950000446755
nominal_heatup,62,130.0,130.0,130.0,130.0,0.0,-125848.00475961802,optimal,-125810.39716603584,False,False,max_iterations,max_iterations,0.05553181101061719,0.04067055717235214,False,5,5,0.0,8000,8000,5.238184570544036e-07,7.591754185298782e-07,10.0,0,0,0.00032674604608461534,75.59353860711926,76.88029754981152,80.68035807598109,0.00022595761699722793,0.00033534566642785455,0.0011749892088737301,75.59353860711927,76.88029754981154,80.6803580759811,0.0002259576169972283,0.00033534566642785715,0.0011749892088737384,1.0935892358408452,1.093589235840848,f573cd9145967755,f8851af5954b3b3a,False,False,2.5372999953106046,7.881500001531094,10.418799996841699,1.517600001534447,389.7833999944851,391.3009999960195
nominal_heatup,63,130.0,130.0,130.0,130.0,0.0,-119177.31575116643,optimal,-119154.35109969537,False,False,max_iterations,max_iterations,0.038203095384578487,0.0394589144272697,False,5,5,0.0,8000,8000,6.549501563313243e-07,9.492259325227792e-07,10.0,0,0,0.00023597837605826203,76.55269541198885,77.81845285698665,81.55568225699331,0.000302602347467781,0.00045187509501606806,0.0015914133079866558,76.55269541198888,77.81845285698668,81.55568225699332,0.00030260234746778145,0.00045187509501607115,0.0015914133079866655,1.1274277236504153,1.1274277236504195,cd251425891d63e5,8f6f2b07cbf4b0d0,False,False,1.7113000067183748,7.447800002410077,9.159100009128451,1.789599991752766,326.25320000806823,328.042799999821
nominal_heatup,64,130.0,130.0,130.0,130.0,0.0,-111314.182329429,optimal,-111305.49281652273,False,False,max_iterations,max_iterations,0.02093645924682359,0.03804817436974751,False,5,5,0.0,8000,8000,5.988620159769198e-07,8.679368308506241e-07,10.0,0,0,0.0001359065474847014,77.49720874793374,78.74252501387184,82.41841135365388,0.0004072362690768489,0.000610733411020268,0.0021528384063738536,77.49720874793377,78.74252501387187,82.4184113536539,0.00040723626907685016,0.0006107334110202738,0.0021528384063738693,1.1637021882955467,1.1637021882955465,5a49a21b99268ec6,c896a274865f70dc,False,False,1.371400008792989,5.303699988871813,6.675099997664802,2.5819000002229586,344.0259000053629,346.6078000055859
nominal_heatup,65,130.0,130.0,130.0,130.0,0.0,-101818.9521239053,optimal,-101826.03653286835,False,False,max_iterations,max_iterations,0.00219127148186848,0.03637104076242068,False,5,5,0.0,8000,8000,5.304954697749054e-07,7.688524705784516e-07,10.0,0,0,1.0429966623567835e-05,78.42784494406874,79.65337861958591,83.26961456008871,0.0005499752700757756,0.0008269513780813432,0.0029070797804485924,78.42784494406877,79.65337861958594,83.26961456008874,0.000549975270075777,0.0008269513780813502,0.002907079780448611,1.1641786564642513,1.1641786564642533,134026334f8caf52,75ddc9a3434a2c37,False,False,1.633599997148849,6.156500006909482,7.790100004058331,1.8675000028451905,328.1797999952687,330.0472999981139
nominal_heatup,66,130.0,130.0,130.0,130.0,0.0,-90163.84082646164,optimal,-90154.81227669585,True,True,converged(kkt(residual=2.53e-02<=tol=3.43e-02); obj_plateau(range=6.46e-16)),converged,0.025320374607233003,0.03434101942415523,False,5,5,0.0,201,8000,6.110943360226884e-07,8.672583629021346e-07,10.0,0,0,0.00020768740282482663,79.34556460405534,80.55209335323579,84.11061145147468,0.0007444407920444463,0.0011206365717722903,0.003916591951351883,79.34556460405537,80.55209335323582,84.11061145147471,0.0007444407920444479,0.0011206365717723007,0.003916591951351905,1.164377254198572,1.1643772541985693,7fe852072ccaaef7,47fdeda37e05d7ff,False,False,1.2494999973569065,5.095700005767867,6.3452000031247735,1.232700000400655,13.915800009272061,15.148500009672716
nominal_heatup,67,130.0,130.0,130.0,130.0,0.0,-75588.44415568828,optimal,-75556.83821705185,False,False,max_iterations,max_iterations,0.05247569672717621,0.031866679459142885,False,5,5,0.0,8000,8000,6.663638743020783e-07,9.7083845140844e-07,10.0,0,0,0.0005048595926549848,80.25157775443296,81.44002521218513,84.94304248452,0.001008907354669381,0.001518588440871167,0.005262601461616995,80.25157775443299,81.44002521218516,84.94304248452003,0.0010089073546693866,0.0015185884408711794,0.005262601461617021,1.1644013940425086,1.1644013940425086,11a92dc1e456d331,fdcd87e3e6f68d77,False,False,1.7886999994516373,6.579399996553548,8.368099996005185,1.8519000004744157,487.75810000370257,489.610000004177
nominal_heatup,68,130.0,130.0,129.98070246310226,129.98070246310226,-0.01929753689773861,-56749.39957301054,optimal,-56781.208001898274,True,True,converged(kkt(residual=3.94e-03<=tol=2.88e-02); obj_plateau(range=4.29e-14)),converged,0.0039432412260067065,0.028815219747691644,False,5,5,0.0,201,8000,6.113572226240649e-07,8.942034579462188e-07,10.0,0,0,4.9950530830249624e-05,81.1474160036229,82.31888609262268,85.76895901918326,0.0013678110793140352,0.002056409687077168,0.0070503417199141195,81.14741600362292,82.3188860926227,85.76895901918328,0.001367811079314047,0.0020564096870771863,0.007050341719914163,1.1643596554689415,1.164359655468941,7d674d5f7674b5f1,cd2d8c40869201a6,False,False,1.800600002752617,7.431000005453825,9.231600008206442,1.7977000097744167,15.43169999786187,17.229400007636286
nominal_heatup,69,126.0,126.0,125.98070246310233,125.98070246310233,-0.019297536897667555,-32801.37369245575,optimal,-32800.66928670844,True,True,converged(kkt(residual=6.75e-07<=tol=2.52e-02); obj_plateau(range=6.65e-16)),converged,6.75189974270864e-07,0.025165465819627683,False,5,5,0.0,201,8000,6.59361901966804e-07,9.556199360716278e-07,10.0,0,0,-1.4294681513042515e-08,82.03502681098917,83.19084727609174,86.59093867531229,0.0018537380486049763,0.002781276491450175,0.009415696603958829,82.0350268109892,83.19084727609177,86.59093867531232,0.0018537380486049937,0.002781276491450212,0.00941569660395888,1.1643695061459762,1.1643695061459745,3d9debb71f006bbd,06e181333456e661,True,True,1.4873999898554757,6.540300004417077,8.027699994272552,1.7405999969923869,56.58580000454094,58.32640000153333
nominal_heatup,70,122.0,122.0,121.98070246310233,121.98070246310233,-0.019297536897667555,-2030.6348071045286,optimal,-2038.9780415980058,True,True,converged(kkt(residual=9.06e-07<=tol=2.10e-02); obj_plateau(range=7.14e-15)),converged,9.055407363022832e-07,0.02095481508575772,False,5,5,0.0,201,8000,6.533311704970401e-07,9.468795214573333e-07,10.0,0,0,-2.9721311335367857e-07,82.91689697522979,84.05867461721584,87.412234102917,0.0025100594802886338,0.00375559695020257,0.01253366642509912,82.91689697522982,84.05867461721587,87.41223410291703,0.002510059480288654,0.0037555969502026144,0.012533666425099226,1.1645625162363449,1.1645625162363435,86d1cb0420495317,0eab831294be9bcf,True,True,1.76830000418704,15.477899985853583,17.246199990040623,11.664100005873479,77.1383999963291,88.80250000220258
nominal_heatup,71,118.00000000000001,118.00000000000001,117.98070246310235,117.98070246310235,-0.019297536897667555,40374.772495149344,optimal,40419.2451572579,False,False,max_iterations,max_iterations,0.10458423732665456,0.0217667955705142,False,5,5,0.0,8000,8000,6.376644847705393e-07,9.291995155535915e-07,10.0,0,0,0.0016675664652426219,83.79621552972407,84.92590665561903,88.23696665853336,0.003394454966651837,0.0050618905306661745,0.01662922679636177,83.7962155297241,84.92590665561906,88.23696665853339,0.0033944549666518613,0.0050618905306662266,0.01662922679636189,1.1650915837151197,1.165091583715119,b7a993df5064f278,048747e1aa15a48f,True,True,2.1194000000832602,9.406900004250929,11.526300004334189,2.040200008195825,2364.229799990426,2366.2699999986216
nominal_heatup,72,114.0,114.0,113.98070246310235,113.98070246310235,-0.019297536897653345,108206.59764050941,optimal,108456.74854330684,False,False,max_iterations,max_iterations,0.4755398131433639,0.03554950095511698,False,5,5,0.0,8000,8000,6.329394324211535e-07,9.223966372928771e-07,10.0,0,0,0.002780001325910944,84.67709107705628,85.79709227301232,89.070381713082,0.004583682868340428,0.006809385686102542,0.021991385533526475,84.6770910770563,85.79709227301235,89.07038171308204,0.004583682868340464,0.006809385686102616,0.021991385533526652,1.1661410862828399,1.1661410862828383,8ce13768a91fdf78,531d57f4cbb9e281,True,True,1.2194000009912997,6.997500007855706,8.216900008847006,1.774499993189238,2212.1811999968486,2213.955699990038
nominal_heatup,73,110.0,110.0,109.98070246310235,109.98070246310235,-0.019297536897653345,229693.44155899782,optimal,230500.57206881366,False,False,max_iterations,max_iterations,1.3837453959730277,0.05915733295494965,False,5,5,0.0,8000,8000,6.453971082009957e-07,9.406629857267035e-07,10.0,0,0,0.004008803617741119,85.5648464189111,86.67811322409723,89.91919045961777,0.006180149049943025,0.009143100525628176,0.02899159883398972,85.56484641891113,86.67811322409727,89.91911551682415,0.006180149049943068,0.009143100525628278,0.028991598833990027,1.167941507712736,1.1679408466109924,897c5bf2fab7431b,5cb639afb0d1ffcc,True,True,2.331900002900511,6.792000000132248,9.123900003032759,1.2715000048046932,2170.511099990108,2171.7825999949127
nominal_heatup,74,105.99999999999999,105.99999999999999,105.98070246310233,105.98070246310235,-0.019297536897639134,474072.08946495014,optimal,476352.0041741673,False,False,max_iterations,max_iterations,3.178364892820456,0.09679876792386781,False,5,5,0.0,8000,8000,6.422309297704487e-07,9.361963266840689e-07,10.0,0,0,0.0054010585953097575,86.46642630771652,87.57663126830742,90.77650176568609,0.008321147062830056,0.012256619320811018,0.038108255593280585,86.46642630771656,87.57660341411693,90.77629589282354,0.008321147062830138,0.012256619320811159,0.038108151234324913,1.1706518276892943,1.1706498647205081,d1f0cbb2f6e6e217,d9bb139efca174cb,True,True,1.3378000003285706,5.586700004641898,6.924500004970469,1.3851999974576756,1850.0944999977946,1851.4796999952523
nominal_heatup,75,101.99999999999997,101.99999999999997,101.98070246310235,101.98070246310235,-0.019297536897624923,1021069.1337313594,optimal,1027133.297934859,False,False,max_iterations,max_iterations,5.945765957244507,0.15725859093070899,False,5,5,0.0,8000,8000,6.634147240447419e-07,9.672824718975903e-07,10.0,0,0,0.006712788396683853,87.39097626199025,88.49695046222594,91.6417152448056,0.011192198561074394,0.01641054849661532,0.049931834889274294,87.39095555670583,88.49686617687402,91.6413263884471,0.01119219856107451,0.016410530593123418,0.04993134540841255,1.174525888175712,1.1745218419494334,c0f9f290a9d29ee6,320d442e1ffb2914,True,True,1.3598999939858913,5.076700006611645,6.436600000597537,1.2150000111432746,1992.2384999954375,1993.4535000065807
nominal_heatup,76,97.99999999999997,97.99999999999997,97.98070246310233,97.98070246310235,-0.019297536897624923,2412298.125694839,optimal,2428402.3046686286,False,False,max_iterations,max_iterations,10.022630341877159,0.2591217718439361,False,5,5,0.0,8000,8000,6.088497457312769e-07,8.824121211503666e-07,8.94077683970527,0,0,0.007741652919499481,88.34639752244581,89.44644927233456,92.51806012636227,0.015046914377712908,0.021955075656455367,0.06518310470964248,88.34632912769864,89.44627282489522,92.51744456471411,0.015046902015134384,0.021954982789124607,0.06518165118654994,1.179916220974422,1.1799091997787479,e22b300c2c1a4b44,ea106e09859a18cd,True,True,2.308899987838231,8.765800012042746,11.074699999880977,2.027099995757453,2045.0569999957224,2047.08409999148
nominal_heatup,77,93.99999999999997,93.99999999999997,93.98070246310235,93.98070246310235,-0.019297536897624923,6468245.268781971,optimal,6512771.559923523,False,False,max_iterations,max_iterations,16.64699195426797,0.4400913089872787,False,5,5,0.0,8000,8000,6.796877443093763e-07,9.850783557752152e-07,67.55778967042352,0,0,0.008360414951066706,89.3434982819535,90.43545761777781,93.4143146726347,0.0202342045479066,0.029364713724122544,0.08472816533236233,89.34334760250032,90.43515066800914,93.41342825347857,0.020234135384576593,0.029364405253614154,0.08472471670920553,1.18733571899914,1.1873245529903647,c3c997f749ad649a,da671a3355e4e5d8,True,True,2.66320000810083,11.325799991027452,13.988999999128282,2.5356999976793304,2077.3161000106484,2079.8518000083277
nominal_heatup,78,89.99999999999997,89.99999999999997,89.98070246310236,89.98070246310236,-0.019297536897610712,18937221.209728174,optimal,19057958.724079594,False,False,max_iterations,max_iterations,26.507353202183808,0.7512578969663544,False,5,5,2.813490785364573,8000,8000,6.699255834519136e-07,9.709299719773412e-07,228.07619155080897,0,0,0.008158365983683923,90.39749303663447,91.47995794305781,94.34409595782131,0.027240679233974545,0.039288969118057286,0.1095961816557526,90.39722019151033,91.4794759291681,94.3428889655948,0.027240436483179722,0.0392881467088915,0.1095890380769094,1.197507421333365,1.1974904517938123,bda86342fa8fa474,7820e99aaab2c6f3,True,True,2.2326000034809113,7.523599997512065,9.756200000992976,1.3635000068461522,1788.2261000049766,1789.5896000118228
nominal_heatup,79,85.99999999999997,85.99999999999997,85.98070246310238,85.98070246310238,-0.0192975368975965,29142076.932858903,optimal,29362578.118707538,False,False,max_iterations,max_iterations,25.811676751683077,0.8437749129302106,False,5,5,9.814366252105877,8000,8000,6.26185908458865e-07,9.077004259339105e-07,243.13155492779282,0,0,0.0065389280565345455,91.5312477197182,92.60358108377882,95.3262446700373,0.03675770149285513,0.05263219708436957,0.1409943570841815,91.53080429492155,92.60286919871336,95.3246542969496,0.036757022231370444,0.0526302712167403,0.14098086343615296,1.211449607796557,1.2114243244088918,a86c324d82e13b09,6f14bbd94b3dc68b,True,True,1.1934000067412853,4.60699999530334,5.800400002044626,1.3591000024462119,169.339799991576,170.6988999940222
nominal_heatup,80,89.99999999999997,89.99999999999997,89.98070246310233,89.98070246310233,-0.019297536897639134,36704738.2417844,optimal,36641517.53914675,False,False,max_iterations,max_iterations,5.8774752869276945,0.8888965157511562,False,5,5,20.724639522665328,8000,8000,7.257541483340901e-07,8.722039748221277e-07,246.88239174550193,0,0,0.0013706746042791915,92.77918301577034,93.8411954200602,96.38516565731932,0.04979432686495195,0.0706834194599934,0.1803171229390338,92.77850587216422,93.8401798286389,96.38310797150109,0.04979265977848144,0.07067926764729449,0.18029329619809578,1.2305942947078155,1.2305567777368727,f2c608b33750e7a7,20da1aa1d0622ac6,True,True,1.5481000009458512,4.888199997367337,6.4362999983131886,1.224699997692369,489.1222000005655,490.34689999825787
nominal_heatup,81,85.99999999999996,85.99999999999996,85.98070246310229,85.98070246310233,-0.019297536897624923,29176757.2851323,optimal,29175235.912204348,True,True,converged(kkt(residual=1.17e-01<=tol=7.66e-01); obj_plateau(range=0.00e+00)),converged,0.11693499648864417,0.7657995801214197,False,5,5,38.81138736111704,301,8000,6.620835932835689e-07,9.653223722594362e-07,193.676573501188,0,0,3.014668163607209e-05,94.19397407046621,95.24459945055114,97.55153414032769,0.06787786085321222,0.09533850709855915,0.22913646123759837,94.19297232303936,95.24317227609633,97.54889445715133,0.06787408220485425,0.09533001601720853,0.229096539430979,1.2569484829694733,1.2568925430523308,ec52ede82e4b2a6b,f90806866a033cec,True,True,1.8871000065701082,4.956899996614084,6.844000003184192,1.2095000129193068,43.44319998926949,44.652700002188794
nominal_heatup,82,89.99999999999994,89.99999999999994,87.97391547527923,87.97391547527923,-2.0260845247207158,19008339.006408717,optimal,19008876.071771193,False,False,max_iterations,max_iterations,0.7554343247472454,0.6197308232691191,False,5,5,71.19468504479143,8000,8000,6.606236553352574e-07,9.897486314969228e-07,160.50664859618018,0,0,0.00024040142651979515,95.858730568924,96.89287306858856,98.86296864758168,0.093434544076487,0.12949984845345588,0.2891444295796589,95.85726000276745,96.8908644909862,98.85959155050072,0.09342635320938142,0.12948300407714297,0.28908041136016666,1.2932475687810614,1.2931635595360074,0dd0770089a7b895,e4a640398b9e8f95,True,False,1.3244999863673002,5.086100005428307,6.410599991795607,1.2455000105546787,339.31189999566413,340.5574000062188
nominal_heatup,83,93.99999999999996,93.99999999999996,91.21306644140277,91.21306644140277,-2.786933558597184,9753051.214535123,optimal,9747185.207601074,False,False,max_iterations,max_iterations,0.7381623144310454,0.4457637751413671,False,5,5,131.84486841526336,8000,8000,6.608140523667316e-07,9.798213129741384e-07,118.02113402193868,0,0,0.00032934524557415334,97.91166268800623,98.91229677898936,100.3642131751305,0.13057060913306123,0.17783706478818284,0.3619811355652087,97.90947111523784,98.90941973276189,100.3598963602212,0.13055313348292502,0.17780403263889624,0.3618825686214758,1.3427927434850884,1.342666662093528,5522d5e75b658cb5,b986eafc589eeba7,True,False,1.9733000081032515,6.763699988368899,8.73699999647215,1.6734999953769147,454.33300000149757,456.0064999968745
nominal_heatup,84,97.99999999999996,97.99999999999996,95.21306644140277,95.21306644140277,-2.786933558597184,1519843.2198277896,optimal,1523814.749914531,False,False,max_iterations,max_iterations,0.860591641729583,0.18613261346927323,False,5,5,191.666920649108,8000,8000,6.304737212303735e-07,9.137519869639732e-07,10.0,0,0,0.0010263617585176933,100.60122716645787,101.51751077952161,102.10596203483205,0.18683678083586278,0.2483230429940918,0.44880864153102273,100.59782384439504,101.51324090366512,102.1004663456144,0.18679899914668618,0.24825784073565882,0.4486633989271157,1.4073030558181963,1.4071207279469833,627c8e429cab60b7,5f3e31c0af1fce02,True,True,2.0461999956751242,5.632600004901178,7.678800000576302,1.4534000074490905,325.096599990502,326.5499999979511
nominal_heatup,85,101.99999999999996,101.99999999999996,99.21306644140277,99.21306644140277,-2.786933558597184,1126995.432730842,optimal,1135327.7185453575,False,False,max_iterations,max_iterations,0.29042519561475716,0.1632485323000203,False,5,5,121.49599173372567,8000,8000,6.525812352720095e-07,9.457926184452958e-07,10.0,0,0,0.0004180879729276617,104.42520608547386,105.10149658247683,104.17360819205444,0.2777205611545042,0.35548646637073705,0.5493805635896915,104.4194997778867,105.09478874725791,104.1667086609914,0.2776348100436729,0.35535462567474996,0.549178360021506,1.4735143937342212,1.4733051356710216,4fae38c6c264b486,09c756608af7bd47,True,True,1.805800013244152,6.818199995905161,8.624000009149313,1.6706999886082485,289.31849999935366,290.9891999879619
nominal_heatup,86,105.99999999999997,105.99999999999997,103.21306644140276,103.21306644140276,-2.7869335585972124,-97673.97695507198,optimal,-95312.59770569579,False,False,max_iterations,max_iterations,0.005125221233620299,0.04583722016504632,False,5,5,85.92342483623312,8000,8000,5.654979418068251e-07,8.395234836200416e-07,10.0,0,0,3.497329304808888e-05,110.53204865106466,110.43552435292857,106.63850786674986,0.4397778836634213,0.5269747169049016,0.6608212000404559,110.52115818465863,110.42415903405228,106.63009053912936,0.43956374814122046,0.5266994894484245,0.6605625666879492,1.4003586287754022,1.4006597514490757,6e73ae2df0c1270b,ff6ded1b6bf7d97b,True,True,1.2258000060683116,4.723499994724989,5.949300000793301,1.1942999990424141,254.22790000448003,255.42220000352245
nominal_heatup,87,109.99999999999997,109.99999999999997,107.21306644140276,107.21306644140276,-2.7869335585972124,-94963.73294853307,optimal,-93280.86167778743,True,True,converged(kkt(residual=5.37e-03<=tol=3.67e-02); obj_plateau(range=6.15e-14)),converged,0.005365784489659876,0.036654001430134475,False,5,5,32.614986116901186,251,8000,5.310063784236263e-07,7.695929413742419e-07,10.0,0,0,3.7684294079395574e-05,121.91163027337625,118.73923430696682,109.66087749686609,0.7709218610341926,0.8068696258089016,0.7749439106803413,121.88687410780342,118.71975220786123,109.64317588077252,0.7703169713563089,0.8063228931083186,0.7746561703096011,1.167786591758611,1.1673361746020752,90b2ab47ead998ff,84cb05d48493c146,True,True,1.2170000118203461,4.57079999614507,5.787800007965416,1.7472000035922974,9.022400001413189,10.769600005005486
nominal_heatup,88,113.99999999999999,113.99999999999999,111.21306690329278,111.21306644140276,-2.7869335585972266,-88555.1472648595,optimal,-87201.82689283343,False,False,max_iterations,max_iterations,0.0018752270704917985,0.03435018594661519,False,5,5,14.627631214647039,8000,8000,6.711837983175428e-07,9.72753508854396e-07,10.0,0,0,1.4598923147371947e-05,138.16696757212503,126.35259031999459,113.5631205821991,1.0,1.0,0.8778583383998092,138.1514756980955,126.34420562382124,113.52384448344847,1.0,1.0,0.8774943709859365,1.4822874390054606,1.477744165849501,76b106471774dbe0,e5ce11aebd7caf52,True,True,1.2042000016663224,5.047900005592965,6.252100007259287,1.2597999884746969,258.8856000074884,260.1453999959631
nominal_heatup,89,118.0,118.0,115.21306686221588,115.21306644140276,-2.786933558597241,-92215.21643535024,optimal,-90977.19711436276,False,False,max_iterations,max_iterations,0.0023010603961721196,0.03468324146316554,False,5,5,2.405649519645337,8000,8000,5.782846983493073e-07,8.72317798439326e-07,10.0,0,0,1.7700890265890352e-05,129.38480456385028,125.99017506210573,117.02799354494442,1.0,1.0,0.9536432687106603,129.37459577780157,125.96766733090786,116.96894625815624,1.0,1.0,0.9531949140305741,0.9818721950746225,0.9818669843604914,6aa84ed5c18b9230,845fb0ad964f8fa0,True,True,1.2303000112297013,4.572599995299242,5.802900006528944,1.291799999307841,254.333900011261,255.62570001056883
nominal_heatup,90,121.99985246218503,121.99985246218503,119.21306690162942,119.21306644140276,-2.786786020782273,-95026.6138545656,optimal,-93952.97170187446,False,False,max_iterations,max_iterations,0.0013270803592242233,0.03499256684350457,False,5,5,0.0,8000,8000,4.978025742730097e-07,9.53915673562733e-07,10.0,0,0,1.0084940900133068e-05,126.86142233211706,123.92086796648114,116.96799737242722,1.0,1.0,0.9837178061991776,126.84207118174184,123.88935066212629,116.88763633550576,1.0,1.0,0.9834549797851825,0.9822054609527281,0.9822024856223356,c7771ca3a5bab4e1,01d08b5d1cb7058a,False,True,1.2298000074224547,4.6322999987751245,5.862100006197579,1.2385000009089708,257.90609999967273,259.1446000005817
nominal_heatup,91,125.99990546908477,125.99990546908477,123.21306689434698,123.21306644140276,-2.7868390276820065,-94419.69396309424,optimal,-93591.00228032877,True,True,converged(kkt(residual=2.75e-04<=tol=3.47e-02); obj_plateau(range=1.67e-08)),converged,0.00027515721348232914,0.034681563110249176,False,5,5,0.0,701,8000,5.212088041162133e-07,9.387878776578873e-07,10.0,0,0,1.396422355403014e-07,124.67557476498848,122.42959955652924,116.19135351076761,1.0,1.0,0.9901910806349686,124.64717995999206,122.3844501974742,116.07850167167902,1.0,1.0,0.9900120476396514,0.9822752884721719,0.9822732257384218,8641080373060fd3,b4340e87921f1576,True,True,1.224999999976717,4.625000001396984,5.850000001373701,1.2030000070808455,23.324599998886697,24.527600005967543
nominal_heatup,92,129.99995185294222,129.99995185294222,127.21306644140276,127.21306644140276,-2.7868854115394583,-91406.92884658687,optimal,-91298.30482441356,True,True,converged(kkt(residual=1.05e-03<=tol=3.41e-02); obj_plateau(range=2.44e-08)),converged,0.001046683989241004,0.0340929381091374,False,5,5,0.0,501,8000,5.135545535495112e-07,7.442998084528085e-07,10.0,0,0,2.0888711389201394e-07,123.00603942069634,120.94578147123623,115.78044080548403,1.0,1.0,0.9929647141951886,122.9651901949773,120.88169615892285,115.63288896709761,1.0,1.0,0.9928180660800273,0.982305024722138,0.9823032940216141,04d33420cdf505fa,41f4acb9e689f74a,True,True,1.9274000078439713,4.939399994327687,6.866800002171658,1.2324999988777563,17.311499992501922,18.54399999137968
nominal_heatup,93,130.0,130.0,130.0,130.0,0.0,-86464.2267556346,optimal,-87292.73845112507,True,True,converged(kkt(residual=1.06e-02<=tol=3.34e-02); obj_plateau(range=2.87e-14)),converged,0.010619634808649933,0.033364542685676526,False,5,5,0.0,201,8000,5.569977332697817e-07,8.072624781974014e-07,10.0,0,0,9.013173080632188e-05,121.47455614695969,119.79170699118963,115.37313064417454,1.0,1.0,0.9945750327626356,121.41643448310947,119.70523566875174,115.18933918651834,1.0,1.0,0.9944457488772523,0.9823222188034351,0.9823206492598991,4cc61aa22a803149,8c2f94bea6a7aea4,False,False,1.2463999883038923,4.602900007739663,5.849299996043555,1.193300005979836,10.76459999603685,11.957900002016686
nominal_heatup,94,130.0,130.0,129.99999999999997,129.99999999999997,-2.842170943040401e-14,-80218.44360318621,optimal,-81914.41368078599,True,True,converged(kkt(residual=3.19e-02<=tol=3.25e-02); obj_plateau(range=1.00e-13)),converged,0.03192520045902938,0.03249365744234061,False,5,5,0.0,201,8000,5.692087370334775e-07,8.292185809111174e-07,10.0,0,0,0.00028751615409189357,120.2236179647,118.77491187677295,115.07336372836414,1.0,1.0,0.9956151744290439,120.14442271248939,118.6628061109953,114.85237768107638,1.0,1.0,0.9954965199864528,0.9823333141466939,0.9823318284607586,251ff898bb83702c,a9199c58df71c7ca,False,False,1.4888000005157664,4.75670000014361,6.245500000659376,1.181600004201755,8.653099997900426,9.834700002102181
nominal_heatup,95,129.99999999999997,129.99999999999997,130.0,130.0,2.842170943040401e-14,-73916.63434271548,optimal,-75783.50754507117,False,False,max_iterations,max_iterations,0.04265195794495016,0.03141438950595296,False,5,5,0.0,8000,8000,5.463946024519828e-07,7.959824985803721e-07,10.0,0,0,0.0004126850820704191,119.14672895533973,117.93759198318818,114.83319824670501,1.0,1.0,0.9963454776898754,119.04306982419045,117.79725032856346,114.57426193767058,1.0,1.0,0.9962340218349504,0.9823411060317363,0.9823396637065468,ea129c68ba06b627,ff09cb21420b8c48,False,False,1.1885999992955476,4.789300000993535,5.9779000002890825,1.2099000014131889,360.6984999933047,361.9083999947179
nominal_heatup,96,130.0,130.0,130.0,130.0,0.0,-67665.65859196636,optimal,-69729.81575519215,False,False,max_iterations,max_iterations,0.04265615891671079,0.030363671883658832,False,5,5,0.0,8000,8000,5.893091383768478e-07,8.584995114802041e-07,10.0,0,0,0.0004441039070355838,118.24792254666069,117.23317678246762,114.67578025031958,1.0,1.0,0.9968861620495307,118.11699563035091,117.06239062489249,114.37843317511128,1.0,1.0,0.9967799358489877,0.9823468982936061,0.9823454760594773,9d4bcb6d3e9dceea,be5e3288021a1180,False,False,1.327799996943213,5.237700010184199,6.565500007127412,1.2677000049734488,358.8770999922417,360.14479999721516
nominal_heatup,97,130.0,130.0,129.99999999999997,129.99999999999997,-2.842170943040401e-14,-61500.94145316164,optimal,-63788.92799612536,False,False,max_iterations,max_iterations,0.03234560721794914,0.029348617816180464,False,5,5,0.0,8000,8000,6.834311108150359e-07,9.92977875924339e-07,10.0,0,0,0.0003600037918916533,117.49361594861357,116.6598156048153,114.59312836840489,1.0,1.0,0.9973042676717495,117.33305984858059,116.45680480100181,114.25709393224056,1.0,1.0,0.9972020837222921,0.9823468807357462,0.9823469895897874,fa1d4d6fb913cf9f,e3336a40777ce23d,False,False,1.2115999998059124,5.166000002645887,6.3776000024518,1.2446000037016347,380.4879999952391,381.7325999989407
nominal_heatup,98,130.0,130.0,130.00000000000003,130.0,0.0,-56109.826576982596,optimal,-58404.28913172867,False,False,max_iterations,max_iterations,0.010342805810069706,0.028444505936368488,False,5,5,0.0,8000,8000,5.486106999796903e-07,7.951070530864968e-07,10.0,0,0,0.00011707017924001385,116.87381429683614,116.20158520338924,114.57345391157318,1.0,1.0,0.9976385775701885,116.68169968795318,115.96491240126578,114.20944920807183,1.0,1.0,0.9975396923700685,0.9823448904782452,0.9823450664901796,8995472d8b50e6ac,4b9ab3b928441222,False,False,2.028500006417744,6.961799997952767,8.99030000437051,2.3530000034952536,329.30409999971744,331.6571000032127
nominal_heatup,99,130.0,130.0,130.0,130.0,0.0,-51585.18686214997,optimal,-53833.06075888364,True,True,converged(kkt(residual=1.20e-03<=tol=2.77e-02); obj_plateau(range=2.83e-08)),converged,0.0011954566564800438,0.027690846505124465,False,5,5,0.0,501,8000,5.4743436805893e-07,7.974960283263499e-07,10.0,0,0,2.468006933079108e-07,116.37411589110842,115.84630245141294,114.60333565753751,1.0,1.0,0.9979128654311169,116.14887915415716,115.57886492161283,114.21895984036492,1.0,1.0,0.9978172074916427,0.9823424216408957,0.982342702129707,46c9da6905906eae,31bbecd29890bb45,False,False,1.5500000008614734,4.895599995506927,6.445599996368401,1.2415999954100698,22.117200001957826,23.358799997367896
nominal_heatup,100,130.0,130.0,129.86781533236245,129.86781533236245,-0.13218466763754577,-47716.87732189539,optimal,-49929.17548099366,True,True,converged(kkt(residual=1.77e-02<=tol=2.71e-02); obj_plateau(range=7.20e-13)),converged,0.017662522840042657,0.027053294595273204,False,5,5,0.0,201,8000,7.015481600092244e-07,9.425110478744614e-07,10.0,0,0,0.00025340876622278986,115.98176819757866,115.58049947262326,114.67273575897944,1.0,1.0,0.9981424059126098,115.72516169530098,115.28528405636628,114.27462367201159,1.0,1.0,0.9980501164565021,0.9823393266123085,0.9823397704769599,5db3d6a0a295b3b1,a15259da1af355f4,False,False,1.1740000045392662,4.800099995918572,5.974100000457838,1.2862000003224239,11.451799990027212,12.737999990349635
nominal_heatup,101,130.0,130.0,129.69087862608697,129.69087862608697,-0.30912137391302963,-44365.10957168245,optimal,-46504.686213971996,False,False,max_iterations,max_iterations,0.030067420088524966,0.02649816488676098,False,5,5,0.0,8000,8000,5.966744680563352e-07,8.725216877891739e-07,10.0,0,0,0.00045901225322615106,115.68348693590274,115.39224911212568,114.77337518236125,1.0,1.0,0.9983375080857204,115.39818067494099,115.07313969168193,114.36613881751495,1.0,1.0,0.998248795959754,0.9823353823121168,0.9823360831861103,660f3399141ca4db,62493fce3bb3cfdd,False,False,1.9596000056480989,6.4390999905299395,8.398699996178038,1.993800004129298,505.04849999560975,507.04229999973904
nominal_heatup,102,130.0,130.0,129.53511388357293,129.53511388357293,-0.464886116427067,-41413.56121085286,optimal,-43484.688499770615,False,False,max_iterations,max_iterations,0.030231801731252443,0.02601298407995769,False,5,5,0.0,8000,8000,6.315372615972592e-07,9.15293395742367e-07,10.0,0,0,0.00048637932091560485,115.46699663869947,115.27047571566254,114.89894911925747,1.0,1.0,0.9985053984442888,115.15656295456252,114.93117562734788,114.48611162234795,1.0,1.0,0.9984204447831795,0.9823302364061409,0.9823313503849223,d25c58cf95f3bd17,2e6cc413bf4384e7,False,False,1.2092999968444929,5.086999997729436,6.296299994573928,1.1998999980278313,526.6474999953061,527.847399993334
nominal_heatup,103,130.0,130.0,129.3962361682535,129.3962361682535,-0.6037638317465053,-38782.99729947259,optimal,-40800.53943195901,True,True,converged(kkt(residual=2.19e-02<=tol=2.56e-02); obj_plateau(range=1.78e-13)),converged,0.02187927405330932,0.025587106018376427,False,5,5,0.0,251,8000,5.969069292177664e-07,8.728611318176149e-07,10.0,0,0,0.00036272203536094703,115.32091371415635,115.20543088434844,115.04440459602104,1.0,1.0,0.9986513191751448,114.98902232120062,114.8495278031649,114.6285308175649,1.0,1.0,0.9985702531969874,0.9823232979434253,0.9823251001086646,1673f4c02be802c8,0a9a2a79b14117f8,False,False,1.186299996334128,5.800899991299957,6.987199987634085,1.7407999985152856,14.97170000220649,16.712500000721775
nominal_heatup,104,127.48669284367095,127.48669284367095,129.4181139400535,129.4181139400535,1.9314210963825502,-36427.67378456073,optimal,-38390.08106313616,False,False,max_iterations,max_iterations,0.005398099777990602,0.02520898402580083,False,5,5,0.0,8000,8000,6.439690878323745e-07,9.377323957338035e-07,10.0,0,0,7.988692126512242e-05,115.23507008360468,115.18850362410683,115.20573369794738,1.0,1.0,0.9987791807943064,114.88532971260972,114.81923556090571,114.7887822450107,1.0,1.0,0.9987020729232847,0.9823134959866198,0.9823165120509935,85ef915624b12fa6,f38fd4ba13aeedcd,False,False,1.2965999922016636,5.003800004487857,6.300399996689521,1.193300005979836,483.5574999888195,484.7507999947993
nominal_heatup,105,123.48669284367095,123.48669284367095,127.12531033841323,127.12531033841323,3.6386174947422774,-33800.85260664699,optimal,-36244.4033293462,True,True,converged(kkt(residual=1.05e-03<=tol=2.49e-02); obj_plateau(range=2.21e-08)),converged,0.0010462547692522573,0.024879763784213076,False,5,5,0.0,551,8000,6.270011567721667e-07,9.087191701340203e-07,10.0,0,0,1.8184210545740624e-07,115.20045512004792,115.21221505396827,115.37967896366038,1.0,1.0,0.9988919728094758,114.83619892883915,114.83248228661735,114.96262771162723,1.0,1.0,0.9988188400070639,0.9822986665535975,0.9823040204538966,08de89a44808a7d7,136d17a6c58470c7,True,False,1.1990999919362366,4.645400011213496,5.844500003149733,1.2068000069120899,32.42590000445489,33.63270001136698
nominal_heatup,106,119.48669284367095,119.48669284367095,123.12531033841321,123.12531033841323,3.6386174947422774,-31210.663037505514,optimal,-33823.850754588566,True,True,converged(kkt(residual=5.71e-07<=tol=2.44e-02); obj_plateau(range=4.30e-16)),converged,5.712573858352032e-07,0.02442678703471487,False,5,5,0.0,251,8000,6.420127220962968e-07,9.304755623773531e-07,10.0,0,0,-1.1423046713655954e-08,115.20919681285584,115.2700859712025,115.56358275220734,1.0,1.0,0.998992028944209,114.83343617993256,114.88223516270912,115.14654907615544,1.0,1.0,0.9989228353332108,0.9822736572388161,0.9822842153481507,7486c7c7597e46e7,07afd376f72ac977,True,True,1.1849000002257526,4.614599994965829,5.7994999951915815,1.262899997527711,29.00219999719411,30.265099994721822
nominal_heatup,107,115.48669284367095,115.48669284367095,119.12531033841323,119.12531033841323,3.6386174947422774,-28994.86588406493,optimal,-31347.34591487379,True,True,converged(kkt(residual=5.87e-07<=tol=2.39e-02); obj_plateau(range=8.12e-16)),converged,5.868865326205935e-07,0.02390240400468291,False,5,5,0.0,201,8000,6.780717427545824e-07,9.87806213714748e-07,10.0,0,0,-1.219050258751274e-08,115.2544584887466,115.3565398745931,115.75525148507799,1.0,1.0,0.9990812048233698,114.8697106794035,114.96233617910072,115.33775428711763,1.0,1.0,0.9990158668457041,0.9822221568133849,0.9822479075135299,2182d0daee5bf0bc,7b9134c1e66f76af,True,True,1.9644999993033707,6.892700010212138,8.857200009515509,1.959900007932447,32.97309999470599,34.93300000263844
nominal_heatup,108,111.48669284367095,111.48669284367095,115.12531033841326,115.12531033841326,3.638617494742306,-27113.520519625145,optimal,-29216.466513037703,True,True,converged(kkt(residual=5.28e-07<=tol=2.34e-02); obj_plateau(range=3.74e-16)),converged,5.28172450916908e-07,0.023427249130418944,False,5,5,0.0,201,8000,6.04860744601865e-07,8.766308328134187e-07,10.0,0,0,-1.131532716686032e-08,115.33034021754892,115.46678923138784,115.95286663685062,1.0,1.0,0.9991609998856466,114.9385634187146,115.06744247166264,115.53404621758244,1.0,1.0,0.9990993952521546,0.9820367104277263,0.9821571840555365,4c6f7a2536f72974,a4f3bf01d24d1fa5,True,True,1.3215000071795657,4.677199991419911,5.998699998599477,1.3558000064222142,30.719799993676133,32.07560000009835
nominal_heatup,109,107.48669284367094,107.48669284367094,111.15062959760736,111.15062959760736,3.663936753936426,-25530.199977947406,optimal,-27397.573106912678,True,True,converged(kkt(residual=1.13e-05<=tol=2.30e-02); obj_plateau(range=2.94e-08)),converged,1.1252306322635595e-05,0.02299888823659025,False,5,5,0.0,251,8000,6.058708663658763e-07,8.826248256710301e-07,10.0,0,0,1.721206167341361e-07,115.43176896459825,115.59673656005504,116.14515203641548,1.0,1.0,0.999232643169345,115.03436507014212,115.19296552049971,115.7342564047113,1.0,1.0,0.9991746208363336,0.9823254654379807,0.9818358203381726,8ae991b35178db4b,21b8592aef856762,True,False,1.2355000071693212,4.365100001450628,5.600600008619949,1.190299997688271,14.246600010665134,15.436900008353405
nominal_heatup,110,104.73075163245878,104.73075163245878,108.03964269692011,108.03964269692011,3.308891064461335,-24215.13313710275,optimal,-25865.887204084713,True,True,converged(kkt(residual=2.65e-03<=tol=2.26e-02); obj_plateau(range=2.24e-08)),converged,0.002649703059637993,0.022616725736969417,False,5,5,0.0,451,8000,6.882470842128896e-07,9.9748350823603e-07,10.0,0,0,1.8394592898835336e-07,115.55439686816578,115.73925366964988,116.31824310083792,1.0,1.0,0.9992970712826046,115.15225998567607,115.33520110770372,115.92836414266168,1.0,1.0,0.9992425495125732,0.9840834827192095,0.9831472630079623,62ab64c26b20052e,16ed6571ed2c3673,False,False,1.1938000097870827,4.371699993498623,5.565500003285706,1.1918999953195453,28.52000000711996,29.711900002439506
nominal_heatup,111,102.98795624271551,102.98795624271551,105.80434919598855,105.80434919598855,2.816392953273038,-23370.933988494395,optimal,-24752.00976358348,True,True,converged(kkt(residual=2.13e-03<=tol=2.23e-02); obj_plateau(range=1.86e-08)),converged,0.0021257115204525107,0.022330087841144264,False,5,5,0.0,601,8000,6.835191186382872e-07,9.995136007745486e-07,10.0,0,0,1.501061495462695e-07,115.69180932158383,115.88574200869103,116.46117734923658,1.0,1.0,0.9993549951911137,115.2882484275784,115.48766939409903,116.10261589150171,1.0,1.0,0.9993039586389828,0.9857129494458681,0.9848154304154327,5724beb6a4082a66,9ce087278c90a0ff,False,False,1.2912000092910603,4.838499997276813,6.129700006567873,1.2575000000651926,32.55790000548586,33.815400005551055
nominal_heatup,112,101.9907796065134,101.9907796065134,104.27261891091854,104.27261891091854,2.281839304405139,-22892.2982227374,optimal,-24003.913892460674,True,True,converged(kkt(residual=2.05e-03<=tol=2.21e-02); obj_plateau(range=2.18e-08)),converged,0.0020478702164668542,0.022131668765170427,False,5,5,0.0,651,8000,6.748923766508597e-07,9.805711789212523e-07,10.0,0,0,1.7810231833337613e-07,115.8359682928492,116.02753613033975,116.56563060096204,1.0,1.0,0.999406992609996,115.43648708611083,115.64210889050364,116.24622365561515,1.0,1.0,0.9993594352976303,0.9871596113157489,0.9862985683902905,ebe406d2a31318be,4390c27b351d931d,False,False,1.2449000059859827,4.833400002098642,6.078300008084625,1.1766000097850338,38.36359998967964,39.540199999464676
nominal_heatup,113,101.56079793196874,101.56079793196874,103.32757830577481,103.32757830577481,1.7667803738060712,-22684.54922503024,optimal,-23543.739770647444,True,True,converged(kkt(residual=1.71e-03<=tol=2.20e-02); obj_plateau(range=1.91e-08)),converged,0.0017141378120986077,0.022003621577381994,False,5,5,0.0,701,8000,6.62665001982532e-07,9.628056689692244e-07,10.0,0,0,1.5450796866492577e-07,115.97836936402554,116.15633062005028,116.62558786021366,1.0,1.0,0.9994535652583282,115.5893351089643,115.79021784555036,116.3509047258197,1.0,1.0,0.9994094578027359,0.9884517128716271,0.9876273820986,3083f1b557714e11,9aca2aa1652c01ca,False,False,1.290200001676567,4.629200004274026,5.9194000059505925,1.1996999965049326,42.74610000720713,43.945800003712066
nominal_heatup,114,101.56676921940107,101.56676921940107,102.85134936451689,102.85134936451689,1.2845801451158252,-22682.46874242229,optimal,-23315.302221917253,True,True,converged(kkt(residual=1.82e-03<=tol=2.19e-02); obj_plateau(range=2.62e-08)),converged,0.0018186708549274475,0.021933095393729216,False,5,5,0.0,701,8000,6.563898580225214e-07,9.536883389671402e-07,10.0,0,0,2.1602943212447828e-07,116.11065604543185,116.26459738527059,116.6366853216233,1.0,1.0,0.9994951719197444,115.7386603675537,115.92394722347036,116.41080868447118,1.0,1.0,0.9994544452653958,0.9896106320497241,0.9888243450905986,fa70a90f923202be,0e07daee209e72d8,False,False,1.1993999942205846,4.590299999108538,5.789699993329123,1.1766999959945679,36.9702000025427,38.146899998537265
nominal_heatup,115,101.90516916254057,101.90516916254057,102.77265052336467,102.77265052336467,0.867481360824101,-22837.269004390375,optimal,-23269.63970481564,True,True,converged(kkt(residual=1.37e-03<=tol=2.19e-02); obj_plateau(range=1.78e-08)),converged,0.0013667904314750446,0.02190827088784021,False,5,5,0.0,751,8000,6.545862447637774e-07,9.51067796073346e-07,10.0,0,0,1.4352914738328973e-07,116.22508763258405,116.34567652001468,116.60062013932642,1.0,1.0,0.9995322437766153,115.87639249995682,116.03603427150024,116.42504077031893,1.0,1.0,0.9994947875956305,0.9906510431121649,0.9899049207100497,bb2f3faee0a17fb6,7e8ee2a5de3e67c3,False,False,1.3146000128472224,4.320399995776825,5.635000008624047,1.1939999967580661,54.74289999983739,55.93689999659546
nominal_heatup,116,102.49078345155115,102.49078345155115,102.99229876062567,102.99229876062567,0.5015153090745201,-23110.140915207245,optimal,-23371.815104427413,True,True,converged(kkt(residual=1.37e-03<=tol=2.19e-02); obj_plateau(range=2.07e-08)),converged,0.0013657486355779192,0.021921018057908023,False,5,5,0.0,751,8000,6.567374128962911e-07,9.541932834977729e-07,10.0,0,0,1.6860207199014248e-07,116.31472682759208,116.3956125061074,116.52245780902655,1.0,1.0,0.9995652112733395,115.9950614768063,116.12128287920476,116.39632047276498,1.0,1.0,0.9995308740703117,0.9915842240279684,0.9908803806340899,afc6f5a3638b2507,9cdd4fffbaeff3f5,False,False,1.567400002386421,6.027299998095259,7.59470000048168,1.6004000062821433,46.796399998129345,48.39680000441149
nominal_heatup,117,103.25210796381708,103.25210796381708,103.44383747425378,103.44383747425378,0.1917295104367014,-23468.978441621628,optimal,-23585.12293186545,True,True,converged(kkt(residual=1.35e-03<=tol=2.20e-02); obj_plateau(range=2.30e-08)),converged,0.0013495306722950452,0.0219620581638223,False,5,5,0.0,751,8000,6.617326135938129e-07,9.6145097305822e-07,10.0,0,0,1.881400343733288e-07,116.3748528248069,116.41269444384731,116.4091644408769,1.0,1.0,0.9995945028687898,116.08888757591757,116.17659379492896,116.329608458036,1.0,1.0,0.9995630991029102,0.9924195730103686,0.9917596579819997,f1748dea5a96e1e6,da42532b469fe69a,False,False,1.6502000071341172,6.556699998327531,8.206900005461648,1.4024999982211739,43.16749999998137,44.56999999820255
nominal_heatup,118,104.12897098967149,104.12897098967149,104.06700970651495,104.06700970651495,-0.06196128315653482,-23886.677416351147,optimal,-23882.097572492363,True,True,converged(kkt(residual=1.33e-03<=tol=2.20e-02); obj_plateau(range=2.46e-08)),converged,0.0013270865562427468,0.022024647752768745,False,5,5,0.0,751,8000,6.688505891361274e-07,9.717928382002583e-07,10.0,0,0,2.018549127973535e-07,116.40298221832614,116.39731774134908,116.26821034708838,1.0,1.0,0.9996205352996466,116.15408359054953,116.20086716074523,116.2309848620171,1.0,1.0,0.9995918557178525,0.9931656203193691,0.9925505118898169,1b118fef512823fb,0795fc5cd5906595,False,False,1.262599995243363,4.542499998933636,5.805099994176999,1.2017999979434535,41.31780000170693,42.51959999965038
nominal_heatup,119,105.07116749213762,105.07116749213762,104.80869490074403,104.80869490074403,-0.262472591393589,-24340.243316387594,optimal,-24238.53127114035,True,True,converged(kkt(residual=1.30e-03<=tol=2.21e-02); obj_plateau(range=2.55e-08)),converged,0.0013041558305149788,0.022102793126517622,False,5,5,0.0,751,8000,6.77454323749771e-07,9.842934725057262e-07,10.0,0,0,2.1007138313592273e-07,116.39877155541032,116.35143737886081,116.10691583341907,1.0,1.0,0.9996437019232538,116.18885994234527,116.1946729122275,116.10686204947538,1.0,1.0,0.9996175249904006,0.9938303861554451,0.9932601301197523,a0e7fb1c288f7987,1db6ad4ea32e92bd,False,False,1.2180000048829243,5.6459999905200675,6.863999995402992,1.6146999987540767,40.2959000057308,41.91060000448488
nominal_heatup,120,106.03750244032975,106.03750244032975,105.62320065644211,105.62320065644211,-0.4143017838876375,-24810.30275672243,optimal,-24633.355439908028,True,True,converged(kkt(residual=1.28e-03<=tol=2.22e-02); obj_plateau(range=2.59e-08)),converged,0.0012838967055241442,0.022191262571740276,False,5,5,0.0,751,8000,6.869924646935033e-07,9.98151734599162e-07,10.0,0,0,2.134880839615172e-07,116.36358591291314,116.27814821685813,115.93203205015591,1.0,1.0,0.9996643644377448,116.1931809867794,116.1598754894727,115.96359136997458,1.0,1.0,0.9996404663703187,0.9944215169372039,0.9938953589510144,6ad16e19550344ba,bbbf21ec73d2e700,False,False,1.2403000000631437,4.400100006023422,5.6404000060865656,1.3581999955931678,42.33850000309758,43.69669999869075
nominal_heatup,121,106.99496943427316,106.99496943427316,106.47217417754948,106.47217417754948,-0.5227952567236827,-25280.803320508712,optimal,-25048.517959919864,True,True,converged(kkt(residual=1.27e-03<=tol=2.23e-02); obj_plateau(range=2.59e-08)),converged,0.0012675137340134065,0.02228557474191949,False,5,5,0.0,751,8000,5.325179586179729e-07,7.787034297379591e-07,10.0,0,0,2.156788680000562e-07,116.3000761943902,116.1812611455756,115.74955832854624,1.0,1.0,0.9996828484005736,116.16842349849398,116.09930078475472,115.80707708616342,1.0,1.0,0.9996610112146826,0.9949462824260211,0.9944628057777151,1847f6c3d794d1ca,f250a4ead9e5471c,False,False,1.5740999951958656,4.967200002283789,6.541299997479655,1.226599997607991,39.82390000601299,41.05050000362098
nominal_heatup,122,107.91794819432512,107.91794819432512,107.32427592286396,107.32427592286396,-0.5936722714611591,-25738.78347168999,optimal,-25468.861463516474,True,True,converged(kkt(residual=1.26e-03<=tol=2.24e-02); obj_plateau(range=2.55e-08)),converged,0.00125536599940922,0.02238197362502288,False,5,5,0.0,751,8000,5.40232235834992e-07,7.899840346325959e-07,10.0,0,0,2.121934563548653e-07,116.21175557416134,116.06496930364793,115.56465570871154,1.0,1.0,0.9996994420918254,116.11704144705973,116.01638023911512,115.6426424955065,1.0,1.0,0.9996794591044099,0.9954115390389809,0.9949688138523741,b2d74eb11cfeae4a,75dfc7a1682e6694,False,False,1.2401999993016943,4.3735999934142455,5.61379999271594,1.1834999895654619,44.7003000008408,45.88379999040626
nominal_heatup,123,108.78738607310288,108.78738607310288,108.15468496724296,108.15468496724296,-0.6327011058599226,-26174.15123368243,optimal,-25881.98692059678,True,True,converged(kkt(residual=1.25e-03<=tol=2.25e-02); obj_plateau(range=2.49e-08)),converged,0.0012468186898033256,0.022477392846846654,False,5,5,0.0,751,8000,5.477820934629563e-07,8.010242629197251e-07,10.0,0,0,2.0655747192070782e-07,116.10264267489337,115.9335728480962,115.3816350879154,1.0,1.0,0.9997143976701018,116.04221540097085,115.91488514552042,115.47493783485795,1.0,1.0,0.9996960768843776,0.9958236867486367,0.9954194211310091,0e7f69294424a2ca,d3a0dfe00a78327b,False,False,2.0478000078583136,4.5916999952169135,6.639500003075227,1.2380999978631735,40.81370000494644,42.051800002809614
nominal_heatup,124,109.58996553551727,109.58996553551727,108.94449793965805,108.94449793965805,-0.6454675958592162,-26579.443430577157,optimal,-26278.090312799497,True,True,converged(kkt(residual=1.24e-03<=tol=2.26e-02); obj_plateau(range=2.40e-08)),converged,0.001241073938418892,0.022569409801914225,False,5,5,0.0,751,8000,5.549896826551048e-07,8.11563894309586e-07,10.0,0,0,1.9951843528242452e-07,115.9769653965209,115.79127128916258,115.20398312874903,1.0,1.0,0.9997279337292627,115.94756504104186,115.79869392022567,115.30791346259345,1.0,1.0,0.999711099529417,0.9961886385955503,0.99582031230482,a511b1fd8559c720,88c06156a5a96e33,False,False,1.2059000000590459,4.698900011135265,5.904800011194311,1.2824000004911795,41.07099999964703,42.35340000013821
nominal_heatup,125,110.31727488983965,110.31727488983965,109.68006165710295,109.68006165710295,-0.6372132327366984,-26949.55742913243,optimal,-26649.766579542164,True,True,converged(kkt(residual=1.24e-03<=tol=2.27e-02); obj_plateau(range=2.32e-08)),converged,0.0012373011392350485,0.022656191159999766,False,5,5,0.0,751,8000,5.617249314582295e-07,8.214128861538939e-07,10.0,0,0,1.9169400135177405e-07,115.83893053563115,115.64200974275103,115.03441505862742,1.0,1.0,0.9997402385529278,115.8369023778874,115.6716155535082,115.14482183570692,1.0,1.0,0.9997247321807929,0.9965118056615783,0.9961767832020538,ea8516f8a4c379c5,2560049f845d1324,False,False,1.2531999964267015,5.902699995203875,7.1558999916305766,1.2654000020120293,50.691700002062134,51.957100004074164
nominal_heatup,126,110.9650032231776,110.9650032231776,110.35227671458193,110.35227671458193,-0.6127265085956708,-27281.458887837605,optimal,-26991.781706200378,True,True,converged(kkt(residual=1.23e-03<=tol=2.27e-02); obj_plateau(range=2.22e-08)),converged,0.0012347736144064857,0.0227364314108507,False,5,5,0.0,751,8000,5.67899988368481e-07,8.304426950545007e-07,10.0,0,0,1.8357052476163778e-07,115.69255036967868,115.48937346835525,114.87494270228113,1.0,1.0,0.9997514735980657,115.7140371769682,115.53725330999362,114.98824741392578,1.0,1.0,0.9997371527978687,0.9967980974252036,0.9964937184909082,3fdfb3cd6f4e840c,929c6ccea033e539,False,False,1.7531000048620626,6.752999994205311,8.506099999067374,1.974400001927279,58.490199997322634,60.46459999924991
nominal_heatup,127,111.53217882236207,111.53217882236207,110.9559017236433,110.9559017236433,-0.5762770987187764,-27573.875051567833,optimal,-27300.81948615048,True,True,converged(kkt(residual=1.23e-03<=tol=2.28e-02); obj_plateau(range=2.13e-08)),converged,0.0012329293135796495,0.022809286911901618,False,5,5,0.0,751,8000,5.734625148079431e-07,8.385767893415164e-07,10.0,0,0,1.7551383004500017e-07,115.54151975428024,115.33652163363953,114.72695190967607,1.0,1.0,0.9997617769131654,115.58262570229873,115.39890854306236,114.8401532441336,1.0,1.0,0.999748515054481,0.9970519346866128,0.99677558358498,61afc98f9b4e5205,ee23ba0fbd32b89f,False,False,2.1536999993259087,7.422000009682961,9.57570000900887,1.8774999916786328,52.74340001051314,54.620900002191775
nominal_heatup,128,112.02046632265736,112.02046632265736,111.48888191903588,111.48888191903588,-0.5315844036214799,-27826.985384507512,optimal,-27575.212600492232,True,True,converged(kkt(residual=1.23e-03<=tol=2.29e-02); obj_plateau(range=2.04e-08)),converged,0.0012314194916739764,0.02287430804936849,False,5,5,0.0,751,8000,6.165589070405986e-07,8.958167105888037e-07,10.0,0,0,1.6692645271049128e-07,115.38913534387622,115.18615341307765,114.59128413576909,1.0,1.0,0.9997712663264998,115.44606039670549,115.25951710469836,114.70193984929053,1.0,1.0,0.9997589512323758,0.9972772720317127,0.9970264284021386,348ed83cd6a33d65,f8bf9c82528f1dd8,False,False,1.2079000007361174,4.561300011118874,5.769200011854991,1.1919999960809946,41.325800004415214,42.51780000049621
nominal_heatup,129,112.43353314396876,112.43353314396876,111.95171944968213,111.95171944968213,-0.4818136942866289,-28042.121150639035,optimal,-27814.66869975813,True,True,converged(kkt(residual=1.23e-03<=tol=2.29e-02); obj_plateau(range=1.96e-08)),converged,0.0012299347021226712,0.022931372027349815,False,5,5,0.0,751,8000,6.211135143985302e-07,9.024342215724346e-07,10.0,0,0,1.5969976575597664e-07,115.23824965892098,115.04049958450575,114.4683185975692,1.0,1.0,0.9997800423248965,115.30739429831156,115.12161390935205,114.57451086956331,1.0,1.0,0.9997685749654219,0.9974776268247918,0.9972499006095947,d4092c34315a7f4a,9559b95c43e2330c,False,False,1.2217000039527193,4.372900002636015,5.594600006588735,1.1858999932883307,40.51920000347309,41.70509999676142
nominal_heatup,130,112.77649126210676,112.77649126210676,112.34689864677624,112.34689864677624,-0.4295926153305203,-28221.483894734654,optimal,-28020.00220128489,True,True,converged(kkt(residual=1.23e-03<=tol=2.30e-02); obj_plateau(range=1.88e-08)),converged,0.0012284045009198843,0.022980618442625445,False,5,5,0.0,751,8000,6.250162414289662e-07,9.081046155046124e-07,10.0,0,0,1.5308644862363717e-07,115.09125305035239,114.90133383590455,114.35805209001546,1.0,1.0,0.9997881905974141,115.16929530039029,114.9873201437796,114.45834181875422,1.0,1.0,0.9997774837554377,0.9976561121702492,0.9974492657445424,87894275301bdc7c,1514c74d1132e155,False,False,1.636300003156066,4.597799998009577,6.234100001165643,1.5096999995876104,40.0348999974085,41.54459999699611
nominal_heatup,131,113.05541642578129,113.05541642578129,112.6783729341047,112.6783729341047,-0.3770434916765879,-28367.890380634173,optimal,-28192.88053752742,True,True,converged(kkt(residual=1.23e-03<=tol=2.30e-02); obj_plateau(range=1.81e-08)),converged,0.0012268066493287479,0.02302238943911926,False,5,5,0.0,751,8000,6.283029279074981e-07,9.128799307589475e-07,10.0,0,0,1.4714265746124534e-07,114.95007747553454,114.76999862940545,114.26017434916206,1.0,1.0,0.9997957842498512,115.03402490443918,114.85834853891333,114.35354872104509,1.0,1.0,0.99978576122631,0.9978154717551048,0.9976274319438346,c281618dc195b49f,13735f64bae0e6ee,False,False,1.256100003956817,4.955800002790056,6.211900006746873,1.1943999998038635,39.138000007369556,40.33240000717342
nominal_heatup,132,113.2769437168762,113.2769437168762,112.95111769598655,112.95111769598655,-0.3258260208896502,-28484.548929962144,optimal,-28335.592004476974,True,True,converged(kkt(residual=1.23e-03<=tol=2.31e-02); obj_plateau(range=1.75e-08)),converged,0.0012251725192766701,0.023057175618825802,False,5,5,0.0,751,8000,6.310197875336598e-07,9.168273713555664e-07,10.0,0,0,1.418858418326922e-07,114.81621669326077,114.64744125326004,114.17413742474572,1.0,1.0,0.9998028857130892,114.90343668587937,114.73602233641307,114.2599542941055,1.0,1.0,0.9997934791113426,0.9979581149725419,0.9977869773492541,601d8fdb6b1044cd,67a386e9dfc43b3b,False,False,1.295100009883754,4.393099996377714,5.688200006261468,1.174200006062165,46.48279999673832,47.65700000280049
nominal_heatup,133,113.44793588388306,113.44793588388306,113.17074944089627,113.17074944089627,-0.27718644298678896,-28574.869625823252,optimal,-28450.83999649361,True,True,converged(kkt(residual=1.22e-03<=tol=2.31e-02); obj_plateau(range=1.70e-08)),converged,0.0012235601272632352,0.02308556851374212,False,5,5,0.0,751,8000,6.332191304636581e-07,9.200228419103951e-07,10.0,0,0,1.3730567719416088e-07,114.69075824595984,114.53425636456473,114.09921806976683,1.0,1.0,0.9998095483760899,114.77898999896897,114.62130418471577,114.17714990241035,1.0,1.0,0.9998006989855392,0.9980861511577055,0.9979301786584346,91f5bdec532383c2,0b30af37db291a7b,False,False,1.600000003236346,4.446799997822382,6.0468000010587275,1.1781000066548586,39.6550000004936,40.83310000714846
nominal_heatup,134,113.57521910712055,113.57521910712055,113.34320932637291,113.34320932637291,-0.23200978074763157,-28642.308713274717,optimal,-28541.566273649725,True,True,converged(kkt(residual=1.22e-03<=tol=2.31e-02); obj_plateau(range=1.66e-08)),converged,0.0012220359669776223,0.02310821994634429,False,5,5,0.0,751,8000,6.498780180663744e-07,9.467335644330888e-07,10.0,0,0,1.3332047659134818e-07,114.574423292015,114.43073198346363,114.03457259736503,1.0,1.0,0.9998158179766432,114.66177497397776,114.5148316754385,114.10455208346706,1.0,1.0,0.9998074737633317,0.9982014221358951,0.998059039654904,03487dc086ad49eb,545f3b6731d501bb,False,False,1.1780999921029434,4.587900009937584,5.766000002040528,1.2093999976059422,56.53639999218285,57.74579998978879
nominal_heatup,135,113.66537969672962,113.66537969672962,113.474506855994,113.474506855994,-0.19087284073562216,-28690.2458429036,optimal,-28610.804038000642,True,True,converged(kkt(residual=1.22e-03<=tol=2.31e-02); obj_plateau(range=1.62e-08)),converged,0.0012206547257131108,0.023125808265914323,False,5,5,0.0,751,8000,6.512180164008896e-07,9.48685610069333e-07,10.0,0,0,1.2999256215243021e-07,114.46761101849098,114.33689649116099,113.97928403115681,1.0,1.0,0.9998217337820716,114.55254534864879,114.41695676398265,114.04145290266469,1.0,1.0,0.9998138489860668,0.9983055325808896,0.9981753188768672,9f38e54ce988d98d,5477c0b19d6b4703,False,False,1.4781000063521788,4.850600002100691,6.32870000845287,1.244400002178736,42.236999986926094,43.48139998910483
nominal_heatup,136,113.7246145837402,113.7246145837402,113.55601311923562,113.55601311923562,-0.16860146450459013,-28721.891587322963,optimal,-28661.55672441176,True,True,converged(kkt(residual=1.66e-03<=tol=2.31e-02); obj_plateau(range=2.91e-08)),converged,0.0016585038079784823,0.02313901114529489,False,5,5,0.0,701,8000,6.523659834556383e-07,9.503579656566785e-07,10.0,0,0,2.41958738219256e-07,114.37044497562108,114.25256472366871,113.93240167258297,1.0,1.0,0.9998273295895709,114.45175619766883,114.32778680509414,113.98706378034957,1.0,1.0,0.9998198639242681,0.9983998779135409,0.9982805558552426,b474f43902f17767,0f9ffa1763e1c89f,False,False,1.3270999916130677,4.390500005683862,5.717599997296929,1.2568000092869624,37.467399990418926,38.72419999970589
nominal_heatup,137,113.75862824245903,113.75862824245903,113.61702527337188,113.61702527337188,-0.14160296908714542,-28740.221881750007,optimal,-28693.869734398766,True,True,converged(kkt(residual=1.66e-03<=tol=2.31e-02); obj_plateau(range=2.88e-08)),converged,0.001657283318207416,0.023147569435514062,False,5,5,0.0,701,8000,6.530027860662813e-07,9.512856555815574e-07,10.0,0,0,2.390005214945825e-07,114.2828192323416,114.17738172934546,113.89297343863726,1.0,1.0,0.9998326345726339,114.3596041197054,114.24722539717024,113.94055274237253,1.0,1.0,0.9998255525186232,0.9984856696427139,0.9983760955692302,ff54b1accdc6235a,a62f7368f2b01320,False,False,1.254500006325543,5.922299998928793,7.176800005254336,1.208100002259016,38.66520000156015,39.87330000381917
nominal_heatup,138,113.77256878572823,113.77256878572823,113.65791904410312,113.65791904410312,-0.11464974162510089,-28747.935637220904,optimal,-28715.60121886008,True,True,converged(kkt(residual=1.66e-03<=tol=2.32e-02); obj_plateau(range=2.85e-08)),converged,0.0016563175699633318,0.023153674729621303,False,5,5,0.0,701,8000,6.534416172598867e-07,9.51924956638095e-07,10.0,0,0,2.3620442260228647e-07,114.2044427492874,114.11086317327332,113.86007148942544,1.0,1.0,0.9998376739966236,114.27606791302235,114.17501164657493,113.90107528603845,1.0,1.0,0.999830944181665,0.9985639581734347,0.9984631109354962,9f66f3a9a74d7fc3,69ee89cb2d43102c,False,False,1.1952000058954582,4.30479999340605,5.499999999301508,1.3692000065930188,50.8644999936223,52.23370000021532
nominal_heatup,139,113.77099631930655,113.77099631930655,113.68109712199525,113.68109712199525,-0.08989919731129703,-28747.431673168103,optimal,-28728.002906130183,True,True,converged(kkt(residual=1.66e-03<=tol=2.32e-02); obj_plateau(range=2.82e-08)),converged,0.0016556107017604044,0.023157550338214167,False,5,5,0.0,701,8000,6.537044754395538e-07,9.523078672302177e-07,10.0,0,0,2.3381544868468213e-07,114.13488080173298,114.0524317245221,113.83281177613839,1.0,1.0,0.9998424698233288,114.20094820201186,114.11075683505271,113.86779923136714,1.0,1.0,0.9998360644797551,0.9986356531880971,0.9985426232708888,35deb8ddd3c82364,de06912cad81ff9e,False,False,1.9681999983731657,6.871999998111278,8.840199996484444,1.9864999921992421,48.99209999712184,50.97859998932108
nominal_heatup,140,113.75787715459815,113.75787715459815,113.68964654235978,113.68964654235978,-0.06823061223836646,-28740.801238235057,optimal,-28732.692473070936,True,True,converged(kkt(residual=1.66e-03<=tol=2.32e-02); obj_plateau(range=2.80e-08)),converged,0.0016551538914816749,0.02315954139082353,False,5,5,0.0,701,8000,6.538209191830902e-07,9.524774950975257e-07,10.0,0,0,2.318999846996149e-07,114.07359265928626,114.00144905633239,113.81036820397782,1.0,1.0,0.9998470412214117,114.13390486407955,114.05397779522434,113.83992405048399,1.0,1.0,0.9998409357125566,0.9987015417568027,0.9986155207557171,1330d038795788f1,e53e1be9f77afa68,False,False,1.6481000056955963,6.728799999109469,8.376900004805066,1.8128999945474789,50.17319999751635,51.98609999206383
nominal_heatup,141,113.73659809887091,113.73659809887091,113.6867098510109,113.6867098510109,-0.04988824786001089,-28729.832663887897,optimal,-28731.32108845213,True,True,converged(kkt(residual=1.65e-03<=tol=2.32e-02); obj_plateau(range=2.78e-08)),converged,0.0016549250139528244,0.023160019574150727,False,5,5,0.0,701,8000,6.538210186590732e-07,9.524776718450312e-07,10.0,0,0,2.30444623956002e-07,114.01996504374428,113.95724332759606,113.7919821298613,1.0,1.0,0.9998514049970868,114.07449144494792,114.00412657131963,113.81663891220445,1.0,1.0,0.9998455774048884,0.9987623043586747,0.9986825783061978,1a0c030068e5ac11,89ec3d3cb6cc0456,False,False,1.2126999936299399,5.448299998533912,6.660999992163852,1.3112000015098602,37.10129999672063,38.41249999823049
nominal_heatup,142,113.70999571893272,113.70999571893272,113.67519932915695,113.67519932915695,-0.034796389775763714,-28716.025064618567,optimal,-28725.42125621541,True,True,converged(kkt(residual=1.65e-03<=tol=2.32e-02); obj_plateau(range=2.77e-08)),converged,0.001654892359015235,0.023159338994147943,False,5,5,0.0,701,8000,6.537337640111218e-07,9.523505299924295e-07,10.0,0,0,2.2940250030202023e-07,113.97334114443777,113.91913220151388,113.77696790921125,1.0,1.0,0.9998555759571728,114.02218603967158,113.96059522928704,113.79724173759324,1.0,1.0,0.9998500066902252,0.9988185290054186,0.998744466182628,161d817a49314b8b,9a44fc1611383a39,False,False,1.6746000037528574,5.686699994839728,7.361299998592585,1.2049999932060018,38.67740000714548,39.88240000035148
nominal_heatup,143,113.6803961684893,113.6803961684893,113.65767713747184,113.65767713747184,-0.0227190310174592,-28700.608413421673,optimal,-28716.34238942876,True,True,converged(kkt(residual=1.66e-03<=tol=2.32e-02); obj_plateau(range=2.76e-08)),converged,0.001655019176188143,0.02315781677303259,False,5,5,0.0,701,8000,6.535840668675519e-07,9.52132395148908e-07,10.0,0,0,2.287148857707998e-07,113.93304517596613,113.88644159924135,113.76471517715295,1.0,1.0,0.9998595672147906,113.97640279396464,113.92277281866205,113.78110459237865,1.0,1.0,0.9998542387012594,0.9988707236563966,0.9988017652432962,ca08113fb4f8ebc6,cf6214b358dc61b5,False,False,1.4075999933993444,4.789400001754984,6.196999995154329,1.8051000079140067,41.0585999925388,42.86370000045281
nominal_heatup,144,113.64966185113515,113.64966185113515,113.6363178633803,113.6363178633803,-0.013343987754851128,-28684.567745842236,optimal,-28705.230255306822,True,True,converged(kkt(residual=1.66e-03<=tol=2.32e-02); obj_plateau(range=2.75e-08)),converged,0.0016552675984660577,0.023155725875028284,False,5,5,0.0,701,8000,6.533935277275305e-07,9.518548811371375e-07,10.0,0,0,2.283213827656045e-07,113.8984026214894,113.85852048839695,113.75468850349499,1.0,1.0,0.99986339044642,113.93653719841222,113.89005140412716,113.76767539404071,1.0,1.0,0.9998582868745953,0.9989193271051348,0.9988549783034361,7a72171bc87ed644,29948c075a120c24,False,False,2.048200010904111,6.225299992365763,8.273500003269874,1.8358999950578436,47.28520000935532,49.121100004413165
nominal_heatup,145,113.61924183830955,113.61924183830955,113.61291239304177,113.61291239304177,-0.006329445267780898,-28668.669655003338,optimal,-28693.028576674944,True,True,converged(kkt(residual=1.66e-03<=tol=2.32e-02); obj_plateau(range=2.75e-08)),converged,0.0016556015136308016,0.02315329408136955,False,5,5,0.0,701,8000,6.531799670028704e-07,9.51543785099318e-07,10.0,0,0,2.281646765043116e-07,113.8687564212318,113.83475207424524,113.74642500356158,1.0,1.0,0.9998670561077146,113.9019821969705,113.86184508263946,113.75646679424237,1.0,1.0,0.9998621632067306,0.9989647185044611,0.9989045411124663,3b3539cd38baa80a,d84062dd53fdbc51,False,False,1.2153999996371567,4.381700011435896,5.597100011073053,1.1711999977706,55.76420000579674,56.93540000356734
nominal_heatup,146,113.5902235596986,113.5902235596986,113.58889268680427,113.58889268680427,-0.0013308728943286496,-28653.489617367493,optimal,-28680.491912088724,True,True,converged(kkt(residual=1.66e-03<=tol=2.32e-02); obj_plateau(range=2.75e-08)),converged,0.001655988440073533,0.023150706097999626,False,5,5,0.0,701,8000,6.529576097591416e-07,9.512198335670519e-07,10.0,0,0,2.281926821750128e-07,113.84347944625014,113.81456180080212,113.73953042298686,1.0,1.0,0.9998705736143816,113.87214645758158,113.83759671925678,113.74705394275726,1.0,1.0,0.9998658784636119,0.9990072256826209,0.998950831483258,ab3c0476cf7edc20,cb7938d897062686,False,False,1.6314000095007941,6.712599992169999,8.344000001670793,1.9984999962616712,43.88979999930598,45.88829999556765
nominal_heatup,147,113.56338382332045,113.56338382332045,113.56536671823693,113.56536671823693,0.0019828949164804044,-28639.43902542904,optimal,-28668.204046755593,True,True,converged(kkt(residual=1.66e-03<=tol=2.31e-02); obj_plateau(range=2.76e-08)),converged,0.0016564005697924692,0.023148107232669995,False,5,5,0.0,701,8000,6.527377678366975e-07,9.508995724161196e-07,10.0,0,0,2.2835942111096177e-07,113.82198364746868,113.79742258533919,113.7336741477939,1.0,1.0,0.9998739514935073,113.84646406845634,113.81678563552022,113.73907012909046,1.0,1.0,0.9998694423567532,0.9990471323877473,0.9989941773666724,0c0d05b6bf3ba4de,c65fd433c1d53887,False,False,1.2601999915204942,4.617600003257394,5.877799994777888,1.1969999904977158,40.05979999783449,41.256799988332205
nominal_heatup,148,113.53923769911967,113.53923769911967,113.54315771566648,113.54315771566648,0.003920016546814509,-28626.79109512375,optimal,-28656.598724378666,True,True,converged(kkt(residual=1.66e-03<=tol=2.31e-02); obj_plateau(range=2.76e-08)),converged,0.0016568151795074428,0.023145607795693367,False,5,5,0.0,701,8000,6.525286124769991e-07,9.505948330712499e-07,10.0,0,0,2.2862521340792114e-07,113.80372629486564,113.78285770767262,113.72858352447086,1.0,1.0,0.9998771975099372,113.82440274179368,113.79893156666587,113.73220346291268,1.0,1.0,0.9998728636907093,0.9990846845839698,0.9990348637776757,e35aae9ee13c4185,855d8fc0a29b17e4,False,False,1.189399990835227,4.318700011936016,5.5081000027712435,1.1624000035226345,40.23669999151025,41.399099995032884
nominal_heatup,149,113.5180842121759,113.5180842121759,113.52284431032629,113.52284431032629,0.004760098150384806,-28615.7050623164,optimal,-28645.98087662315,True,True,converged(kkt(residual=1.66e-03<=tol=2.31e-02); obj_plateau(range=2.76e-08)),converged,0.0016572145877773543,0.0231432877410487,False,5,5,0.0,701,8000,6.52336410666976e-07,9.503148792333604e-07,10.0,0,0,2.2895653807189795e-07,113.78821372652875,113.77044175957496,113.72403781060471,1.0,1.0,0.9998803187716516,113.80546886087801,113.78359749256799,113.72619260245088,1.0,1.0,0.9998761504872782,0.9991200959092672,0.9990731388219003,fa6abdb421461a53,bbadeb7b31e9c126,False,False,1.203799998620525,5.05519998841919,6.258999987039715,1.291100008529611,38.93029999744613,40.22140000597574
nominal_heatup,150,113.50004814115549,113.50004814115549,113.50479955744375,113.50479955744375,0.004751416288257815,-28606.24828658136,optimal,-28636.54724759353,True,True,converged(kkt(residual=1.66e-03<=tol=2.31e-02); obj_plateau(range=2.77e-08)),converged,0.001657585799148352,0.023141201259945805,False,5,5,0.0,701,8000,6.521646724877428e-07,9.50064673155282e-07,10.0,0,0,2.2932567192668295e-07,113.77500301660854,113.75980003348343,113.71986201657572,1.0,1.0,0.9998833218175156,113.78921087980855,113.7703906525413,113.72082227849658,1.0,1.0,0.9998793100898966,0.9991535523932967,0.9991092189021946,e7e1c4bee316103b,7e7591bd423e99fd,False,False,1.1938999959966168,4.613400000380352,5.807299996376969,1.348999998299405,37.52189999795519,38.87089999625459
nominal_heatup,151,113.48511750743175,113.48511750743175,113.48922758565953,113.48922758565953,0.00411007822778231,-28598.416045159207,optimal,-28628.405743964067,True,True,converged(kkt(residual=1.66e-03<=tol=2.31e-02); obj_plateau(range=2.77e-08)),converged,0.0016579199824742882,0.02313938115074304,False,5,5,0.0,701,8000,6.520160837908406e-07,9.4984821341626e-07,10.0,0,0,2.2971022186980627e-07,113.76370194900528,113.75060669666769,113.71592084395212,1.0,1.0,0.9998862126902903,113.77522095040419,113.75896240577724,113.71591844948775,1.0,1.0,0.9998823492514076,0.9991852165233338,0.9991432932264122,0e057228f6b7a318,d8c44db19f939118,False,False,1.4183000021148473,4.633099990314804,6.051399992429651,1.2527999933809042,37.669600002118386,38.92239999549929
nominal_heatup,152,113.47317657539375,113.47317657539375,113.47619713469832,113.47619713469832,0.003020559304573567,-28592.148930065927,optimal,-28621.59311732597,True,True,converged(kkt(residual=1.66e-03<=tol=2.31e-02); obj_plateau(range=2.78e-08)),converged,0.0016582118386026525,0.02313784285839637,False,5,5,0.0,701,8000,6.51891170377894e-07,9.496662523034161e-07,10.0,0,0,2.300926061030262e-07,113.75396765339164,113.74258205990861,113.71211287720355,1.0,1.0,0.9998889969973715,113.76313523601198,113.74900699947676,113.71134339630977,1.0,1.0,0.9998852742077623,0.9992152307366373,0.9991755276977766,753174cbc1058720,523c732d0a5dac0b,False,False,2.0769000111613423,5.582899990258738,7.659800001420081,1.2122000043746084,39.29499999503605,40.50719999941066
nominal_heatup,153,113.46403436972113,113.46403436972113,113.46567157725732,113.46567157725732,0.001637207536191454,-28587.347861217393,optimal,-28616.09077014873,True,True,converged(kkt(residual=1.66e-03<=tol=2.31e-02); obj_plateau(range=2.78e-08)),converged,0.001658458965452021,0.02313658812254636,False,5,5,0.0,701,8000,6.517900317248859e-07,9.49518923043513e-07,10.0,0,0,2.3045948164653168e-07,113.74550422482659,113.73548921075735,113.70836514245829,1.0,1.0,0.9998916799613508,113.75263307634467,113.7402595461913,113.70699086247826,1.0,1.0,0.9998880907399048,0.9992437204100849,0.9992060682674195,bace213e8c6ec186,111ecc5f0ba7c998,False,False,1.626800003577955,6.237900000996888,7.864700004574843,1.9944999949075282,45.5021000088891,47.49660000379663
nominal_heatup,154,113.45744885698706,113.45744885698706,113.45753526153949,113.45753526153949,8.640455243380529e-05,-28583.886802817484,optimal,-28611.838605304307,True,True,converged(kkt(residual=1.66e-03<=tol=2.31e-02); obj_plateau(range=2.78e-08)),converged,0.0016586612371849885,0.023135608205142627,False,5,5,0.0,701,8000,6.517116446502769e-07,9.494047272795569e-07,10.0,0,0,2.3080119545687464e-07,113.73805961016691,113.7291302423599,113.70462811027022,1.0,1.0,0.9998942664621762,113.74343526959822,113.73249338802961,113.70278139586975,1.0,1.0,0.9998908042257516,0.999270796410055,0.9992350438149176,fe0e7f0c3f81537c,4951c0c3346fd79a,False,False,1.2110999959986657,4.748399995150976,5.959499991149642,1.2184000079287216,36.57389999716543,37.79230000509415
nominal_heatup,155,113.45314704240037,113.45314704240037,113.45161618176911,113.45161618176911,-0.0015308606312629536,-28581.623323202955,optimal,-28608.746930642876,True,True,converged(kkt(residual=1.66e-03<=tol=2.31e-02); obj_plateau(range=2.79e-08)),converged,0.0016588202440235992,0.02313488669138969,False,5,5,0.0,701,8000,6.516544317491935e-07,9.493213601885486e-07,10.0,0,0,2.3111121968623183e-07,113.7314220056645,113.72334227099665,113.70087118852734,1.0,1.0,0.9998967610724094,113.73530167224459,113.72551705032777,113.69865797996823,1.0,1.0,0.9998934196839092,0.9992965572593153,0.9992625686164961,01954f1e8880dde1,4f98904b44a11951,False,False,1.1781999928643927,6.943000000319444,8.121199993183836,2.0078999950783327,45.105299999704584,47.11319999478292
nominal_heatup,156,113.45084130357893,113.45084130357893,113.44770510792068,113.44770510792068,-0.0031361956582429684,-28580.407173677857,optimal,-28606.706494269576,True,True,converged(kkt(residual=1.66e-03<=tol=2.31e-02); obj_plateau(range=2.79e-08)),converged,0.0016589388008485136,0.023134401874099295,False,5,5,0.0,701,8000,6.516166592973605e-07,9.49266328653664e-07,10.0,0,0,2.313856467617577e-07,113.72541597204949,113.717993399888,113.6970787263612,1.0,1.0,0.9998991680868343,113.72802831853207,113.71917094395668,113.69458202591984,1.0,1.0,0.9998959418105321,0.9993210909717335,0.9992887444531848,f2e4c6dee887e117,728c095dc3e16d6d,False,False,1.2187000102130696,4.718399999546818,5.937100009759888,1.2026000040350482,37.588199993479066,38.790799997514114
nominal_heatup,157,113.45024232737474,113.45024232737474,113.4455713919867,113.4455713919867,-0.004670935388034536,-28580.087082976763,optimal,-28605.596770330565,True,True,converged(kkt(residual=1.66e-03<=tol=2.31e-02); obj_plateau(range=2.79e-08)),converged,0.0016590205354724812,0.023134128743095502,False,5,5,0.0,701,8000,6.515959825037498e-07,9.492362513796593e-07,10.0,0,0,2.3162268957839477e-07,113.71989843716197,113.71297875413116,113.6932465297453,1.0,1.0,0.9999014915474613,113.72144422986736,113.71332395870719,113.69052976339269,1.0,1.0,0.9998983750105068,0.9993444766000377,0.9993136624057883,0ebd6dc3c6884e99,a79ecb6e50a7098e,False,False,1.3853999989805743,4.7260999999707565,6.111499998951331,1.2707999994745478,37.710700009483844,38.98150000895839
nominal_heatup,158,113.45106903777835,113.45106903777835,113.44497572576925,113.44497572576925,-0.00609331200909935,-28580.515973729285,optimal,-28605.29264357519,True,True,converged(kkt(residual=1.66e-03<=tol=2.31e-02); obj_plateau(range=2.80e-08)),converged,0.0016590695424555596,0.02313404060910334,False,5,5,0.0,701,8000,6.515902271075902e-07,9.492278376654895e-07,10.0,0,0,2.318222464647147e-07,113.71475472259748,113.70821668227883,113.68937887386998,1.0,1.0,0.9999037352647954,113.71540806363717,113.70787006168223,113.68648904880449,1.0,1.0,0.9999007234239635,0.9993667855371567,0.999337404378436,6aa69007b3142d0d,3f599562bcdb5081,False,False,1.5516999992541969,5.680200003553182,7.231900002807379,1.2564999924506992,37.48450000421144,38.74099999666214
nominal_heatup,159,113.45305590748502,113.45305590748502,113.44568015792012,113.44568015792012,-0.007375749564900502,-28581.554808230394,optimal,-28605.66965740255,True,True,converged(kkt(residual=1.66e-03<=tol=2.31e-02); obj_plateau(range=2.80e-08)),converged,0.001659090125694897,0.023134110396434482,False,5,5,0.0,701,8000,6.515970483178535e-07,9.492377879283254e-07,10.0,0,0,2.319855136837276e-07,113.70989470038829,113.70364519425085,113.68548598580158,1.0,1.0,0.9999059028360763,113.70980472454343,113.70272499242233,113.6824565908818,1.0,1.0,0.9999029909489499,0.9993880826068028,0.9993600443878043,9d50ab771c368246,8c8b053a5b7e692d,False,False,1.2123000051360577,4.879099986283109,6.091399991419166,1.3153000036254525,39.89980000187643,41.21510000550188
disturbance_step60,0,32.0,32.0,32.0,32.0,0.0,-95998.82400512494,optimal,-95995.60480396192,False,False,max_iterations,max_iterations,0.01313055188238663,0.07645254018157442,False,5,5,0.0,8000,8000,6.865136228384472e-07,9.949711854417842e-07,10.0,0,0,3.353375623490067e-05,28.0,28.0,28.0,1e-05,1e-05,1e-05,28.0,28.0,28.0,1e-05,1e-05,1e-05,1.0000008521941652,1.0000008521941652,2dff947584e37cd8,2dff947584e37cd8,True,True,1.3085999962640926,5.129500001203269,6.438099997467361,1.1940999975195155,383.1776000006357,384.37169999815524
disturbance_step60,1,36.0,36.0,36.0,36.0,0.0,-106602.11834510237,optimal,-106599.55481274643,True,True,converged(kkt(residual=9.46e-03<=tol=7.67e-02); obj_plateau(range=1.17e-10)),converged,0.00946192876202397,0.07672454183914508,False,5,5,0.0,351,8000,6.114478381391564e-07,8.869759353657969e-07,10.0,0,0,2.404766805543362e-05,28.000000056399145,28.000000056399145,28.000000056399145,1.0001630922571259e-05,1.0001630922571259e-05,1.0001630922571259e-05,28.000000056399145,28.000000056399145,28.000000056399145,1.0001630922571259e-05,1.0001630922571259e-05,1.0001630922571259e-05,1.0000008522669996,1.0000008522669996,7deb6d341e85e86e,7deb6d341e85e86e,True,True,1.9483999931253493,7.493099998100661,9.44149999122601,1.3466000091284513,13.641400000778958,14.98800000990741
disturbance_step60,2,40.0,40.0,40.0,40.0,0.0,-117129.27117072618,optimal,-117127.32958102174,False,False,max_iterations,max_iterations,0.006558336293111593,0.07696517179286803,False,5,5,0.0,8000,8000,6.750023473500733e-07,9.791691262250879e-07,10.0,0,0,1.6576468760082554e-05,28.000000112803107,28.000000112803107,28.000000091841084,1.0003261984532805e-05,1.0003261984532805e-05,1.0003261984532805e-05,28.000000112803107,28.000000112803107,28.000000091841084,1.0003261984532805e-05,1.0003261984532805e-05,1.0003261984532805e-05,1.0000008523398338,1.0000008523398338,dea493021349b947,dea493021349b947,True,True,1.2703000102192163,5.171500000869855,6.441800011089072,1.6462000057799742,314.1864000062924,315.83260001207236
disturbance_step60,3,44.0,44.0,44.0,44.0,0.0,-127560.7145447529,optimal,-127560.03201344592,True,True,converged(kkt(residual=2.13e-03<=tol=7.72e-02); obj_plateau(range=4.56e-16)),converged,0.0021290285680746683,0.07717179203441876,False,5,5,0.0,501,8000,7.615793506943191e-07,9.623327761332234e-07,10.0,0,0,5.3506387871259956e-06,28.00000016921189,28.00000016142088,28.000000128607986,1.0004893185885736e-05,1.0004893185885736e-05,1.0004893185878145e-05,28.00000016921189,28.00000016142088,28.000000128607986,1.0004893185885736e-05,1.0004893185885736e-05,1.0004893185878145e-05,1.000000852412668,1.000000852412668,0edcd0738c543a27,0edcd0738c543a27,True,True,1.2226999970152974,4.870499993558042,6.093199990573339,1.4094999933149666,19.744100005482323,21.15359999879729
disturbance_step60,4,48.0,48.0,48.0,48.0,0.0,-137877.66920410897,optimal,-137877.65031387296,True,True,converged(kkt(residual=1.07e-03<=tol=7.73e-02); obj_plateau(range=2.01e-08)),converged,0.001071169199391304,0.07734236187294435,False,5,5,0.0,551,8000,5.533117999334536e-07,8.043587955697262e-07,10.0,0,0,1.3700721892568705e-07,28.00000021983408,28.000000208534534,28.00000016274716,1.0006524526631151e-05,1.0006524526628329e-05,1.0006524526608854e-05,28.00000021983408,28.000000208534534,28.00000016274716,1.0006524526631151e-05,1.0006524526628329e-05,1.0006524526608854e-05,1.000000852485502,1.000000852485502,680eee491494ebde,680eee491494ebde,True,True,1.2090999953215942,6.38420000905171,7.5933000043733045,1.5672000008635223,18.423599991365336,19.990799992228858
disturbance_step60,5,52.0,52.0,51.99999999999999,51.99999999999999,-7.105427357601002e-15,-148066.06872664744,optimal,-148066.04645978825,True,True,converged(kkt(residual=2.82e-03<=tol=7.75e-02); obj_plateau(range=2.19e-08)),converged,0.0028238830587717636,0.07747532435764008,False,5,5,0.0,501,8000,6.522267455011388e-07,9.454484635185167e-07,10.0,0,0,1.5038468328793262e-07,28.00000026785304,28.000000252134775,28.015534364180088,1.0008156006768049e-05,1.0008156006761134e-05,1.0008156006725072e-05,28.00000026785304,28.000000252134775,28.015534364180088,1.0008156006768049e-05,1.0008156006761134e-05,1.0008156006725072e-05,1.0000008535389835,1.0000008535389835,7fcaea07eedb7f3f,7fcaea07eedb7f3f,True,True,1.586500002304092,4.557899999781512,6.144400002085604,1.6380000015487894,16.896100001758896,18.534100003307685
disturbance_step60,6,56.0,56.0,55.99999999999999,55.99999999999999,-7.105427357601002e-15,-158106.7165118793,optimal,-158106.6976433849,True,True,converged(kkt(residual=4.01e-03<=tol=7.76e-02); obj_plateau(range=1.77e-08)),converged,0.0040072790213808935,0.07756951146146501,False,5,5,0.0,451,8000,6.325446832988746e-07,9.190428951200147e-07,10.0,0,0,1.193403212043375e-07,28.000000312592185,28.00577391978186,28.057459750004423,1.000978762629658e-05,1.000978762628397e-05,1.0009793262776227e-05,28.000000312592185,28.00577391978186,28.057459750004423,1.000978762629658e-05,1.000978762628397e-05,1.0009793262776227e-05,1.0000008566302483,1.0000008566302483,d021821520a1ff94,d021821520a1ff94,True,True,1.1831999872811139,4.838100008782931,6.0212999960640445,1.1962999997194856,16.600999995716847,17.797299995436333
disturbance_step60,7,60.0,60.0,59.99999999999998,59.99999999999998,-2.1316282072803006e-14,-167979.73364055506,optimal,-167979.7112512882,True,True,converged(kkt(residual=5.72e-03<=tol=7.76e-02); obj_plateau(range=1.95e-08)),converged,0.005715923154556874,0.0776240733607983,False,5,5,0.0,301,8000,6.204439984003329e-07,9.014614565927559e-07,10.0,0,0,1.3328560037645516e-07,28.004292153377847,28.022838296226645,28.135109522234508,1.001141938521665e-05,1.0011421478125678e-05,1.0011445967490528e-05,28.004292153377847,28.022838296226645,28.135109522234508,1.001141938521665e-05,1.0011421478125678e-05,1.0011445967490528e-05,1.0000008630022164,1.0000008630022164,1fcae77276133a49,1fcae77276133a49,True,True,1.2254000030225143,4.748199993628077,5.9735999966505915,1.2112000113120303,10.630899996613152,11.842100007925183
disturbance_step60,8,64.0,64.0,64.0,63.99999999999998,-2.1316282072803006e-14,-177665.39997974408,optimal,-177664.62204661613,False,False,max_iterations,max_iterations,0.006731265545315815,0.07763842165555288,False,5,5,0.0,8000,8000,6.111417008014541e-07,8.879458581745325e-07,10.0,0,0,4.378641784332362e-06,28.01807839987666,28.057673407757182,28.254795432951447,1.0013052839181873e-05,1.0013061671269752e-05,1.0013127537634136e-05,28.01807839987666,28.057673407757182,28.254795432951447,1.0013052839181873e-05,1.0013061671269752e-05,1.0013127537634136e-05,1.0000008738881738,1.0000008738881738,fa7da7a4150261e1,fa7da7a4150261e1,True,True,1.1995000095339492,4.6501000033458695,5.849600012879819,1.2731999886455014,295.80240001087077,297.07559999951627
disturbance_step60,9,67.99999999999999,67.99999999999999,67.99999999999997,67.99999999999997,-1.4210854715202004e-14,-187142.34148828022,optimal,-187135.54164842775,False,False,max_iterations,max_iterations,0.0206577702340634,0.07761218466603557,False,5,5,0.0,8000,8000,6.305568689413121e-07,9.140364349846664e-07,10.0,0,0,3.633512165316918e-05,28.047511223592842,28.11622195693027,28.42117301871507,1.0014691440074805e-05,1.0014714737108251e-05,1.0014854481868797e-05,28.047511223592842,28.11622195693027,28.42117301871507,1.0014691440074805e-05,1.0014714737108251e-05,1.0014854481868797e-05,1.0000008905547881,1.0000008905547881,7ff7f670344ac907,ddec85241e2b9cda,True,True,1.4873000036459416,6.295500003034249,7.782800006680191,1.2341999972704798,253.0311000009533,254.26529999822378
disturbance_step60,10,71.99999999999997,71.99999999999997,71.99999999999997,71.99999999999997,0.0,-196384.77840504333,optimal,-196371.79533760427,False,False,max_iterations,max_iterations,0.032268010628203316,0.07754517108972717,False,5,5,0.0,8000,8000,6.510454397812282e-07,9.437360697361896e-07,10.0,0,0,6.611035394748055e-05,28.098587088330618,28.204026095810903,28.637444447596287,1.0016340922523065e-05,1.0016389563010768e-05,1.0016646422525322e-05,28.098587088330618,28.204026095810903,28.637444447596287,1.0016340922523065e-05,1.0016389563010768e-05,1.0016646422525322e-05,1.0000009143124624,1.0000009143124624,b049dda0d6760132,b049dda0d6760132,True,True,1.5876999968895689,6.467900006100535,8.055600002990104,1.7275999998673797,261.75059999513905,263.47819999500643
disturbance_step60,11,75.99999999999996,75.99999999999996,75.99999999999997,75.99999999999997,1.4210854715202004e-14,-205373.05633183158,optimal,-205353.13708846018,False,False,max_iterations,max_iterations,0.04468186684309657,0.0774373403969535,False,5,5,0.0,8000,8000,5.271957235208902e-07,7.66393557505296e-07,10.0,0,0,9.699053742428005e-05,28.17696474743232,28.325927123648107,28.905878723964744,1.001800935059378e-05,1.0018097472067574e-05,1.0018526362451092e-05,28.17696474743232,28.325927123648107,28.905878723964744,1.001800935059378e-05,1.0018097472067574e-05,1.0018526362451092e-05,1.0000009465851527,1.0000009465851527,d41ebe08cf942e48,c3db9d26fe549d9a,True,True,1.1919999960809946,5.0069999997504056,6.1989999958314,1.1972999927820638,281.4299000019673,282.6271999947494
disturbance_step60,12,79.99999999999994,79.99999999999994,79.99999999999997,79.99999999999997,2.842170943040401e-14,-214088.40646751056,optimal,-214063.13103090762,False,False,max_iterations,max_iterations,0.05233237507592734,0.07728877836373677,False,5,5,0.0,8000,8000,5.292319258387579e-07,7.548050309225118e-07,10.0,0,0,0.0001180607427245016,28.287695303581557,28.48611411336325,29.228022559149494,1.0019707186055292e-05,1.0019852307914455e-05,1.0020521334415317e-05,28.287695303581557,28.48611411336325,29.228022559149494,1.0019707186055292e-05,1.0019852307914455e-05,1.0020521334415317e-05,1.000000988985778,1.000000988985778,584bfb1129999d58,584bfb1129999d58,True,True,2.263999995193444,7.514600001741201,9.778599996934645,2.120899996953085,298.11220000556204,300.23310000251513
disturbance_step60,13,83.99999999999996,83.99999999999996,83.99999999999999,83.99999999999997,1.4210854715202004e-14,-222512.42859610394,optimal,-222480.51988485045,False,False,max_iterations,max_iterations,0.06202510355126661,0.07709967676208208,False,5,5,0.0,8000,8000,5.225643917583511e-07,7.480034200924024e-07,10.0,0,0,0.00014340192624152882,28.435189073687383,28.68811443723295,29.60491107244096,1.0021447366458453e-05,1.0021670668093506e-05,1.002266335713411e-05,28.435189073687383,28.68811443723295,29.60491107244096,1.0021447366458453e-05,1.0021670668093506e-05,1.002266335713411e-05,1.0000010434153785,1.0000010434153785,9b6501f11b4b8036,9b6501f11b4b8036,True,True,1.7241000023204833,6.584999995538965,8.309099997859448,1.9448000093689188,258.43499999609776,260.3798000054667
disturbance_step60,14,87.99999999999994,87.99999999999994,87.99999999999997,87.99999999999997,2.842170943040401e-14,-230627.10638262113,optimal,-230592.75647918278,True,True,converged(kkt(residual=6.28e-02<=tol=7.69e-02); obj_plateau(range=3.59e-12)),converged,0.06284742154109518,0.07687031639273208,False,5,5,0.0,201,8000,5.8437012739887e-07,8.495088472670886e-07,10.0,0,0,0.00014894130835796672,28.623200041918288,28.934857331659494,30.037186768688905,1.0023245495954168e-05,1.0023572281445382e-05,1.0024990765584491e-05,28.623200041918288,28.934857331659494,30.037186768688905,1.0023245495954168e-05,1.0023572281445382e-05,1.0024990765584491e-05,1.0000011121797336,1.0000011121797336,918a245a8a0a134e,918a245a8a0a134e,True,True,1.1921999976038933,4.821300011826679,6.013500009430572,1.4015000051585957,7.307699997909367,8.709200003067963
disturbance_step60,15,91.99999999999993,91.99999999999993,91.99999999999997,91.99999999999997,4.263256414560601e-14,-238414.81733931246,optimal,-238380.63498478293,True,True,converged(kkt(residual=5.92e-02<=tol=7.66e-02); obj_plateau(range=3.00e-12)),converged,0.059168227041612426,0.07660105287427336,False,5,5,0.0,201,8000,5.89629024716487e-07,8.164697193890902e-07,10.0,0,0,0.00014337344626715655,28.854869120086413,29.22872865371056,30.525195733226727,1.0025120171607514e-05,1.0025580580941484e-05,1.0027549973976509e-05,28.854869120086413,29.22872865371056,30.525195733226727,1.0025120171607514e-05,1.0025580580941484e-05,1.0027549973976509e-05,1.0000011981334345,1.0000011981334345,89999277de89617c,7f9a5aab0edd7596,True,True,1.2285999982850626,4.748100007418543,5.976700005703606,1.2197000032756478,8.142299993778579,9.361999997054227
disturbance_step60,16,95.99999999999993,95.99999999999993,95.99999999999997,95.99999999999997,4.263256414560601e-14,-245858.33849909017,optimal,-245826.0319697086,True,True,converged(kkt(residual=5.32e-02<=tol=7.63e-02); obj_plateau(range=1.08e-12)),converged,0.05315918070658588,0.07629230471555298,False,5,5,0.0,201,8000,6.278478394960985e-07,8.693920507951702e-07,10.0,0,0,0.00013140302262758358,29.132775953652295,29.571636766375924,31.069051976588753,1.0027093488534011e-05,1.0027723503453636e-05,1.0030397793205575e-05,29.132775953652295,29.571636766375924,31.069051976588753,1.0027093488534011e-05,1.0027723503453636e-05,1.0030397793205575e-05,1.0000013048593073,1.0000013048593073,825c10fb4549c9ca,825c10fb4549c9ca,True,True,1.2704999971901998,5.049700004747137,6.320200001937337,2.013199991779402,7.519999999203719,9.533199990983121
disturbance_step60,17,99.99999999999993,99.99999999999993,99.99999999999997,99.99999999999997,4.263256414560601e-14,-252940.84866524732,optimal,-252907.01068154193,False,False,max_iterations,max_iterations,0.05326826545366716,0.07594454330281392,False,5,5,0.0,8000,8000,6.361106272834149e-07,8.808334657217642e-07,10.0,0,0,0.00013377824614855405,29.459001193484145,29.965072618383886,31.66868726952701,1.0029191757879237e-05,1.0030034571632905e-05,1.0033604465787608e-05,29.459001193484145,29.965072618383886,31.66868726952701,1.0029191757879237e-05,1.0030034571632905e-05,1.0033604465787608e-05,1.0000014368973875,1.0000014368973875,9e94efa170440ac9,9e94efa170440ac9,True,True,1.1934999929508194,4.561199995805509,5.754699988756329,1.2496999988798052,299.2054999922402,300.45519999112
disturbance_step60,18,103.99999999999993,103.99999999999993,103.99999999999997,103.99999999999997,4.263256414560601e-14,-259645.92794660272,optimal,-259612.18191372926,True,True,converged(kkt(residual=5.09e-02<=tol=7.56e-02); obj_plateau(range=2.57e-13)),converged,0.050926387749484346,0.07555828450109504,False,5,5,0.0,201,8000,6.76804603472192e-07,9.810758152539734e-07,10.0,0,0,0.000129969425822879,29.83518713825559,30.410166831002797,32.32388788410938,1.0031446486637145e-05,1.003255432719756e-05,1.0037257650833878e-05,29.83518713825559,30.410166831002797,32.32388788410938,1.0031446486637145e-05,1.003255432719756e-05,1.0037257650833878e-05,1.0000016000414043,1.0000016000414043,b52c585128b36b86,b52c585128b36b86,True,True,1.2157000019215047,4.764600002090447,5.980300004011951,1.2241000076755881,7.763999994494952,8.98810000217054
disturbance_step60,19,107.99999999999994,107.99999999999994,107.99999999999997,107.99999999999997,2.842170943040401e-14,-265957.55516190745,optimal,-265928.55130507593,True,True,converged(kkt(residual=4.20e-02<=tol=7.51e-02); obj_plateau(range=2.99e-13)),converged,0.04199558813565572,0.07513408162614542,False,5,5,0.0,201,8000,6.510827432748556e-07,9.116205230697005e-07,10.0,0,0,0.00010905445421866546,30.26259573381852,30.907740544433675,33.03432342597463,1.0033895682563044e-05,1.0035332213742204e-05,1.0041467676231376e-05,30.26259573381852,30.907740544433675,33.03432342597463,1.0033895682563044e-05,1.0035332213742204e-05,1.0041467676231376e-05,1.0000018017276073,1.0000018017276073,79fccccf8f15c6a9,79fccccf8f15c6a9,True,True,1.1648999934550375,5.719900000258349,6.884799993713386,2.240299989352934,12.770300003467128,15.010599992820062
disturbance_step60,20,111.99999999999994,111.99999999999994,111.99999999999997,111.99999999999997,2.842170943040401e-14,-271860.1035881512,optimal,-271837.459729102,True,True,converged(kkt(residual=3.15e-02<=tol=7.47e-02); obj_plateau(range=2.98e-13)),converged,0.03152322154606667,0.07467251958521323,False,5,5,0.0,201,8000,6.837688459881974e-07,9.468268560297588e-07,10.0,0,0,8.329231811291875e-05,30.742161255455276,31.45835074073644,33.799569377951165,1.0036585572181912e-05,1.0038429042220354e-05,1.0046374493864521e-05,30.742161255455276,31.45835074073644,33.799569377951165,1.0036585572181912e-05,1.0038429042220354e-05,1.0046374493864521e-05,1.000002051549314,1.000002051549314,26237f67a7a0e7c8,711287311a7e82e7,True,True,1.206899993121624,4.797900008270517,6.004800001392141,1.21489999582991,10.939400002826005,12.154299998655915
disturbance_step60,21,115.99999999999996,115.99999999999996,115.99999999999997,115.99999999999997,1.4210854715202004e-14,-277338.3354374501,optimal,-277322.4093909128,False,False,max_iterations,max_iterations,0.0213626851783019,0.07417421001996738,False,5,5,0.0,8000,8000,7.106024639824682e-07,9.839836936365032e-07,10.0,0,0,5.7424610074087085e-05,31.274537519628144,32.06232983559645,34.619125239305966,1.0039572851893256e-05,1.0041920221372836e-05,1.0052156935043224e-05,31.274537519628144,32.06232983559645,34.619125239305966,1.0039572851893256e-05,1.0041920221372836e-05,1.0052156935043224e-05,1.000002361942879,1.000002361942879,9b751e3902f36ed4,846a7839e22c80d8,True,True,1.3895000010961667,6.085199987865053,7.47469998896122,1.3160000089555979,257.68670000252314,259.00270001147874
disturbance_step60,22,119.99999999999996,119.99999999999996,119.99999999999999,119.99999999999997,1.4210854715202004e-14,-282249.2601844363,optimal,-282197.07596616494,False,False,max_iterations,max_iterations,0.06976883802459596,0.07363978731247066,False,5,5,0.0,8000,8000,6.560766223628889e-07,9.55763558074807e-07,10.0,0,0,0.00018488699522014034,31.860139431473698,32.71982012895055,35.492429218553006,1.0042927636276365e-05,1.0045900001126806e-05,1.0059045087611502e-05,31.860139431473698,32.71982012895055,35.492429218553006,1.0042927636276365e-05,1.0045900001126806e-05,1.0059045087611502e-05,1.0000027491075865,1.0000027491075865,c0c53ccfd1fbff75,f3b09411b8df9c38,True,True,1.1851000017486513,4.643499996745959,5.82859999849461,1.2909999932162464,252.23509999341331,253.52609998662956
disturbance_step60,23,123.99999999999997,123.99999999999997,124.0000004330801,123.99999999999997,0.0,-285922.71912266745,optimal,-285869.86250708776,False,False,max_iterations,max_iterations,0.07005100500993405,0.07306990534601678,False,5,5,0.0,8000,8000,6.280502446998071e-07,9.073960827166161e-07,10.0,0,0,0.00018486333622724544,32.499179256904526,33.43080354993059,36.418870302862096,1.0046737327042226e-05,1.0050487067028725e-05,1.0067336928314506e-05,32.499179256904526,33.43080354993059,36.4188703028621,1.0046737327042226e-05,1.0050487067028725e-05,1.0067336928314506e-05,1.0000032342458494,1.0000032342458494,f2ac192c71e9e327,35bc48c120ce9f9a,True,True,1.2024000025121495,4.501899995375425,5.704299997887574,1.1875000054715201,183.82439999550115,185.01190000097267
disturbance_step60,24,127.99999999999997,127.99999999999997,127.99999999999997,127.99999999999997,0.0,-287335.8751669478,optimal,-287286.2186274071,False,False,max_iterations,max_iterations,0.06552642851850562,0.07246523490438808,False,5,5,0.0,8000,8000,6.228404316743763e-07,8.998690477213245e-07,10.0,0,0,0.00017281711064910416,33.19169804282029,34.19512725832241,37.397798234444124,1.005111170702066e-05,1.0055831947088486e-05,1.0077420781319361e-05,33.19169804282029,34.195127258322415,37.39779823444413,1.005111170702066e-05,1.0055831947088486e-05,1.0077420781319361e-05,1.0000038452434135,1.0000038452434135,097cf872b54ada68,ebba7cf0531ae575,True,True,1.735000012558885,4.818799992790446,6.553800005349331,1.5124000055948272,154.97719999984838,156.4896000054432
disturbance_step60,25,130.0,130.0,130.0,130.0,0.0,-285421.3433542201,optimal,-285377.5666791368,False,False,max_iterations,max_iterations,0.05765787060924054,0.07182646166125428,False,5,5,0.0,8000,8000,5.973794827696111e-07,8.63083653435126e-07,10.0,0,0,0.00015337569250107358,33.93759271203294,35.01252560136735,38.42853181431628,1.005618967429849e-05,1.0062126862556018e-05,1.0089805789359043e-05,33.937592712032945,35.01252560136736,38.42853181431629,1.005618967429849e-05,1.0062126862556018e-05,1.0089805789359043e-05,1.0000046189564815,1.000004618956481,311707fff0b6f53b,02ece3e105871a13,False,False,1.2376999948173761,5.764800007455051,7.002500002272427,1.5820999979041517,176.4675000013085,178.04959999921266
disturbance_step60,26,130.0,130.0,130.0,130.0,0.0,-281039.4561664829,optimal,-281001.29480649665,False,False,max_iterations,max_iterations,0.05025774587858509,0.07100872566817841,False,5,5,0.0,8000,8000,5.907819797812408e-07,8.251904946021682e-07,10.0,0,0,0.00013578657749524058,34.73663933886756,35.88263890591761,39.51036584016605,1.0062148184087887e-05,1.0069618889944927e-05,1.0105163455459045e-05,34.73663933886757,35.88263890591762,39.51036584016606,1.0062148184087887e-05,1.0069618889944927e-05,1.0105163455459045e-05,1.0000056043396808,1.000005604339681,8eb29ce445d7875e,8e327865e710a1f4,False,False,1.9780000002356246,6.589800002984703,8.567800003220327,1.9693000067491084,178.69729999802075,180.66660000476986
disturbance_step60,27,130.0,130.0,130.0,130.0,0.0,-276121.9701775234,optimal,-276086.84566948604,False,False,max_iterations,max_iterations,0.04632589418899749,0.07002782567582269,False,5,5,0.0,8000,8000,6.886176748821526e-07,9.989197486959256e-07,10.0,0,0,0.00012720660968460574,35.588513092118,36.80502953120534,40.64257692132613,1.0069214176848358e-05,1.007862763007317e-05,1.0124384554526784e-05,35.588513092118006,36.80502953120535,40.64257692132614,1.0069214176848358e-05,1.007862763007317e-05,1.0124384554526784e-05,1.0000068667446973,1.0000068667446973,f92e3f8c7735ab34,e8668d64e152b3bc,False,False,1.2162000057287514,4.80779999634251,6.024000002071261,1.233300004969351,162.24769999098498,163.48099999595433
disturbance_step60,28,130.0,130.0,130.0,130.0,0.0,-271205.5947255437,optimal,-271172.8414221514,False,False,max_iterations,max_iterations,0.04329331370305631,0.06904684438486627,False,5,5,0.0,8000,8000,5.62927851888162e-07,8.133082021188898e-07,10.0,0,0,0.00012076942748884269,36.49280528639047,37.779195562592335,41.82442836075675,1.00776805645182e-05,1.0089569039656567e-05,1.0148657494724979e-05,36.49280528639048,37.77919556259234,41.824428360756755,1.00776805645182e-05,1.0089569039656569e-05,1.0148657494724979e-05,1.0000084938573894,1.0000084938573894,69a6587c63d2f50b,cc704d544d1cc699,False,False,1.2082000030204654,4.496199995628558,5.7043999986490235,1.268699998036027,172.5490999961039,173.81779999413993
disturbance_step60,29,130.0,130.0,130.0,130.0,0.0,-266303.80334732385,optimal,-266272.99330798956,False,False,max_iterations,max_iterations,0.04084776900129335,0.06806870211644805,False,5,5,0.0,8000,8000,5.667616420623744e-07,8.188471385395246e-07,10.0,0,0,0.0001156952814517901,37.44903793778677,38.804582478445084,43.05517425772096,1.008792775660128e-05,1.0102987727945596e-05,1.0179576783908196e-05,37.44903793778678,38.80458247844509,43.055174257720964,1.008792775660128e-05,1.0102987727945598e-05,1.0179576783908196e-05,1.000010603941939,1.000010603941939,45a465e323453ee7,cbef66634e65b801,False,False,1.188700000056997,4.641799998353235,5.830499998410232,1.3168000004952773,155.62749998935033,156.9442999898456
disturbance_step60,30,130.0,130.0,130.0,130.0,0.0,-261427.50537077658,optimal,-261400.23919893746,False,False,max_iterations,max_iterations,0.03621876021548192,0.06709577262615266,False,5,5,0.0,8000,8000,5.538212235478568e-07,8.001514517630426e-07,10.0,0,0,0.00010429753492625475,38.456676172467965,39.88059307969842,44.326295872218694,1.0100452783556139e-05,1.0119600936431951e-05,1.0219294017606023e-05,38.45667617246797,39.88059307969843,44.3262958722187,1.0100452783556139e-05,1.0119600936431953e-05,1.0219294017606023e-05,1.0000133502968045,1.0000133502968045,1d55e7d7dec0aadb,d766628155f089a8,False,False,1.26530000125058,5.145300005096942,6.410600006347522,1.290200001676567,211.49470000818837,212.78490000986494
disturbance_step60,31,130.0,130.0,130.0,130.0,0.0,-256585.55027185671,optimal,-256564.02894684317,False,False,max_iterations,max_iterations,0.028561413459431438,0.06612998763889327,False,5,5,0.0,8000,8000,5.940057548059485e-07,8.616741871136924e-07,10.0,0,0,8.387618553868833e-05,39.51513879282676,41.00370911940793,45.62384309440204,1.0115908887980325e-05,1.0140358723565775e-05,1.027064961864798e-05,39.51513879282677,41.00370911940794,45.62384309440205,1.0115908887980325e-05,1.0140358723565776e-05,1.027064961864798e-05,1.0000169276166246,1.0000169276166246,ea7b1a85f35d0c10,f4598c01e819090e,False,False,1.2130999966757372,4.975099989678711,6.188199986354448,1.2318000080995262,156.53179999208078,157.7636000001803
disturbance_step60,32,130.0,130.0,129.99999999999997,129.99999999999997,-2.842170943040401e-14,-251785.1210583345,optimal,-251766.1225075383,False,False,max_iterations,max_iterations,0.02529616846404484,0.06517292008472327,False,5,5,0.0,8000,8000,5.815408030684921e-07,8.435923115612809e-07,10.0,0,0,7.545583520540911e-05,40.62166136640787,42.16762674340835,46.9369658648656,1.0135159609374298e-05,1.0166511340095577e-05,1.0337306087914461e-05,40.62166136640788,42.167626743408356,46.936965864865606,1.0135159609374298e-05,1.0166511340095578e-05,1.0337306087914461e-05,1.0000215859513406,1.0000215859513406,1db3ac0cd269c8a4,c8108ff38536af88,False,False,1.2352000048849732,4.598100000293925,5.833300005178899,1.513900002464652,158.70089999225456,160.21479999471921
disturbance_step60,33,130.0,130.0,130.0,130.0,0.0,-247032.03577662606,optimal,-247016.38974330595,False,False,max_iterations,max_iterations,0.02087809175193523,0.06422584808922023,False,5,5,0.0,8000,8000,5.690584288231548e-07,8.254851762146131e-07,10.0,0,0,6.333660369495334e-05,41.77084845737515,43.36566791672193,48.25708836034171,1.0159342426202962e-05,1.0199689056691246e-05,1.0423972055584554e-05,41.77084845737516,43.36566791672194,48.25708836034172,1.0159342426202962e-05,1.0199689056691248e-05,1.0423972055584554e-05,1.0000276448036494,1.00002764480365,d30ed634c9a4c473,f570a98128e82bb5,False,False,1.2432000075932592,5.021699995268136,6.2649000028613955,1.192399999126792,165.96480000589509,167.15720000502188
disturbance_step60,34,130.0,130.0,129.99999999999997,129.99999999999997,-2.842170943040401e-14,-242330.98516355816,optimal,-242317.9885951913,False,False,max_iterations,max_iterations,0.017413058683337358,0.06328980583168345,False,5,5,0.0,8000,8000,5.568244176856751e-07,8.077383908400293e-07,10.0,0,0,5.363216805291025e-05,42.95635122779743,44.590925972232014,49.57797689401694,1.018994412676557e-05,1.0242010082863204e-05,1.053668028779401e-05,42.956351227797434,44.59092597223202,49.57797689401695,1.018994412676557e-05,1.0242010082863206e-05,1.053668028779401e-05,1.0000355128009815,1.0000355128009815,c3b2fb0fe2b01822,a58c6a9f950e2c1a,False,False,1.9823000038741156,7.455600003595464,9.43790000746958,1.9714000081876293,193.85979999788105,195.83120000606868
disturbance_step60,35,130.0,130.0,130.0,130.0,0.0,-237685.72111121414,optimal,-237674.90484817396,False,False,max_iterations,max_iterations,0.01458914404033879,0.06236562404468214,False,5,5,0.0,8000,8000,5.448339237545952e-07,7.903447718504708e-07,10.0,0,0,4.5507463504588684e-05,44.171406195469075,45.83695172260524,50.8949572932192,1.0228899307463622e-05,1.0296214244032104e-05,1.0683152902901279e-05,44.17140619546908,45.83695172260525,50.89495729321921,1.0228899307463622e-05,1.0296214244032106e-05,1.0683152902901279e-05,1.0000457117886863,1.0000457117886863,4337d30d6b6bcb33,245c2ee087137189,False,False,1.2688999995589256,4.421699995873496,5.690599995432422,1.2522000033641234,155.8340999908978,157.08629999426194
disturbance_step60,36,130.0,130.0,130.0,130.0,0.0,-233099.20843406662,optimal,-233090.1740238631,False,False,max_iterations,max_iterations,0.012326457347394527,0.061453962781997,False,5,5,0.0,8000,8000,6.873501803283943e-07,9.961835987226664e-07,10.0,0,0,3.8758961880480685e-05,45.40948352759254,47.0978389175981,52.20455455144949,1.0278713971231812e-05,1.0365834296490869e-05,1.0873268743414286e-05,45.40948352759255,47.097838917598104,52.2045545514495,1.0278713971231812e-05,1.036583429649087e-05,1.0873268743414286e-05,1.0000589086745004,1.000058908674502,5ffec732c83b4c47,d17f5bc5bb87af0a,False,False,1.248100001248531,4.8728000110713765,6.1209000123199075,1.3029000110691413,150.9373000008054,152.24020001187455
disturbance_step60,37,130.0,130.0,130.0,130.0,0.0,-228573.74763891986,optimal,-228566.99554763146,False,False,max_iterations,max_iterations,0.00934040952431906,0.0605553380433324,False,5,5,0.0,8000,8000,6.722444538809214e-07,9.742907538523582e-07,10.0,0,0,2.9541703602928718e-05,46.664516953800415,48.3683532001705,53.504128266444766,1.0342623010345865e-05,1.045541181963181e-05,1.1119674734577008e-05,46.66451695380042,48.36835320017051,53.50412826644477,1.0342623010345865e-05,1.0455411819631811e-05,1.1119674734577008e-05,1.0000759571416176,1.0000759571416173,cb73d96bed4df43d,a199123315829f09,False,False,1.282899989746511,4.527900004177354,5.810799993923865,1.181600004201755,161.94720000203233,163.1288000062341
disturbance_step60,38,130.0,130.0,130.0,130.0,0.0,-224111.07441737008,optimal,-224106.0304609699,False,False,max_iterations,max_iterations,0.0071976943362498345,0.059670143460892076,False,5,5,0.0,8000,8000,6.576610047659415e-07,9.531547506824722e-07,10.0,0,0,2.2508581304982423e-05,47.93105863475706,49.643915160377404,54.791662659233666,1.0424789135198688e-05,1.057077204438009e-05,1.1438591403752979e-05,47.931058634757065,49.64391516037741,54.79166265923367,1.0424789135198688e-05,1.0570772044380092e-05,1.1438591403752979e-05,1.0000979538377246,1.0000979538377246,dc9dd1c04ee405ee,aa457fa9e6d107ef,False,False,1.237600008607842,4.556899992167018,5.79450000077486,1.2063999893143773,186.23120000120252,187.4375999905169
disturbance_step60,39,130.0,130.0,130.0,130.0,0.0,-219712.43955652008,optimal,-219709.87412985804,False,False,max_iterations,max_iterations,0.0038254944615679913,0.0587986678777465,False,5,5,0.0,8000,8000,6.425929797160279e-07,9.313165323376893e-07,10.0,0,0,1.1679213609050417e-05,49.20430631494216,50.92057550494544,56.065602396874425,1.0530555493521728e-05,1.0719374634412517e-05,1.1850890373346329e-05,49.204306314942166,50.92057550494545,56.06560239687443,1.0530555493521728e-05,1.0719374634412519e-05,1.1850890373346329e-05,1.0001263149983302,1.0001263149983302,f9231ad42e3bec27,c4c1fa5ef74bc075,False,False,1.3267000031191856,6.093799995142035,7.420499998261221,1.2129999959142879,148.16500000597443,149.37800000188872
disturbance_step60,40,130.0,130.0,130.0,130.0,0.0,-215378.67168252845,optimal,-215377.67516622983,False,False,max_iterations,max_iterations,0.001917483602040908,0.0579411092478518,False,5,5,0.0,8000,8000,6.286500848773358e-07,9.111089527280569e-07,10.0,0,0,4.6302235264592335e-06,50.480091836351285,52.19495775967505,57.32474554955665,1.0666767540547945e-05,1.0910765749966644e-05,1.238355239644559e-05,50.48009183635129,52.194957759675056,57.32474554955666,1.0666767540547945e-05,1.0910765749966646e-05,1.2383552396445595e-05,1.0001628826826376,1.0001628826826376,23ec3ae69006c90b,c4e639f2ad5b4b97,False,False,1.3868999958503991,4.452799999853596,5.839699995703995,1.1618999997153878,164.67679999186657,165.83869999158196
disturbance_step60,41,130.0,130.0,130.0,130.0,0.0,-211111.14689637834,optimal,-211111.11987272018,True,True,converged(kkt(residual=4.91e-04<=tol=5.71e-02); obj_plateau(range=1.66e-08)),converged,0.0004906672057895514,0.05709758542047869,False,5,5,0.0,501,8000,6.800675294016401e-07,9.865167793776664e-07,10.0,0,0,1.331226545365167e-07,51.75483560174434,53.4641995143953,58.568163767464874,1.0842186462087133e-05,1.1157166424599133e-05,1.3071662770483212e-05,51.75483560174435,53.464199514395304,58.56816376746488,1.0842186462087133e-05,1.1157166424599135e-05,1.3071662770483217e-05,1.000210073755604,1.000210073755604,a381559fbb950d1d,83adbca440833e0f,False,False,1.2246000114828348,4.948099987814203,6.172699999297038,1.7657999997027218,10.244899996905588,12.01069999660831
disturbance_step60,42,130.0,130.0,130.0,130.0,0.0,-206912.32783061662,optimal,-206912.29927938865,True,True,converged(kkt(residual=1.08e-03<=tol=5.63e-02); obj_plateau(range=1.74e-08)),converged,0.0010777874525396572,0.05626814156472215,False,5,5,0.0,451,8000,6.726167924853144e-07,9.757086418815675e-07,10.0,0,0,1.396652582936762e-07,53.02549121637783,54.725890756821585,59.79514556110168,1.1068025253675922e-05,1.1474247701261863e-05,1.3961166177047799e-05,53.02549121637784,54.72589075682159,59.79514556110168,1.1068025253675922e-05,1.1474247701261865e-05,1.3961166177047804e-05,1.0002710907268957,1.0002710907268957,17ca43bda6c11d13,593df6c439998031,False,False,1.250800007255748,4.530599995632656,5.781400002888404,1.2103000044589862,10.148500005016103,11.35880000947509
disturbance_step60,43,130.0,130.0,130.0,130.0,0.0,-202781.96203119605,optimal,-202781.9225624983,True,True,converged(kkt(residual=1.96e-03<=tol=5.55e-02); obj_plateau(range=2.45e-08)),converged,0.0019581857838933373,0.055452754518273084,False,5,5,0.0,351,8000,6.654502158198738e-07,9.653126786801636e-07,10.0,0,0,1.969723575200269e-07,54.28948544658737,55.978016398292105,61.00515332643331,1.1358651936153698e-05,1.1882164517023142e-05,1.5112695179349733e-05,54.28948544658738,55.97801639829211,61.005153326433316,1.1358651936153698e-05,1.1882164517023144e-05,1.5112695179349738e-05,1.0003502217184121,1.0003502217184117,e26f249b1c4df875,5fa3f11b8b534d2c,False,False,1.2223999947309494,5.36560000909958,6.58800000383053,1.3877000019419938,8.411100003286265,9.798800005228259
disturbance_step60,44,130.0,130.0,130.0,130.0,0.0,-198719.33643193133,optimal,-198719.3156142013,True,True,converged(kkt(residual=1.92e-03<=tol=5.47e-02); obj_plateau(range=1.36e-08)),converged,0.001916083601354186,0.054651332468782544,False,5,5,0.0,201,8000,6.579060851663598e-07,9.54369027361679e-07,10.0,0,0,1.0855043302219586e-07,55.54466009462919,57.218903246915346,62.19779083408778,1.1732523445269194e-05,1.2406951562850738e-05,1.660691317248316e-05,55.544660094629194,57.21890324691535,62.19779083408779,1.1732523445269194e-05,1.240695156285074e-05,1.6606913172483163e-05,1.0004532681750724,1.0004532681750724,7abf743314cafe75,4b8e405ad8115bad,False,False,1.2204000086057931,4.634199998690747,5.85460000729654,1.2032999948132783,5.23080000129994,6.434099996113218
disturbance_step60,45,130.0,130.0,130.0,130.0,0.0,-194722.73380527928,optimal,-194717.56614164304,True,True,converged(kkt(residual=6.79e-03<=tol=5.39e-02); obj_plateau(range=1.64e-15)),converged,0.006792242239706767,0.05386371158789679,False,5,5,0.0,201,8000,5.547224048996213e-07,8.039648209390293e-07,10.0,0,0,2.6542455921816896e-05,56.789217674450455,58.44717272868526,63.3727778009778,1.221344127067576e-05,1.3082428465613037e-05,1.8551986542778224e-05,56.78921767445046,58.44717272868527,63.372777800977815,1.221344127067576e-05,1.3082428465613039e-05,1.8551986542778255e-05,1.0005881542511206,1.000588154251119,0f32fd1f0e955319,2f7f300362350972,False,False,1.3633999915327877,4.429499997058883,5.792899988591671,1.1629999935394153,7.271599999512546,8.434599993051961
disturbance_step60,46,130.0,130.0,130.0,130.0,0.0,-190788.5057477284,optimal,-190776.0252087976,True,True,converged(kkt(residual=1.64e-02<=tol=5.31e-02); obj_plateau(range=1.98e-15)),converged,0.01641217459706913,0.053089645351986896,False,5,5,0.0,201,8000,6.665222542778793e-07,9.661708171293526e-07,10.0,0,0,6.541881938613467e-05,58.021672340212916,59.66169913612939,64.52992981579378,1.283225903535136e-05,1.3952823801894357e-05,2.1094037516679103e-05,58.02167234021292,59.6616991361294,64.52992981579379,1.283225903535136e-05,1.3952823801894359e-05,2.1094037516679137e-05,1.0007657922929525,1.0007657922929523,bd5a7865fc375bfa,3da7aa2bd3e10d90,False,False,1.5820999979041517,7.305199993425049,8.8872999913292,1.9468999962555245,10.690600000089034,12.637499996344559
disturbance_step60,47,130.00000000000003,130.00000000000003,130.0,130.0,-2.842170943040401e-14,-186914.6052038146,optimal,-186895.54245825604,True,True,converged(kkt(residual=2.51e-02<=tol=5.23e-02); obj_plateau(range=1.56e-15)),converged,0.02508518587213351,0.05232878897371409,False,5,5,0.0,201,8000,5.445816384508362e-07,7.912388344522014e-07,10.0,0,0,0.00010199791697651682,59.24080627823816,60.86157324805601,65.66914222531284,1.3629227439716847e-05,1.5076414058007537e-05,2.4431749600808593e-05,59.24080627823817,60.861573248056025,65.66914222531285,1.3629227439716847e-05,1.5076414058007539e-05,2.4431749600808675e-05,1.0010013058592755,1.0010013058592766,c59eeed7c1c5b42a,57410f0dbe537f86,False,False,1.3407999940682203,5.075000008218922,6.415800002287142,2.0059999951627105,6.802799995057285,8.808799990219995
disturbance_step60,48,130.0,130.0,130.0,130.0,0.0,-183098.4962159504,optimal,-183073.5480565016,True,True,converged(kkt(residual=3.29e-02<=tol=5.16e-02); obj_plateau(range=1.75e-15)),converged,0.03285424718806865,0.05158067040320104,False,5,5,0.0,201,8000,5.492548069696568e-07,7.980286893527477e-07,10.0,0,0,0.0001362814350249375,60.445631502829244,62.046070844933716,66.79037712551896,1.4657239205824328e-05,1.6530593465596096e-05,2.8836727925755446e-05,60.44563150282925,62.04607084493373,66.79037712551897,1.4657239205824328e-05,1.6530593465596096e-05,2.8836727925755534e-05,1.0013157471013447,1.0013157471013459,915f66a05d6b3bc0,acf3212e4ff77131,False,False,1.2409999908413738,4.526600008830428,5.767599999671802,1.1833000025944784,7.023999991361052,8.20729999395553
disturbance_step60,49,130.0,130.0,130.0,130.0,0.0,-179336.71123913286,optimal,-179306.54257688686,True,True,converged(kkt(residual=3.98e-02<=tol=5.08e-02); obj_plateau(range=1.62e-15)),converged,0.03976118670774211,0.05084464613348719,False,5,5,0.0,201,8000,6.126449534349376e-07,8.901301260522132e-07,10.0,0,0,0.0001682742521870521,61.63535669095368,63.21462566327623,67.89365282436218,1.5986343757010025e-05,1.841895514025872e-05,3.468179049773312e-05,61.63535669095369,63.214625663276244,67.89365282436219,1.5986343757010025e-05,1.8418955140258733e-05,3.468179049773321e-05,1.0017384914685052,1.0017384914685026,ed7ef8cc2b0a80a3,2a9068b35bc49550,False,False,1.2350000033620745,4.808500001672655,6.04350000503473,1.5633000002708286,6.823100004112348,8.386400004383177
disturbance_step60,50,130.0,130.0,130.0,130.0,0.0,-175624.46633158968,optimal,-175589.7114279555,True,True,converged(kkt(residual=4.58e-02<=tol=5.01e-02); obj_plateau(range=1.82e-15)),converged,0.045846446500416735,0.05011983276830526,False,5,5,0.0,201,8000,5.614874254433744e-07,8.158018873771766e-07,10.0,0,0,0.00019798507763495177,62.80935862777153,64.36680630859729,68.97903535661555,1.771004879334599e-05,2.0881188322763476e-05,4.248012413352573e-05,62.809358627771545,64.3668063085973,68.97903535661558,1.771004879334599e-05,2.088118832276349e-05,4.248012413352589e-05,1.0023105527641403,1.00231055276414,419b9d3d97799a0b,15a0d58fd374debd,False,False,1.2633000005735084,6.139000004623085,7.402300005196594,2.242399990791455,6.994299998041242,9.236699988832697
disturbance_step60,51,130.0,130.0,129.99999999999997,129.99999999999997,-2.842170943040401e-14,-171955.0484212246,optimal,-171916.31299291278,False,False,max_iterations,max_iterations,0.0511492945833689,0.049404998490476915,False,5,5,0.0,8000,8000,6.772483089889647e-07,9.824272613201401e-07,10.0,0,0,0.00022542448441267537,63.96715780299739,65.50229669912929,70.04663175947263,1.9954127492003092e-05,2.4106900556497137e-05,5.293923003597164e-05,63.967157802997406,65.50229669912932,70.04663175947266,1.9954127492003092e-05,2.4106900556497154e-05,5.2939230035971814e-05,1.0030891393708201,1.0030891393708201,0db767955c2f20b3,1f3541454ecb8c0a,False,False,1.1960000119870529,4.662799998186529,5.8588000101735815,1.1719000031007454,298.9244999916991,300.09639999479987
disturbance_step60,52,130.0,130.0,130.0,130.0,0.0,-168318.8191011335,optimal,-168276.68266804464,False,False,max_iterations,max_iterations,0.05570658151412078,0.04869838716390785,False,5,5,0.0,8000,8000,5.388176731457861e-07,7.828644656981965e-07,10.0,0,0,0.00025060830516421365,65.10839773149326,66.62087966539485,71.09658492755244,2.288892387473418e-05,2.8354882832899212e-05,6.703486721298806e-05,65.10839773149327,66.62087966539488,71.09658492755247,2.288892387473418e-05,2.835488283289929e-05,6.703486721298836e-05,1.0041538720862668,1.0041538720862666,d38914f9ce1ff888,72f3b2bfae1d0a28,False,False,1.3353999966057017,5.187600007047877,6.5230000036535785,1.660000008996576,265.5052999907639,267.16529999976046
disturbance_step60,53,130.0,130.0,130.0,130.0,0.0,-164701.53886287927,optimal,-164656.55929792352,False,False,max_iterations,max_iterations,0.05955259873985551,0.04799742373518355,False,5,5,0.0,8000,8000,5.226749522080354e-07,7.594102973129679e-07,10.0,0,0,0.0002735531934523726,66.23282762269274,67.72242340235863,72.1290699518052,2.6746518406205812e-05,3.397988237098335e-05,8.611184642383605e-05,66.23282762269277,67.72242340235866,72.12906995180523,2.6746518406205812e-05,3.397988237098351e-05,8.611184642383666e-05,1.0056152093333455,1.0056152093333455,ef5e8cd39f893654,cbafe0eab8873078,False,False,1.1730999976862222,5.367999998270534,6.541099995956756,1.2062000023433939,351.2546999991173,352.4609000014607
disturbance_step60,54,130.0,130.0,130.0,130.0,0.0,-161081.43521375846,optimal,-161034.15571237323,False,False,max_iterations,max_iterations,0.06271634982012717,0.04729820150154353,False,5,5,0.0,8000,8000,5.324442753362746e-07,7.736046150341735e-07,10.0,0,0,0.0002942774789036434,67.34028809419578,68.80687054634413,73.14429192629686,3.1844611049781495e-05,4.1469671910037346e-05,0.0001120206141967142,67.34028809419581,68.80687054634416,73.14429192629689,3.1844611049781495e-05,4.146967191003758e-05,0.00011202061419671508,1.0076257803464348,1.0076257803464352,fae8f4b58ac9cfb1,f22cd4b86f2a93c1,False,False,1.1958000104641542,4.986200001440011,6.182000011904165,1.2234000023454428,325.1363000017591,326.3597000041045
disturbance_step60,55,130.0,130.0,130.0,130.0,0.0,-157423.84626396018,optimal,-157374.80903137755,False,False,max_iterations,max_iterations,0.06521778119891196,0.04659455098201135,False,5,5,0.0,8000,8000,6.854863840999315e-07,9.93660663972662e-07,10.0,0,0,0.00031279007619330006,68.43069970476232,69.87422973194204,74.14248528314019,3.8619637364567744e-05,5.1496155359949186e-05,0.00014730119077533435,68.43069970476235,69.87422973194207,74.1424852831402,3.8619637364567744e-05,5.1496155359949457e-05,0.00014730119077533538,1.010395516954784,1.0103955169547845,0cbbb4972aab60d1,31ea2b98cbae8fab,False,False,2.0615999965230003,7.009699998889118,9.071299995412119,2.8037000010954216,321.79879999603145,324.60249999712687
disturbance_step60,56,130.0,130.0,130.0,130.0,0.0,-153677.66506215444,optimal,-153627.42050591615,False,False,max_iterations,max_iterations,0.06705005614355472,0.04587736519847325,False,5,5,0.0,8000,8000,6.315961798009084e-07,9.176660267229408e-07,10.0,0,0,0.0003290167313335109,69.5040541714148,70.924569573403,75.12391479571387,4.767250118687801e-05,6.498548706359931e-05,0.00019542929915612015,69.50405417141482,70.92456957340303,75.12391479571389,4.767250118687801e-05,6.498548706359971e-05,0.00019542929915612135,1.014211710750462,1.0142117107504625,cb4328268b2389c5,9e2a65872c1cadd9,False,False,2.442600001813844,8.328600000822917,10.77120000263676,2.201400013291277,316.9134999916423,319.1149000049336
disturbance_step60,57,130.0,130.0,130.0,130.0,0.0,-149805.94532267828,optimal,-149755.12754503702,False,False,max_iterations,max_iterations,0.06813282364235725,0.045139561529521324,False,5,5,0.0,8000,8000,5.111084391273835e-07,7.407546833704259e-07,10.0,0,0,0.00034248681630001963,70.56040823389365,71.95801511327056,76.0888784775621,5.983144181865124e-05,8.321377814266961e-05,0.0002611435762269537,70.56040823389368,71.95801511327059,76.08887847756213,5.983144181865133e-05,8.321377814267008e-05,0.0002611435762269551,1.0194654224269877,1.0194654224269861,bfe5674a528f23e7,73cfec6533f776c9,False,False,1.5437999973073602,6.258099994738586,7.801899992045946,1.417299994500354,281.46000001288485,282.8773000073852
disturbance_step60,58,130.0,130.0,130.0,130.0,0.0,-145752.89089884126,optimal,-145702.22869304856,False,False,max_iterations,max_iterations,0.06837435282458458,0.04437125278222234,False,5,5,0.0,8000,8000,5.172672388198407e-07,7.496806917473009e-07,10.0,0,0,0.00035265996424735374,71.59988023965894,72.97474689074429,77.03771270348125,7.623802393224706e-05,0.00010793700677174436,0.0003508777483324809,71.59988023965897,72.97474689074431,77.03771270348128,7.623802393224716e-05,0.00010793700677174491,0.0003508777483324832,1.0266860520935506,1.026686052093552,126049ec5398d36e,335059e238518eaf,False,False,2.0589000050676987,6.720799996401183,8.779700001468882,1.804300001822412,294.7751000028802,296.5794000047026
disturbance_step60,59,130.0,130.0,130.0,130.0,0.0,-141444.60886665623,optimal,-141394.9878511902,False,False,max_iterations,max_iterations,0.06761341151065153,0.043559618061664425,False,5,5,0.0,8000,8000,5.440314509996824e-07,7.904421304161247e-07,10.0,0,0,0.0003585965893057353,72.62264964699986,73.9750029073809,77.9707999945643,9.846413029699062e-05,0.0001415663492820105,0.0004733277732075414,72.62264964699989,73.97500290738093,77.97079999456433,9.846413029699087e-05,0.00014156634928201114,0.00047332777320754406,1.0365863512084827,1.036586351208483,9c67a6f84aafe4ab,2e9b22cd2dea2eaf,False,False,1.976899991859682,7.222600004752167,9.199499996611848,1.9870999967679381,345.004600007087,346.99170000385493
disturbance_step60,60,130.0,130.0,130.0,130.0,0.0,-197715.49044895777,optimal,-197715.5028465736,True,True,converged(kkt(residual=1.79e-03<=tol=5.44e-02); obj_plateau(range=1.17e-08)),converged,0.0017886511182398821,0.05441583320422288,False,5,5,0.0,201,8000,6.575700837174736e-07,9.538816874155032e-07,10.0,0,0,9.352945833769744e-08,58.62895978704016,59.95908391297361,63.88858004554173,0.00012867025852995718,0.00018740344468097736,0.0006401914369111129,58.62895978704019,59.95908391297364,63.888580045541744,0.00012867025852995748,0.00018740344468097845,0.0006401914369111172,1.003738322704595,1.0037383227045942,27bb104928f93e01,898eab6f3a6c585a,False,False,1.6028000100050122,4.865700000664219,6.468500010669231,1.1845000117318705,5.113599996548146,6.2981000082800165
disturbance_step60,61,130.0,130.0,130.0,130.0,0.0,-194104.73019912242,optimal,-194099.7757071646,True,True,converged(kkt(residual=6.51e-03<=tol=5.37e-02); obj_plateau(range=1.65e-15)),converged,0.006514607679010273,0.05371027894071237,False,5,5,0.0,201,8000,5.47189017652272e-07,7.930466212613396e-07,10.0,0,0,2.5538929483807706e-05,59.617804514945526,60.925359455789945,64.78433259412324,0.00013165092344799627,0.00019202816826026023,0.0006579915215409055,59.617804514945554,60.92535945578997,64.78433259412327,0.00013165092344799657,0.00019202816826026137,0.00065799152154091,1.0044980070258664,1.004498007025866,d68ce432e8706585,35d71081b43b4659,False,False,1.4196999982232228,4.572100006043911,5.991800004267134,1.6284000012092292,6.699699995806441,8.32809999701567
disturbance_step60,62,130.0,130.0,130.0,130.0,0.0,-190479.67190079085,optimal,-190467.7498817265,True,True,converged(kkt(residual=1.57e-02<=tol=5.30e-02); obj_plateau(range=1.68e-15)),converged,0.015679001606087768,0.0530022405954857,False,5,5,0.0,201,8000,6.567030794712991e-07,9.519372250466063e-07,10.0,0,0,6.260059720460818e-05,60.58989440225476,61.87384487761886,65.66784275654052,0.00013526370675729537,0.00019760719214877428,0.0006791469975475745,60.589894402254785,61.873844877618886,65.66784275654054,0.00013526370675729567,0.00019760719214877547,0.0006791469975475791,1.005403863798956,1.005403863798955,ec398d58af85af75,0220be27e06a5b41,False,False,1.221999991685152,4.5058000105200335,5.727800002205186,1.2122000043746084,6.772200009436347,7.984400013810955
disturbance_step60,63,130.0,130.0,130.00000000000003,130.0,0.0,-186850.08049305418,optimal,-186831.77726764316,True,True,converged(kkt(residual=2.41e-02<=tol=5.23e-02); obj_plateau(range=1.71e-15)),converged,0.0240901881722366,0.05229385753833225,False,5,5,0.0,201,8000,6.878456275671851e-07,9.969016732114255e-07,10.0,0,0,9.799270957353084e-05,61.5444642245246,62.80699325747213,66.53568085720023,0.0001396342976870587,0.0002043241993671914,0.0007042708242781398,61.54446422452463,62.80699325747215,66.53568085720025,0.00013963429768705906,0.00020432419936719263,0.0007042708242781449,1.0064836358861171,1.0064836358861171,ed8d2c487c9287ab,ea27caba3d5ddbd1,False,False,1.1989999911747873,4.305000009480864,5.504000000655651,1.3384999911068007,6.578200001968071,7.916699993074872
disturbance_step60,64,130.00000000000003,130.00000000000003,130.0,130.0,-2.842170943040401e-14,-183221.92224951016,optimal,-183197.82203629432,True,True,converged(kkt(residual=3.17e-02<=tol=5.16e-02); obj_plateau(range=1.59e-15)),converged,0.03174661122645096,0.05158648363098087,False,5,5,0.0,201,8000,5.430995315691689e-07,7.89085794039579e-07,10.0,0,0,0.00013161063573638776,62.4831419089163,63.72387640132329,67.38883755124013,0.00014491269146478026,0.00021240167424555823,0.0007340746906852151,62.48314190891632,63.72387640132331,67.38883755124014,0.0001449126914647806,0.00021240167424555948,0.0007340746906852203,1.0077721104828512,1.0077721104828514,3cfc7e75f82e3fee,574cdeef0f01e9af,False,False,1.2535000132629648,4.927999994833954,6.1815000080969185,1.279199990676716,6.52049999916926,7.799699989845976
disturbance_step60,65,130.0,130.0,130.0,130.0,0.0,-179597.52939866734,optimal,-179568.21119039983,True,True,converged(kkt(residual=3.87e-02<=tol=5.09e-02); obj_plateau(range=1.62e-15)),converged,0.03865653060893741,0.05088077473519934,False,5,5,0.0,201,8000,6.075265019944709e-07,8.826937785144651e-07,10.0,0,0,0.00016337980411781645,63.40565640577899,64.62523083478906,68.28537300921911,0.0001512808117099384,0.00022210534219837985,0.0007694075747355301,63.40565640577901,64.62523083478908,68.28537300921913,0.00015128081170993874,0.00022210534219838112,0.0007694075747355354,1.0093430235759835,1.0093430235759828,4ce14cde1d8b511c,66c985067dd174ab,False,False,1.2322999973548576,5.126599993673153,6.358899991028011,1.2284000113140792,6.664799991995096,7.893200003309175
disturbance_step60,66,130.0,130.0,130.0,130.0,0.0,-175975.3352876567,optimal,-175941.3684069019,True,True,converged(kkt(residual=4.48e-02<=tol=5.02e-02); obj_plateau(range=2.15e-15)),converged,0.04483423022534657,0.05017663723866882,False,5,5,0.0,201,8000,5.569004031258373e-07,8.091376466623501e-07,10.0,0,0,0.00019325145756144584,64.31248693928103,65.53272614573089,69.20816389265492,0.00015895809894429417,0.00023375634956334233,0.000811701664730124,64.31248693928104,65.5327261457309,69.20816389265494,0.00015895809894429458,0.00023375634956334363,0.0008117016647301294,1.011271328609491,1.0112713286094912,c1ef817f58da8f2e,786b4794d4bfffb7,False,False,1.1814000026788563,4.495700006373227,5.677100009052083,1.1938999959966168,6.671700000879355,7.8655999968759716
disturbance_step60,67,130.0,130.0,130.0,130.0,0.0,-172349.10553437233,optimal,-172311.04809465958,False,False,max_iterations,max_iterations,0.05029845723666568,0.04947310688865564,False,5,5,0.0,8000,8000,6.735106978794647e-07,9.77005537805553e-07,10.0,0,0,0.00022119561178314719,65.21986612539649,66.44574192786797,70.15168242962642,0.0001682111982516161,0.0002477960608959799,0.0008626888748955432,65.2198661253965,66.44574192786799,70.15168242962643,0.00016821119825161655,0.0002477960608959814,0.0008626888748955491,1.013659680905474,1.0136596809054748,e6b9fbd5c4478e8d,93c0073fd15c1ae2,False,False,1.1514000070746988,4.554599989205599,5.705999996280298,1.5470999933313578,316.0212000075262,317.56830000085756
disturbance_step60,68,130.0,130.0,130.0,130.0,0.0,-168712.71374320448,optimal,-168671.11993719367,False,False,max_iterations,max_iterations,0.055053498080982956,0.04876912487651333,False,5,5,0.0,8000,8000,5.363860111629037e-07,7.793319696247636e-07,10.0,0,0,0.00024712191328372284,66.13150206350883,67.36810159590945,71.10489859034305,0.0001793963993580977,0.0002647799645724335,0.0009245603135961777,66.13150206350885,67.36810159590947,71.10489859034307,0.00017939639935809815,0.0002647799645724351,0.0009245603135961839,1.016633567134259,1.0166335671342595,7560ddcf1a85ffbf,f8f8519cb1e45c57,False,False,1.4872000028844923,4.735399998025969,6.222600000910461,1.6019000031519681,302.80499999935273,304.4069000025047
disturbance_step60,69,130.00000000000003,130.00000000000003,130.0,130.0,-2.842170943040401e-14,-165055.69351154016,optimal,-165011.11750239274,False,False,max_iterations,max_iterations,0.05910791808095897,0.04806289652939768,False,5,5,0.0,8000,8000,5.215266156710641e-07,7.577425318316955e-07,10.0,0,0,0.00027095707567014056,67.05119206327696,68.29807074175987,72.06186457118348,0.0001929709475826723,0.00028542712346317267,0.0010000246155650757,67.05119206327697,68.29807074175989,72.06186457118349,0.00019297094758267277,0.00028542712346317435,0.0010000246155650822,1.0203561178925005,1.0203561178925011,aeda082628c005ad,6eaf5a99b3683c1e,False,False,2.0871000015176833,6.477699993411079,8.564799994928762,1.8266999977640808,272.466100010206,274.2928000079701
disturbance_step60,70,130.0,130.0,130.0,130.0,0.0,-161361.9979919818,optimal,-161314.99675924086,False,False,max_iterations,max_iterations,0.062466244323158324,0.04735165210428476,False,5,5,0.0,8000,8000,5.316288422818616e-07,7.724206394499333e-07,10.0,0,0,0.0002926188733680663,67.97862616760467,69.23441179319113,73.01742295359622,0.00020952829556562647,0.00031065472826406824,0.0010924865329780163,67.97862616760469,69.23441179319114,73.01742295359624,0.00020952829556562696,0.00031065472826407003,0.001092486532978023,1.025036548155856,1.025036548155856,e0337aaa1c8f1b45,50aafb9f4e2e92a6,False,False,1.305999991018325,4.870200005825609,6.176199996843934,1.2355000071693212,275.3385999967577,276.574100003927
disturbance_step60,71,130.0,130.0,130.0,130.0,0.0,-157608.82390655926,optimal,-157559.96961026892,False,False,max_iterations,max_iterations,0.06511987187090608,0.04663142052679138,False,5,5,0.0,8000,8000,6.849211189319249e-07,9.928412660897834e-07,10.0,0,0,0.0003119702870052649,68.91281079442136,70.17478407721799,73.96837113486994,0.00022983289871541943,0.0003416410916242353,0.0012062362148036899,68.91281079442138,70.174784077218,73.96837113486995,0.00022983289871542024,0.0003416410916242371,0.001206236214803697,1.0309467390097358,1.030946739009736,0f76254cfa00d7eb,52626585d4d86985,False,False,1.7857000057119876,6.3011999882292,8.086899993941188,1.756900004693307,279.63079999608453,281.38770000077784
disturbance_step60,72,130.0,130.0,130.0,130.0,0.0,-153765.06334712278,optimal,-153714.96241331525,False,False,max_iterations,max_iterations,0.06704016271819563,0.04589675200056921,False,5,5,0.0,8000,8000,6.315175511417692e-07,9.175530761851292e-07,10.0,0,0,0.00032878713085853254,69.85175874812633,71.1170388702028,74.91231789863814,0.00025487304282852764,0.000379900784106299,0.0013467181170469065,69.85175874812636,71.11703887020282,74.91231789863815,0.0002548730428285285,0.00037990078410630123,0.001346718117046914,1.0384399266623487,1.0384399266623487,581e392434f1b982,33612411dd797b9d,False,False,1.1971000058110803,5.231399991316721,6.428499997127801,1.181300001917407,270.28519999294076,271.46649999485817
disturbance_step60,73,130.0,130.0,130.0,130.0,0.0,-149788.97406743406,optimal,-149738.29615835045,False,False,max_iterations,max_iterations,0.06816793188420192,0.045140315626689895,False,5,5,0.0,8000,8000,5.112439112053835e-07,7.409510205391712e-07,10.0,0,0,0.00034269223384628106,70.79337283151318,72.05901258555055,75.84768275534985,0.00028592819904410137,0.0004273887727824974,0.0015208666521763828,70.7933728315132,72.05901258555058,75.84768275534987,0.0002859281990441025,0.0004273887727824998,0.001520866652176391,1.0479764651395789,1.0479764651395782,3082a4cb0e4ebdc9,228665e7464e4322,False,False,1.78829999640584,7.310700006200932,9.099000002606772,1.2605999945662916,296.2528999923961,297.5134999869624
disturbance_step60,74,130.0,130.0,130.0,130.0,0.0,-145625.03011747403,optimal,-145574.5515289941,False,False,max_iterations,max_iterations,0.06839724594050026,0.04435238566404948,False,5,5,0.0,8000,8000,5.17615362127799e-07,7.501852055114e-07,10.0,0,0,0.0003530547392707974,71.73551972893111,72.99880294447458,76.77336161284563,0.00032466046922720266,0.0004866358136696428,0.0017375453938515105,71.73551972893112,72.99880294447459,76.77336161284565,0.0003246604692272039,0.0004866358136696462,0.0017375453938515194,1.0601564322801702,1.0601564322801706,0b9ed84e8547257f,425e8f0889f7d6df,False,False,1.218299992615357,4.633200005628169,5.851499998243526,1.232099995831959,273.26600000378676,274.4980999996187
disturbance_step60,75,130.0,130.0,130.0,130.0,0.0,-141199.4014919087,optimal,-141150.07164684802,False,False,max_iterations,max_iterations,0.0675493414548268,0.04352003203973487,False,5,5,0.0,8000,8000,5.445274808835165e-07,7.911644681612984e-07,10.0,0,0,0.00035881277724658943,72.67625526899548,73.93474459335145,77.68864963979864,0.0003732352377011828,0.0005609283084167881,0.0020081092765721125,72.67625526899549,73.93474459335147,77.68864963979865,0.0003732352377011845,0.0005609283084167929,0.002008109276572122,1.0757621475863735,1.0757621475863723,4759b312da5d00ad,fa6b414b98d87626,False,False,1.1978999973507598,4.935399992973544,6.1332999903243035,1.1935000075027347,278.8479000009829,280.04140000848565
disturbance_step60,76,130.0,130.0,130.0,130.0,0.0,-136414.247829908,optimal,-136367.2928316883,False,False,max_iterations,max_iterations,0.06533191918812875,0.04262637029404656,False,5,5,0.0,8000,8000,5.51061106079942e-07,8.006586904585333e-07,10.0,0,0,0.00035815611580360904,73.61386548933405,74.86545984639139,78.5931344417454,0.00043448157769852326,0.0006545444385531403,0.0023471282542447012,73.61386548933406,74.8654598463914,78.59313444174542,0.0004344815776985251,0.0006545444385531455,0.0023471282542447116,1.0836785482033264,1.0836785482033269,cfe853b2c47f74c1,2e14caa260a37b85,False,False,1.3070999993942678,7.855700008803979,9.162800008198246,2.0524999999906868,303.2065000006696,305.2590000006603
disturbance_step60,77,129.99999999999997,129.99999999999997,130.0,130.0,2.842170943040401e-14,-131139.01449070714,optimal,-131096.09979498098,False,False,max_iterations,max_iterations,0.06127265057721625,0.041649092132172875,False,5,5,0.0,8000,8000,5.200947867933792e-07,7.537786759215237e-07,10.0,0,0,0.00034795460033967867,74.54691667660828,75.78984983922196,79.48665703201614,0.0005121041666726825,0.0007730646510376052,0.0027733131750708444,74.54691667660829,75.78984983922197,79.48665703201615,0.0005121041666726845,0.0007730646510376109,0.0027733131750708557,1.08999176131445,1.089991761314452,64b0c3c5299251d8,04c09a450886dfa1,False,False,1.9709999905899167,7.5459000072441995,9.516899997834116,2.056899989838712,276.4995000034105,278.5563999932492
disturbance_step60,78,130.0,130.0,130.0,130.0,0.0,-125202.34468400406,optimal,-125165.83095502837,False,False,max_iterations,max_iterations,0.05461457756999066,0.04055939201089351,False,5,5,0.0,8000,8000,5.243772136509506e-07,7.599852382966787e-07,10.0,0,0,0.0003226886756271772,75.47426398047558,76.7070996790227,80.36928281199523,0.0006109630682109459,0.0009237783852600327,0.0033106985694120795,75.4742639804756,76.70709967902272,80.36928281199523,0.0006109630682109495,0.0009237783852600391,0.0033106985694120955,1.0961009031063653,1.0961009031063647,50d1b5b3815db348,7380d368858e2447,False,False,1.207199995405972,4.467600010684691,5.674800006090663,1.1935000075027347,270.4269999958342,271.62050000333693
disturbance_step60,79,130.0,130.0,130.0,130.0,0.0,-118376.51736515424,optimal,-118355.28686210813,False,False,max_iterations,max_iterations,0.03649075289378006,0.03931983513435001,False,5,5,0.0,8000,8000,6.488546517857685e-07,9.403916410022362e-07,10.0,0,0,0.00022659801636872642,76.39506051628614,77.61667651527145,81.2412973750337,0.0007374421043111854,0.0011162161056939065,0.003990148572089675,76.39506051628615,77.61667651527145,81.2412973750337,0.0007374421043111894,0.0011162161056939136,0.003990148572089693,1.1019364098637237,1.101936409863724,927bdaa055183b37,53e392be67129877,False,False,1.1945000005653128,4.866000002948567,6.06050000351388,1.2660999927902594,228.42400000081398,229.69009999360424
disturbance_step60,80,130.0,130.0,130.0,130.0,0.0,-110355.89906824875,optimal,-110349.41456340057,False,False,max_iterations,max_iterations,0.018430958465560095,0.03788153942845942,False,5,5,0.0,8000,8000,5.916398890803976e-07,8.574697121233044e-07,10.0,0,0,0.00012025841485932238,77.30876227454941,78.51833648953126,82.10321542494485,0.00089993310934672,0.001362843888124316,0.004851269817928865,77.30876227454941,78.51833648953128,82.10321542494485,0.0008999331093467245,0.001362843888124324,0.004851269817928886,1.107447829742061,1.1074478297420607,def791d515758905,86d829d661bb3226,False,False,1.3081000070087612,4.992599991965108,6.300699998973869,1.1803999950643629,235.07529999187682,236.25569998694118
disturbance_step60,81,130.0,130.0,130.0,130.0,0.0,-100725.98071010677,optimal,-100734.16818924068,True,True,converged(kkt(residual=2.62e-04<=tol=3.62e-02); obj_plateau(range=1.91e-08)),converged,0.0002615865225508206,0.03618158614233623,False,5,5,0.0,601,8000,5.225409722697805e-07,7.573239715341629e-07,10.0,0,0,1.6279051976827987e-07,78.21513978309747,79.41213896531704,82.95580553864035,0.00110947159706889,0.0016799692972920117,0.0059448359778406165,78.21513978309748,79.41213896531704,82.95580553864035,0.001109471597068895,0.0016799692972920206,0.005944835977840639,1.112606856447124,1.1126068564471225,c20a237ad887f893,1c3be020a1a44557,False,False,1.6579000075580552,6.2433999992208555,7.901300006778911,1.743100001476705,22.968899997067638,24.711999998544343
disturbance_step60,82,130.0,130.0,130.0,130.0,0.0,-89008.62889206299,optimal,-88988.00908608838,True,True,converged(kkt(residual=3.00e-02<=tol=3.41e-02); obj_plateau(range=1.31e-15)),converged,0.029989021540035396,0.034139529794022225,False,5,5,0.0,201,8000,5.370538076476805e-07,7.783575428632616e-07,10.0,0,0,0.00024899528884280396,79.11429853506885,80.29847323522542,83.80012970776376,0.0013805707187173357,0.002088922468561391,0.007335856553785984,79.11429853506885,80.29847323522542,83.80012970776376,0.0013805707187173413,0.0020889224685614015,0.007335856553786009,1.117409263811668,1.117409263811668,e44f5bf80e05c7d7,64b6025a3f7fe22c,False,False,2.133100002538413,7.14210000296589,9.275200005504303,2.055300006759353,14.220800003386103,16.276100010145456
disturbance_step60,83,130.0,130.0,130.0,130.0,0.0,-74433.36297615466,optimal,-74404.21512524033,False,False,max_iterations,max_iterations,0.051446404962898394,0.031670401431849675,False,5,5,0.0,8000,8000,6.793773081881227e-07,9.898102577565737e-07,10.0,0,0,0.0005014151805154426,80.00671309778389,81.17810012307744,84.63760020807078,0.0017323158637796352,0.0026175974602227025,0.009107459150643125,80.00671309778389,81.17810012307744,84.63760020807078,0.0017323158637796417,0.0026175974602227143,0.009107459150643153,1.1218760638489564,1.1218760638489584,33b3cadd604381ae,ef0b25602d3dbff5,False,False,1.6284000012092292,4.748399995150976,6.376799996360205,1.444399997126311,402.25879999343306,403.70319999055937
disturbance_step60,84,130.0,130.0,129.92919716737248,129.92919716737248,-0.07080283262752118,-55758.968744117934,optimal,-55785.76903050023,True,True,converged(kkt(residual=1.37e-02<=tol=2.86e-02); obj_plateau(range=3.37e-14)),converged,0.013715779821974115,0.028649009236433726,False,5,5,0.0,201,8000,5.380901200169319e-07,7.798594880981113e-07,10.0,0,0,0.00017660777860531272,80.89327871821037,82.0522129087193,85.47005678585818,0.002189804145517443,0.0033024688154309834,0.011365804379491537,80.89327871821037,82.0522129087193,85.47005678585818,0.0021898041455174506,0.003302468815430997,0.011365804379491569,1.1260543570119657,1.126054357011966,1fe4b68b706d6852,6ddafc7addcbe2f0,False,False,1.1950000043725595,4.587300005368888,5.782300009741448,1.5324999985750765,11.53790000535082,13.070400003925897
disturbance_step60,85,126.0,126.0,125.92919716737245,125.92919716737248,-0.07080283262752118,-32194.637098218227,optimal,-32192.337564098452,True,True,converged(kkt(residual=6.56e-07<=tol=2.51e-02); obj_plateau(range=6.78e-16)),converged,6.56222289055345e-07,0.025060615691920692,False,5,5,0.0,201,8000,6.377600101359349e-07,9.243120588919851e-07,10.0,0,0,-1.4149145916426973e-08,81.77538579070459,82.92252274661578,86.2998692503646,0.0027860446808960055,0.004191241808834706,0.014246321778364632,81.77538579070459,82.92252274661578,86.2998692503646,0.0027860446808960137,0.0041912418088347215,0.014246321778364667,1.130018458111644,1.130018458111644,d9c37b3673b7c2eb,627b1c83bad6db61,True,True,1.7202000017277896,4.74999999278225,6.47019999451004,1.2373999925330281,36.51610000815708,37.75350000069011
disturbance_step60,86,122.0,122.0,121.92919716737248,121.92919716737248,-0.07080283262752118,-2115.372996851089,optimal,-2145.5754882747096,True,True,converged(kkt(residual=9.01e-07<=tol=2.09e-02); obj_plateau(range=5.09e-15)),converged,9.009245532873067e-07,0.020943263487989392,False,5,5,0.0,201,8000,6.52057678962592e-07,9.450338440686323e-07,10.0,0,0,-2.8087313623662505e-07,82.6550240402027,83.79137604139085,87.13007264658518,0.0035644827710387345,0.005346359925044506,0.01792165356002709,82.6550240402027,83.79137604139085,87.13007264658518,0.003564482771038744,0.005346359925044524,0.017921653560027128,1.1338719836240558,1.1338719836240567,39d35a1e3de5e12b,b0ab921702adae5f,True,True,1.2340999965090305,4.483600001549348,5.717699998058379,1.2015999964205548,41.1409999942407,42.342599990661256
disturbance_step60,87,118.0,118.0,117.92919716737248,117.92919716737248,-0.07080283262752118,39056.305869257485,optimal,39040.051792415805,False,False,max_iterations,max_iterations,0.1016441706158508,0.02158401333187288,False,5,5,0.0,8000,8000,6.861457393370074e-07,9.998593419879853e-07,10.0,0,0,0.0016771310085743007,83.53492622739988,84.66191436559458,87.96454548405339,0.0045823833802913876,0.0068496930591620915,0.02261183563591431,83.53492622739988,84.66191436559458,87.96454548405339,0.004582383380291399,0.006849693059162111,0.022611835635914353,1.1377517327885673,1.1377517327885658,b43fe374975ec1ec,91fe846584827a3e,True,True,1.2133999989600852,4.631200004951097,5.844600003911182,1.4395000034710392,1833.8859000068624,1835.3254000103334
disturbance_step60,88,114.0,114.0,113.92919716737246,113.92919716737248,-0.07080283262752118,104078.79321378762,optimal,104186.07062180378,False,False,max_iterations,max_iterations,0.4530295531332466,0.03477179689737632,False,5,5,0.0,8000,8000,6.880459295643959e-07,9.971919725515477e-07,10.0,0,0,0.00275162671492385,84.41876569862092,85.53829262116562,88.80824626426839,0.005915423168626318,0.008808887426151775,0.028597455867751347,84.41876569862092,85.53829262116562,88.80824626426839,0.005915423168626331,0.0088088874261518,0.028597455867751396,1.141834454642398,1.1418344546423982,16da59d6477df8f7,f3efc59a2373ff59,True,True,1.1802000080933794,4.5368999999482185,5.717100008041598,1.4401000080397353,1676.2807999912184,1677.720899999258
disturbance_step60,89,110.0,110.0,109.92919716737248,109.92919716737248,-0.07080283262752118,218495.4785625211,optimal,218959.66173208298,False,False,max_iterations,max_iterations,1.3005650993890179,0.057198188727530436,False,5,5,0.0,8000,8000,6.014623181727075e-07,8.717054784668221e-07,10.0,0,0,0.003932150866625076,85.31142950104572,86.425979271221,89.66753088100468,0.007664024625163804,0.01136611287505479,0.0362368447748384,85.31142950104572,86.425979271221,89.66725591523557,0.0076640246251638185,0.011366112875054818,0.036236844774838455,1.1463480708360265,1.1463459433046934,400afffd79836e71,acf944dea344702d,True,True,2.0484999986365438,8.451900008367375,10.500400007003918,2.3305000067921355,1785.949500001152,1788.2800000079442
disturbance_step60,90,106.00000000000001,106.00000000000001,105.92919716737246,105.92919716737248,-0.0708028326275354,443423.918997998,optimal,444812.3147390128,False,False,max_iterations,max_iterations,2.9722033457241013,0.09256428513370496,False,5,5,0.0,8000,8000,6.620496009190902e-07,9.595152308250476e-07,10.0,0,0,0.0052742671230858905,86.21940095981533,87.33217585033769,90.53505065461766,0.009962272676885745,0.014710366359779698,0.04598883177392084,86.21940095981533,87.3320736530676,90.53429436308305,0.009962272676885762,0.01471036635977973,0.04598842163418461,1.1514652988878278,1.15145880282263,41f9a01ad17817fb,6c1db16660b24d8a,True,True,1.197300007333979,6.265000003622845,7.462300010956824,1.3163000112399459,1789.7532999922987,1791.0696000035387
disturbance_step60,91,102.00000000000003,102.00000000000003,101.92919716737246,101.92919716737248,-0.0708028326275496,931531.2863425082,optimal,935036.9509866297,False,False,max_iterations,max_iterations,5.53070368980232,0.14843269712068338,False,5,5,0.0,8000,8000,6.723611676306973e-07,9.803239278127762e-07,10.0,0,0,0.006534563247900322,87.15130627932051,88.26064189347113,91.40954521793115,0.012990780563354455,0.019095213479631647,0.05841391447147193,87.15123031144968,88.26033217006994,91.40811592228664,0.012990780563354476,0.01909514404625636,0.05841202375243627,1.157440229576797,1.157426543104848,678adeac6fa11db8,5e041d59e0ddf533,True,True,1.2563999916892499,5.424400005722418,6.680799997411668,1.208100002259016,1724.020900001051,1725.22900000331
disturbance_step60,92,98.00000000000001,98.00000000000001,97.92919716737248,97.92919716737248,-0.0708028326275354,2123244.283237864,optimal,2131305.3142178208,False,False,max_iterations,max_iterations,9.253671655615003,0.2405060037096576,False,5,5,0.0,8000,8000,6.02284359274563e-07,8.728968454718711e-07,9.076776626985307,0,0,0.007570100714664506,88.11442409430185,89.2180461338794,92.29338601897717,0.01699580561326554,0.024859993515115565,0.07418988908903486,88.114172733462,89.2173972999513,92.29112312846081,0.016995758423645105,0.024859638474041434,0.07418436188830785,1.1646148296889096,1.164590671791472,03d75f600d8faf5c,b735fdb88ead0fb6,True,True,1.5073999966261908,6.548600009409711,8.056000006035902,1.1875000054715201,1758.2834999921033,1759.4709999975748
disturbance_step60,93,94.00000000000001,94.00000000000001,93.9291971673725,93.9291971673725,-0.07080283262752118,5422409.952595256,optimal,5438814.0914143305,False,False,max_iterations,max_iterations,15.08944788918081,0.39982473643371735,False,5,5,0.0,8000,8000,6.536882324326143e-07,9.537300940110072e-07,47.15322912137228,0,0,0.008216015286021937,89.11874413569336,90.21378984289167,93.1942197234305,0.022315113552254937,0.03246269537141045,0.09412335791790752,89.11818992736855,90.21266085639566,93.19096260244311,0.022314852728995027,0.03246153116957554,0.09411042883247545,1.173474806729158,1.173435911776387,c5539aabb7abdfd0,e4df810f8a826fe9,True,True,1.3955000031273812,6.651500007137656,8.047000010265037,1.2285000120755285,1679.9808999930974,1681.209400005173
disturbance_step60,94,90.00000000000001,90.00000000000001,89.9291971673725,89.9291971673725,-0.07080283262752118,15180616.175883893,optimal,15206811.48710138,False,False,max_iterations,max_iterations,23.9914836220938,0.6719597726805238,False,5,5,2.510719733924228,8000,8000,6.752423757916404e-07,9.786356516272576e-07,185.25226445404115,0,0,0.008204970394633216,90.17837426183029,91.26258505593385,94.12417801417772,0.029418205428307483,0.04252741556662693,0.11916289087737086,90.17737050265401,91.2608128900372,94.11974833447411,0.029417299971933923,0.04252434745755009,0.11913645473819943,1.1846935476802478,1.1846339806633057,f74a2c1281f01087,fd9dbeaf43055fb5,True,True,1.1777000036090612,5.042100005084649,6.21980000869371,1.2166000087745488,1696.2528000003658,1697.4694000091404
disturbance_step60,95,86.0,86.0,85.92919716737252,85.92919716737252,-0.07080283262747855,29096047.38961312,optimal,29299363.89143848,False,False,max_iterations,max_iterations,29.683056460790464,0.8733488083285362,False,5,5,9.111484493969499,8000,8000,6.15649994983869e-07,8.922678036427101e-07,276.77161100488036,0,0,0.007503870370882651,91.31460960125548,92.38626872237381,95.10012240338645,0.03896943301259937,0.05591851220002912,0.15040764612575833,91.31297921485461,92.3836547028643,95.09429858297256,0.03896692449628762,0.055911403619038014,0.150358310412511,1.1992038402850915,1.1991148091502883,f89a7aad205062a3,7ad91e5e2ebe92db,True,True,1.207100009196438,4.65809999150224,5.865200000698678,1.1845999979414046,1410.0849999958882,1411.2695999938296
disturbance_step60,96,90.0,90.0,89.92919716737254,89.92919716737252,-0.07080283262747855,28171993.681227278,optimal,27945526.939116612,False,False,max_iterations,max_iterations,6.8263195997094925,0.778380142126604,False,5,5,19.21683352032492,8000,8000,5.956284212516039e-07,8.643212554559909e-07,243.55445375690806,0,0,0.0018228501124338355,92.55952897123377,93.61705125150074,96.14379483118616,0.05193333864494486,0.07385961660931029,0.18910813508058197,92.55704323751633,93.61333106241923,96.13628577359313,0.051927239494883454,0.07384444687518373,0.18902201592543488,1.2182934895422,1.2181615386593203,ada9a54fba0c5147,da97c8f8ce597745,True,True,1.207799999974668,6.627599999774247,7.835399999748915,1.330599989159964,504.6647999988636,505.99539998802356
disturbance_step60,97,86.0,86.0,85.92919716737251,85.92919716737252,-0.07080283262747855,24605465.56044045,optimal,24463452.215738587,False,False,max_iterations,max_iterations,1.5420811457951054,0.7020160096057299,False,5,5,35.57603637022143,8000,8000,6.843775111065042e-07,9.976430836999839e-07,208.99065087387083,0,0,0.0004334908048383693,93.96208159718171,95.00256585968972,97.28227683765596,0.06975948613301695,0.0981342770914498,0.23664673288563678,93.95841551890167,94.99735893840335,97.27269153315576,0.06974578983811926,0.09810356921295718,0.23650404853395535,1.2437293021134286,1.2435335864541353,b66296dbdce560e6,2ec7fc6b70c0135d,True,True,1.4460999955190346,5.451100005302578,6.897200000821613,1.3260999985504895,1588.829699991038,1590.1557999895886
disturbance_step60,98,90.0,90.0,86.57118194757176,86.57118194757176,-3.428818052428241,16227605.498246849,optimal,16149801.868259763,False,False,max_iterations,max_iterations,1.5578914137536837,0.572963306823322,False,5,5,63.99124449154462,8000,8000,5.31781310542101e-07,7.76196430685161e-07,165.32877489816377,0,0,0.0005378393079061917,95.59896541450802,96.61491377300024,98.54842224200523,0.09472815130293401,0.1314403377814648,0.2944731554687175,95.59361113138824,96.6076307480605,98.53623970687003,0.09469875782592065,0.13138009161266184,0.29424687475078065,1.277860091376956,1.2775687269743337,989c53d463df233a,a7efc26ae29b613d,True,False,1.1882999970111996,5.923699995037168,7.111999992048368,1.5113999979803339,160.53360000660177,162.0450000045821
disturbance_step60,99,94.0,94.0,88.74069996904147,88.74069996904147,-5.259300030958528,8808473.488409016,optimal,8776957.478530347,False,False,max_iterations,max_iterations,0.9744058642020764,0.4244117842054964,False,5,5,115.83915092680043,8000,8000,6.884413039642823e-07,9.996290861735702e-07,113.87874611363497,0,0,0.0004582135646436605,97.59626286504347,98.56774639640253,99.98102891770884,0.13064649620729796,0.17804959078003788,0.36394220369712244,97.58834811221655,98.55740947811032,99.96558084220527,0.13058451997823572,0.1779329629974224,0.36359758091609934,1.3234365451019612,1.3230039841183072,9f1de2fd00d9df5b,f4fcacbc1f7be86f,True,False,1.2100000021746382,7.186600007116795,8.396600009291433,1.1926000006496906,522.6996999990661,523.8922999997158
disturbance_step60,100,97.99999999999999,97.99999999999999,92.74069996904147,92.74069996904147,-5.259300030958514,1843709.6638089647,optimal,1844973.616835328,False,False,max_iterations,max_iterations,0.8996744086760317,0.20405118469971156,False,5,5,181.96283484421463,8000,8000,6.714873279634048e-07,9.94377853835715e-07,10.0,0,0,0.0009796077702431934,100.176706841667,101.050750393485,101.62448228852615,0.18438378668118946,0.2451034856975038,0.44595311804428706,100.16457211897155,101.03561371659325,101.60498112924547,0.18425184557837815,0.24487696173995482,0.44545027782181323,1.3818261615953389,1.381205442584413,26c0ba9208705095,b18d7b8d9b480345,True,True,1.2722999963443726,4.85300000582356,6.125300002167933,1.20009999955073,259.4429000018863,260.64300000143703
disturbance_step60,101,101.99999999999999,101.99999999999999,96.74070042592359,96.74069996904147,-5.259300030958514,1304770.5626045607,optimal,1288224.6377725822,False,False,max_iterations,max_iterations,0.37268758841164223,0.17319317086591507,False,5,5,111.9902577440496,8000,8000,5.142526475765408e-07,9.994102185828524e-07,10.0,0,0,0.0004991885927586096,103.77521534296085,104.40285942844847,103.56019073339628,0.2696555043101241,0.3452658229319564,0.5402287394257231,103.75528275254565,104.37954130171966,103.53585953929658,0.2693625974126042,0.34481735609453595,0.5395330309876359,1.4429157972701145,1.4421780839517326,bb4a68a87458f060,16fac4ddc332729f,True,True,1.2445999891497195,5.5167000100482255,6.761299999197945,1.4171999937389046,254.74460000987165,256.16180000361055
disturbance_step60,102,105.99999999999999,105.99999999999999,100.74069996904146,100.74069996904146,-5.259300030958528,-125422.46321973695,optimal,-121056.72249926634,True,True,converged(kkt(residual=1.39e-03<=tol=4.78e-02); obj_plateau(range=1.44e-15)),converged,0.001385487789872989,0.04777703711600374,False,5,5,77.96599890406657,251,8000,6.675703474456895e-07,9.683970647600404e-07,10.0,0,0,7.093135401291322e-06,109.35837850916717,109.27317359572893,105.86088152957133,0.4176150130485716,0.5019058600247122,0.6445498540424125,109.32160917229463,109.23470397126448,105.8311614829896,0.41690800388997046,0.5009937507251676,0.6436565492007829,1.4072165416667362,1.4076703691023016,ee38476583156875,fceac047e6ac9e87,True,True,1.4631000085501,5.481799991684966,6.944900000235066,1.276700000744313,9.175899991532788,10.4525999922771
disturbance_step60,103,110.0,110.0,104.74070039056481,104.74069996904146,-5.259300030958542,-98796.16087298737,optimal,-95523.80891744958,True,True,converged(kkt(residual=4.72e-03<=tol=3.75e-02); obj_plateau(range=3.05e-16)),converged,0.004715104484887873,0.03750080865542211,False,5,5,25.68960822221949,251,8000,6.165696362359085e-07,8.958625183907998e-07,10.0,0,0,3.167609319470102e-05,119.34186871504478,116.71731822936393,108.69006691187425,0.7081441903864624,0.7529309831638686,0.7528166741251181,119.26215171771418,116.65197392856324,108.64158124178374,0.7062317908602284,0.7511294116872278,0.7517948228239281,1.1240971624385345,1.1220503547579839,879500c432c956c3,67ca73be2043c652,True,True,1.4076999941607937,4.60120000934694,6.008900003507733,1.210500005981885,9.482499997830018,10.693000003811903
disturbance_step60,104,114.0,114.0,108.74069996904146,108.74069996904146,-5.259300030958542,-92466.95360285907,optimal,-89782.77506389591,False,False,max_iterations,max_iterations,0.00200609388924071,0.03517693635111417,False,5,5,13.245292362928012,8000,8000,6.677630040030635e-07,9.772269544683354e-07,10.0,0,0,1.4897269678360518e-05,135.6228224750851,125.13288560216714,112.35910340882178,1.0,1.0,0.8546576806648303,135.51375351863817,125.07692027321883,112.26846115571016,1.0,1.0,0.8535015779936855,1.1009739445592754,1.0818477527894093,7d87e73670c3e8a0,d23b4e127c2e0272,True,True,1.1900999961653724,7.452400008332916,8.642500004498288,2.0367999968584627,249.78689999261405,251.82369998947252
disturbance_step60,105,118.00000000000001,118.00000000000001,112.74069996904146,112.74069996904146,-5.259300030958556,-95046.66487804672,optimal,-92598.69906527657,True,True,converged(kkt(residual=2.73e-03<=tol=3.52e-02); obj_plateau(range=1.89e-15)),converged,0.002726759358904118,0.03520084069899729,False,5,5,1.6055683790620066,251,8000,6.790412214741082e-07,9.931106186300553e-07,10.0,0,0,2.0329642819175325e-05,127.82517613296706,124.28404264321803,116.2811357179379,1.0,1.0,0.9367581163654881,127.7555815138526,124.19545167953673,116.1500131347906,1.0,1.0,0.9354954947407126,0.9816713534760246,0.9816560186058365,ce231f265bacbace,93bc5906ff5d688c,True,True,1.450499999918975,5.008899999666028,6.459399999585003,1.2126999936299399,8.784200006630272,9.996900000260212
disturbance_step60,106,122.00006031154618,122.00006031154618,116.74069996904146,116.74069996904146,-5.259360342504721,-97488.57434649227,optimal,-95299.85385628123,False,False,max_iterations,max_iterations,0.0021120333158990787,0.035417981604508146,False,5,5,0.0,8000,8000,6.753448076324275e-07,9.796666473604887e-07,10.0,0,0,1.581556263146921e-05,125.19289083537096,122.62572325910668,116.33002554156599,1.0,1.0,0.9794409571625183,125.10917537086728,122.52838487623443,116.15787919446474,1.0,1.0,0.9786528916470758,0.9821557478686489,0.982146669309327,47b853c19fad609b,bf58ecc79733627f,True,True,1.1639000003924593,4.311299999244511,5.4751999996369705,1.1501999979373068,297.1710999991046,298.32129999704193
disturbance_step60,107,126.00002072227629,126.00002072227629,120.7407004256928,120.74069996904146,-5.259320753234832,-97117.21233571669,optimal,-95319.70867436938,False,False,max_iterations,max_iterations,0.0010980281427541518,0.035135493636976885,False,5,5,0.0,8000,8000,5.024007379006434e-07,9.464821459914674e-07,10.0,0,0,8.255303400376538e-06,123.2845986213023,121.23993039067383,115.39609288272536,1.0,1.0,0.9878147249731322,123.19075662306703,121.11985119654477,115.16462755577263,1.0,1.0,0.9873010214723366,0.9822472726507961,0.9822412744641799,010a1363edbf7e45,2625e3a39737b800,False,True,1.1924999998882413,4.651299997931346,5.843799997819588,1.334200002020225,260.0073999929009,261.3415999949211
disturbance_step60,108,130.0000094134933,130.0000094134933,124.74070041002359,124.74069996904146,-5.259309444451844,-94776.35375596979,optimal,-94092.45514893277,False,False,max_iterations,max_iterations,0.0016722545822281199,0.03467023340510127,False,5,5,0.0,8000,8000,5.277948957882472e-07,9.13986184514215e-07,10.0,0,0,7.119289427053784e-06,121.76470389337817,119.82788288375014,114.9583670434866,1.0,1.0,0.9912470885422089,121.65135859621296,119.67615615424359,114.66005191224744,1.0,1.0,0.9908371636923198,0.9822844639049492,0.9822795715043636,036c95744704e562,78cea9bf733a49b0,False,True,1.8746999994618818,6.877399995573796,8.752099995035678,2.0896999922115356,256.76400000520516,258.8536999974167
disturbance_step60,109,130.0,130.0,128.74069996904146,128.74069996904146,-1.259300030958542,-90700.23253476252,optimal,-91704.50394481835,True,True,converged(kkt(residual=1.02e-03<=tol=3.41e-02); obj_plateau(range=2.13e-08)),converged,0.0010231387692803443,0.0341219187570598,False,5,5,0.0,501,8000,5.129246574142599e-07,7.433869031459039e-07,10.0,0,0,1.8164802557028245e-07,120.32497690130693,118.7378802747882,114.54858005621644,1.0,1.0,0.9932374145731057,120.18310094288728,118.54593596869908,114.18226022419998,1.0,1.0,0.9928828439419665,0.9823059209797554,0.9823015754759437,304d112845b3de67,b5c1e102cba0e6f1,False,True,1.4573000080417842,5.42269999277778,6.880000000819564,1.2465000036172569,16.664800001308322,17.91130000492558
disturbance_step60,110,130.0,130.0,130.0,130.0,0.0,-85403.68799754941,optimal,-88080.0793336267,True,True,converged(kkt(residual=8.05e-03<=tol=3.35e-02); obj_plateau(range=3.21e-14)),converged,0.008049216095672058,0.03353902936738833,False,5,5,0.0,201,8000,5.565643022009681e-07,8.066343015755706e-07,10.0,0,0,6.772804933429594e-05,119.14521592139941,117.77071223713277,114.26028215989604,1.0,1.0,0.9945262442987204,118.9661218869522,117.53256634634471,113.82397886239343,1.0,1.0,0.9942057870699441,0.9823198004830529,0.9823157556033574,d21fc738d01f81de,32cb843e45abe049,False,False,2.1920000144746155,7.726299998466857,9.918300012941472,2.285099995788187,9.023399994475767,11.308499990263954
disturbance_step60,111,130.0,130.0,130.0,130.0,0.0,-80052.31816427916,optimal,-83357.58112180703,True,True,converged(kkt(residual=2.74e-02<=tol=3.27e-02); obj_plateau(range=9.83e-14)),converged,0.02741411919956515,0.032740235784717936,False,5,5,0.0,201,8000,7.41562743655777e-07,9.319678193620007e-07,10.0,0,0,0.00024290965632543503,118.12348492762003,116.97684670548331,114.03455219835786,1.0,1.0,0.9954344183172226,117.90049496728022,116.68699907906135,113.52714636964812,1.0,1.0,0.9951371470932342,0.9823295845929298,0.9823257112679552,d3fe32538b7defcf,51bf0a6b4e5e4885,False,False,1.9357999990461394,5.984400006127544,7.920200005173683,1.7363999941153452,9.363600009237416,11.100000003352761
disturbance_step60,112,130.0,130.0,130.0,130.0,0.0,-74723.39474150684,optimal,-78365.40399766283,False,False,max_iterations,max_iterations,0.03927429749660412,0.031861308373489834,False,5,5,0.0,8000,8000,6.869624797900542e-07,9.98108984795465e-07,10.0,0,0,0.0003685591881680833,117.27113667739744,116.30945028394275,113.89358973423788,1.0,1.0,0.9961088292208615,116.9984483783847,115.96359138218449,113.31416545675772,1.0,1.0,0.995828429841465,0.9823368838889385,0.9823331076745229,2e0bec94fc4468fd,dc611219e704615a,False,False,1.464099987060763,4.567299998598173,6.031399985658936,1.671699996222742,399.62070000183303,401.29239999805577
disturbance_step60,113,130.0,130.0,130.0,130.0,0.0,-69437.68844417174,optimal,-73451.50616800951,False,False,max_iterations,max_iterations,0.04386956547878014,0.031004976933301308,False,5,5,0.0,8000,8000,5.573597974262157e-07,8.119561307751155e-07,10.0,0,0,0.00043658404202924495,116.55627151862355,115.76897344753961,113.82753234348448,1.0,1.0,0.9966317014606386,116.22919218849582,115.36350018728015,113.1756052506376,1.0,1.0,0.9963643028203577,0.9823425933889961,0.9823388698037627,350cc91aece7fd6a,d701e43f6bc66a4c,False,False,1.4021999959368259,5.129500001203269,6.531699997140095,1.1765000090235844,409.85579999687616,411.03230000589974
disturbance_step60,114,130.0,130.0,130.0,130.0,0.0,-64196.08065050102,optimal,-68615.4769914778,False,False,max_iterations,max_iterations,0.04151437885693484,0.03017158349332612,False,5,5,0.0,8000,8000,5.924064225837355e-07,8.63011388574364e-07,10.0,0,0,0.0004380475659703487,115.9710371174525,115.34000998911483,113.82437930949898,1.0,1.0,0.9970506473186888,115.58568401981391,114.87207345097696,113.11525497619537,1.0,1.0,0.9967937742505413,0.9823464521910751,0.9823435392947402,a1a8c31f051c1ae3,df587d947c24ecc2,False,False,1.298899995163083,4.630900002666749,5.929799997829832,1.2035999970976263,380.7520999980625,381.9556999951601
disturbance_step60,115,129.99999999999997,129.99999999999997,130.0,130.0,2.842170943040401e-14,-59083.83335810373,optimal,-63843.17647838386,False,False,max_iterations,max_iterations,0.03247965262636188,0.029359233619993312,False,5,5,0.0,8000,8000,6.833912493675598e-07,9.929199240588105e-07,10.0,0,0,0.00036128091247274256,115.50196600304352,115.01122699788172,113.8703362559454,1.0,1.0,0.9973949401951453,115.05522488462557,114.48434155085185,113.11981333257755,1.0,1.0,0.9971477028992511,0.9823446577744916,0.9823450468780605,439b5798be179be3,3bba63b8f983d436,False,False,1.3455000007525086,4.594199999701232,5.93970000045374,1.8768000009004027,411.2907000089763,413.1675000098767
disturbance_step60,116,130.0,130.0,130.0,130.0,0.0,-54643.699904913046,optimal,-59373.97282594002,False,False,max_iterations,max_iterations,0.01413286579539559,0.02860869353641538,False,5,5,0.0,8000,8000,6.341731619841084e-07,9.214093639187126e-07,10.0,0,0,0.00016180034478607724,115.13717741995741,114.76958334580361,113.95531916780516,1.0,1.0,0.9976834231649048,114.63086138336662,114.1893654129809,113.17637965464128,1.0,1.0,0.9974457492705314,0.9823424834854809,0.9823430769248128,3947a826cf4c8c96,3f567ce8d6303a89,False,False,1.1871000024257228,4.442900011781603,5.630000014207326,1.193099989905022,324.9418000050355,326.1348999949405
disturbance_step60,117,130.00000000000003,130.00000000000003,130.0,130.0,-2.842170943040401e-14,-50795.87884420334,optimal,-55434.186827293655,True,True,converged(kkt(residual=3.54e-04<=tol=2.80e-02); obj_plateau(range=2.03e-08)),converged,0.00035415688549361843,0.027957699446885656,False,5,5,0.0,651,8000,6.834753634166191e-07,9.930419695436399e-07,10.0,0,0,1.7476991257045665e-07,114.86392805511997,114.60356826184396,114.07099256534802,1.0,1.0,0.9979288448899127,114.30267738376354,113.97695825988824,113.27327256058207,1.0,1.0,0.9977009724027582,0.9823398235818844,0.9823407185598568,c86eda2000ba9fe9,adf74db6c0b6f5ea,False,False,1.4445999986492097,5.348899998352863,6.793499997002073,1.2153999996371567,28.20740001334343,29.422800012980588
disturbance_step60,118,130.0,130.0,129.97155057449106,129.97155057449106,-0.028449425508938475,-47396.9061319899,optimal,-51955.13642020995,True,True,converged(kkt(residual=4.41e-03<=tol=2.74e-02); obj_plateau(range=1.40e-13)),converged,0.004410617491808014,0.027386926550742194,False,5,5,0.0,201,8000,6.321362064909408e-07,9.161614515917904e-07,10.0,0,0,6.1032854557056094e-05,114.67039079991353,114.50239304183432,114.21106561608914,1.0,1.0,0.9981401612255077,114.06055557067606,113.83647840190356,113.40171528935399,1.0,1.0,0.9979223695436146,0.9823365246582958,0.9823378664099117,9dec086bdfe7bf26,7b1e490e9b825192,False,False,1.1808999988716096,5.661699993652292,6.842599992523901,1.3638999953400344,11.89130000420846,13.255199999548495
disturbance_step60,119,130.0,130.0,129.80860873609066,129.80860873609066,-0.19139126390933825,-44365.80443555239,optimal,-48821.2033314794,True,True,converged(kkt(residual=2.33e-02<=tol=2.69e-02); obj_plateau(range=7.60e-15)),converged,0.023326902319885146,0.026878064473021036,False,5,5,0.0,251,8000,6.739387146126319e-07,9.054186138612863e-07,10.0,0,0,0.00034141426665704037,114.54551043889322,114.45655477113733,114.37050275680272,1.0,1.0,0.9983238839860602,113.89398883756806,113.75817218811355,113.55480036608816,1.0,1.0,0.9981163836218396,0.9823323553384471,0.9823343675367119,14ecd5b0d81634e3,4590003ec98676d6,False,False,1.3571000017691404,5.233399991993792,6.590499993762933,1.2655000027734786,14.779599994653836,16.045099997427315
disturbance_step60,120,130.0,130.0,129.6616302120665,129.6616302120665,-0.3383697879334875,-41631.931725053866,optimal,-45966.160663046554,False,False,max_iterations,max_iterations,0.030970449987701945,0.0264151169065831,False,5,5,0.0,8000,8000,6.757977928373293e-07,9.84493933486874e-07,10.0,0,0,0.00047737979387563564,114.47938565228195,114.45763397984723,114.54532794498638,1.0,1.0,0.9984848817450351,113.79303015567629,113.73306377465643,113.7272446597843,1.0,1.0,0.9982877756980784,0.9823269508780809,0.982329992893216,1d0dd3a42d26743d,06afee545d444560,False,False,1.3472999999066815,4.73230000352487,6.079600003431551,1.5007000038167462,515.9904999891296,517.4911999929463
disturbance_step60,121,130.0,130.0,129.5275453963259,129.5275453963259,-0.47245460367409464,-39145.59899450825,optimal,-43368.542911546145,False,False,max_iterations,max_iterations,0.030134988475252124,0.025998478230984123,False,5,5,0.0,8000,8000,6.326440029624791e-07,9.168974033357813e-07,10.0,0,0,0.0004856646681354032,114.46321664659104,114.49831193557888,114.7323157115306,1.0,1.0,0.9986268849419548,113.74845442206852,113.75318883531827,113.91487548334825,1.0,1.0,0.9984401654175834,0.9823197019547899,0.9823243845012161,fa51dba7d7618470,bc3404d6fe245949,False,False,1.6389000084018335,4.7158999950625,6.354800003464334,1.177600002847612,493.1388999975752,494.3165000004228
disturbance_step60,122,128.2498870606093,128.2498870606093,129.40438940509978,129.40438940509978,1.1545023444904814,-36874.69661481328,optimal,-40987.99907825366,True,True,converged(kkt(residual=2.28e-02<=tol=2.56e-02); obj_plateau(range=1.20e-13)),converged,0.022781613384855882,0.025620656782217654,False,5,5,0.0,251,8000,5.962894249478268e-07,8.719580213423228e-07,10.0,0,0,0.00037740299672556866,114.48930456829324,114.57224079018403,114.92884137172003,1.0,1.0,0.9987528122467386,113.75197372638905,113.81152369634975,114.11438474347709,1.0,1.0,0.9985763711663516,0.9823095094229155,0.9823169518231425,5b49effa7728ebab,e947339ae60c9255,False,False,1.298299990594387,4.878500010818243,6.17680000141263,1.2128000089433044,14.623099996242672,15.835900005185977
disturbance_step60,123,124.24988706060931,124.24988706060931,129.40727214778144,129.40727214778144,5.1573850871721305,-34450.29914556819,optimal,-38793.889727855916,False,False,max_iterations,max_iterations,0.008195240995857828,0.025275787694855528,False,5,5,0.0,8000,8000,6.544238146943826e-07,9.529561912913209e-07,10.0,0,0,0.0001298869102080554,114.55095482749789,114.67395436190554,115.13274210783345,1.0,1.0,0.9988649895419525,113.79623992275064,113.90195578158772,114.32299004354816,1.0,1.0,0.9986986340991202,0.982294165437817,0.9823066469308123,ebc94ed4b9262df5,c3fd60e3e372221b,True,False,1.6201999969780445,5.284999991999939,6.905199988977984,1.2795000075129792,466.6714999912074,467.95099999872036
disturbance_step60,124,120.2498870606093,120.2498870606093,128.05961355286735,128.05961355286735,7.809726492258051,-31836.277952044,optimal,-36786.47298019232,True,True,converged(kkt(residual=6.14e-04<=tol=2.50e-02); obj_plateau(range=1.67e-08)),converged,0.0006141238904421734,0.024967081476203072,False,5,5,0.0,651,8000,6.338122915394706e-07,9.185905982533882e-07,10.0,0,0,1.353964045038567e-07,114.64238596585223,114.79875767345106,115.34222793280898,1.0,1.0,0.9989653003056294,113.87482332033933,114.01915102415705,114.5379169075279,1.0,1.0,0.9988087674895885,0.9822684556160549,0.9822914101647353,002390b7af76d608,4b8724a09af2d0b0,True,False,1.4664999907836318,5.5675000039627776,7.033999994746409,1.4121999993221834,42.08210000069812,43.4943000000203
disturbance_step60,125,116.2498870606093,116.2498870606093,124.38317269123073,124.38317269123073,8.13328563062143,-29580.468541181708,optimal,-34653.61245960304,True,True,converged(kkt(residual=1.66e-03<=tol=2.46e-02); obj_plateau(range=1.45e-08)),converged,0.0016624560142108852,0.02459129748078351,False,5,5,0.0,201,8000,6.064254307602823e-07,8.788985441654518e-07,10.0,0,0,1.1699610768274112e-07,114.75862415570414,114.94263163774328,115.55580897833237,1.0,1.0,0.9990552915611202,113.98210865535846,114.1583194737156,114.75700752280555,1.0,1.0,0.9989082559203243,0.982216086515706,0.982266545612689,101394d7e9b70b9b,2f333f1f00bfd506,True,False,1.530800000182353,6.598699997994117,8.12949999817647,1.9627000001491979,13.90989999345038,15.872599993599579
disturbance_step60,126,112.24988706060928,112.24988706060928,120.38317269123071,120.38317269123073,8.133285630621444,-27650.026203999372,optimal,-32247.46045007499,True,True,converged(kkt(residual=5.10e-07<=tol=2.41e-02); obj_plateau(range=5.64e-16)),converged,5.098558993815476e-07,0.024090613176343947,False,5,5,0.0,251,8000,5.764907911043338e-07,8.355139700100267e-07,10.0,0,0,-1.0420235959606209e-08,114.89540527141791,115.10214235826578,115.77224207666085,1.0,1.0,0.9991362499994685,114.113094156973,114.3153427271804,114.97851839493698,1.0,1.0,0.9989983362504451,0.9820332406667124,0.9822182770504254,b1fb34abca65518d,a48d7249ee946f50,True,True,1.4716000005137175,6.628399991313927,8.099999991827644,2.0342000061646104,49.18879999604542,51.22300000221003
disturbance_step60,127,108.3664648541537,108.3664648541537,116.38317269123073,116.38317269123073,8.016707837077021,-26013.499774324424,optimal,-30081.031552066743,True,True,converged(kkt(residual=5.03e-07<=tol=2.36e-02); obj_plateau(range=7.26e-16)),converged,5.032724066275566e-07,0.023611646434408353,False,5,5,0.0,251,8000,5.756133987233625e-07,8.342423827301104e-07,10.0,0,0,-1.0604610135532201e-08,115.04908233435633,115.27436159908343,115.98369114825248,1.0,1.0,0.9992092577208653,114.26343470170477,114.4866567464986,115.20109118937283,1.0,1.0,0.9990800537521382,0.9822737246308311,0.9820744088593498,4ece88507b9315a7,52084dd58c69706b,False,True,1.5999999886844307,4.846499999985099,6.44649998866953,1.2231000000610948,24.798300000838935,26.02140000090003
disturbance_step60,128,105.66021138594616,105.66021138594616,112.65292490097715,112.65292490097715,6.992713515030999,-24666.587591770545,optimal,-28211.138894698768,True,True,converged(kkt(residual=1.21e-03<=tol=2.32e-02); obj_plateau(range=4.02e-09)),converged,0.0012143649609315532,0.023176454779346232,False,5,5,0.0,201,8000,6.211236325270875e-07,9.048448639248363e-07,10.0,0,0,2.485658881304144e-08,115.21654263996498,115.45426987573019,116.17579678596842,1.0,1.0,0.9992751741251333,114.42936578233505,114.66922698526635,115.42409886051344,1.0,1.0,0.9991543032824901,0.9839023984407846,0.9820960368553274,b9653cce5399cb57,bc599114a411c6b6,False,False,1.2567999947350472,4.56040000426583,5.817199999000877,1.4512000052491203,18.71730000129901,20.16850000654813
disturbance_step60,129,103.8351215672819,103.8351215672819,109.62726145317018,109.62726145317018,5.792139885888275,-23776.354138106293,optimal,-26667.153765205145,True,True,converged(kkt(residual=2.90e-03<=tol=2.28e-02); obj_plateau(range=2.76e-08)),converged,0.002903101279798101,0.022800740345805946,False,5,5,0.0,451,8000,6.028127614854384e-07,8.781697999893368e-07,10.0,0,0,2.2923245627859407e-07,115.39325608760947,115.6340850074929,116.33763800439274,1.0,1.0,0.9993346446760376,114.60766550466055,114.86064239289873,115.64172707396408,1.0,1.0,0.999221863135615,0.9854829318792461,0.9834533319089489,f3963123440593e1,b4a313b8fb54264d,False,False,1.955999992787838,7.9160000022966415,9.87199999508448,2.180800001951866,26.971100000082515,29.15190000203438
disturbance_step60,130,102.69889711195428,102.69889711195428,107.32107280064012,107.32107280064012,4.622175688685843,-23228.291448563625,optimal,-25498.777133688058,True,True,converged(kkt(residual=2.02e-03<=tol=2.25e-02); obj_plateau(range=1.64e-08)),converged,0.002017292784135428,0.02250803930333656,False,5,5,0.0,601,8000,6.795174982698882e-07,9.848316269156498e-07,10.0,0,0,1.3277458195108606e-07,115.5722751578818,115.80606691502335,116.460594170981,1.0,1.0,0.9993881960415295,114.79571471135345,115.05692564268712,115.8408057994096,1.0,1.0,0.9992833709834796,0.9869014630700047,0.9849613489014707,4085faff82109663,3d36db4ad54a7964,False,False,1.2901000009151176,5.572499998379499,6.862599999294616,1.4510000037262216,41.142100002616644,42.593100006342866
disturbance_step60,131,102.11149168614783,102.11149168614783,105.63236552226059,105.63236552226059,3.520873836112756,-22945.07278301842,optimal,-24663.32564128708,True,True,converged(kkt(residual=1.93e-03<=tol=2.23e-02); obj_plateau(range=1.84e-08)),converged,0.001929136305866268,0.022292850696441383,False,5,5,0.0,651,8000,5.281795267819689e-07,7.723596615605288e-07,10.0,0,0,1.507615065922015e-07,115.74606318558659,115.96244281428221,116.53857083149992,1.0,1.0,0.9994362888969184,114.98988465612155,115.25118752542603,116.01018261594801,1.0,1.0,0.9993393043581482,0.9881804749434558,0.9863260768458713,c3678dcbf688c27f,2b48d1160467cba3,False,False,1.2783000129275024,5.158799991477281,6.437100004404783,2.1800999966217205,35.925000003771856,38.10510000039358
disturbance_step60,132,101.96165301982658,101.96165301982658,104.47603414789637,104.47603414789637,2.514381128069786,-22869.67231906902,optimal,-24102.046898888093,True,True,converged(kkt(residual=2.22e-03<=tol=2.21e-02); obj_plateau(range=2.96e-08)),converged,0.0022232695150259897,0.0221428347757578,False,5,5,0.0,651,8000,6.769728173594558e-07,9.835939396296567e-07,10.0,0,0,2.4550274839632686e-07,115.90690798767146,116.09615146953087,116.56758019169473,1.0,1.0,0.9994793517043723,115.18412294255752,115.43616613756127,116.14104937921769,1.0,1.0,0.9993900472670656,0.9893368478010607,0.9875687803026865,e44ba6bc7a5dbfef,3d4c70243d9b80de,False,False,1.1989000049652532,4.834199993638322,6.033099998603575,1.6223999991780147,47.195899998769164,48.81829999794718
disturbance_step60,133,102.1562634272829,102.1562634272829,103.79738550060361,103.79738550060361,1.641122073320716,-22957.19726310654,optimal,-23767.578974493306,True,True,converged(kkt(residual=1.77e-03<=tol=2.20e-02); obj_plateau(range=2.26e-08)),converged,0.001765137088482047,0.022047720535584243,False,5,5,0.0,701,8000,6.679659918518155e-07,9.705076653432343e-07,10.0,0,0,1.8513798729558565e-07,116.04758125977669,116.20103201998205,116.5493684118825,1.0,1.0,0.999517796942184,115.3714780926777,115.60447442082949,116.2281346969352,1.0,1.0,0.9994359370063871,0.9903819748128454,0.9887042488336663,2a6fb27a3eed5aa8,0a71ea3ee7090e2e,False,False,1.9952000002376735,6.791100007831119,8.786300008068793,1.984899994567968,57.8799000068102,59.86480000137817
disturbance_step60,134,102.61526983902795,102.61526983902795,103.50092060231309,103.50092060231309,0.8856507632851418,-23170.63332574647,optimal,-23624.030354721894,True,True,converged(kkt(residual=1.83e-03<=tol=2.20e-02); obj_plateau(range=2.87e-08)),converged,0.0018272957261308603,0.02199988005485628,False,5,5,0.0,701,8000,6.639136529429379e-07,9.646198613211254e-07,10.0,0,0,2.3801216189194115e-07,116.16164817681408,116.27346568910365,116.48858597390485,1.0,1.0,0.9995520445730831,115.5446748419003,115.74967354555564,116.27033667446688,1.0,1.0,0.999477300020991,0.9913248120664875,0.9897423887137746,6d45e5913daaaacb,7e6ed060373df906,False,False,1.5888999914750457,6.589200012967922,8.178100004442967,1.9906000088667497,48.9565999887418,50.94719999760855
disturbance_step60,135,103.26931750829513,103.26931750829513,103.53501326961913,103.53501326961913,0.26569576132399675,-23478.588833902104,optimal,-23631.912297423663,True,True,converged(kkt(residual=1.36e-03<=tol=2.20e-02); obj_plateau(range=1.86e-08)),converged,0.0013577621571168777,0.021989751994331747,False,5,5,0.0,751,8000,6.635127931531315e-07,9.640374605268676e-07,10.0,0,0,1.5046373064414856e-07,116.2447672104415,116.31186050958563,116.39167392835104,1.0,1.0,0.9995825174242691,115.69705968568557,115.86699739510559,116.26975965901674,1.0,1.0,0.9995144737771846,0.9921730465534886,0.9906902045814987,969ea510fbbbbcf0,9063fc355432e08e,False,False,1.2916999985463917,4.418800002895296,5.710500001441687,1.295400012168102,41.067199999815784,42.362600011983886
disturbance_step60,136,104.05857759767422,104.05857759767422,103.81424480047924,103.81424480047924,-0.24433279719497136,-23854.07402795103,optimal,-23763.67426733444,True,True,converged(kkt(residual=1.35e-03<=tol=2.20e-02); obj_plateau(range=2.10e-08)),converged,0.0013516288066119108,0.02201105206515232,False,5,5,0.0,751,8000,6.664382539156577e-07,9.682879129613298e-07,10.0,0,0,1.7082991525007426e-07,116.29464070586762,116.31658823080254,116.26562950468899,1.0,1.0,0.9996096303486406,115.82338210061525,115.95353192613648,116.23053678499707,1.0,1.0,0.9995478103465638,0.9929339368248937,0.9915532903014621,1bc9a37e386bbf37,a8c38967a2fe3ad9,False,False,1.440699998056516,4.372499999590218,5.813199997646734,1.216100004967302,39.51750000123866,40.73360000620596
disturbance_step60,137,104.93207635100178,104.93207635100178,104.28414448578788,104.28414448578788,-0.6479318652139057,-24273.84326774684,optimal,-23987.79378753983,True,True,converged(kkt(residual=1.34e-03<=tol=2.21e-02); obj_plateau(range=2.28e-08)),converged,0.0013356522542245651,0.022055806788824153,False,5,5,0.0,751,8000,6.717056635352492e-07,9.759410852794304e-07,10.0,0,0,1.8638874611345196e-07,116.31095529761403,116.2894909675543,116.1174371935054,1.0,1.0,0.9996337779014938,115.92012837499207,116.00811393303572,116.15793168499239,1.0,1.0,0.9995776689768853,0.9936145534914004,0.9923367197393015,73ed26dfe518c509,076bcd08a052cb76,False,False,1.184399996418506,4.2575999977998435,5.4419999942183495,1.225399988470599,39.89570001431275,41.12110000278335
disturbance_step60,138,105.8471686114908,105.8471686114908,104.89418687322562,104.89418687322562,-0.95298173826518,-24718.029678942246,optimal,-24281.068755768396,True,True,converged(kkt(residual=1.32e-03<=tol=2.21e-02); obj_plateau(range=2.40e-08)),converged,0.0013159969234257723,0.022118370127668145,False,5,5,0.0,751,8000,6.787118138618098e-07,9.861205390038208e-07,10.0,0,0,1.9700164218081658e-07,116.29499988655637,116.23352098216215,115.95365785955038,1.0,1.0,0.9996553254739186,115.98553203500927,116.0310952715572,116.05779078828671,1.0,1.0,0.9996044051367452,0.9942218443656535,0.99304546778778,30b3447b5ac106c6,5ea38dd98576a0a7,False,False,1.1704000062309206,5.594999995082617,6.765400001313537,1.796699987608008,41.30300000542775,43.099699993035756
disturbance_step60,139,106.76900179023961,106.76900179023961,105.59931953245706,105.59931953245706,-1.1696822577825543,-25169.919700506794,optimal,-24622.72517738627,True,True,converged(kkt(residual=1.30e-03<=tol=2.22e-02); obj_plateau(range=2.47e-08)),converged,0.0012966388003245195,0.022193636591747203,False,5,5,0.0,751,8000,6.869156123912035e-07,9.980400816900215e-07,10.0,0,0,2.0301071630742904e-07,116.2492998256528,116.15235352991766,115.78023079012831,1.0,1.0,0.9996746041390759,116.019401257399,116.02408265517025,115.93599578764027,1.0,1.0,0.999628360572663,0.9947625763240437,0.9936846176110007,297edc4c2be91e8e,7f73749c49612dfc,False,False,1.2217999901622534,4.643100008252077,5.86489999841433,1.2180000048829243,41.922099990188144,43.14009999507107
disturbance_step60,140,107.66991222951064,107.66991222951064,106.36058803007745,106.36058803007745,-1.309324199433192,-25615.777168094406,optimal,-24994.553247209766,True,True,converged(kkt(residual=1.28e-03<=tol=2.23e-02); obj_plateau(range=2.50e-08)),converged,0.0012796238457535632,0.022277112874571285,False,5,5,0.0,751,8000,5.316365729868266e-07,7.77414608243987e-07,10.0,0,0,2.077368557319671e-07,116.17723524247378,116.05007795769968,115.6023598130652,1.0,1.0,0.9996919088588224,116.02288115290735,115.98960322343704,115.79825559808275,1.0,1.0,0.9996498554252182,0.9952432559199105,0.99425934147085,f4c3a6daa03dd782,7bb46c0b1df04314,False,False,1.1664000048767775,5.856300005689263,7.022700010566041,1.4408999995794147,42.38330000953283,43.824200009112246
disturbance_step60,141,108.52874894074553,108.52874894074553,107.14525220070911,107.14525220070911,-1.3834967400364206,-26044.667078701063,optimal,-25380.92527590495,True,True,converged(kkt(residual=1.27e-03<=tol=2.24e-02); obj_plateau(range=2.48e-08)),converged,0.00126601772064823,0.022364939493474286,False,5,5,0.0,751,8000,5.387131665202105e-07,7.877627439256685e-07,10.0,0,0,2.065685148579785e-07,116.08271345950173,115.93093423707494,115.42447434181695,1.0,1.0,0.9997074990644945,115.99814415704635,115.93085303261884,115.64980322525003,1.0,1.0,0.9996691835570486,0.9956700512833653,0.9947748658483276,3c188e3044a37d2e,37ac1811818768f3,False,False,1.208100002259016,4.419499993673526,5.627599995932542,1.1793000012403354,46.070999989751726,47.25029999099206
disturbance_step60,142,109.33014283152181,109.33014283152181,107.92659485818066,107.92659485818066,-1.4035479733411478,-26448.254572086116,optimal,-25768.749443870263,True,True,converged(kkt(residual=1.26e-03<=tol=2.25e-02); obj_plateau(range=2.44e-08)),converged,0.0012557056416677306,0.022453884817299773,False,5,5,0.0,751,8000,5.457942364728297e-07,7.981173855142742e-07,10.0,0,0,2.029459243600302e-07,115.96988907238637,115.79910911340511,115.25023076479997,1.0,1.0,0.9997216007629571,115.94812360910542,115.85140476556414,115.49531908393952,1.0,1.0,0.9996866101092481,0.996048733475724,0.9952363643811802,bb9f31aa0bdba30c,057dc9e34dc0d204,False,False,1.2016999971820042,4.354299991973676,5.55599998915568,1.2175000010756776,39.66019999643322,40.8776999975089
disturbance_step60,143,110.06374851590778,110.06374851590778,108.68353891151546,108.68353891151546,-1.38020960439232,-26820.57156084889,optimal,-26147.374141579956,True,True,converged(kkt(residual=1.25e-03<=tol=2.25e-02); obj_plateau(range=2.38e-08)),converged,0.0012482280000587836,0.022541320542779908,False,5,5,0.0,751,8000,5.526819961687579e-07,8.081893749789515e-07,10.0,0,0,1.9758257856933037e-07,115.84294057511796,115.65858026368329,115.08254502770738,1.0,1.0,0.9997344094676284,115.8762281014689,115.75500519229938,115.33886556654255,1.0,1.0,0.9997023712047657,0.9963846388310883,0.9956488685771763,8fbae5a99273d592,f7f6481b3ed76db1,False,False,1.1811000003945082,4.2892999917967245,5.470399992191233,1.2410999916028231,39.44200000842102,40.68310000002384
disturbance_step60,144,110.72348635028101,110.72348635028101,109.40014206808948,109.40014206808948,-1.3233442821915276,-27157.753918143244,optimal,-26508.44897051144,True,True,converged(kkt(residual=1.24e-03<=tol=2.26e-02); obj_plateau(range=2.31e-08)),converged,0.0012429433030073478,0.022625183873537805,False,5,5,0.0,751,8000,5.592263079279292e-07,8.177591421798525e-07,10.0,0,0,1.9109896577922893e-07,115.70589718529531,115.51300538655828,114.92364450127779,1.0,1.0,0.9997460934708798,115.78611760931646,115.6453926996702,115.1838749023768,1.0,1.0,0.9997166750113927,0.9966826513928384,0.9960171891315982,2ee01ea701d62ef7,80aaddb9e0514f76,False,False,1.1783999943872914,5.7564000017009676,6.934799996088259,1.516000003903173,52.245999992010184,53.76199999591336
disturbance_step60,145,111.30680904516407,111.30680904516407,110.06502086433348,110.06502086433348,-1.2417881808305964,-27457.758106915022,optimal,-26845.746720815827,True,True,converged(kkt(residual=1.24e-03<=tol=2.27e-02); obj_plateau(range=2.23e-08)),converged,0.0012392030728030198,0.02270392955847245,False,5,5,0.0,751,8000,5.653183308140797e-07,8.266675095569553e-07,10.0,0,0,1.8400668573447715e-07,115.56251195361394,115.36564865029278,114.77513299793249,1.0,1.0,0.9997567971398674,115.68151039477915,115.52616274065123,115.03315614099232,1.0,1.0,0.9997297036646837,0.9969472017779244,0.9963458597508009,7a94911813aa45d5,01ce0c09e1d236c9,False,False,1.302200005738996,4.894300000160001,6.196500005898997,1.2305999989621341,46.6794999956619,47.910099994624034
disturbance_step60,146,111.81401219654887,111.81401219654887,110.67074273612894,110.67074273612894,-1.1432694604199298,-27720.068743317475,optimal,-27154.95349673982,True,True,converged(kkt(residual=1.24e-03<=tol=2.28e-02); obj_plateau(range=2.14e-08)),converged,0.0012364501729757306,0.02277647485541008,False,5,5,0.0,751,8000,5.708860015829487e-07,8.348091284915427e-07,10.0,0,0,1.767086934958468e-07,115.41617452226079,115.21933881846357,114.63806312190017,1.0,1.0,0.9997666440478862,115.56603343036628,115.40066412834305,114.88892530257125,1.0,1.0,0.99974161562371,0.9971822787405008,0.9966390997876802,ca2d0ab2cf3efc7e,035f48455c2ece53,False,False,1.2779999960912392,4.819900001166388,6.0978999972576275,1.2056999985361472,39.92579999612644,41.13149999466259
disturbance_step60,147,112.24760272602902,112.24760272602902,111.21321602256953,111.21321602256953,-1.0343867034594894,-27945.408858860246,optimal,-27433.436096235557,True,True,converged(kkt(residual=1.23e-03<=tol=2.28e-02); obj_plateau(range=2.06e-08)),converged,0.0012342981799464785,0.022842140275910982,False,5,5,0.0,751,8000,6.139057120435609e-07,8.919618235125881e-07,10.0,0,0,1.686507912749175e-07,115.26985760688686,115.07645296797307,114.51301187652341,1.0,1.0,0.9997757398413426,115.44310692006962,115.27192803190133,114.75284876866546,1.0,1.0,0.9997525481848444,0.997391449813769,0.9969007943501321,a639f50c46d52049,fe97c4750a7390df,False,False,1.1762000067392364,4.411199988680892,5.587399995420128,1.1903999984497204,40.398800003458746,41.589200001908466
disturbance_step60,148,112.61173417136753,112.61173417136753,111.69110009667227,111.69110009667227,-0.9206340746952577,-28135.463368227574,optimal,-27679.996844198562,True,True,converged(kkt(residual=1.23e-03<=tol=2.29e-02); obj_plateau(range=1.98e-08)),converged,0.0012323823757729353,0.022900588799093357,False,5,5,0.0,751,8000,6.185951093584663e-07,8.987751822786549e-07,10.0,0,0,1.6176243039280561e-07,115.12609115781811,114.93892052018418,114.40015612439839,1.0,1.0,0.999784174800784,115.3158618806243,115.14262295981501,114.62609704238209,1.0,1.0,0.9997626199681917,0.9975778879679004,0.9971344882108792,8e88eb0426e86c1f,b1a0cde00c7ef722,False,False,1.5833999932510778,5.262899998342618,6.846299991593696,1.3091000000713393,41.977599990786985,43.286699990858324
disturbance_step60,149,112.91171337048283,112.91171337048283,112.10525322678153,112.10525322678153,-0.806460143701301,-28292.624133444653,optimal,-27894.626442369074,True,True,converged(kkt(residual=1.23e-03<=tol=2.30e-02); obj_plateau(range=1.91e-08)),converged,0.0012305710819251405,0.022951765896218404,False,5,5,0.0,751,8000,6.226728572755746e-07,9.046998359352187e-07,10.0,0,0,1.5533594450097117e-07,114.98695872493703,114.80824271843103,114.29934536991345,1.0,1.0,0.9997920260900989,115.18708552538726,115.01503255455576,114.50940399937335,1.0,1.0,0.9997719332679936,0.9977444017769866,0.9973433904849609,5abc744bad314e6c,51e25e8338c51407,False,False,1.3013999996474013,4.532300008577295,5.833700008224696,1.1898000084329396,42.75929999130312,43.94909999973606
disturbance_step60,150,113.15357945516813,113.15357945516813,112.45822813394985,112.45822813394985,-0.6953513212182827,-28419.762550131523,optimal,-28078.263934425802,True,True,converged(kkt(residual=1.23e-03<=tol=2.30e-02); obj_plateau(range=1.84e-08)),converged,0.0012287884483068293,0.02299584239902225,False,5,5,0.0,751,8000,6.26161011041404e-07,9.097679205538611e-07,10.0,0,0,1.4946134287521462e-07,114.85411100323078,114.68552332722005,114.21016995619681,1.0,1.0,0.9997993597086028,115.05919074061325,114.89105161612662,114.40312860417863,1.0,1.0,0.9997805762077784,0.9978934671513338,0.9975303870942396,feeae00eabc66e5b,c92e989ba6046099,False,False,1.7170999926747754,4.458499999600463,6.175599992275238,1.4412000018637627,40.90949999226723,42.35069999413099
disturbance_step60,151,113.34375323059137,113.34375323059137,112.75382302104174,112.75382302104174,-0.5899302095496353,-28520.033136095713,optimal,-28232.571581591244,True,True,converged(kkt(residual=1.23e-03<=tol=2.30e-02); obj_plateau(range=1.78e-08)),converged,0.001227022403434889,0.023033161628836462,False,5,5,0.0,751,8000,6.29094017767784e-07,9.140293277809519e-07,10.0,0,0,1.441848606773767e-07,114.72879212942848,114.57150689277529,114.13202336651315,1.0,1.0,0.9998062321712695,114.93420529552397,114.77219667493202,114.30731624631821,1.0,1.0,0.9997886246755746,0.998027259182736,0.9976980585685862,ad8ef78ae6587404,3c93c84e4cd1a73f,False,False,1.2295000051381066,4.751400003442541,5.980900008580647,1.4814000023761764,40.47300000092946,41.954400003305636
disturbance_step60,152,113.4887529112972,113.4887529112972,112.99669099139783,112.99669099139783,-0.49206191989937054,-28596.70941425584,optimal,-28359.730484439464,True,True,converged(kkt(residual=1.23e-03<=tol=2.31e-02); obj_plateau(range=1.73e-08)),converged,0.0012252994323273029,0.02306419188666324,False,5,5,0.0,751,8000,6.315147089708262e-07,9.175464494859398e-07,10.0,0,0,1.3952008680405073e-07,114.61187487195438,114.46662149225385,114.0641578078271,1.0,1.0,0.9998126919466659,114.81377693231696,114.65962749198252,114.22175768237739,1.0,1.0,0.9997961440358493,0.9981476830716316,0.997848701156085,36ab1e0b89365890,ea2101bb16c89928,False,False,1.771099996403791,4.833900005905889,6.60500000230968,1.2025000032735988,40.555399988079444,41.75789999135304
disturbance_step60,153,113.59497073153115,113.59497073153115,113.19200822667419,113.19200822667419,-0.4029625048569585,-28653.05158222397,optimal,-28462.260682195483,True,True,converged(kkt(residual=1.22e-03<=tol=2.31e-02); obj_plateau(range=1.68e-08)),converged,0.0012236638851347026,0.023089484893944974,False,5,5,0.0,751,8000,6.334718278822038e-07,9.203899749010702e-07,10.0,0,0,1.354569845464513e-07,114.503901440024,114.37102344356676,114.00573267248404,1.0,1.0,0.9998187806826817,114.69919065461812,114.55417637600203,114.14604403516846,1.0,1.0,0.9998031906277579,0.998256403446211,0.9979843496661465,473977cbda30c8ce,cd7d7c15ffbcdb3a,False,False,1.1722999915946275,4.214900007355027,5.387199998949654,1.4510999899357557,40.2957000042079,41.74679999414366
disturbance_step60,154,113.6685040501958,113.6685040501958,113.34519908976601,113.34519908976601,-0.3233049604297946,-28692.204098481492,optimal,-28542.867654376838,True,True,converged(kkt(residual=1.22e-03<=tol=2.31e-02); obj_plateau(range=1.64e-08)),converged,0.0012221647396169885,0.02310964042437222,False,5,5,0.0,751,8000,6.499385705183158e-07,9.468217614383434e-07,10.0,0,0,1.3191670318731253e-07,114.40512719232592,114.28464195987077,113.9558558093338,1.0,1.0,0.9998245342485954,114.59139495737946,114.4563825751312,114.07961682697855,1.0,1.0,0.9998098130661964,0.9983548716532382,0.9981068008513032,d21e68ab63bca2b3,f6c328c6f21b1b20,False,False,1.8472999945515767,5.711399993742816,7.558699988294393,1.2021000002278015,42.00729999865871,43.20939999888651
disturbance_step60,155,113.71503412963298,113.71503412963298,113.4471312034318,113.4471312034318,-0.26790292620118805,-28717.12038076848,optimal,-28604.312221296117,True,True,converged(kkt(residual=1.66e-03<=tol=2.31e-02); obj_plateau(range=2.95e-08)),converged,0.0016604443941471549,0.023125277063844246,False,5,5,0.0,701,8000,6.512859442864283e-07,9.487846011069223e-07,10.0,0,0,2.451546625941866e-07,114.3155650487673,114.20722219502291,113.91361780007502,1.0,1.0,0.9998299836194195,114.49103412381746,114.36652944864548,114.02181241533765,1.0,1.0,0.9998160533652435,0.9984443508041456,0.9982176364650199,01cc52194bc409bd,d28ff2ebd79755bd,False,False,1.1719000031007454,4.449399988516234,5.621299991616979,1.7386999970767647,41.75260000920389,43.49130000628065
disturbance_step60,156,113.73974568769594,113.73974568769594,113.5269430479011,113.5269430479011,-0.2128026397948446,-28730.511260043255,optimal,-28646.45904431753,True,True,converged(kkt(residual=1.66e-03<=tol=2.31e-02); obj_plateau(range=2.91e-08)),converged,0.0016589833857680429,0.023136089266402378,False,5,5,0.0,701,8000,6.521056263864011e-07,9.499786726152593e-07,10.0,0,0,2.418719312667903e-07,114.23502888659308,114.13836553760916,113.87811963365363,1.0,1.0,0.9998351556254897,114.39848414599655,114.28468252669973,113.97190054771961,1.0,1.0,0.9998219479042602,0.9985259385090625,0.9983182454008335,32f2ac43cc842857,ab2568d328364e07,False,False,1.3909999979659915,4.474900008062832,5.8659000060288236,1.1620000004768372,36.62840000470169,37.790400005178526
disturbance_step60,157,113.74728051770656,113.74728051770656,113.58480851365722,113.58480851365722,-0.16247200404933437,-28734.813597927154,optimal,-28677.086355970998,True,True,converged(kkt(residual=1.66e-03<=tol=2.31e-02); obj_plateau(range=2.88e-08)),converged,0.0016577902522826031,0.023144249302189782,False,5,5,0.0,701,8000,6.52709999826584e-07,9.50859134540849e-07,10.0,0,0,2.3874009953213555e-07,114.16317463058061,114.07756636756353,113.84849431019899,1.0,1.0,0.9998400735872646,114.31389023554814,114.21072695896683,113.92911701944034,1.0,1.0,0.9998275282561913,0.9986005873346121,0.9984098445311568,c9766c90d843cbf4,5e6852415b3eef25,False,False,1.2212000001454726,4.333300006692298,5.55450000683777,1.1969000042881817,36.89299999678042,38.0899000010686
disturbance_step60,158,113.74171886493525,113.74171886493525,113.62303778969599,113.62303778969599,-0.11868107523926597,-28732.175485550517,optimal,-28697.389711160926,True,True,converged(kkt(residual=1.66e-03<=tol=2.31e-02); obj_plateau(range=2.84e-08)),converged,0.001656863034728723,0.0231499638549038,False,5,5,0.0,701,8000,6.531199403525534e-07,9.514563261703302e-07,10.0,0,0,2.3601955557260234e-07,114.09953812189069,114.0242447916202,113.82392299397875,1.0,1.0,0.9998447578525036,114.2372042882426,114.14440320576246,113.89269062998243,1.0,1.0,0.9998328218961321,0.9986691230890196,0.9984934980266481,14446acb5a25926e,78f718a9dc282b8f,False,False,2.0064999989699572,6.982199993217364,8.988699992187321,2.0206999906804413,43.68390000308864,45.70459999376908
disturbance_step60,159,113.72658277623174,113.72658277623174,113.6447086218979,113.6447086218979,-0.08187415433383194,-28724.454628274852,optimal,-28708.975918608307,True,True,converged(kkt(residual=1.66e-03<=tol=2.32e-02); obj_plateau(range=2.82e-08)),converged,0.0016561942928805845,0.0231535723141323,False,5,5,0.0,701,8000,6.533652907592113e-07,9.518137646935543e-07,10.0,0,0,2.3378648805059253e-07,114.04356917103024,113.97777512344838,113.8036463808331,1.0,1.0,0.9998492262504818,114.16822103027714,114.08534014182499,113.86186478668566,1.0,1.0,0.9998378528064129,0.9987322610782958,0.9985701350571268,e4b38e259a90982c,06a8b0095c634c01,False,False,1.1723000061465427,4.576799998176284,5.749100004322827,1.166899994132109,39.08070000761654,40.24760000174865
