scenario,step,Ta_cvx_raw,Ta_cvx_applied,Ta_snn_raw,Ta_snn_applied,control_diff_e_u,cvxpy_objective,cvxpy_status,snn_objective,snn_converged,snn_verified_converged,snn_convergence_reason,snn_convergence_reason_class,snn_kkt_residual,snn_kkt_tolerance,snn_projection_budget_exhausted,snn_relative_degree,snn_n_grad_rows_kept,snn_unactionable_predicted_violation_degC,snn_iterations,snn_max_iterations,snn_constraint_residual,snn_constraint_residual_scaled,snn_bound_violation,snn_clipped,cvxpy_clipped,objective_gap_snn_vs_reference,Tc1_cvx,Tc2_cvx,Tc3_cvx,alpha1_cvx,alpha2_cvx,alpha3_cvx,Tc1_snn,Tc2_snn,Tc3_snn,alpha1_snn,alpha2_snn,alpha3_snn,rho_Ap_cvx,rho_Ap_snn,qp_fingerprint_cvx,qp_fingerprint_snn,slew_saturated_cvx,slew_saturated_snn,build_ms_cvx,solve_ms_cvx,total_ms_cvx,build_ms_snn,solve_ms_snn,total_ms_snn
nominal_heatup,0,32.0,32.0,32.0,32.0,0.0,-95998.82400563429,optimal,-95995.60480447102,False,False,max_iterations,max_iterations,0.0131305518830651,0.0764525401819254,False,5,5,0.0,8000,8000,6.865136157330198e-07,9.949711712309295e-07,10.0,0,0,3.353375623760284e-05,28.0,28.0,28.0,1e-05,1e-05,1e-05,28.0,28.0,28.0,1e-05,1e-05,1e-05,1.0000008521941652,1.0000008521941652,d66d433b3ecc2bc7,d66d433b3ecc2bc7,True,True,3.2857000041985884,18.64700000442099,21.932700008619577,1.7768999969121069,347.87539999524597,349.6522999921581
nominal_heatup,1,36.0,36.0,36.0,36.0,0.0,-106602.11836433184,optimal,-106599.55483196842,True,True,converged(kkt(residual=9.46e-03<=tol=7.67e-02); obj_plateau(range=1.17e-10)),converged,0.009461928789976298,0.07672454185079587,False,5,5,0.0,351,8000,6.114478381391564e-07,8.869759433594027e-07,10.0,0,0,2.4047668121260274e-05,28.000000056399145,28.000000056399145,28.000000056399145,1.0001630922571259e-05,1.0001630922571259e-05,1.0001630922571259e-05,28.000000056399145,28.000000056399145,28.000000056399145,1.0001630922571259e-05,1.0001630922571259e-05,1.0001630922571259e-05,1.0000008522669996,1.0000008522669996,82e9f287618b328d,82e9f287618b328d,True,True,0.850600001285784,5.0423999928170815,5.8929999941028655,0.9711000020615757,13.06990000011865,14.041000002180226
nominal_heatup,2,40.00000000000001,40.00000000000001,40.00000000000001,40.0,-7.105427357601002e-15,-117129.27120926857,optimal,-117127.32961954929,False,False,max_iterations,max_iterations,0.006558336343421299,0.07696517181438102,False,5,5,0.0,8000,8000,6.750023899826374e-07,9.791691724103657e-07,10.0,0,0,1.657646888110229e-05,28.000000112803107,28.000000112803107,28.000000091841084,1.0003261984532805e-05,1.0003261984532805e-05,1.0003261984532805e-05,28.000000112803107,28.000000112803107,28.000000091841084,1.0003261984532805e-05,1.0003261984532805e-05,1.0003261984532805e-05,1.0000008523398338,1.0000008523398338,af56523fe75d9dab,af56523fe75d9dab,True,True,0.866900008986704,5.148099997313693,6.015000006300397,0.8060999971348792,368.85780000011437,369.66389999724925
nominal_heatup,3,44.00000000000001,44.00000000000001,44.0,44.0,-7.105427357601002e-15,-127560.71461505513,optimal,-127560.03208372105,True,True,converged(kkt(residual=2.13e-03<=tol=7.72e-02); obj_plateau(range=2.28e-16)),converged,0.0021290286522060746,0.07717179207073495,False,5,5,0.0,501,8000,7.615793364834644e-07,9.623328169894307e-07,10.0,0,0,5.350638996819145e-06,28.00000016921189,28.00000016142088,28.000000128607986,1.0004893185885736e-05,1.0004893185885736e-05,1.0004893185878145e-05,28.00000016921189,28.00000016142088,28.000000128607986,1.0004893185885736e-05,1.0004893185885736e-05,1.0004893185878145e-05,1.000000852412668,1.000000852412668,93392764ca1685f2,93392764ca1685f2,True,True,0.8754000009503216,5.5616999889025465,6.437099989852868,1.119799999287352,21.810799997183494,22.930599996470846
nominal_heatup,4,48.00000000000001,48.00000000000001,47.99999999999999,47.99999999999999,-1.4210854715202004e-14,-137877.66932309937,optimal,-137877.65043286313,True,True,converged(kkt(residual=1.07e-03<=tol=7.73e-02); obj_plateau(range=2.01e-08)),converged,0.0010711691759094956,0.07734236192995834,False,5,5,0.0,551,8000,5.533118496714451e-07,8.043588053396888e-07,10.0,0,0,1.3700722070720777e-07,28.00000021983408,28.000000208534534,28.00000016274716,1.0006524526631151e-05,1.0006524526628329e-05,1.0006524526608854e-05,28.00000021983408,28.000000208534534,28.00000016274716,1.0006524526631151e-05,1.0006524526628329e-05,1.0006524526608854e-05,1.000000852485502,1.000000852485502,c77fd0f1b15a80dd,c77fd0f1b15a80dd,True,True,0.9839999984251335,5.014199996367097,5.99819999479223,0.7875000010244548,22.455800004536286,23.24330000556074
nominal_heatup,5,52.000000000000014,52.000000000000014,51.999999999999986,51.999999999999986,-2.842170943040401e-14,-148066.0689152449,optimal,-148066.0466483758,True,True,converged(kkt(residual=2.82e-03<=tol=7.75e-02); obj_plateau(range=2.19e-08)),converged,0.0028238830307271133,0.07747532444178108,False,5,5,0.0,501,8000,6.522266886577199e-07,9.454483782533885e-07,10.0,0,0,1.5038468466886973e-07,28.00000026785304,28.000000252134775,28.015534364180088,1.0008156006768049e-05,1.0008156006761134e-05,1.0008156006725072e-05,28.00000026785304,28.000000252134775,28.015534364180088,1.0008156006768049e-05,1.0008156006761134e-05,1.0008156006725072e-05,1.0000008535389835,1.0000008535389835,83e0349061bd5b68,83e0349061bd5b68,True,True,0.7784000044921413,4.914799996186048,5.693200000678189,1.2549999955808744,17.974500005948357,19.22950000152923
nominal_heatup,6,56.000000000000014,56.000000000000014,55.99999999999999,55.999999999999986,-2.842170943040401e-14,-158106.7167959717,optimal,-158106.6979274649,True,True,converged(kkt(residual=4.01e-03<=tol=7.76e-02); obj_plateau(range=1.77e-08)),converged,0.004007279015602089,0.0775695115799176,False,5,5,0.0,451,8000,6.325447401422934e-07,9.190429883787488e-07,10.0,0,0,1.193403233829138e-07,28.000000312592185,28.00577391978186,28.057459750004423,1.000978762629658e-05,1.000978762628397e-05,1.0009793262776227e-05,28.000000312592185,28.00577391978186,28.057459750004423,1.000978762629658e-05,1.000978762628397e-05,1.0009793262776227e-05,1.0000008566302483,1.0000008566302483,b1b073f8a21e2c7b,b1b073f8a21e2c7b,True,True,0.7775999984005466,4.937000005156733,5.71460000355728,0.7560999947600067,17.857099999673665,18.61319999443367
nominal_heatup,7,60.00000000000002,60.00000000000002,60.0,59.999999999999986,-3.552713678800501e-14,-167979.734052102,optimal,-167979.71166282005,True,True,converged(kkt(residual=5.72e-03<=tol=7.76e-02); obj_plateau(range=1.95e-08)),converged,0.005715923362068694,0.07762407352176776,False,5,5,0.0,301,8000,6.204440836654612e-07,9.014615676150584e-07,10.0,0,0,1.332856132175253e-07,28.004292153377847,28.022838296226645,28.135109522234508,1.001141938521665e-05,1.0011421478125678e-05,1.0011445967490528e-05,28.004292153377847,28.022838296226645,28.135109522234508,1.001141938521665e-05,1.0011421478125678e-05,1.0011445967490528e-05,1.0000008630022164,1.0000008630022164,4e886cc67c45b669,4e886cc67c45b669,True,True,0.8993000083137304,4.9119000032078475,5.811200011521578,0.9943000040948391,12.10989999526646,13.104199999361299
nominal_heatup,8,64.00000000000003,64.00000000000003,63.999999999999986,63.999999999999986,-4.263256414560601e-14,-177665.40055867797,optimal,-177664.62262563463,False,False,max_iterations,max_iterations,0.006731265414123354,0.07763842186872474,False,5,5,0.0,8000,8000,6.111417434340183e-07,8.879459256760924e-07,10.0,0,0,4.3786412029454735e-06,28.01807839987666,28.057673407757182,28.254795432951447,1.0013052839181873e-05,1.0013061671269752e-05,1.0013127537634136e-05,28.01807839987666,28.057673407757182,28.254795432951447,1.0013052839181873e-05,1.0013061671269752e-05,1.0013127537634136e-05,1.0000008738881738,1.0000008738881738,a57c6f366ee02b99,a57c6f366ee02b99,True,True,1.0990000009769574,5.1404999976512045,6.239499998628162,0.8104000007733703,282.5258999946527,283.3362999954261
nominal_heatup,9,68.00000000000003,68.00000000000003,67.99999999999997,67.99999999999997,-5.684341886080802e-14,-187142.3422856822,optimal,-187135.5424461591,False,False,max_iterations,max_iterations,0.020657770111258442,0.07761218494323338,False,5,5,0.0,8000,8000,6.305568547304574e-07,9.140364207738116e-07,10.0,0,0,3.6335120315152566e-05,28.047511223592842,28.11622195693027,28.42117301871507,1.0014691440074805e-05,1.0014714737108251e-05,1.0014854481868797e-05,28.047511223592842,28.11622195693027,28.42117301871507,1.0014691440074805e-05,1.0014714737108251e-05,1.0014854481868797e-05,1.0000008905547881,1.0000008905547881,0b6ea4586a87b064,0b6ea4586a87b064,True,True,1.6518000047653913,9.846100001595914,11.497900006361306,1.4525000005960464,362.6408999989508,364.0933999995468
nominal_heatup,10,72.00000000000003,72.00000000000003,71.99999999999997,71.99999999999997,-5.684341886080802e-14,-196384.77948680348,optimal,-196371.79641973716,False,False,max_iterations,max_iterations,0.032268010651289314,0.07754517144569238,False,5,5,0.0,8000,8000,6.510454966246471e-07,9.437361692121726e-07,10.0,0,0,6.611035284951499e-05,28.098587088330618,28.204026095810903,28.637444447596287,1.0016340922523065e-05,1.0016389563010768e-05,1.0016646422525322e-05,28.098587088330618,28.204026095810903,28.637444447596287,1.0016340922523065e-05,1.0016389563010768e-05,1.0016646422525322e-05,1.0000009143124624,1.0000009143124624,b48efd5d8b20c9bc,b48efd5d8b20c9bc,True,True,1.1054999922635034,6.313300007604994,7.418799999868497,1.0537999914959073,381.360900006257,382.4146999977529
nominal_heatup,11,76.00000000000003,76.00000000000003,75.99999999999996,75.99999999999996,-7.105427357601002e-14,-205373.0577834574,optimal,-205353.13854044597,False,False,max_iterations,max_iterations,0.044681866975168356,0.07743734085033718,False,5,5,0.0,8000,8000,5.271957235208902e-07,7.663936454349596e-07,10.0,0,0,9.699053627704648e-05,28.17696474743232,28.325927123648107,28.905878723964744,1.001800935059378e-05,1.0018097472067574e-05,1.0018526362451092e-05,28.17696474743232,28.325927123648107,28.905878723964744,1.001800935059378e-05,1.0018097472067574e-05,1.0018526362451092e-05,1.0000009465851527,1.0000009465851527,68c07f2784c3169c,68c07f2784c3169c,True,True,1.3832999975420535,8.912499994039536,10.295799991581589,1.7552999925101176,345.1779000024544,346.9331999949645
nominal_heatup,12,80.00000000000001,80.00000000000001,79.99999999999996,79.99999999999996,-5.684341886080802e-14,-214088.4084013906,optimal,-214063.13296501804,False,False,max_iterations,max_iterations,0.05233237559115099,0.07728877893849055,False,5,5,0.0,8000,8000,5.29231968471322e-07,7.548049199002094e-07,10.0,0,0,0.00011806074210756765,28.287695303581557,28.48611411336325,29.228022559149494,1.0019707186055292e-05,1.0019852307914455e-05,1.0020521334415317e-05,28.287695303581557,28.48611411336325,29.228022559149494,1.0019707186055292e-05,1.0019852307914455e-05,1.0020521334415317e-05,1.000000988985778,1.000000988985778,81e0a1c316d71321,81e0a1c316d71321,True,True,0.9863999875960872,4.858400003286079,5.844799990882166,0.7728000055067241,257.50340000377037,258.2762000092771
nominal_heatup,13,84.00000000000001,84.00000000000001,83.99999999999996,83.99999999999996,-5.684341886080802e-14,-222512.43116136317,optimal,-222480.5224502195,False,False,max_iterations,max_iterations,0.06202510440055045,0.07709967748922389,False,5,5,0.0,8000,8000,5.225644201800606e-07,7.48003628814331e-07,10.0,0,0,0.00014340192580276527,28.435189073687383,28.68811443723295,29.60491107244096,1.0021447366458453e-05,1.0021670668093506e-05,1.002266335713411e-05,28.435189073687383,28.68811443723295,29.60491107244096,1.0021447366458453e-05,1.0021670668093506e-05,1.002266335713411e-05,1.0000010434153785,1.0000010434153785,e6546ce430837a0e,e6546ce430837a0e,True,True,0.7869999972172081,4.853999998886138,5.640999996103346,0.8301000052597374,251.48829999670852,252.31840000196826
nominal_heatup,14,88.0,88.0,87.99999999999996,87.99999999999996,-4.263256414560601e-14,-230627.10977855095,optimal,-230592.7598747538,True,True,converged(kkt(residual=6.28e-02<=tol=7.69e-02); obj_plateau(range=3.59e-12)),converged,0.0628474233627289,0.07687031731273977,False,5,5,0.0,201,8000,5.843701416097247e-07,8.495088668070139e-07,10.0,0,0,0.00014894130976183216,28.623200041918288,28.934857331659494,30.03718676868891,1.0023245495954168e-05,1.0023572281445382e-05,1.0024990765584491e-05,28.623200041918288,28.934857331659494,30.037186768688905,1.0023245495954168e-05,1.0023572281445382e-05,1.0024990765584491e-05,1.0000011121797336,1.0000011121797336,4c29988740cb797f,4c29988740cb797f,True,True,0.7949999999254942,4.765899997437373,5.560899997362867,0.7336999988183379,7.706000003963709,8.439700002782047
nominal_heatup,15,91.99999999999999,91.99999999999999,91.99999999999996,91.99999999999996,-2.842170943040401e-14,-238414.82183393004,optimal,-238380.63947815166,True,True,converged(kkt(residual=5.92e-02<=tol=7.66e-02); obj_plateau(range=3.00e-12)),converged,0.059168230391464904,0.07660105404024742,False,5,5,0.0,201,8000,5.896290815599059e-07,8.164699183410562e-07,10.0,0,0,0.00014337345101035731,28.854869120086413,29.22872865371056,30.525195733226727,1.0025120171607514e-05,1.0025580580941484e-05,1.0027549973976509e-05,28.854869120086413,29.22872865371056,30.525195733226727,1.0025120171607514e-05,1.0025580580941484e-05,1.0027549973976509e-05,1.0000011981334345,1.0000011981334345,8989260ddb4a45fa,8989260ddb4a45fa,True,True,0.7618999952683225,5.208000002312474,5.9698999975807965,0.8993000083137304,7.201000000350177,8.100300008663908
nominal_heatup,16,96.0,96.0,95.99999999999997,95.99999999999996,-4.263256414560601e-14,-245858.3444549164,optimal,-245826.0379229176,True,True,converged(kkt(residual=5.32e-02<=tol=7.63e-02); obj_plateau(range=1.08e-12)),converged,0.05315918619196918,0.07629230619756612,False,5,5,0.0,201,8000,6.278478537069532e-07,8.693920507951702e-07,10.0,0,0,0.00013140303238571327,29.132775953652295,29.571636766375924,31.069051976588753,1.0027093488534011e-05,1.0027723503453636e-05,1.0030397793205575e-05,29.132775953652295,29.571636766375924,31.069051976588753,1.0027093488534011e-05,1.0027723503453636e-05,1.0030397793205575e-05,1.0000013048593073,1.0000013048593073,c5de90832dce029b,c5de90832dce029b,True,True,0.8126000029733405,4.83820000954438,5.6508000125177205,0.7393999985652044,7.257799996295944,7.997199994861148
nominal_heatup,17,100.0,100.0,99.99999999999996,99.99999999999996,-4.263256414560601e-14,-252940.8565752806,optimal,-252907.01858764654,False,False,max_iterations,max_iterations,0.053268272823202366,0.07594454519380607,False,5,5,0.0,8000,8000,6.361106699159791e-07,8.808336646737303e-07,10.0,0,0,0.00013377825983551612,29.459001193484145,29.965072618383886,31.66868726952701,1.0029191757879237e-05,1.0030034571632905e-05,1.0033604465787608e-05,29.459001193484145,29.965072618383886,31.66868726952701,1.0029191757879237e-05,1.0030034571632905e-05,1.0033604465787608e-05,1.0000014368973875,1.0000014368973875,caa1d0adbd2a2802,caa1d0adbd2a2802,True,True,0.8239000017056242,5.000100005418062,5.824000007123686,0.7694999949308112,250.74830000812653,251.51780000305735
nominal_heatup,18,104.00000000000001,104.00000000000001,103.99999999999994,103.99999999999994,-7.105427357601002e-14,-259645.93848475258,optimal,-259612.19244598865,True,True,converged(kkt(residual=5.09e-02<=tol=7.56e-02); obj_plateau(range=2.57e-13)),converged,0.050926397950502515,0.07555828692497578,False,5,5,0.0,201,8000,6.76804603472192e-07,9.81075786832264e-07,10.0,0,0,0.00012996944593386656,29.83518713825559,30.410166831002797,32.32388788410938,1.0031446486637145e-05,1.003255432719756e-05,1.0037257650833878e-05,29.83518713825559,30.410166831002797,32.32388788410938,1.0031446486637145e-05,1.003255432719756e-05,1.0037257650833878e-05,1.0000016000414043,1.0000016000414043,f10d65b8bf41f975,f10d65b8bf41f975,True,True,0.9221000073011965,5.919799994444475,6.841900001745671,0.7794999983161688,7.222899992484599,8.002399990800768
nominal_heatup,19,108.00000000000001,108.00000000000001,107.99999999999994,107.99999999999994,-7.105427357601002e-14,-265957.5692540158,optimal,-265928.56538774783,True,True,converged(kkt(residual=4.20e-02<=tol=7.51e-02); obj_plateau(range=2.99e-13)),converged,0.041995603195568984,0.07513408474888969,False,5,5,0.0,201,8000,6.510826864314367e-07,9.116207602133386e-07,10.0,0,0,0.00010905448695920687,30.26259573381852,30.907740544433675,33.03432342597463,1.0033895682563044e-05,1.0035332213742204e-05,1.0041467676231376e-05,30.26259573381852,30.907740544433675,33.03432342597463,1.0033895682563044e-05,1.0035332213742204e-05,1.0041467676231376e-05,1.0000018017276073,1.0000018017276073,4f6d213fbb2c2241,4f6d213fbb2c2241,True,True,0.757400004658848,4.944000000250526,5.701400004909374,0.7549000001745299,7.469200005289167,8.224100005463697
nominal_heatup,20,112.0,112.0,111.99999999999994,111.99999999999994,-5.684341886080802e-14,-271860.1225124427,optimal,-271837.4786386589,True,True,converged(kkt(residual=3.15e-02<=tol=7.47e-02); obj_plateau(range=2.98e-13)),converged,0.03152324338603622,0.07467252363026924,False,5,5,0.0,201,8000,6.83768817566488e-07,9.468268560297588e-07,10.0,0,0,8.329236952582845e-05,30.742161255455276,31.45835074073644,33.799569377951165,1.0036585572181912e-05,1.0038429042220354e-05,1.0046374493864521e-05,30.742161255455276,31.45835074073644,33.799569377951165,1.0036585572181912e-05,1.0038429042220354e-05,1.0046374493864521e-05,1.000002051549314,1.000002051549314,6fb1816fc6a0837b,6fb1816fc6a0837b,True,True,0.7544999971287325,5.49670000327751,6.251200000406243,0.7473999867215753,7.002800004556775,7.75019999127835
nominal_heatup,21,116.0,116.0,115.99999999999994,115.99999999999994,-5.684341886080802e-14,-277338.3609672305,optimal,-277322.43489832553,False,False,max_iterations,max_iterations,0.021362716350888964,0.07417421528969924,False,5,5,0.0,8000,8000,7.106024071390493e-07,9.839838641667598e-07,10.0,0,0,5.7424688201114875e-05,31.274537519628144,32.06232983559645,34.619125239305966,1.0039572851893256e-05,1.0041920221372836e-05,1.0052156935043224e-05,31.274537519628144,32.06232983559645,34.619125239305966,1.0039572851893256e-05,1.0041920221372836e-05,1.0052156935043224e-05,1.000002361942879,1.000002361942879,b958803f4158b4c8,b958803f4158b4c8,True,True,0.8671999967191368,4.9888000066857785,5.856000003404915,0.7651000050827861,257.9556999990018,258.7208000040846
nominal_heatup,22,119.99999999999999,119.99999999999999,119.99999999999993,119.99999999999993,-5.684341886080802e-14,-282249.2947156021,optimal,-282197.1104831328,False,False,max_iterations,max_iterations,0.06976885675624009,0.07363979421806022,False,5,5,0.0,8000,8000,6.560768213148549e-07,9.557638476209718e-07,10.0,0,0,0.0001848870252158545,31.860139431473698,32.71982012895055,35.49242921855301,1.0042927636276365e-05,1.0045900001126806e-05,1.0059045087611502e-05,31.860139431473698,32.71982012895055,35.492429218553006,1.0042927636276365e-05,1.0045900001126806e-05,1.0059045087611502e-05,1.0000027491075865,1.0000027491075865,98fe3ed374dadc9b,98fe3ed374dadc9b,True,True,0.7736999978078529,4.684400002588518,5.458100000396371,0.8806999976513907,218.904699999257,219.78539999690838
nominal_heatup,23,123.99999999999999,123.99999999999999,124.00000043308006,123.99999999999993,-5.684341886080802e-14,-285922.765800926,optimal,-285869.90915312816,False,False,max_iterations,max_iterations,0.07005103006232254,0.0730699144413015,False,5,5,0.0,8000,8000,6.280501878563882e-07,9.073958269212312e-07,10.0,0,0,0.0001848633761279558,32.499179256904526,33.43080354993059,36.4188703028621,1.0046737327042226e-05,1.0050487067028725e-05,1.0067336928314506e-05,32.499179256904526,33.43080354993059,36.418870302862096,1.0046737327042226e-05,1.0050487067028725e-05,1.0067336928314506e-05,1.0000032342458494,1.0000032342458494,0a3d437625b4fbea,0a3d437625b4fbea,True,True,0.7726000039838254,4.627500005881302,5.4001000098651275,0.7602999976370484,179.4893000042066,180.24960000184365
nominal_heatup,24,127.99999999999997,127.99999999999997,127.99999999999991,127.99999999999991,-5.684341886080802e-14,-287335.9380485216,optimal,-287286.2814661956,False,False,max_iterations,max_iterations,0.06552646152480894,0.07246524693980246,False,5,5,0.0,8000,8000,6.228402611441197e-07,8.998689908779056e-07,10.0,0,0,0.00017281716538181948,33.19169804282029,34.195127258322415,37.39779823444413,1.005111170702066e-05,1.0055831947088486e-05,1.0077420781319361e-05,33.19169804282029,34.19512725832241,37.397798234444124,1.005111170702066e-05,1.0055831947088486e-05,1.0077420781319361e-05,1.0000038452434135,1.0000038452434135,31f896bf4e7d06cd,31f896bf4e7d06cd,True,True,1.1079999967478216,4.714700000477023,5.822699997224845,0.7981999951880425,149.01340000506025,149.8116000002483
nominal_heatup,25,130.0,130.0,130.0,130.0,0.0,-285421.42745096504,optimal,-285377.6507268042,False,False,max_iterations,max_iterations,0.05765790466715581,0.07182647764299382,False,5,5,0.0,8000,8000,5.973793548719186e-07,8.63083255531194e-07,10.0,0,0,0.0001533757453032999,33.937592712032945,35.01252560136736,38.428531814316294,1.005618967429849e-05,1.0062126862556018e-05,1.0089805789359043e-05,33.93759271203294,35.01252560136735,38.42853181431628,1.005618967429849e-05,1.0062126862556018e-05,1.0089805789359043e-05,1.000004618956481,1.0000046189564815,b9dc957af8db9463,b9dc957af8db9463,False,False,0.8100999984890223,5.307700004777871,6.117800003266893,0.7808999944245443,150.53119999356568,151.31209998799022
nominal_heatup,26,130.0,130.0,130.0,130.0,0.0,-281039.56816845876,optimal,-281001.4067554634,False,False,max_iterations,max_iterations,0.05025777786203713,0.07100874693576695,False,5,5,0.0,8000,8000,5.907816813532918e-07,8.251903240719116e-07,10.0,0,0,0.00013578661981303002,34.73663933886757,35.88263890591762,39.51036584016606,1.0062148184087887e-05,1.0069618889944927e-05,1.0105163455459045e-05,34.73663933886756,35.88263890591761,39.51036584016605,1.0062148184087887e-05,1.0069618889944927e-05,1.0105163455459045e-05,1.000005604339681,1.0000056043396808,ff711dcc0119e78f,ff711dcc0119e78f,False,False,0.8068000024650246,4.959800004144199,5.766600006609224,0.8315000013681129,147.9094999958761,148.74099999724422
nominal_heatup,27,130.0,130.0,130.0,130.0,0.0,-276122.11941677064,optimal,-276086.99484195595,False,False,max_iterations,max_iterations,0.04632593527467469,0.07002785399538576,False,5,5,0.0,8000,8000,6.88617205923947e-07,9.989190337122977e-07,10.0,0,0,0.00012720666815443522,35.588513092118006,36.80502953120535,40.64257692132614,1.0069214176848358e-05,1.007862763007317e-05,1.0124384554526784e-05,35.588513092118,36.80502953120534,40.64257692132613,1.0069214176848358e-05,1.007862763007317e-05,1.0124384554526784e-05,1.0000068667446973,1.0000068667446973,eec988a9473d57ce,eec988a9473d57ce,False,False,0.7898000039858744,4.661299986764789,5.451099990750663,0.7680999988224357,162.36770000250544,163.13580000132788
nominal_heatup,28,130.0,130.0,130.0,130.0,0.0,-271205.79345906223,optimal,-271173.0400641594,False,False,max_iterations,max_iterations,0.04329337286087878,0.06904688207028666,False,5,5,0.0,8000,8000,5.629272976648281e-07,8.133073210458974e-07,10.0,0,0,0.00012076952518316632,36.49280528639048,37.77919556259234,41.82442836075676,1.00776805645182e-05,1.0089569039656569e-05,1.0148657494724979e-05,36.49280528639047,37.779195562592335,41.82442836075675,1.00776805645182e-05,1.0089569039656567e-05,1.0148657494724979e-05,1.0000084938573894,1.0000084938573894,60f17c944ab33996,60f17c944ab33996,False,False,0.7679999980609864,5.267200001981109,6.035200000042096,1.4331999991554767,147.70289999432862,149.1360999934841
nominal_heatup,29,130.0,130.0,130.0,130.0,0.0,-266304.06758369354,optimal,-266273.25741258945,False,False,max_iterations,max_iterations,0.04084786072660008,0.06806875218664651,False,5,5,0.0,8000,8000,5.667608462545104e-07,8.18845973249438e-07,10.0,0,0,0.00011569545814170306,37.44903793778678,38.80458247844509,43.055174257720964,1.008792775660128e-05,1.0102987727945598e-05,1.0179576783908196e-05,37.44903793778677,38.804582478445084,43.05517425772096,1.008792775660128e-05,1.0102987727945596e-05,1.0179576783908196e-05,1.000010603941939,1.000010603941939,ce8d91ab62b988b9,ce8d91ab62b988b9,False,False,0.9768000018084422,4.683899998781271,5.6607000005897135,0.86600000213366,152.08390000043437,152.94990000256803
nominal_heatup,30,130.0,130.0,130.0,130.0,0.0,-261427.8559712686,optimal,-261400.58963517947,False,False,max_iterations,max_iterations,0.036218866261040886,0.06709583901060713,False,5,5,0.0,8000,8000,5.538200440469154e-07,8.00149433821673e-07,10.0,0,0,0.00010429774588421153,38.45667617246797,39.88059307969843,44.3262958722187,1.0100452783556139e-05,1.0119600936431953e-05,1.0219294017606023e-05,38.456676172467965,39.88059307969842,44.326295872218694,1.0100452783556139e-05,1.0119600936431951e-05,1.0219294017606023e-05,1.0000133502968045,1.0000133502968045,591b3ecde4db138c,591b3ecde4db138c,False,False,0.7770999945932999,4.6424000029219314,5.419499997515231,0.7356999994954094,162.57770000083838,163.3134000003338
nominal_heatup,31,130.00000000000003,130.00000000000003,130.0,130.0,-2.842170943040401e-14,-256586.0144209544,optimal,-256564.4929557194,False,False,max_iterations,max_iterations,0.02856145689526478,0.06613007545242537,False,5,5,0.0,8000,8000,5.940073748433861e-07,8.616765434510398e-07,10.0,0,0,8.387622093725752e-05,39.51513879282677,41.00370911940794,45.62384309440205,1.0115908887980325e-05,1.0140358723565776e-05,1.027064961864798e-05,39.51513879282676,41.00370911940793,45.62384309440204,1.0115908887980325e-05,1.0140358723565775e-05,1.027064961864798e-05,1.0000169276166246,1.0000169276166246,e63e390328138908,e63e390328138908,False,False,0.7688000041525811,4.583899994031526,5.352699998184107,0.7383999909507111,147.28849999664817,148.02689998759888
nominal_heatup,32,130.0,130.0,130.0,130.0,0.0,-251785.73418807375,optimal,-251766.73547062627,False,False,max_iterations,max_iterations,0.02529621998174441,0.0651730359858107,False,5,5,0.0,8000,8000,5.815429346966994e-07,8.43595407751252e-07,10.0,0,0,7.545589311802635e-05,40.62166136640788,42.167626743408356,46.936965864865606,1.0135159609374298e-05,1.0166511340095578e-05,1.0337306087914461e-05,40.62166136640787,42.16762674340835,46.9369658648656,1.0135159609374298e-05,1.0166511340095577e-05,1.0337306087914461e-05,1.0000215859513406,1.0000215859513406,89c675b2b6a81172,89c675b2b6a81172,False,False,0.7516000041505322,4.619700004695915,5.371300008846447,0.745700002880767,148.31219999177847,149.05789999465924
nominal_heatup,33,130.0,130.0,130.0,130.0,0.0,-247032.84415578097,optimal,-247017.19795643416,False,False,max_iterations,max_iterations,0.020878089607574153,0.06422600075476755,False,5,5,0.0,8000,8000,5.690607025599093e-07,8.254885299763259e-07,10.0,0,0,6.33365146253363e-05,41.77084845737516,43.36566791672194,48.25708836034172,1.0159342426202962e-05,1.0199689056691248e-05,1.0423972055584554e-05,41.77084845737515,43.36566791672193,48.25708836034171,1.0159342426202962e-05,1.0199689056691246e-05,1.0423972055584554e-05,1.00002764480365,1.0000276448036494,bbf453807b0dc39d,bbf453807b0dc39d,False,False,1.1298000026727095,5.046799997217022,6.176599999889731,0.7582999969599769,157.82279999984894,158.58109999680892
nominal_heatup,34,130.0,130.0,130.0,130.0,0.0,-242332.04941107583,optimal,-242319.05266855494,False,False,max_iterations,max_iterations,0.017413007675979694,0.06329000661454104,False,5,5,0.0,8000,8000,5.568277430256785e-07,8.077431603581431e-07,10.0,0,0,5.363195892785565e-05,42.956351227797434,44.59092597223202,49.57797689401695,1.018994412676557e-05,1.0242010082863206e-05,1.053668028779401e-05,42.95635122779743,44.590925972232014,49.57797689401694,1.018994412676557e-05,1.0242010082863204e-05,1.053668028779401e-05,1.0000355128009815,1.0000355128009815,3ff630098949810a,3ff630098949810a,False,False,0.755899993237108,6.1609000113094226,6.9168000045465305,0.9165999945253134,169.07350000110455,169.99009999562986
nominal_heatup,35,130.0,130.0,130.0,130.0,0.0,-237687.12104444238,optimal,-237676.30456377688,False,False,max_iterations,max_iterations,0.01458906234622044,0.06236588786399908,False,5,5,0.0,8000,8000,5.44838371752121e-07,7.903511862750179e-07,10.0,0,0,4.550722234312911e-05,44.17140619546908,45.83695172260525,50.89495729321921,1.0228899307463622e-05,1.0296214244032106e-05,1.0683152902901279e-05,44.171406195469075,45.83695172260524,50.8949572932192,1.0228899307463622e-05,1.0296214244032104e-05,1.0683152902901279e-05,1.0000457117886863,1.0000457117886863,d5b486206146ccbd,d5b486206146ccbd,False,False,0.7976999913807958,4.887700008112006,5.685399999492802,0.7929999992484227,161.8253999913577,162.61839999060612
nominal_heatup,36,130.0,130.0,130.0,130.0,0.0,-233101.04983733257,optimal,-233092.0150784694,False,False,max_iterations,max_iterations,0.01232641444342165,0.06145430937263706,False,5,5,0.0,8000,8000,6.87357584183701e-07,9.96194342128831e-07,10.0,0,0,3.87589797192662e-05,45.40948352759255,47.097838917598104,52.2045545514495,1.0278713971231812e-05,1.036583429649087e-05,1.0873268743414286e-05,45.40948352759254,47.0978389175981,52.20455455144949,1.0278713971231812e-05,1.0365834296490869e-05,1.0873268743414286e-05,1.000058908674502,1.0000589086745004,71538bf87cc44566,71538bf87cc44566,False,False,0.8634000114398077,4.633099990314804,5.496500001754612,0.7519000064348802,151.2005999975372,151.9525000039721
nominal_heatup,37,130.0,130.0,130.0,130.0,0.0,-228576.1718164679,optimal,-228569.41929935792,False,False,max_iterations,max_iterations,0.009340259741377442,0.06055579371339325,False,5,5,0.0,8000,8000,6.722538330450334e-07,9.74304339429466e-07,10.0,0,0,2.9541649316887568e-05,46.66451695380042,48.36835320017051,53.50412826644477,1.0342623010345865e-05,1.0455411819631811e-05,1.1119674734577008e-05,46.664516953800415,48.3683532001705,53.504128266444766,1.0342623010345865e-05,1.045541181963181e-05,1.1119674734577008e-05,1.0000759571416173,1.0000759571416176,cb0492bcb6ecfd41,cb0492bcb6ecfd41,False,False,0.7771000091452152,7.176999992225319,7.954100001370534,0.7740000000922009,144.90850000584032,145.68250000593252
nominal_heatup,38,130.0,130.0,130.0,130.0,0.0,-224114.2717785217,optimal,-224109.22706943154,False,False,max_iterations,max_iterations,0.007197676977905661,0.05967074359576887,False,5,5,0.0,8000,8000,6.576731834684324e-07,9.531724574074474e-07,10.0,0,0,2.2509539665622575e-05,47.931058634757065,49.64391516037741,54.79166265923367,1.0424789135198688e-05,1.0570772044380092e-05,1.1438591403752979e-05,47.93105863475706,49.643915160377404,54.791662659233666,1.0424789135198688e-05,1.057077204438009e-05,1.1438591403752979e-05,1.0000979538377246,1.0000979538377246,d116fbd2c82231e0,d116fbd2c82231e0,False,False,0.8711999980732799,4.590600001392886,5.461799999466166,0.7578000077046454,149.52969999285415,150.2875000005588
nominal_heatup,39,130.0,130.0,130.0,130.0,0.0,-219716.66903214433,optimal,-219714.10290492116,False,False,max_iterations,max_iterations,0.0038248578298348958,0.05879946048712743,False,5,5,0.0,8000,8000,6.426081711197185e-07,9.313385591624979e-07,10.0,0,0,1.1679255991493251e-05,49.204306314942166,50.92057550494545,56.06560239687443,1.0530555493521728e-05,1.0719374634412519e-05,1.1850890373346329e-05,49.20430631494216,50.92057550494544,56.065602396874425,1.0530555493521728e-05,1.0719374634412517e-05,1.1850890373346329e-05,1.0001263149983302,1.0001263149983302,554bfff5912951c9,554bfff5912951c9,False,False,0.87340000027325,4.851199992117472,5.724599992390722,0.9206999966409057,151.77670000412036,152.69740000076126
nominal_heatup,40,130.0,130.0,130.0,130.0,0.0,-215384.28854110668,optimal,-215383.2251877513,False,False,max_iterations,max_iterations,0.0020567548620618868,0.05794216010331558,False,5,5,0.0,8000,8000,6.288320832936733e-07,9.113727346132805e-07,10.0,0,0,4.93700521357734e-06,50.48009183635129,52.194957759675056,57.32474554955666,1.0666767540547945e-05,1.0910765749966646e-05,1.2383552396445595e-05,50.480091836351285,52.19495775967505,57.32474554955665,1.0666767540547945e-05,1.0910765749966644e-05,1.238355239644559e-05,1.0001628826826376,1.0001628826826376,745e727b153020ac,745e727b153020ac,False,False,0.9655999892856926,4.516900007729419,5.482499997015111,0.7416000007651746,147.52990000124555,148.27150000201073
nominal_heatup,41,130.0,130.0,130.0,130.0,0.0,-211118.63702029595,optimal,-211118.60870145916,True,True,converged(kkt(residual=4.92e-04<=tol=5.71e-02); obj_plateau(range=1.67e-08)),converged,0.0004915332618060652,0.05709898526287748,False,5,5,0.0,501,8000,6.800879077673017e-07,9.865463468372582e-07,10.0,0,0,1.341370766217776e-07,51.75483560174435,53.464199514395304,58.56816376746488,1.0842186462087133e-05,1.1157166424599135e-05,1.3071662770483217e-05,51.75483560174434,53.4641995143953,58.568163767464874,1.0842186462087133e-05,1.1157166424599133e-05,1.3071662770483212e-05,1.000210073755604,1.000210073755604,e135c5551350051a,e135c5551350051a,False,False,0.7968000136315823,4.487099999096245,5.283900012727827,1.217299999552779,10.027399999671616,11.244699999224395
nominal_heatup,42,130.0,130.0,130.0,130.0,0.0,-206922.3674493509,optimal,-206922.3384882019,True,True,converged(kkt(residual=1.08e-03<=tol=5.63e-02); obj_plateau(range=1.75e-08)),converged,0.0010772818732697651,0.05627001646932056,False,5,5,0.0,451,8000,6.726402403955944e-07,9.757426111534073e-07,10.0,0,0,1.3996142279839477e-07,53.02549121637784,54.72589075682159,59.79514556110168,1.1068025253675922e-05,1.1474247701261865e-05,1.3961166177047804e-05,53.02549121637783,54.725890756821585,59.79514556110168,1.1068025253675922e-05,1.1474247701261863e-05,1.3961166177047799e-05,1.0002710907268957,1.0002710907268957,ab3f82d369ade95a,ab3f82d369ade95a,False,False,1.1017000069841743,6.46279999637045,7.564500003354624,0.752499996451661,9.767800002009608,10.520299998461269
nominal_heatup,43,130.00000000000003,130.00000000000003,129.99999999999997,129.99999999999997,-5.684341886080802e-14,-202795.50063490056,optimal,-202795.46046358295,True,True,converged(kkt(residual=1.96e-03<=tol=5.55e-02); obj_plateau(range=2.47e-08)),converged,0.0019612586958411443,0.055455280470009465,False,5,5,0.0,351,8000,6.654838955455489e-07,9.653614716498282e-07,10.0,0,0,1.9808781499042523e-07,54.28948544658738,55.97801639829211,61.005153326433316,1.1358651936153698e-05,1.1882164517023144e-05,1.5112695179349738e-05,54.28948544658737,55.978016398292105,61.00515332643331,1.1358651936153698e-05,1.1882164517023142e-05,1.5112695179349733e-05,1.0003502217184117,1.0003502217184121,e84c57c34fe4b214,e84c57c34fe4b214,False,False,0.7563999970443547,4.378500001621433,5.134899998665787,0.8011999889276922,7.846600012271665,8.647800001199357
nominal_heatup,44,130.0,130.0,130.00000000000003,130.0,0.0,-198737.70980015665,optimal,-198737.68754416984,True,True,converged(kkt(residual=1.94e-03<=tol=5.47e-02); obj_plateau(range=1.40e-08)),converged,0.0019440681665045152,0.054654756936477,False,5,5,0.0,201,8000,6.579607827461587e-07,9.544483461354503e-07,10.0,0,0,1.1198673313238819e-07,55.544660094629194,57.21890324691535,62.19779083408779,1.1732523445269194e-05,1.240695156285074e-05,1.6606913172483163e-05,55.54466009462919,57.218903246915346,62.19779083408778,1.1732523445269194e-05,1.2406951562850738e-05,1.660691317248316e-05,1.0004532681750724,1.0004532681750724,4271feefd431c0e7,4271feefd431c0e7,False,False,0.7295999967027456,4.754900000989437,5.484499997692183,0.7297999982256442,5.208000002312474,5.937800000538118
nominal_heatup,45,130.0,130.0,130.0,130.0,0.0,-194747.84178402944,optimal,-194742.73473700345,True,True,converged(kkt(residual=6.71e-03<=tol=5.39e-02); obj_plateau(range=1.64e-15)),converged,0.006711558488868607,0.05386838330381959,False,5,5,0.0,201,8000,5.523933737094922e-07,8.005893450402368e-07,10.0,0,0,2.6223895367333e-05,56.78921767445046,58.44717272868527,63.372777800977815,1.221344127067576e-05,1.3082428465613039e-05,1.8551986542778255e-05,56.789217674450455,58.44717272868526,63.3727778009778,1.221344127067576e-05,1.3082428465613037e-05,1.8551986542778224e-05,1.000588154251119,1.0005881542511206,6b0ead50b8dcd789,6b0ead50b8dcd789,False,False,0.7421000045724213,4.637300007743761,5.379400012316182,0.7252000068547204,6.320899992715567,7.046099999570288
nominal_heatup,46,130.0,130.0,130.0,130.0,0.0,-190823.04102907216,optimal,-190810.6376267796,True,True,converged(kkt(residual=1.63e-02<=tol=5.31e-02); obj_plateau(range=1.83e-15)),converged,0.016309817059072917,0.0530960576877219,False,5,5,0.0,201,8000,6.650845278954876e-07,9.640867384419494e-07,10.0,0,0,6.499950019498646e-05,58.02167234021292,59.6616991361294,64.52992981579379,1.283225903535136e-05,1.3952823801894359e-05,2.1094037516679137e-05,58.021672340212916,59.66169913612939,64.52992981579378,1.283225903535136e-05,1.3952823801894357e-05,2.1094037516679103e-05,1.0007657922929523,1.0007657922929525,d12d3036b408ec7e,d12d3036b408ec7e,False,False,0.8710000111022964,5.282099999021739,6.153100010124035,1.0455000010551885,6.328000003122725,7.373500004177913
nominal_heatup,47,130.0,130.0,130.0,130.0,0.0,-186962.37696064464,optimal,-186943.41054137188,True,True,converged(kkt(residual=2.50e-02<=tol=5.23e-02); obj_plateau(range=1.40e-15)),converged,0.02495535539253181,0.052337639653193165,False,5,5,0.0,201,8000,5.436540959635749e-07,7.898911640324968e-07,10.0,0,0,0.00010144511201211173,59.24080627823817,60.861573248056025,65.66914222531285,1.3629227439716847e-05,1.5076414058007539e-05,2.4431749600808675e-05,59.24080627823816,60.86157324805601,65.66914222531284,1.3629227439716847e-05,1.5076414058007537e-05,2.4431749600808593e-05,1.0010013058592766,1.0010013058592755,0a7901a01dce5c8f,0a7901a01dce5c8f,False,False,0.9769000025698915,6.051899996236898,7.0287999988067895,0.8078999962890521,6.599100001039915,7.406999997328967
nominal_heatup,48,130.0,130.0,130.0,130.0,0.0,-183164.91513296505,optimal,-183140.08669744004,True,True,converged(kkt(residual=3.27e-02<=tol=5.16e-02); obj_plateau(range=1.75e-15)),converged,0.032689852463944874,0.051592948422046564,False,5,5,0.0,201,8000,5.483017133656176e-07,7.966438717588176e-07,10.0,0,0,0.00013555235459249035,60.44563150282925,62.04607084493373,66.79037712551897,1.4657239205824328e-05,1.6530593465596096e-05,2.8836727925755534e-05,60.445631502829244,62.046070844933716,66.79037712551896,1.4657239205824328e-05,1.6530593465596096e-05,2.8836727925755446e-05,1.0013157471013459,1.0013157471013447,7e4a74f1b45b0a6e,7e4a74f1b45b0a6e,False,False,0.8913000056054443,4.67150000622496,5.562800011830404,0.7475999882444739,6.848000004538335,7.595599992782809
nominal_heatup,49,130.0,130.0,129.99999999999997,129.99999999999997,-2.842170943040401e-14,-179429.4913597434,optimal,-179399.47040565708,True,True,converged(kkt(residual=3.96e-02<=tol=5.09e-02); obj_plateau(range=1.78e-15)),converged,0.039553727786659804,0.050861757848434476,False,5,5,0.0,201,8000,6.11644779269227e-07,8.886768654292609e-07,10.0,0,0,0.00016731337674121848,61.63535669095369,63.214625663276244,67.89365282436219,1.5986343757010025e-05,1.8418955140258733e-05,3.468179049773321e-05,61.63535669095368,63.21462566327623,67.89365282436218,1.5986343757010025e-05,1.841895514025872e-05,3.468179049773312e-05,1.0017384914685026,1.0017384914685052,242a86f2ee712d6a,242a86f2ee712d6a,False,False,0.7589000015286729,4.520799993770197,5.27969999529887,0.8384999964619055,6.611500008148141,7.450000004610047
nominal_heatup,50,130.0,130.0,130.0,130.0,0.0,-175754.6587114928,optimal,-175720.08407784073,True,True,converged(kkt(residual=4.56e-02<=tol=5.01e-02); obj_plateau(range=1.49e-15)),converged,0.04558600603979034,0.05014378711580584,False,5,5,0.0,201,8000,5.602647092928237e-07,8.14025252537931e-07,10.0,0,0,0.00019672100816893242,62.809358627771545,64.3668063085973,68.97903535661558,1.771004879334599e-05,2.088118832276349e-05,4.248012413352589e-05,62.80935862777153,64.36680630859729,68.97903535661555,1.771004879334599e-05,2.0881188322763476e-05,4.248012413352573e-05,1.00231055276414,1.0023105527641403,346c6454228a1637,346c6454228a1637,False,False,0.731200008885935,4.852600002777763,5.583800011663698,0.738000002456829,6.7226999963168055,7.460699998773634
nominal_heatup,51,130.0,130.0,130.0,130.0,0.0,-172138.6026112616,optimal,-172100.08379857035,False,False,max_iterations,max_iterations,0.05082472923202346,0.049438685530264474,False,5,5,0.0,8000,8000,6.757813508784238e-07,9.802991769447544e-07,10.0,0,0,0.0002237662680362557,63.967157802997406,65.50229669912932,70.04663175947266,1.9954127492003092e-05,2.4106900556497154e-05,5.2939230035971814e-05,63.96715780299739,65.50229669912929,70.04663175947263,1.9954127492003092e-05,2.4106900556497137e-05,5.293923003597164e-05,1.0030891393708201,1.0030891393708201,fa14867ca843d76f,fa14867ca843d76f,False,False,0.7855000003473833,5.399999994551763,6.185499994899146,0.8182000019587576,250.85850000323262,251.67670000519138
nominal_heatup,52,130.0,130.0,130.0,130.0,0.0,-168579.00984923483,optimal,-168537.12785959907,False,False,max_iterations,max_iterations,0.05530610094290414,0.04874600885193521,False,5,5,0.0,8000,8000,5.373015596887853e-07,7.806614643612875e-07,10.0,0,0,0.00024844130757010883,65.10839773149327,66.62087966539488,71.09658492755247,2.288892387473418e-05,2.835488283289929e-05,6.703486721298836e-05,65.10839773149326,66.62087966539485,71.09658492755244,2.288892387473418e-05,2.8354882832899212e-05,6.703486721298806e-05,1.0041538720862666,1.0041538720862668,cd259a7de56f3efc,cd259a7de56f3efc,False,False,0.8135999960359186,4.662500010454096,5.4761000064900145,0.7409999961964786,270.20790000096895,270.9488999971654
nominal_heatup,53,130.0,130.0,130.0,130.0,0.0,-165072.8686270707,optimal,-165028.17762950255,False,False,max_iterations,max_iterations,0.059065117880208094,0.048065183034199585,False,5,5,0.0,8000,8000,5.214190252900153e-07,7.575852762897739e-07,10.0,0,0,0.0002707349665628999,66.23282762269277,67.72242340235866,72.12906995180523,2.6746518406205812e-05,3.397988237098351e-05,8.611184642383666e-05,66.23282762269274,67.72242340235863,72.1290699518052,2.6746518406205812e-05,3.397988237098335e-05,8.611184642383605e-05,1.0056152093333455,1.0056152093333455,756ff508bc947822,756ff508bc947822,False,False,0.7968999998411164,4.805999997188337,5.6028999970294535,1.0996999917551875,271.5318999980809,272.6315999898361
nominal_heatup,54,130.0,130.0,130.0,130.0,0.0,-161616.161465562,optimal,-161569.19011905746,False,False,max_iterations,max_iterations,0.06213448357599841,0.04739544848986392,False,5,5,0.0,8000,8000,5.306293360263226e-07,7.70967285568247e-07,10.0,0,0,0.0002906352067682656,67.34028809419581,68.80687054634416,73.14429192629689,3.1844611049781495e-05,4.146967191003758e-05,0.00011202061419671508,67.34028809419578,68.80687054634413,73.14429192629686,3.1844611049781495e-05,4.1469671910037346e-05,0.0001120206141967142,1.0076257803464352,1.0076257803464348,575036af481c50f6,575036af481c50f6,False,False,0.7723000016994774,5.157599996891804,5.9298999985912815,0.7883000071160495,281.36219999578316,282.1505000028992
nominal_heatup,55,130.0,130.0,130.0,130.0,0.0,-158203.38502878798,optimal,-158154.63863351315,False,False,max_iterations,max_iterations,0.06454456027228254,0.04673577301352739,False,5,5,0.0,8000,8000,6.88228951162273e-07,9.974572323656616e-07,10.0,0,0,0.0003081248562793971,68.43069970476235,69.87422973194207,74.1424852831402,3.8619637364567744e-05,5.1496155359949457e-05,0.00014730119077533538,68.43069970476232,69.87422973194204,74.14248528314019,3.8619637364567744e-05,5.1496155359949186e-05,0.00014730119077533435,1.0103955169547845,1.010395516954784,1fdfd39b7c32edf0,1fdfd39b7c32edf0,False,False,1.0211999906459823,4.851500008953735,5.872699999599718,0.7941000076243654,264.8154000053182,265.6095000129426
nominal_heatup,56,130.0,130.0,130.0,130.0,0.0,-154826.77862143036,optimal,-154776.7415855105,False,False,max_iterations,max_iterations,0.0663219029866829,0.046084712124032375,False,5,5,0.0,8000,8000,5.329182926061549e-07,7.742931762422245e-07,10.0,0,0,0.00032318075959118173,69.50405417141482,70.92456957340303,75.12391479571389,4.767250118687801e-05,6.498548706359971e-05,0.00019542929915612135,69.5040541714148,70.924569573403,75.12391479571387,4.767250118687801e-05,6.498548706359931e-05,0.00019542929915612015,1.0142117107504625,1.014211710750462,ec85f7bcd56ae152,ec85f7bcd56ae152,False,False,0.7652000058442354,4.622199994628318,5.387400000472553,0.8856999920681119,264.6493000065675,265.5349999986356
nominal_heatup,57,130.0,130.0,130.0,130.0,0.0,-151475.04120218026,optimal,-151424.18155768933,False,False,max_iterations,max_iterations,0.06748857119006339,0.04544017740708874,False,5,5,0.0,8000,8000,6.350218910711192e-07,9.226427168940177e-07,10.0,0,0,0.0003357625394083053,70.56040823389368,71.95801511327059,76.08887847756213,5.983144181865133e-05,8.321377814267008e-05,0.0002611435762269551,70.56040823389365,71.95801511327056,76.0888784775621,5.983144181865124e-05,8.321377814266961e-05,0.0002611435762269537,1.0194654224269861,1.0194654224269877,3e93027f37c0e0f3,3e93027f37c0e0f3,False,False,0.7926999969640747,4.385799998999573,5.178499995963648,0.749099999666214,263.66959999722894,264.41869999689516
nominal_heatup,58,130.0,130.0,130.0,130.0,0.0,-148131.11077336658,optimal,-148079.88602470327,False,False,max_iterations,max_iterations,0.06805780982219777,0.04479903685388239,False,5,5,0.0,8000,8000,5.12887424974906e-07,7.43332958741405e-07,10.0,0,0,0.00034580682205065475,71.59988023965897,72.97474689074431,77.03771270348128,7.623802393224716e-05,0.00010793700677174491,0.0003508777483324832,71.59988023965894,72.97474689074429,77.03771270348125,7.623802393224706e-05,0.00010793700677174436,0.0003508777483324809,1.026686052093552,1.0266860520935506,2010a0faa6c5d033,2010a0faa6c5d033,False,False,0.7672000065213069,4.952799994498491,5.720000001019798,0.7713999948464334,320.09920000564307,320.8706000004895
nominal_heatup,59,130.0,130.0,130.0,130.0,0.0,-144768.1465422684,optimal,-144717.01502231663,False,False,max_iterations,max_iterations,0.06802942415484071,0.044156394639039184,False,5,5,0.0,8000,8000,5.178071518230354e-07,7.504631982513388e-07,10.0,0,0,0.00035319592861472103,72.62264964699989,73.97500290738093,77.97079999456433,9.846413029699087e-05,0.00014156634928201114,0.00047332777320754406,72.62264964699986,73.9750029073809,77.9707999945643,9.846413029699062e-05,0.0001415663492820105,0.0004733277732075414,1.036586351208483,1.0365863512084827,abbec4cfbdd5f7a8,abbec4cfbdd5f7a8,False,False,0.8137999975588173,5.284700004267506,6.098500001826324,0.7747999916318804,271.9668000063393,272.7415999979712
nominal_heatup,60,130.0,130.0,130.0,130.0,0.0,-141341.89930840454,optimal,-141291.34024897066,False,False,max_iterations,max_iterations,0.06737697586378404,0.04350423031383675,False,5,5,0.0,8000,8000,5.431145524426029e-07,7.891085331834802e-07,10.0,0,0,0.00035770751405900974,73.62895978704019,74.95908391297364,78.88858004554176,0.00012867025852995748,0.00018740344468097845,0.0006401914369111172,73.62895978704016,74.95908391297361,78.88858004554173,0.00012867025852995718,0.00018740344468097736,0.0006401914369111129,1.0501207185103965,1.050120718510396,c911e31ecde878a2,c911e31ecde878a2,False,False,0.7553000032203272,4.625100002158433,5.38040000537876,0.7565000123577192,262.04849999339785,262.8050000057556
nominal_heatup,61,130.0,130.0,130.0,130.0,0.0,-137775.43898188515,optimal,-137725.9935698678,False,False,max_iterations,max_iterations,0.06602167378909862,0.04282869211446446,False,5,5,0.0,8000,8000,5.477241984408465e-07,7.958065308955042e-07,10.0,0,0,0.0003588840825533943,74.6191243932407,75.92736260605592,79.79156473703163,0.00016981851204121614,0.00024995427820754916,0.0008671270578939291,74.61912439324067,75.9273626060559,79.7915647370316,0.00016981851204121582,0.000249954278207547,0.000867127057893924,1.0685602951995172,1.0685602951995168,43c62b5eea523fa5,43c62b5eea523fa5,False,False,0.7900999917183071,4.937600009725429,5.727700001443736,0.7659999973839149,267.18750000873115,267.95350000611506
nominal_heatup,62,130.0,130.0,130.0,130.0,0.0,-133926.7504196622,optimal,-133879.11237246028,False,False,max_iterations,max_iterations,0.06376826806718079,0.04210440145253285,False,5,5,0.0,8000,8000,5.172032331302034e-07,7.495879232877201e-07,10.0,0,0,0.0003557022555443232,75.59353860711929,76.88029754981154,80.68035807598112,0.0002259576169972283,0.00033534566642785715,0.0011749892088737384,75.59353860711926,76.88029754981152,80.68035807598109,0.00022595761699722793,0.00033534566642785455,0.0011749892088737301,1.093589235840848,1.0935892358408452,8c552c5f618ea7cb,8c552c5f618ea7cb,False,False,0.7603999983984977,4.624399996828288,5.3847999952267855,0.7756999984849244,271.0053000046173,271.78100000310224
nominal_heatup,63,130.0,130.0,130.0,130.0,0.0,-129515.35288948531,optimal,-129470.59136167262,False,False,max_iterations,max_iterations,0.06013434818559581,0.041281699390940944,False,5,5,0.0,8000,8000,5.202341952781353e-07,7.539807258538644e-07,10.0,0,0,0.00034560788983177207,76.55269541198888,77.81845285698668,81.55568225699334,0.00030260234746778145,0.00045187509501607115,0.0015914133079866686,76.55269541198885,77.81845285698665,81.55568225699331,0.000302602347467781,0.00045187509501606806,0.0015914133079866558,1.1274277236504189,1.1274277236504153,39cab7540d5e416b,39cab7540d5e416b,False,False,0.8622000023024157,4.699800003436394,5.56200000573881,0.7542999956058338,288.14770000462886,288.9020000002347
nominal_heatup,64,130.0,130.0,130.0,130.0,0.0,-124216.83828132741,optimal,-124176.72838063215,False,False,max_iterations,max_iterations,0.05420591411338089,0.040304495278409236,False,5,5,0.0,8000,8000,5.239600824324953e-07,7.593806801153846e-07,10.0,0,0,0.0003229022832193548,77.49720874793377,78.74252501387187,82.4184113536539,0.00040723626907685016,0.0006107334110202738,0.0021528384063738727,77.49720874793374,78.74252501387184,82.41841135365388,0.0004072362690768489,0.000610733411020268,0.0021528384063738536,1.1637021882955476,1.1637021882955467,7162944b830e7f46,7162944b830e7f46,False,False,0.755899993237108,4.562200003420003,5.318099996657111,0.7303000020328909,269.0260999952443,269.7563999972772
nominal_heatup,65,130.0,130.0,130.0,130.0,0.0,-119052.34513866666,optimal,-119019.00915769694,False,False,max_iterations,max_iterations,0.04538811154309194,0.039355261360329796,False,5,5,0.0,8000,8000,6.470508253642038e-07,9.377773269036993e-07,10.0,0,0,0.000280011123938698,78.42784494406877,79.65337861958594,83.26961456008874,0.000549975270075777,0.0008269513780813502,0.002907079780448615,78.42784494406874,79.65337861958591,83.26961456008871,0.0005499752700757756,0.0008269513780813432,0.0029070797804485924,1.1641786564642524,1.1641786564642513,5e52ee8941866f46,5e52ee8941866f46,False,False,0.7891999994171783,4.546399999526329,5.335599998943508,0.7763000030536205,225.57249999954365,226.34880000259727
nominal_heatup,66,129.99999999999997,129.99999999999997,130.0,130.0,2.842170943040401e-14,-113135.16826231335,optimal,-113113.52276181057,False,False,max_iterations,max_iterations,0.02974648134083732,0.03827788273911049,False,5,5,0.0,8000,8000,4.995238072069696e-07,7.239649564283468e-07,10.0,0,0,0.00019132424369301625,79.34556460405537,80.55209335323582,84.11061145147471,0.0007444407920444479,0.0011206365717723007,0.003916591951351909,79.34556460405534,80.55209335323579,84.11061145147468,0.0007444407920444463,0.0011206365717722903,0.003916591951351883,1.1643772541985693,1.164377254198572,48ef351163a64a69,48ef351163a64a69,False,False,0.7689000049140304,5.37159999657888,6.14050000149291,1.0617999942041934,227.21300000557676,228.27479999978095
nominal_heatup,67,130.0,130.0,130.0,130.0,0.0,-106202.57688179998,optimal,-106192.36915326511,False,False,max_iterations,max_iterations,0.014514905745722959,0.03702949821240588,False,5,5,0.0,8000,8000,6.604198290460772e-07,9.58018062213739e-07,10.0,0,0,9.611563894831214e-05,80.25157775443299,81.44002521218516,84.94304248452003,0.0010089073546693866,0.0015185884408711794,0.005262601461617026,80.25157775443296,81.44002521218513,84.94304248452,0.001008907354669381,0.001518588440871167,0.005262601461616995,1.1644013940425086,1.1644013940425086,2d2b73f616c8aeb4,2d2b73f616c8aeb4,False,False,1.3578000070992857,4.959199999575503,6.317000006674789,0.7538999925600365,260.9899000090081,261.74380000156816
nominal_heatup,68,130.00000000000003,130.00000000000003,130.0,130.0,-2.842170943040401e-14,-97907.02784237463,optimal,-97907.00741032911,True,True,converged(kkt(residual=6.38e-04<=tol=3.56e-02); obj_plateau(range=2.44e-08)),converged,0.0006379173791547602,0.03555529887509437,False,5,5,0.0,551,8000,5.186582114902194e-07,7.5169661517549e-07,10.0,0,0,2.0868824292572437e-07,81.14741600362292,82.3188860926227,85.76895901918328,0.001367811079314047,0.0020564096870771863,0.007050341719914168,81.1474160036229,82.31888609262268,85.76895901918326,0.0013678110793140352,0.002056409687077168,0.0070503417199141195,1.1643596554689397,1.1643596554689415,7f6b78253f528d54,7f6b78253f528d54,False,False,0.8544000011170283,5.309999993187375,6.164399994304404,0.788499994087033,16.995400001178496,17.78389999526553
nominal_heatup,69,130.0,130.0,130.0,130.0,0.0,-87848.69748249013,optimal,-87830.01065123467,True,True,converged(kkt(residual=2.53e-02<=tol=3.38e-02); obj_plateau(range=1.01e-14)),converged,0.02527043880315947,0.0337861320814445,False,5,5,0.0,201,8000,5.82676136673399e-07,8.444784613814704e-07,10.0,0,0,0.00021271608789920617,82.0350268109892,83.19084727609177,86.59093867531232,0.0018537380486049937,0.002781276491450212,0.009415696603958888,82.03502681098917,83.19084727609174,86.59093867531229,0.0018537380486049763,0.002781276491450175,0.009415696603958829,1.1643695061459753,1.1643695061459762,69d079f89eb31c6f,69d079f89eb31c6f,False,False,0.7732999947620556,4.64780000038445,5.4210999951465055,1.0728000052040443,11.138799993204884,12.211599998408929
nominal_heatup,70,130.0,130.0,130.0,130.0,0.0,-75350.03095418382,optimal,-75314.22600362886,False,False,max_iterations,max_iterations,0.04907221088618473,0.031637539431391415,False,5,5,0.0,8000,8000,6.395749636567416e-07,9.271088439177788e-07,10.0,0,0,0.00047518163034222403,82.91689697522982,84.05867461721587,87.41223410291703,0.002510059480288654,0.0037555969502026144,0.012533666425099232,82.91689697522979,84.05867461721584,87.412234102917,0.0025100594802886338,0.00375559695020257,0.01253366642509912,1.1645625162363435,1.1645625162363449,6d25d3e9ce6a7154,6d25d3e9ce6a7154,False,False,0.7728000055067241,4.933999996865168,5.706800002371892,0.7658999966224656,390.3338999953121,391.09979999193456
nominal_heatup,71,130.0,130.0,130.0,130.0,0.0,-59511.584281523705,optimal,-59509.67157560668,False,False,max_iterations,max_iterations,0.00359906719307551,0.029015373826515294,False,5,5,0.0,8000,8000,6.277215760519539e-07,9.099264994816281e-07,10.0,0,0,3.214006046666418e-05,83.7962155297241,84.92590665561906,88.23696665853339,0.0033944549666518613,0.0050618905306662266,0.0166292267963619,83.79621552972407,84.92590665561903,88.23696665853336,0.003394454966651837,0.0050618905306661745,0.01662922679636177,1.1650915837151175,1.1650915837151197,9a86cfd521e409a5,9a86cfd521e409a5,False,False,0.7747999916318804,4.909700001007877,5.684499992639758,0.7410999969579279,357.82609999296255,358.5671999899205
nominal_heatup,72,130.0,130.0,129.34487407323866,129.34487407323866,-0.6551259267613432,-39405.549286765745,optimal,-39398.598041431105,False,False,max_iterations,max_iterations,0.011134060888231339,0.025846568942896896,False,5,5,0.0,8000,8000,6.209367739984373e-07,9.043198323510637e-07,10.0,0,0,0.00017640270116334216,84.6770910770563,85.79709227301235,89.07038171308204,0.004583682868340464,0.006809385686102616,0.021991385533526666,84.67709107705628,85.79709227301232,89.070381713082,0.004583682868340428,0.006809385686102542,0.021991385533526475,1.1661410862828379,1.1661410862828399,2532a796fe3ca8ed,2532a796fe3ca8ed,False,False,0.9777999948710203,5.630500003462657,6.608299998333678,1.058500012732111,416.03480000048876,417.09330001322087
nominal_heatup,73,126.0,126.0,125.34487407323866,125.34487407323866,-0.6551259267613432,-13787.632240829153,optimal,-13765.89686802341,True,True,converged(kkt(residual=7.10e-07<=tol=2.22e-02); obj_plateau(range=5.29e-16)),converged,7.095091714038683e-07,0.022165494939014218,False,5,5,0.0,201,8000,5.921753682969211e-07,8.582457668993015e-07,10.0,0,0,-3.558749401751445e-08,85.56484641891113,86.67811322409727,89.9191904596178,0.006180149049943068,0.009143100525628278,0.028991598833990044,85.5648464189111,86.67811322409723,89.91919045961777,0.006180149049943025,0.009143100525628176,0.02899159883398972,1.1679415077127353,1.167941507712736,8b85673b2f5b8436,9520dfddd97e608d,True,True,0.7883999933255836,4.771100007928908,5.5595000012544915,0.7658999966224656,43.63810000359081,44.40400000021327
nominal_heatup,74,122.0,122.0,121.34487407323866,121.34487407323866,-0.6551259267613432,19527.601613097868,optimal,19340.630413895975,True,True,converged(kkt(residual=1.09e-06<=tol=1.86e-02); obj_plateau(range=1.50e-15)),converged,1.0910491560207915e-06,0.018605912851779517,False,5,5,0.0,201,8000,6.819953739523044e-07,9.938225016270508e-07,10.0,0,0,-3.7529640142227615e-08,86.46642630771656,87.57663126830747,90.79203593339747,0.008321147062830138,0.012256619320811159,0.03810825559328096,86.46642630771652,87.57663126830742,90.79203593339743,0.008321147062830056,0.012256619320811018,0.038108255593280585,1.1707911326094782,1.1707911326094775,057cbeb345a45b2d,a2d31f3cb00cc3ab,True,True,0.7717999978922307,4.763899996760301,5.535699994652532,0.7533000025432557,41.01950000040233,41.77280000294559
nominal_heatup,75,118.0,118.0,117.34487407323866,117.34487407323866,-0.6551259267613432,66911.49085732593,optimal,66603.60348712333,False,False,max_iterations,max_iterations,0.14570597173930405,0.026160809937890755,False,5,5,0.0,8000,8000,6.720788263692157e-07,9.79468220307922e-07,10.0,0,0,0.0014026983502197525,87.39097626199029,88.50272408829731,91.70014145855633,0.01119219856107451,0.016410548496615482,0.0499597892382184,87.39097626199025,88.50272408829727,91.70014145855629,0.011192198561074394,0.01641054849661532,0.04995978923821789,1.1750891879995868,1.1750891879995848,75f66df4193d1c6d,015fadd6bfab8816,True,True,0.8024999988265336,4.855799998040311,5.658299996866845,0.7867999956943095,1698.4629000071436,1699.249700002838
nominal_heatup,76,114.0,114.0,113.34487407323867,113.34487407323867,-0.655125926761329,150699.73736174084,optimal,150425.30314247595,False,False,max_iterations,max_iterations,0.5323040804655985,0.04416179459823753,False,5,5,0.0,8000,8000,6.896766393538201e-07,9.995554082209424e-07,10.0,0,0,0.002254893954171414,88.35068932083905,89.46981702470539,92.65823275589248,0.015046914377713098,0.021960005976080575,0.06535030444463608,88.35068932083901,89.46981702470535,92.65823275589243,0.015046914377712908,0.021960005976080346,0.06535030444463538,1.181387929029987,1.1813879290299873,2b26f7f62bd3fbe1,ff2cb22370be005d,True,True,0.7795999990776181,4.480799994780682,5.2603999938583,1.0223999997833744,1710.1898999972036,1711.212299996987
nominal_heatup,77,110.00000000000001,110.00000000000001,109.34487407323869,109.34487407323869,-0.655125926761329,312983.29721065157,optimal,312922.8814843083,False,False,max_iterations,max_iterations,1.409012427057711,0.07380501581525052,False,5,5,0.0,8000,8000,6.36984637480964e-07,9.231883071336711e-07,10.0,0,0,0.0031411804487972207,89.3620887604584,90.49609543290775,93.68587825189827,0.02023763582494402,0.029397025738530307,0.0853336712419667,89.36208876045836,90.49609543290771,93.68333404289362,0.020237635824943798,0.029397025738529984,0.08533367124196575,1.190476719727846,1.1904511144890528,53d93ba84430f66e,bcf6cb36e1c8cc94,True,True,0.8666999929118901,5.006300008972175,5.873000001884066,0.745700002880767,1721.3336999993771,1722.079400002258
nominal_heatup,78,106.00000000000003,106.00000000000003,105.3448740732387,105.3448740732387,-0.655125926761329,661150.3088423824,optimal,661498.8772436092,False,False,max_iterations,max_iterations,2.8682161152183285,0.12134165274733508,False,5,5,0.0,8000,8000,5.970265846144684e-07,8.652767009564855e-07,6.693854950725635,0,0,0.003934369394512783,90.44805069111254,91.60672970793601,94.79394286055808,0.027264684785215862,0.03941863042598115,0.11130516953259115,90.4480506911125,91.60578409490327,94.78673443335555,0.0272646847852156,0.039418630425980775,0.11129528463976442,1.2033535536692284,1.203270043836762,9055a7d4aa5fb190,49ac27b085e4e520,True,True,0.8025999995879829,5.01599999552127,5.818599995109253,0.7643999997526407,1769.1463999944972,1769.9107999942498
nominal_heatup,79,102.00000000000001,102.00000000000001,101.34487407323869,101.3448740732387,-0.6551259267613148,1489608.7653315868,optimal,1489537.390472522,False,False,max_iterations,max_iterations,4.961746638240406,0.1999866872451441,False,5,5,2.7938636674385595,8000,8000,6.256231728229977e-07,9.067220334557646e-07,0.0,0,0,0.00462257228811268,91.6411440825098,92.83176426774756,96.00509291482985,0.0368593592166733,0.0530411990208073,0.1450560716331245,91.64044116540978,92.82877498680413,95.99100186314276,0.036859359216672924,0.0530392497090105,0.14500900664108324,1.22154728965334,1.2213553499116538,bb8e45232e953824,44d98346d7a1e9f4,True,True,0.7742000016150996,5.669799997122027,6.443999998737127,0.7612000044900924,1672.2589999990305,1673.0202000035206
nominal_heatup,80,98.00000000000001,98.00000000000001,97.3448740732387,97.3448740732387,-0.6551259267613148,3733844.880578438,optimal,3725470.0598929264,False,False,max_iterations,max_iterations,8.335926044532995,0.33905543627566115,False,5,5,10.553425320428701,8000,8000,6.741984890368258e-07,9.771227356125678e-07,0.0,0,0,0.005241767015353273,92.98516090743061,94.21692421728005,97.35420969246937,0.05013176533163734,0.0717867219016961,0.18887975998293477,92.9827096201751,94.21035675100354,97.3308557022357,0.05013035380729143,0.07177604704360184,0.18873766456260913,1.2473827208725377,1.247002910797904,63fd95102849e2af,568024192866b6bb,True,True,0.7942999945953488,5.534199997782707,6.328499992378056,1.0298000124748796,1684.8983999952907,1685.9282000077656
nominal_heatup,81,94.00000000000001,94.00000000000001,93.3448740732387,93.3448740732387,-0.6551259267613148,10932370.228277566,optimal,10858902.815082693,False,False,max_iterations,max_iterations,14.691182119024543,0.6097087705643747,False,5,5,23.321105742199634,8000,8000,6.126324478827883e-07,8.878944557366708e-07,84.05461182214313,0,0,0.0057590989963501975,94.547743234672,95.83272151109642,98.89266203433954,0.06884014061886648,0.09803128813303755,0.24567458237823664,94.54198592905544,95.82050073595937,98.85696887085159,0.0688316074180235,0.09799331261792348,0.24533057230575317,1.2844366531935776,1.2837335736167497,f1fb6495f749cb3f,bdbe8d861eb6cccd,True,True,0.8575999963795766,5.229300004430115,6.086900000809692,1.0523000091779977,1695.4765999980737,1696.5289000072517
nominal_heatup,82,90.0,90.0,89.34487407323869,89.3448740732387,-0.6551259267613005,39659914.68713498,optimal,39097794.73519522,False,False,max_iterations,max_iterations,29.53158039598927,1.2079397909772274,False,5,5,45.98652432992468,8000,8000,6.608542975072851e-07,9.630615434019774e-07,305.25737044375774,0,0,0.006382356476338283,96.44002981095657,97.79449948163439,100.69009531948463,0.09593884782488064,0.13568399078352672,0.31899050582830313,96.42861662126718,97.77342265851779,100.6377292614921,0.09590569733263021,0.13557272971446335,0.3182623113927936,1.3380406536726697,1.3367797024735144,ecfa265c30624b25,360b8fa352672dfa,True,True,0.7879000040702522,4.498700000112876,5.2866000041831285,0.7442000060109422,1612.4833999929251,1613.227599998936
nominal_heatup,83,86.0,86.0,85.34487407323869,85.3448740732387,-0.6551259267613005,190593637.2537301,optimal,185683678.05785945,False,False,max_iterations,max_iterations,68.3649000072054,2.760973965830293,False,5,5,90.22914086211146,8000,8000,6.190204828726564e-07,8.982520798284099e-07,875.2111873675799,0,0,0.006968363002307494,98.85990120910847,100.30195133157588,102.83181825515443,0.13680022648500176,0.1916294556898257,0.41276680522062237,98.8387502338587,100.26641640386923,102.75665345633344,0.13669321003817397,0.19133253096196978,0.41136905167987714,1.4150098144544943,1.4128122685208966,6d797b388a9f2d77,e9d7104d1388dfd1,True,True,0.8077999955276027,4.950500006088987,5.75830000161659,0.7946999976411462,1782.1840999968117,1782.9787999944529
nominal_heatup,84,81.99616193501582,81.99616193501582,81.34487407323863,81.3448740732387,-0.6512878617771207,1230082590.7087083,optimal,1180602335.3329504,False,False,max_iterations,max_iterations,193.27962567476993,7.477672182366874,False,5,5,185.78778138463346,8000,8000,6.802407455097637e-07,9.860567340425064e-07,2527.225847394253,0,0,0.007925842051875376,102.1972794171331,103.73004863276122,105.39573807146766,0.20231101118225653,0.2790697909824402,0.5299903780445322,102.15796229801005,103.66884258213292,105.29044759122219,0.20198786821723785,0.27830186068783846,0.5275450761946259,1.5166375629343285,1.5131546819029131,6497ca9b80f953f0,30bb3373643eb347,True,True,0.7676999957766384,5.955100001301616,6.722799997078255,0.9780999971553683,1880.9540999936871,1881.9321999908425
nominal_heatup,85,77.96187281136501,77.96187281136501,77.34487407323853,77.3448740732387,-0.6169987381263127,6433944061.178505,optimal,6194714825.2633295,False,False,max_iterations,max_iterations,565.7149787340296,19.0401483437233,False,5,5,391.2975954051475,8000,8000,6.485365773301055e-07,9.415917192612255e-07,6032.168924178716,0,0,0.010198987603812557,107.34166377192071,108.85747411406278,108.37271637299347,0.31812583710014675,0.42591354209319443,0.6682489341334628,107.26267714860923,108.74478556473608,108.23424790791515,0.3171260688066375,0.42389542016141274,0.6644878270725046,1.5791502002271889,1.5765485430089803,82fea48f7d07c83d,27f0f1474bc9da23,True,True,0.8076999947661534,7.571499998448417,8.37919999321457,0.81490000593476,1857.3280999989947,1858.1430000049295
nominal_heatup,86,73.96187281136501,73.96187281136501,73.34487407323863,73.3448740732387,-0.6169987381263127,57865102.824255005,optimal,68892037.86128299,False,False,max_iterations,max_iterations,20.395527627734882,1.9750416775151198,False,5,5,386.8590445976319,8000,8000,6.285616578338704e-07,9.109807992402352e-07,386.32999345934627,0,0,0.0033331093921237977,116.78670944844671,117.38928447616905,111.53267945874894,0.5586696056105463,0.6941340207481568,0.8096260453942002,116.59599708019432,117.16100402397743,111.37761019674375,0.5551634537391642,0.6886881247063517,0.8050924693456175,1.2819000257067925,1.272557697409216,d90ede0f9a8389f6,5fb239611244b2d4,True,True,0.7908000116003677,4.769099992699921,5.559900004300289,1.0617999942041934,1531.5537999995286,1532.6155999937328
nominal_heatup,87,77.96187281136501,77.96187281136501,77.34487446177751,77.3448740732387,-0.6169987381263127,4947043.53806299,optimal,3902695.6211582646,False,False,max_iterations,max_iterations,22.61574809241361,0.5861342984760337,False,5,5,13.231559105350257,8000,8000,6.624118213949259e-07,9.626732717649134e-07,85.25544459813807,0,0,0.019393265461025707,138.41680063965288,129.94923717800268,114.75655190636891,1.0,1.0,0.9158708069046665,137.84348569674734,129.63947780893176,114.61192659139708,1.0,1.0,0.912478801752195,1.721716640187799,1.6429483424633733,6df497385cabccb0,dbb6d4e27bb56d18,True,True,0.9857999975793064,4.982300000847317,5.968099998426624,1.1735000007320195,769.4541999953799,770.6276999961119
nominal_heatup,88,81.96187281136501,81.96187281136501,81.3448740732387,81.3448740732387,-0.6169987381263127,-61021.2738409707,optimal,-61087.03084961264,False,False,max_iterations,max_iterations,0.0015524979750452309,0.030803874531863736,False,5,5,2.9919785500008373,8000,8000,5.024660936214786e-07,7.350092916524886e-07,10.0,0,0,1.2589884772780082e-05,132.12247627399802,127.44969299021533,118.90327453677568,1.0,1.0,0.9683283808196973,131.74507415508305,127.10335302906607,118.75309560508221,1.0,1.0,0.9669157565155729,0.9820424087355757,0.9820261392914502,18cba9db627fafc6,eaa5635b63b23b51,True,True,1.215500000398606,6.794400003855117,8.009900004253723,1.2091999960830435,251.81200000224635,253.0211999983294
nominal_heatup,89,85.96187281136501,85.96187281136501,85.34487446553963,85.3448740732387,-0.6169987381263127,-69079.13393703187,optimal,-69281.98537527914,False,False,max_iterations,max_iterations,0.000970069227817367,0.03251263764825531,False,5,5,0.0,8000,8000,6.146267708118103e-07,8.907848298989052e-07,10.0,0,0,7.2841102151914665e-06,128.64898430529345,126.0099685439531,118.53653228134452,1.0,1.0,0.9904431184999237,128.2946720985309,125.7249913263798,118.33404168564938,1.0,1.0,0.9900243827729532,0.9822813130549686,0.9822765101543333,c73e9cd8835f2142,ce3ddd02f49f3fb4,True,True,0.7547999994130805,5.206800007726997,5.961600007140078,1.2601000053109601,263.04249999520835,264.3026000005193
nominal_heatup,90,89.96187281136501,89.96187281136501,89.3448740732387,89.3448740732387,-0.6169987381263127,-75278.47604423964,optimal,-75493.78448348142,False,False,max_iterations,max_iterations,0.0006571523871791138,0.0336221002563907,False,5,5,0.0,8000,8000,6.8380688844627e-07,9.961799571911456e-07,10.0,0,0,4.741382973602466e-06,126.68728407320394,124.21314641839304,117.94702881682919,1.0,1.0,0.9940813834120809,126.38451171185534,123.93305730366401,117.72071929943469,1.0,1.0,0.9937978375127752,0.9823198719101719,0.9823165777908327,6991c008cbff2cf0,37ca90eab1a1b039,True,True,0.8882999973138794,4.991399997379631,5.87969999469351,0.7441999914590269,243.96920000435784,244.71339999581687
nominal_heatup,91,93.96187281136503,93.96187281136503,93.34487407323869,93.34487407323869,-0.6169987381263411,-79889.39268553512,optimal,-80079.28926621402,False,False,max_iterations,max_iterations,0.0006960747294498769,0.03424611263050439,False,5,5,0.0,8000,8000,5.561421119182341e-07,8.067493268981707e-07,10.0,0,0,4.956781753707424e-06,124.84814522349929,122.8037709893797,117.2569060324376,1.0,1.0,0.9957445219942607,124.56223434922858,122.53523953931268,117.0151851777952,1.0,1.0,0.9955273144873312,0.9823373750041194,0.9823348037835241,dced545ab0128cfd,74bd30ed54ed3779,True,True,0.8034000056795776,5.633399996440858,6.436800002120435,0.8779999916441739,231.63290000229608,232.51089999394026
nominal_heatup,92,97.96187281136504,97.96187281136504,97.34487446758156,97.34487407323869,-0.6169987381263553,-82449.2427588651,optimal,-82629.36198707309,False,False,max_iterations,max_iterations,0.0004759878761898595,0.0343583129470311,False,5,5,0.0,8000,8000,6.451225971204622e-07,9.358256187752545e-07,10.0,0,0,3.4279179176998893e-06,123.32846903652825,121.50199080214001,116.57638037932075,1.0,1.0,0.996678456049728,123.05547707732936,121.23696466095443,116.32695973748936,1.0,1.0,0.9965007367405562,0.9823471225700661,0.9823449728008609,95aa12fc121dd8a7,0fd04369a4c39b58,True,True,0.793700004578568,4.524699994362891,5.318399998941459,0.7444000075338408,262.41559999471065,263.1600000022445
nominal_heatup,93,101.96187281136504,101.96187281136504,101.34487407323867,101.34487407323867,-0.6169987381263695,-81468.05593239452,optimal,-82759.93629258628,False,False,max_iterations,max_iterations,0.0010349277844143537,0.03393889791436618,False,5,5,0.0,8000,8000,6.442402451511953e-07,9.420846467378396e-07,10.0,0,0,7.76769757662648e-06,121.97076483907927,120.35012797085601,115.87695496910787,1.0,1.0,0.997270820262908,121.703694234074,120.0879412906693,115.62042607732614,1.0,1.0,0.9971195948281077,0.9823496551318885,0.9823497724255088,c021747095508f51,d76f8c8968e6aeaf,True,True,1.0265000018989667,6.001399990054779,7.0278999919537455,1.0558999929344282,276.6884000011487,277.7442999940831
nominal_heatup,94,105.96187281136504,105.96187281136504,105.34487407323867,105.34487407323867,-0.6169987381263695,-76753.57693523934,optimal,-78453.99848684168,False,False,max_iterations,max_iterations,0.002449925279990676,0.03262398982475941,False,5,5,0.0,8000,8000,6.437301038886289e-07,9.352956400476842e-07,10.0,0,0,2.0100464683722484e-05,120.76607187471755,119.2899181613592,115.21027951773226,1.0,1.0,0.9976749027344713,120.50263171277005,119.02801910514188,114.94807158751888,1.0,1.0,0.997542432601517,0.9823477394800706,0.9823479617760889,6051c9a606ffe8ad,4058a37191390aa8,True,True,1.5896999975666404,7.56359999650158,9.15329999406822,1.1699000024236739,262.38699999521486,263.55689999763854
nominal_heatup,95,109.96187281136504,109.96187281136504,109.34487448027232,109.34487407323867,-0.6169987381263695,-71691.1427250072,optimal,-73584.26717453459,True,True,converged(kkt(residual=1.62e-04<=tol=3.14e-02); obj_plateau(range=1.76e-08)),converged,0.00016190968512918132,0.0313551888896369,False,5,5,0.0,751,8000,6.458741381720756e-07,9.384105119636388e-07,10.0,0,0,1.47560552924974e-07,119.66877979919614,118.32227388526829,114.58298506382359,1.0,1.0,0.9979668200600963,119.40648521110722,118.05968724208928,114.31525737459458,1.0,1.0,0.9978483020663688,0.9823452023394494,0.9823455836024626,f038c31e8b56e856,401f719573a3d7cb,True,True,0.8110000053420663,6.661899999016896,7.472900004358962,0.8374999888474122,24.892200002796017,25.72969999164343
nominal_heatup,96,113.96187281136505,113.96187281136505,113.34487407323867,113.34487407323867,-0.6169987381263837,-67336.50678888691,optimal,-69260.87039497132,True,True,converged(kkt(residual=3.10e-03<=tol=3.03e-02); obj_plateau(range=2.11e-08)),converged,0.0031037594899509593,0.030323956222152,False,5,5,0.0,451,8000,6.539786170378648e-07,9.563198100082104e-07,10.0,0,0,1.7820669016390282e-07,118.66786081926531,117.43294179908332,114.01126499237178,1.0,1.0,0.9981870614776296,118.40534913336803,117.16855291833704,113.73831100533054,1.0,1.0,0.9980792991159193,0.982341819325331,0.9823424446417605,da6c6aa3d9ba6d47,d71236203a5a13a0,True,True,0.785099997301586,4.6098000020720065,5.394899999373592,1.0757000127341598,15.687099992646836,16.762800005380996
nominal_heatup,97,117.96187281136505,117.96187281136505,117.34487407323867,117.34487407323867,-0.6169987381263837,-63817.312434548316,optimal,-65738.53779994913,False,False,max_iterations,max_iterations,0.017943162378610097,0.02954457225789803,False,5,5,0.0,8000,8000,6.541433492657234e-07,8.221010014963781e-07,10.0,0,0,0.00018594649640138165,117.74988944372781,116.62018362609314,113.5003144394177,1.0,1.0,0.9983593085031238,117.4859823536708,116.35330903123558,113.22217566692133,1.0,1.0,0.9982601021405652,0.9823372335122487,0.9823382442716959,903aa5d2d8f803b6,67e500cc729b2270,True,True,0.7538000063505024,4.548800003249198,5.302600009599701,0.7476999890059233,363.47500000556465,364.2226999945706
nominal_heatup,98,121.96187281136504,121.96187281136504,121.34487407323867,121.34487407323867,-0.6169987381263695,-60990.20520893986,optimal,-62895.72928749483,False,False,max_iterations,max_iterations,0.02322245639066037,0.028975477229888535,False,5,5,0.0,8000,8000,6.61643738908424e-07,9.589270009158213e-07,10.0,0,0,0.00025875517980153873,116.9101278185372,115.88049423125595,113.05536633169353,1.0,1.0,0.998498096043839,116.6440148474312,115.61053598959514,112.77209848487524,1.0,1.0,0.9984058763539737,0.9823308532092176,0.9823325001586312,26e13bca4c5be365,04ea949c19c6c93b,True,True,1.0810999956447631,5.114900006446987,6.1960000020917505,0.748499995097518,318.1518000055803,318.9003000006778
nominal_heatup,99,125.96187281136505,125.96187281136505,125.34487407323867,125.34487407323867,-0.6169987381263837,-58694.264477918296,optimal,-60588.70207084388,False,False,max_iterations,max_iterations,0.015095528513635145,0.028565801423186724,False,5,5,0.0,8000,8000,5.239300122639179e-07,7.593371096348278e-07,10.0,0,0,0.0001781226281856495,116.14475442565117,115.21315801054911,112.67857166808422,1.0,1.0,0.998612824333072,115.87578309035867,114.93968213408318,112.39018198326575,1.0,1.0,0.9985264435014777,0.9823216090586036,0.9823243758022677,132c88f52f23b3c1,9a5975f0ed4309c6,True,True,0.7691000064369291,4.913600001600571,5.6827000080375,0.7993000035639852,373.7321999942651,374.5314999978291
nominal_heatup,100,129.96187281136505,129.96187281136505,129.34487407323866,129.34487407323866,-0.6169987381263979,-56760.19737909149,optimal,-58610.67509639357,False,False,max_iterations,max_iterations,0.01696929823839273,0.028271210534021547,False,5,5,0.0,8000,8000,5.70032980817814e-07,8.261545874077569e-07,10.0,0,0,0.00019992219852930598,115.45225651393302,114.61737041454255,112.37140034657892,1.0,1.0,0.9987097965198172,115.17993674867098,114.34002569762855,112.07790105939745,1.0,1.0,0.9986283960049385,0.9823073523342344,0.982312285851724,f5e1701c8b93fd9a,d3d3e0ff7a23138b,True,True,0.8500000112690032,5.049299987149425,5.899299998418428,0.777699999161996,313.265799995861,314.043499995023
nominal_heatup,101,130.00000000000003,130.00000000000003,130.0,130.0,-2.842170943040401e-14,-54692.15913123271,optimal,-56551.220189887725,False,False,max_iterations,max_iterations,0.005556251043446563,0.028056681133616035,False,5,5,0.0,8000,8000,5.327804615262721e-07,7.721641681612823e-07,10.0,0,0,5.911640108422538e-05,114.83164777072841,114.09290902458066,112.13431472192481,1.0,1.0,0.9987933870063774,114.55559273076044,113.81142773225454,111.83571431100562,1.0,1.0,0.9987163135074059,0.9822829975545643,0.9822927967581313,c8283e00cbc7296e,dd4429d81f9c2138,False,False,0.7716999971307814,4.434599992237054,5.206299989367835,0.8342999935848638,338.79589999560267,339.63019998918753
nominal_heatup,102,130.0,130.0,130.0,130.0,0.0,-52046.184385787914,optimal,-53955.460458908514,True,True,converged(kkt(residual=9.46e-04<=tol=2.77e-02); obj_plateau(range=2.75e-08)),converged,0.0009455277055775915,0.027663481717092847,False,5,5,0.0,551,8000,6.742247080637753e-07,9.796013005214377e-07,10.0,0,0,2.38702049387084e-07,114.2825097204746,113.63952201504226,111.96736060807628,1.0,1.0,0.9988667169460771,114.0024211007659,113.35369480353997,111.66367469568462,1.0,1.0,0.9987934662802218,0.9822326212013578,0.9822567300601258,2a563f5aa2624f71,a30ab9ed68809406,False,False,0.7669000042369589,4.788399994140491,5.55529999837745,0.7554000039817765,22.37799999420531,23.133399998187087
nominal_heatup,103,130.00000000000003,130.00000000000003,129.96677058486492,129.96677058486492,-0.033229415135110685,-49732.58592630399,optimal,-51552.53146010236,True,True,converged(kkt(residual=5.01e-03<=tol=2.73e-02); obj_plateau(range=5.05e-13)),converged,0.005011403700374242,0.027279392461645475,False,5,5,0.0,201,8000,6.502892517801229e-07,9.424708595773268e-07,10.0,0,0,6.987711603958938e-05,113.80454776607661,113.25700624557722,111.87020581402389,1.0,1.0,0.9989320703341705,113.520193390544,112.96667432039067,111.56145580012156,1.0,1.0,0.9988622493127091,0.9820554117612609,0.9821668254039552,00c1465dc1383f23,acd474919187d708,False,False,0.7563999970443547,4.644200002076104,5.400599999120459,0.7382000039797276,12.835999994422309,13.574199998402037
nominal_heatup,104,130.00000000000003,130.00000000000003,129.85246441881014,129.85246441881014,-0.14753558118988508,-47672.56757872353,optimal,-49407.05355422839,True,True,converged(kkt(residual=1.89e-02<=tol=2.69e-02); obj_plateau(range=7.22e-15)),converged,0.018902191401220354,0.02693816813480038,False,5,5,0.0,251,8000,5.395218636294885e-07,7.889459459065051e-07,10.0,0,0,0.00027387399804574804,113.39753529439028,112.94507661925292,111.84231147566645,1.0,1.0,0.998991155569544,113.10873753480699,112.65012088531114,111.52852623508642,1.0,1.0,0.9989244553473949,0.9823099952781321,0.9818169412651069,995b3d2bdbc3c608,8241565a20524945,False,False,0.7603999983984977,4.5889000030001625,5.34930000139866,0.7654999935766682,15.624800013029017,16.390300006605685
nominal_heatup,105,130.0,130.0,129.74976330085337,129.74976330085337,-0.25023669914662605,-45812.29720022848,optimal,-47457.04356019696,False,False,max_iterations,max_iterations,0.026881862773581507,0.026627021300411755,False,5,5,0.0,8000,8000,6.416614439785917e-07,9.299665011397451e-07,10.0,0,0,0.0004035077856192115,113.0612022186162,112.70337545763537,111.88298089452914,1.0,1.0,0.9990452761506116,112.76782695710769,112.40371006106515,111.56419597198412,1.0,1.0,0.9989814532684943,0.9839852925210408,0.9830910930599921,eb50d83af9e7bc6e,8effb295433b0c68,False,False,1.1863999970955774,5.074900007457472,6.26130000455305,0.7910000131232664,496.5898999944329,497.3809000075562
nominal_heatup,106,130.0,130.0,129.65611505945438,129.65611505945438,-0.343884940545621,-44104.905806519484,optimal,-45678.148521926305,False,False,max_iterations,max_iterations,0.030429251444603286,0.02634468532744472,False,5,5,0.0,8000,8000,6.769461435851554e-07,9.861663947674515e-07,10.0,0,0,0.00047167730346088743,112.79521334111612,112.53145163321577,111.97603264861424,1.0,1.0,0.9990954443999447,112.49716233663132,112.22701790227246,111.65468604059531,1.0,1.0,0.9990343070344178,0.9854400080783304,0.9846200448324182,9a1d75545aafed31,1b158386f82afd04,False,False,0.7719999994151294,4.759799994644709,5.531799994059838,0.7618999952683225,526.6732000018237,527.435099997092
nominal_heatup,107,130.0,130.0,129.56957306232422,129.56957306232422,-0.4304269376757759,-42516.16040015559,optimal,-44033.034937737655,False,False,max_iterations,max_iterations,0.030525758552111034,0.026084865454480185,False,5,5,0.0,8000,8000,5.813280665734055e-07,8.500791892629422e-07,10.0,0,0,0.00048690692505668,112.59914728831556,112.42305058541288,112.1096957715733,1.0,1.0,0.999142360993353,112.2963517134654,112.11470308494758,111.78750986785988,1.0,1.0,0.9990837694815292,0.9866440945797729,0.9858839557548325,40c345ebfca8d6bf,c60645e065048357,False,False,0.9902999881887808,4.998800010071136,5.989099998259917,0.7811000104993582,476.9380999932764,477.71920000377577
nominal_heatup,108,130.0,130.0,129.4886426011819,129.4886426011819,-0.5113573988180917,-41019.92114061417,optimal,-42493.23279399688,False,False,max_iterations,max_iterations,0.02783430768443581,0.025842817976982294,False,5,5,0.0,8000,8000,5.91455943776964e-07,8.648891638429745e-07,10.0,0,0,0.0004546166545964224,112.46824661389938,112.37203549258443,112.27370768119503,1.0,1.0,0.9991865255239221,112.16132404067076,112.06060813459536,111.95204522822708,1.0,1.0,0.9991303736200425,0.9876566035991914,0.9869452510014136,0799f6c7a86a1c67,bf4e64fb370ccbb2,False,False,1.014299996313639,4.914900011499412,5.929200007813051,1.0318999993614852,529.6005999989575,530.632499998319
nominal_heatup,109,130.0,130.0,129.41219920087116,129.41219920087116,-0.5878007991288428,-39596.99724960637,optimal,-41037.45845842275,True,True,converged(kkt(residual=2.28e-02<=tol=2.56e-02); obj_plateau(range=1.85e-13)),converged,0.022809071482916592,0.025615031338797504,False,5,5,0.0,251,8000,5.955335353746705e-07,8.708518866029635e-07,10.0,0,0,0.0003779845254097278,112.39672851924531,112.37124877666724,112.46078104086502,1.0,1.0,0.9992282943641893,112.08645733497785,112.05769161880163,112.1401374717589,1.0,1.0,0.9991744978123754,0.9885211459734551,0.9878504945022802,a9e2bddf4e25bb9c,c92f7c49210aecc8,False,False,0.8180999866453931,6.17390000843443,6.991999995079823,0.7876999879954383,14.635100000305101,15.42279998830054
nominal_heatup,110,130.0,130.0,129.37737682742207,129.37737682742207,-0.6226231725779314,-38233.08296126801,optimal,-39650.47557216888,False,False,max_iterations,max_iterations,0.014702059239701304,0.0253989089122775,False,5,5,0.0,8000,8000,6.290488840932085e-07,9.11686965032743e-07,10.0,0,0,0.00024230991112602024,112.37778826975487,112.41399559987505,112.66527778468792,1.0,1.0,0.9992679294295672,112.06507447212202,112.09902592308586,112.34564351350988,1.0,1.0,0.9992164150719297,0.9892705404136594,0.9886346463149648,04d69a61c00d1945,940d8ad7adeec8f0,False,False,0.7802999898558483,5.093900006613694,5.874199996469542,0.8196000126190484,429.48199999227654,430.3016000048956
nominal_heatup,111,128.3399171400642,128.3399171400642,129.4167513330084,129.4167513330084,1.0768341929442045,-36924.10668590941,optimal,-38327.96093203736,False,False,max_iterations,max_iterations,0.005028335676309726,0.02519508295647767,False,5,5,0.0,8000,8000,6.422732923283547e-07,9.35262935541914e-07,10.0,0,0,7.301094245970505e-05,112.40470282211966,112.4939330520396,112.88300255563074,1.0,1.0,0.9993056266753647,112.0903121270884,112.17806812155396,112.56397131895747,1.0,1.0,0.9992563264109638,0.9899294992129899,0.9893240567416677,6a2a99632309272b,0b1e26cdd49ed297,False,False,0.7556000055046752,5.254099989542738,6.009699995047413,1.0064000089187175,439.2877999925986,440.2942000015173
nominal_heatup,112,125.5891382896879,125.5891382896879,128.5339563696423,128.5339563696423,2.944818079954416,-35316.58293381004,optimal,-37066.94251700145,True,True,converged(kkt(residual=5.50e-04<=tol=2.50e-02); obj_plateau(range=2.35e-08)),converged,0.0005504716061742939,0.025004114891310786,False,5,5,0.0,651,8000,6.371788572323567e-07,9.234698099547245e-07,10.0,0,0,1.9437260425112704e-07,112.47103170325315,112.60537512475605,113.11069154188215,1.0,1.0,0.9993415364262338,112.15554514207535,112.28888129777067,112.79162770445073,1.0,1.0,0.9992943833957278,0.9905168094820357,0.9899387023779809,985a92a17400b288,a0e087ac055e9b2f,False,False,1.0339000000385568,6.757800001651049,7.791700001689605,0.818000000435859,38.962399994488806,39.780399994924664
nominal_heatup,113,122.61163380968154,122.61163380968154,126.12742739666305,126.12742739666305,3.5157935869815162,-33608.872888350306,optimal,-35656.490868330126,True,True,converged(kkt(residual=1.31e-03<=tol=2.48e-02); obj_plateau(range=1.91e-08)),converged,0.0013129163406345133,0.02475815771000188,False,5,5,0.0,551,8000,6.192308177332961e-07,8.974575225195736e-07,10.0,0,0,1.5651255734492206e-07,112.57089526792095,112.74325566004383,113.34580295446715,1.0,1.0,0.9993757765053803,112.25465996033645,112.42618100353768,113.02592052496703,1.0,1.0,0.9993307031604732,0.9910468036062243,0.9904937871426257,4611fc238ec25fcf,b1a5d0777de8c81a,False,False,1.6915999876800925,6.865000003017485,8.556599990697578,1.0384000051999465,44.42409999319352,45.46249999839347
nominal_heatup,114,119.79593312516076,119.79593312516076,123.27612211361725,123.27612211361725,3.48018898845649,-32029.071986356197,optimal,-34012.17693659733,True,True,converged(kkt(residual=2.17e-03<=tol=2.44e-02); obj_plateau(range=1.73e-08)),converged,0.0021681848093750697,0.024422954919503703,False,5,5,0.0,501,8000,5.975043535499935e-07,8.659691390633384e-07,10.0,0,0,1.4058437262915512e-07,112.6990185728984,112.90314438796412,113.58630976503775,1.0,1.0,0.9994084415377091,112.38215933915228,112.58533812196627,113.26473823434658,1.0,1.0,0.9993653787016741,0.9915304694391084,0.991000921010571,d49def55b38bbaa7,53e2eba0b9067843,False,False,1.5470000071218237,6.3959999970393255,7.943000004161149,0.8151999936671928,28.53989999857731,29.355099992244504
nominal_heatup,115,117.30498463883556,117.30498463883556,120.47045726723026,120.47045726723026,3.1654726283946957,-30660.84837004837,optimal,-32430.73520962433,True,True,converged(kkt(residual=2.36e-03<=tol=2.41e-02); obj_plateau(range=1.99e-08)),converged,0.002363666018916162,0.024079867876547093,False,5,5,0.0,501,8000,5.760130363796634e-07,8.348215887465926e-07,10.0,0,0,1.638375230958732e-07,112.85075455896408,113.08119031586978,113.83058249730013,1.0,1.0,0.9994396094129487,112.53319135314807,112.76233658980827,113.50655069835828,1.0,1.0,0.9993984860156444,0.9919762497401681,0.9914689282345069,fc42182a43c8e3f9,45766128509de2a1,False,False,1.446199996280484,5.784300010418519,7.230500006699003,0.7509999995818362,30.201599991414696,30.952599990996532
nominal_heatup,116,115.19086071979217,115.19086071979217,117.93694031554188,117.93694031554188,2.7460795957497055,-29521.427153741955,optimal,-31029.47488652286,True,True,converged(kkt(residual=2.17e-03<=tol=2.38e-02); obj_plateau(range=1.81e-08)),converged,0.00216776034382972,0.0237642269567991,False,5,5,0.0,551,8000,6.696834446984212e-07,9.755859853299853e-07,10.0,0,0,1.461994199013502e-07,113.02204791932432,113.27407225188317,114.07084793313962,1.0,1.0,0.9994693459722735,112.70352541121758,112.95377362863353,113.750389099833,1.0,1.0,0.999430089789442,0.9923928455484579,0.9919044698859552,7792981ef92936c0,630a6157b1176ed9,False,False,0.7986000127857551,5.118799992487766,5.917400005273521,0.7601000106660649,31.54109999013599,32.301200000802055
nominal_heatup,117,113.45148562318062,113.45148562318062,115.7549763353319,115.7549763353319,2.3034907121512873,-28598.968637209822,optimal,-29845.723415492448,True,True,converged(kkt(residual=1.96e-03<=tol=2.35e-02); obj_plateau(range=1.65e-08)),converged,0.001964868603377858,0.02349034525175984,False,5,5,0.0,601,8000,6.492858659612466e-07,9.458710508170043e-07,10.0,0,0,1.3287133804527185e-07,113.2093890481328,113.47654145703646,114.29727764807936,1.0,1.0,0.9994976838650963,112.88954627300112,113.15684342159469,113.9918518606154,1.0,1.0,0.9994602478064365,0.9927879982207184,0.9923138947565229,9ba47f453cbedb4f,e0089a71fb77bf25,False,False,0.7717999978922307,5.307400002493523,6.079200000385754,0.7702000002609566,33.04979999666102,33.81999999692198
nominal_heatup,118,112.05959171116217,112.05959171116217,113.92588238484724,113.92588238484724,1.8662906736850715,-27870.419299951,optimal,-28876.105149313174,True,True,converged(kkt(residual=2.30e-03<=tol=2.33e-02); obj_plateau(range=2.55e-08)),converged,0.0023043852296409386,0.023261125981052382,False,5,5,0.0,601,8000,6.323543431108192e-07,9.212054230545164e-07,10.0,0,0,2.103856344791816e-07,113.40797556293384,113.68229343658356,114.50126186992688,1.0,1.0,0.9995246235200765,113.08824037938514,113.3678462103058,114.22183889809288,1.0,1.0,0.9994889989274177,0.9931676929970371,0.9927038317537261,a957864fea99d2ed,0c91463ce3ec8cd4,False,False,0.757400004658848,4.450899999937974,5.208300004596822,0.7394999993266538,35.37080000387505,36.1103000032017
nominal_heatup,119,110.9778398502162,110.9778398502162,112.45519931885585,112.45519931885585,1.4773594686396478,-27309.947564677448,optimal,-28099.552418354404,True,True,converged(kkt(residual=1.91e-03<=tol=2.31e-02); obj_plateau(range=1.97e-08)),converged,0.0019053264304712844,0.023073871568996363,False,5,5,0.0,651,8000,6.28899513799297e-07,9.137467866793259e-07,10.0,0,0,1.604372231947032e-07,113.6118884930073,113.8847251812155,114.6769097850018,1.0,1.0,0.999550146984092,113.29608408818211,113.58133012482621,114.43174470708736,1.0,1.0,0.9995163505537511,0.9935358148817482,0.9930796181531877,2cea19263b8daf12,7a44d9f58dcad40c,False,False,0.7834999996703118,5.119499997817911,5.902999997488223,0.7845999934943393,35.67009999824222,36.45469999173656
nominal_heatup,120,110.16653891205107,110.16653891205107,111.29068565715113,111.29068565715113,1.124146745100063,-26892.687765008584,optimal,-27497.324391217273,True,True,converged(kkt(residual=2.06e-03<=tol=2.29e-02); obj_plateau(range=2.58e-08)),converged,0.002062271170972577,0.022926158300448585,False,5,5,0.0,651,8000,5.791348485217895e-07,8.468716581333524e-07,10.0,0,0,2.1444285452415117e-07,113.81470039069325,114.07775262376614,114.82112843011562,1.0,1.0,0.9995742341860792,113.50812041797013,113.79138784470575,114.61502598605294,1.0,1.0,0.9995422894497067,0.9938943277154008,0.9934449338706085,eaf674369b2e9b38,4bf82095c3c8f33b,False,False,0.7540999940829352,5.295399998431094,6.049499992514029,0.8631000091554597,38.231899990933016,39.095000000088476
nominal_heatup,121,109.58738629887766,109.58738629887766,110.41540913282101,110.41540913282101,0.8280228339433506,-26596.183935001423,optimal,-27041.146248921472,True,True,converged(kkt(residual=1.60e-03<=tol=2.28e-02); obj_plateau(range=1.75e-08)),converged,0.0016025860867735998,0.022812022869808234,False,5,5,0.0,701,8000,5.706540804339966e-07,8.34470150756772e-07,10.0,0,0,1.4221865287027285e-07,114.01023905864295,114.25627578360816,114.93317929685553,1.0,1.0,0.9995968752592551,113.71868595718026,113.99222888775611,114.76791942561307,1.0,1.0,0.9995667962259628,0.9942436761564231,0.993801676241736,dbb65685b8b646d5,9d86d51bc2d489e1,False,False,0.7677999965380877,4.6507000079145655,5.418500004452653,0.7344999903580174,38.7953000026755,39.52979999303352
nominal_heatup,122,109.20505283616461,109.20505283616461,109.77186254375684,109.77186254375684,0.5668097075922276,-26400.726156393877,optimal,-26712.837549271328,True,True,converged(kkt(residual=1.66e-03<=tol=2.27e-02); obj_plateau(range=2.06e-08)),converged,0.001659655228657539,0.022728125317794515,False,5,5,0.0,701,8000,5.645603238235708e-07,8.255592067740736e-07,10.0,0,0,1.6954514833263996e-07,114.19312932687752,114.41641720658767,115.01405879031932,1.0,1.0,0.99961807752682,113.92202283688292,114.17886344526369,114.889061116934,1.0,1.0,0.9995898586748365,0.9945832722411617,0.9941502837363534,ee25a80f116d2efb,9f03df099dab0bb4,False,False,0.7696999964537099,4.452900000615045,5.222599997068755,0.7754999969620258,37.41730000183452,38.192799998796545
nominal_heatup,123,108.9876583776396,108.9876583776396,109.32997747090998,109.32997747090998,0.34231909327037613,-26289.20043108811,optimal,-26488.26641365117,True,True,converged(kkt(residual=1.70e-03<=tol=2.27e-02); obj_plateau(range=2.35e-08)),converged,0.001697804641398961,0.02266880961917084,False,5,5,0.0,701,8000,5.603225474715146e-07,8.193622687002744e-07,10.0,0,0,1.9499716403483563e-07,114.35910934559014,114.5555542588972,115.065929553067,1.0,1.0,0.9996378676655945,114.11294412217856,114.3473638895018,114.97892010351363,1.0,1.0,0.9996114798931071,0.9949119460866566,0.9944901549023584,23684d8eec1b7e67,839a22b755fe3ed6,False,False,0.7680999988224357,5.324099998688325,6.092199997510761,0.7647000020369887,42.37019999709446,43.13489999913145
nominal_heatup,124,108.90672303542543,108.90672303542543,109.06002969053594,109.06002969053594,0.15330665511051222,-26246.764778715897,optimal,-26351.2292831135,True,True,converged(kkt(residual=1.72e-03<=tol=2.26e-02); obj_plateau(range=2.62e-08)),converged,0.0017212669692690788,0.022630514006071776,False,5,5,0.0,701,8000,5.576727630796086e-07,8.154874731047812e-07,10.0,0,0,2.17745165040512e-07,114.50513576865005,114.67223361148386,115.09165620910167,1.0,1.0,0.9996562904831325,114.28719897836434,114.49496866531499,115.0393215089338,1.0,1.0,0.9996316815386154,0.9952283122125072,0.9948200557682971,113c1f0cacdb2990,fe6727950a08d1c4,False,False,1.044499993440695,7.68580001022201,8.730300003662705,1.1682000040309504,40.72069999529049,41.88889999932144
nominal_heatup,125,108.93691726905261,108.93691726905261,108.93418581068453,108.93418581068453,-0.002731458368089079,-26260.50484132513,optimal,-26287.083739753223,True,True,converged(kkt(residual=1.73e-03<=tol=2.26e-02); obj_plateau(range=2.84e-08)),converged,0.0017339285303686433,0.022609910754175642,False,5,5,0.0,701,8000,5.56358727976658e-07,8.135659195218636e-07,10.0,0,0,2.373495932854741e-07,114.62934718181049,114.76601583462798,115.09445967165736,1.0,1.0,0.9996734057400343,114.4416436198413,114.62006743627079,115.0728724452977,1.0,1.0,0.9996505036546279,0.9955310328493882,0.9951385068876246,4272c93e12d06f9e,1c333b04dadd615c,False,False,1.2830000050598755,5.795300006866455,7.078300011926331,0.8023999980650842,38.568199990550056,39.37059998861514
nominal_heatup,126,109.05577320971508,109.05577320971508,108.94122460942968,108.94122460942968,-0.11454860028540281,-26319.134574521628,optimal,-26282.809826597902,True,True,converged(kkt(residual=1.28e-03<=tol=2.26e-02); obj_plateau(range=1.65e-08)),converged,0.0012788241821755201,0.02260397669676254,False,5,5,0.0,751,8000,5.56010789409811e-07,8.130571140796405e-07,10.0,0,0,1.3421970833154653e-07,114.73093919648466,114.83729343533211,115.07767179013715,1.0,1.0,0.9996892841800326,114.57427414339764,114.72204743523184,115.08269106860624,1.0,1.0,0.9996680019178611,0.9958189851417397,0.9954440344717261,76695fa609c72756,b3d370c213071080,False,False,0.7800000021234155,4.427299994858913,5.207299996982329,0.7432999991578981,44.63140000007115,45.37469999922905
nominal_heatup,127,109.24342714641973,109.24342714641973,109.03552678219144,109.03552678219144,-0.20790036422829417,-26412.761993339725,optimal,-26329.53627453135,True,True,converged(kkt(residual=1.28e-03<=tol=2.26e-02); obj_plateau(range=1.73e-08)),converged,0.0012784712368872284,0.022610871978583136,False,5,5,0.0,751,8000,5.567468264189301e-07,8.141334477684836e-07,10.0,0,0,1.4061537112923263e-07,114.80999713091882,114.88710654051152,115.044569459435,1.0,1.0,0.9997040035497773,114.68412074042612,114.80116553003857,115.07203181825439,1.0,1.0,0.9996842440616696,0.9960913489990718,0.9957353744553582,ac7735738abc62a4,a75b3c824f693f6c,False,False,1.3050999987171963,5.516599994734861,6.821699993452057,0.7903999940026551,40.24849999404978,41.038899988052435
nominal_heatup,128,109.48241172936548,109.48241172936548,109.20101513947043,109.20101513947043,-0.2813965898950528,-26532.717011214267,optimal,-26412.328246122936,True,True,converged(kkt(residual=1.28e-03<=tol=2.26e-02); obj_plateau(range=1.78e-08)),converged,0.0012760250126468355,0.02262669797149279,False,5,5,0.0,751,8000,5.581510862384675e-07,8.161868656486604e-07,10.0,0,0,1.4565765850938327e-07,114.86731605599317,114.91697174636072,114.99826693790178,1.0,1.0,0.9997176450598287,114.77112544661667,114.85833678189903,115.0441442506801,1.0,1.0,0.9996993058095351,0.9963476361149635,0.9960115627585464,83cf547ff59281b2,752421512840ed37,False,False,0.7757999992463738,4.419099990627728,5.194899989874102,0.866300004418008,41.463400004431605,42.32970000884961
nominal_heatup,129,109.75749182819003,109.75749182819003,109.42168698345418,109.42168698345418,-0.33580484473584704,-26671.42878550326,optimal,-26523.259998538313,True,True,converged(kkt(residual=1.27e-03<=tol=2.26e-02); obj_plateau(range=1.83e-08)),converged,0.001272295245162139,0.0226496126235606,False,5,5,0.0,751,8000,5.600774386493867e-07,8.190037563693409e-07,10.0,0,0,1.493255111545897e-07,114.90422738511275,114.92873128522072,114.9416496261233,1.0,1.0,0.9997302904883161,114.83595359170411,114.89498227314637,115.0021481258418,1.0,1.0,0.9997132672549114,0.9965876792565175,0.9962719753740943,9bd5c902826a79cb,1c72224ece450eb9,False,False,0.968100008321926,4.978500001016073,5.946600009337999,0.7700999994995072,41.974799998570234,42.74489999806974
nominal_heatup,130,110.0555289228033,110.0555289228033,109.68267901204618,109.68267901204618,-0.37284991075712526,-26822.33752082201,optimal,-26654.964636386772,True,True,converged(kkt(residual=1.27e-03<=tol=2.27e-02); obj_plateau(range=1.85e-08)),converged,0.0012679142005989762,0.02267787042500354,False,5,5,0.0,751,8000,5.623898147177897e-07,8.223851502009438e-07,10.0,0,0,1.517086590315874e-07,114.92244224658992,114.92442524913805,114.87733648973672,1.0,1.0,0.9997420199671014,114.87983229064238,114.91287354560536,114.9489654680436,1.0,1.0,0.9997262098184582,0.9968115976699261,0.9965163219617797,08b2b793e571f024,3741f8d48155f71b,False,False,0.8328000112669542,4.723799997009337,5.556600008276291,0.7994000043254346,42.111600007046945,42.91100001137238
nominal_heatup,131,110.36535843395929,110.36535843395929,109.97072008417967,109.97072008417967,-0.394638349779612,-26979.8269509195,optimal,-26800.838177231726,True,True,converged(kkt(residual=1.26e-03<=tol=2.27e-02); obj_plateau(range=1.87e-08)),converged,0.001263325031869602,0.02270988969831225,False,5,5,0.0,751,8000,5.649655605566295e-07,8.26151677735254e-07,10.0,0,0,1.529530881517068e-07,114.9239163024163,114.90618661483062,114.80766209965434,1.0,1.0,0.9997529103982019,114.90439335559657,114.9140073954258,114.88732806797266,1.0,1.0,0.9997382138854761,0.9970197505161688,0.9967446071565154,803702a1072016e5,bedf90fb7f8dc3a1,False,False,1.2638000043807551,6.198400005814619,7.4622000101953745,0.8588000055169687,44.95579999638721,45.81460000190418
nominal_heatup,132,110.67766782431363,110.67766782431363,110.27427136733247,110.27427136733247,-0.4033964569811559,-27139.166581294474,optimal,-26955.10042918292,True,True,converged(kkt(residual=1.26e-03<=tol=2.27e-02); obj_plateau(range=1.87e-08)),converged,0.0012588119185589185,0.02274427702242066,False,5,5,0.0,751,8000,5.676981942315251e-07,8.301476137617669e-07,10.0,0,0,1.532277411001469e-07,114.91073702066997,114.87615738303178,114.73467205462511,1.0,1.0,0.999763034405705,114.9115399078986,114.90051814157894,114.8196483874319,1.0,1.0,0.9997493571538573,0.9972126866373154,0.9969571007489082,8a022cb771cd48b2,8d6f5afee61801d4,False,False,0.7958000060170889,4.836899999645539,5.6327000056626275,0.7780999876558781,41.73290000471752,42.5109999923734
nominal_heatup,133,110.98486790308927,110.98486790308927,110.58354134799855,110.58354134799855,-0.40132655509071924,-27296.45604023435,optimal,-27112.803091229405,True,True,converged(kkt(residual=1.25e-03<=tol=2.28e-02); obj_plateau(range=1.87e-08)),converged,0.0012545383110458387,0.022779833045584955,False,5,5,0.0,751,8000,5.704962688923843e-07,8.342392154858658e-07,10.0,0,0,1.5270707150979981e-07,114.88503240602759,114.83642345618973,114.66012761449302,1.0,1.0,0.9997724597166664,114.90334692858258,114.8745575512825,114.7480466947031,1.0,1.0,0.999759713354428,0.9973910959685351,0.9971542814141952,d471d233132c479b,f24fa1d8195dca0a,False,False,0.8240999886766076,4.801300005055964,5.625399993732572,0.7689999911235645,39.78570000617765,40.55469999730121
nominal_heatup,134,111.28095407106488,111.28095407106488,110.89042686684455,110.89042686684455,-0.3905272042203336,-27448.566908318764,optimal,-27269.80725442458,True,True,converged(kkt(residual=1.25e-03<=tol=2.28e-02); obj_plateau(range=1.85e-08)),converged,0.0012505829300968917,0.02281554914568797,False,5,5,0.0,751,8000,5.732846091177635e-07,8.383166241188178e-07,10.0,0,0,1.5155959115131986e-07,114.84889916666789,114.78896572420804,114.58551674319263,1.0,1.0,0.9997812488699104,114.88194647733913,114.83823714513134,114.67435219202768,1.0,1.0,0.9997693515044809,0.997555765657468,0.997336787292424,0b3b0a7d512a23d4,170a3b8b56bbf4d4,False,False,0.7729999924777076,5.019899996113963,5.792899988591671,0.7470999989891425,40.23800000140909,40.98510000039823
nominal_heatup,135,111.5613576088732,111.5613576088732,111.18841423422948,111.18841423422948,-0.37294337464371097,-27593.079881678714,optimal,-27422.744301194725,True,True,converged(kkt(residual=1.25e-03<=tol=2.29e-02); obj_plateau(range=1.84e-08)),converged,0.0012469695540491773,0.022850598924353482,False,5,5,0.0,751,8000,5.760016961176007e-07,8.422897908033633e-07,10.0,0,0,1.4994114189497055e-07,114.80434791778725,114.73562491635514,114.51206965182391,1.0,1.0,0.9997894591650716,114.84945534621646,114.79357114751653,114.60012161572682,1.0,1.0,0.9997783355186567,0.997707542358514,0.9975053685090941,dbae6c863bb84fba,2b860a9cebf21590,False,False,0.8136999967973679,4.793100000824779,5.606799997622147,0.7406000077025965,42.707100001280196,43.44770000898279
nominal_heatup,136,111.8227893811577,111.8227893811577,111.47245328314122,111.47245328314122,-0.35033609801648424,-27728.21698109315,optimal,-27568.964258174645,True,True,converged(kkt(residual=1.24e-03<=tol=2.29e-02); obj_plateau(range=1.81e-08)),converged,0.0012437286658413737,0.02288432631748815,False,5,5,0.0,751,8000,6.167888386698905e-07,8.961508104476934e-07,10.0,0,0,1.4713044270332206e-07,114.75326299065867,114.67807799092446,114.44077747816111,1.0,1.0,0.9997971427801339,114.80791408406647,114.7424418686007,114.52665317952253,1.0,1.0,0.999786724097055,0.9978473011136936,0.9976608471393369,eedd1aed0c130445,876cb7490142aae4,False,False,0.7546999986516312,7.138700006180443,7.893400004832074,1.4195999974617735,42.19140000350308,43.61100000096485
nominal_heatup,137,112.06307959650843,112.06307959650843,111.73881423259871,111.73881423259871,-0.32426536390971705,-27852.769771277253,optimal,-27706.47494418878,True,True,converged(kkt(residual=1.24e-03<=tol=2.29e-02); obj_plateau(range=1.79e-08)),converged,0.0012407587865779406,0.02291623135346707,False,5,5,0.0,751,8000,6.193807422505415e-07,8.99916636321052e-07,10.0,0,0,1.4496696514744108e-07,114.69737456680427,114.6178240803201,114.3724130700786,1.0,1.0,0.999804347001152,114.75924561373895,114.68657333884578,114.45500492660906,1.0,1.0,0.9997945707989364,0.9979759205819535,0.9978040836242031,937da0e0cc9265e0,b641e02f54576238,False,False,0.8078999962890521,4.440500008058734,5.248400004347786,0.7477000035578385,42.18979999131989,42.937499994877726
nominal_heatup,138,112.28101772976385,112.28101772976385,111.98493516204019,111.98493516204019,-0.2960825677236585,-27966.02528456529,optimal,-27833.874573952067,True,True,converged(kkt(residual=1.24e-03<=tol=2.29e-02); obj_plateau(range=1.76e-08)),converged,0.0012380695448664149,0.02294595428174001,False,5,5,0.0,751,8000,6.217830019750181e-07,9.034069297086944e-07,10.0,0,0,1.4269355082713096e-07,114.63824107844664,114.55617825146305,114.3075530418999,1.0,1.0,0.9998111145213884,114.70522501234171,114.62751598229808,114.38601371030416,1.0,1.0,0.9998019242431969,0.9980942640180471,0.9979359499977518,31af7454b47c47f9,cdf88faee7152e54,False,False,0.8805000106804073,4.953199997544289,5.833700008224696,1.0975999903166667,45.82270000537392,46.920299995690584
nominal_heatup,139,112.47619660407793,112.47619660407793,112.20926518576063,112.20926518576063,-0.2669314183172986,-28067.691656321895,optimal,-27950.280106139777,True,True,converged(kkt(residual=1.24e-03<=tol=2.30e-02); obj_plateau(range=1.74e-08)),converged,0.001235633397156819,0.022973258789924966,False,5,5,0.0,751,8000,6.239783942874055e-07,9.065966874999276e-07,10.0,0,0,1.4039309020033784e-07,114.57724005333041,114.49427156084181,114.24660040554515,1.0,1.0,0.9998174837783204,114.64746036216219,114.56663850565403,114.32031604849034,1.0,1.0,0.999808828387765,0.9982031652363657,0.9980573090826055,69e7eae760440972,4298d94f55daa96e,False,False,0.8782999939285219,5.67090000549797,6.549199999426492,1.0827999940374866,47.38580000412185,48.468599998159334
nominal_heatup,140,112.64886414931198,112.64886414931198,112.41110909779445,112.41110909779445,-0.2377550515175244,-28157.825483894372,optimal,-28055.25390370697,True,True,converged(kkt(residual=1.23e-03<=tol=2.30e-02); obj_plateau(range=1.71e-08)),converged,0.0012334270123742813,0.022998014839971312,False,5,5,0.0,751,8000,6.259593021695764e-07,9.094748145699327e-07,10.0,0,0,1.3813122575153224e-07,114.51556580592526,114.43305607729118,114.18980717847913,1.0,1.0,0.9998234893058924,114.58738180674294,114.50512645038839,114.25836966416858,1.0,1.0,0.9998153228544865,0.9983034187543108,0.9981689989658978,9d365db6d86ea1d7,db8d335b5d378195,False,False,0.8315000013681129,4.889000003458932,5.720500004827045,0.8070999901974574,39.94660000898875,40.75369999918621
nominal_heatup,141,112.79978566797202,112.79978566797202,112.5904776285212,112.5904776285212,-0.20930803945081777,-28236.762716191395,optimal,-28148.731041608586,True,True,converged(kkt(residual=1.23e-03<=tol=2.30e-02); obj_plateau(range=1.69e-08)),converged,0.0012314321428069013,0.023020181708064167,False,5,5,0.0,751,8000,6.277247450725554e-07,9.120398818396325e-07,10.0,0,0,1.3595810294124867e-07,114.45423257852198,114.37331371575185,114.13729645828707,1.0,1.0,0.9998291620862775,114.52623766580406,114.44398575962916,114.20047544309249,1.0,1.0,0.9998214432748235,0.9983957733432135,0.9982718218914997,603db1057b0282a0,f9981a6d4172d9be,False,False,1.4401999942492694,6.221699994057417,7.661899988306686,0.8346999966306612,41.89020000922028,42.72490000585094
nominal_heatup,142,112.93011867532461,112.93011867532461,112.7479467287416,112.7479467287416,-0.1821719465830114,-28305.05455125308,optimal,-28230.94929234551,True,True,converged(kkt(residual=1.23e-03<=tol=2.30e-02); obj_plateau(range=1.66e-08)),converged,0.0012296350721632855,0.02303979167945445,False,5,5,0.0,751,8000,6.292791425721589e-07,9.142982788645782e-07,10.0,0,0,1.3391028837281067e-07,114.39408191394392,114.31566787647223,114.08908353843566,1.0,1.0,0.9998345298906073,114.46509608954035,114.38405041068823,114.14679914818994,1.0,1.0,0.9998272216392873,0.9984809282884947,0.9983665367869748,09235f2ca770d5cf,4cbd195808d25308,False,False,0.8035000064410269,4.318399995099753,5.12190000154078,0.7306000043172389,39.86649999569636,40.5971000000136
nominal_heatup,143,113.04130162446268,113.04130162446268,112.88452841545802,112.88452841545802,-0.15677320900465475,-28363.40943179772,optimal,-28302.383481913188,True,True,converged(kkt(residual=1.23e-03<=tol=2.31e-02); obj_plateau(range=1.64e-08)),converged,0.0012280254123277227,0.023056934772317166,False,5,5,0.0,751,8000,6.306315043502764e-07,9.162632110815139e-07,10.0,0,0,1.320127498824597e-07,114.33579319973437,114.26059702065072,114.04509572424826,1.0,1.0,0.9998396176019656,114.40485115681085,114.32599305950046,114.09739246923907,1.0,1.0,0.9998326866388805,0.9985595317518255,0.9984538546946159,9d15c25660b8b831,18d47c215bc24623,False,False,0.7455999875674024,5.014599999412894,5.760199986980297,0.790000005508773,41.64719999243971,42.43719999794848
nominal_heatup,144,113.1349571360089,113.1349571360089,113.00155486737326,113.00155486737326,-0.13340226863563487,-28412.641833696707,optimal,-28363.685494312438,True,True,converged(kkt(residual=1.23e-03<=tol=2.31e-02); obj_plateau(range=1.62e-08)),converged,0.001226594709256227,0.02307174476886866,False,5,5,0.0,751,8000,6.317941654288006e-07,9.179524651514726e-07,10.0,0,0,1.302807616550057e-07,114.27989646576196,114.20844943873028,114.0051905915857,1.0,1.0,0.9998444475167205,114.34623235276197,114.2703378626883,114.05221298751931,1.0,1.0,0.99983786399095,0.9986321807229239,0.9985344364755588,5e7b710dfda24c57,9c005ee7828731b8,False,False,0.755299988668412,4.3017999996664,5.057099988334812,0.9446000040043145,53.29640000127256,54.241000005276874
nominal_heatup,145,113.21280975799407,113.21280975799407,113.08605912991204,113.08605912991204,-0.12675062808202142,-28453.628174365836,optimal,-28415.62749378684,True,True,converged(kkt(residual=1.67e-03<=tol=2.31e-02); obj_plateau(range=2.94e-08)),converged,0.001666506102566544,0.023084386738718043,False,5,5,0.0,701,8000,6.329329949039675e-07,9.196071024675234e-07,10.0,0,0,2.4463282781135224e-07,114.22678664672891,114.1594585835229,113.9691725109629,1.0,1.0,0.9998490396222444,114.28981653252593,114.21747471129318,114.01114275433278,1.0,1.0,0.9998427767448079,0.9986994221389119,0.9986088922482856,c2f9bd31279a3b67,c3a28a4f8f99f84e,False,False,1.6617999935988337,8.965400003944524,10.627199997543357,1.4351999998325482,45.75979999208357,47.19499999191612
nominal_heatup,146,113.27661779872318,113.27661779872318,113.16340596687648,113.16340596687648,-0.11321183184669792,-28487.269848866203,optimal,-28456.232942774644,True,True,converged(kkt(residual=1.67e-03<=tol=2.31e-02); obj_plateau(range=2.93e-08)),converged,0.0016651357130717085,0.023094133152048703,False,5,5,0.0,701,8000,6.337018021440599e-07,9.207241031816693e-07,10.0,0,0,2.4331938439379385e-07,114.17673864051682,114.11375844807459,113.93680733432487,1.0,1.0,0.9998534118504399,114.23604157233774,114.1676742356376,113.97400525406691,1.0,1.0,0.9998474455646293,0.9987617548303018,0.998677782116089,ec72f4752ce95711,b1fc6a2098211185,False,False,0.8002999966265634,4.33740000880789,5.1377000054344535,0.7310999935725704,39.210700007970445,39.941800001543015
nominal_heatup,147,113.3281184052655,113.3281184052655,113.23054109680753,113.23054109680753,-0.09757730845797141,-28514.46314171745,optimal,-28491.512799025302,True,True,converged(kkt(residual=1.66e-03<=tol=2.31e-02); obj_plateau(range=2.91e-08)),converged,0.001663899762304184,0.023102748245503284,False,5,5,0.0,701,8000,6.343729666014042e-07,9.216992555849401e-07,10.0,0,0,2.4165963681088244e-07,114.12992260404563,114.0713985679148,113.90783520831174,1.0,1.0,0.9998575803074176,114.18522102695233,114.12110303484664,113.94058060954119,1.0,1.0,0.9998518889886366,0.9988196320235738,0.9987416178212221,ed8c1278281453e7,dfe4217f57820b42,False,False,0.7941000076243654,5.009699991205707,5.803799998830073,0.7933000015327707,38.58509998826776,39.37839998980053
nominal_heatup,148,113.36898479675982,113.36898479675982,113.28687990441016,113.28687990441016,-0.0821048923496619,-28536.075565367013,optimal,-28521.150582407736,True,True,converged(kkt(residual=1.66e-03<=tol=2.31e-02); obj_plateau(range=2.89e-08)),converged,0.001662818723682887,0.0231100882662917,False,5,5,0.0,701,8000,6.349399228611219e-07,9.225230295228926e-07,10.0,0,0,2.3998187937682897e-07,114.08641903087926,114.03235831884685,113.88198153506947,1.0,1.0,0.9998615594802706,114.13755921233287,114.0778386847489,113.91061895805063,1.0,1.0,0.9998561236646182,0.9988734641898538,0.9988008650369901,1cc791543f7a597c,c0f3899bd98b522e,False,False,1.0135999909834936,4.595300008077174,5.608899999060668,1.0211999906459823,38.03409999818541,39.05529998883139
nominal_heatup,149,113.40079439323243,113.40079439323243,113.33296667320576,113.33296667320576,-0.06782772002667059,-28552.928039079306,optimal,-28545.42239887233,True,True,converged(kkt(residual=1.66e-03<=tol=2.31e-02); obj_plateau(range=2.87e-08)),converged,0.001661895461614262,0.023116181864010776,False,5,5,0.0,701,8000,6.354064367997125e-07,9.232008491011356e-07,10.0,0,0,2.384300302624694e-07,114.04623324915924,113.99656026431002,113.8589661487396,1.0,1.0,0.999865362422262,114.09316623274624,114.03788416705689,113.8838519911367,1.0,1.0,0.9998601645625146,0.9989236220786838,0.9988559460710353,28a59a34fc7f7947,1f8ceee422290cb7,False,False,0.8241000032285228,6.008399999700487,6.8325000029290095,1.3421999901765957,42.227900004945695,43.57009999512229
nominal_heatup,150,113.4250064935833,113.4250064935833,113.36982694794906,113.36982694794906,-0.055179545634231886,-28565.782238693057,optimal,-28564.858769106846,True,True,converged(kkt(residual=1.66e-03<=tol=2.31e-02); obj_plateau(range=2.85e-08)),converged,0.0016611257352438047,0.023121134016524544,False,5,5,0.0,701,8000,6.507135026367905e-07,9.479506264398196e-07,10.0,0,0,2.3700671892368692e-07,114.00930906426623,113.96388238017838,113.83851081257072,1.0,1.0,0.9998690009179483,114.05207256340108,114.00118144686164,113.85994632394036,1.0,1.0,0.9998640251652418,0.9989704398158838,0.9989072455644284,8f3bb3e21033c816,1e0a41029f9159f0,False,False,0.781399998231791,6.130000008852221,6.911400007084012,1.1291000118944794,46.949199997470714,48.07830000936519
nominal_heatup,151,113.44294813606766,113.44294813606766,113.39865827286131,113.39865827286131,-0.04428986320634465,-28575.33241001834,optimal,-28580.082684127265,True,True,converged(kkt(residual=1.66e-03<=tol=2.31e-02); obj_plateau(range=2.84e-08)),converged,0.001660494781951267,0.023125079814043686,False,5,5,0.0,701,8000,6.51010921615125e-07,9.483839251700488e-07,10.0,0,0,2.358332264278997e-07,113.97554134751984,113.93416904938805,113.82034516854965,1.0,1.0,0.9998724856298529,114.01424288591707,113.96760304598898,113.83862048911692,1.0,1.0,0.9998677176111906,0.9990142179765406,0.9989551084889511,d53eefb2791f03f4,ca6ef42b082065eb,False,False,0.7541999948443845,5.025500009651296,5.77970000449568,0.7579999946756288,38.49370000534691,39.25170000002254
nominal_heatup,152,113.45580680638294,113.45580680638294,113.4206755964885,113.4206755964885,-0.03513120989444474,-28582.200937576195,optimal,-28591.728004812245,True,True,converged(kkt(residual=1.66e-03<=tol=2.31e-02); obj_plateau(range=2.83e-08)),converged,0.0016599899571027392,0.02312816163313541,False,5,5,0.0,701,8000,6.512408106118528e-07,9.487188288304083e-07,10.0,0,0,2.348510859143604e-07,113.94478743993196,113.9072407739505,113.80421128935177,1.0,1.0,0.9998758262283213,113.97957337535489,113.9369985059733,113.8196106205365,1.0,1.0,0.9998712528767719,0.9990552265696633,0.9989998449233283,19f8838aa79669a4,b356d40464d51b0e,False,False,0.8241000032285228,4.877200000919402,5.7013000041479245,0.7851999980630353,37.258500000461936,38.04369999852497
nominal_heatup,153,113.46462873014887,113.46462873014887,113.43703446499232,113.43703446499232,-0.0275942651565515,-28586.93698768113,optimal,-28600.39887702147,True,True,converged(kkt(residual=1.66e-03<=tol=2.31e-02); obj_plateau(range=2.82e-08)),converged,0.0016595957695183356,0.023130517718292127,False,5,5,0.0,701,8000,6.514138135571557e-07,9.489708636678529e-07,10.0,0,0,2.3404596593189242e-07,113.91687729841291,113.8829025978848,113.78986699231781,1.0,1.0,0.9998790315061515,113.94792554195786,113.9091925502248,113.80267399988276,1.0,1.0,0.9998746409159764,0.999093707890351,0.9990417328374893,67d8befe415048d7,2673839903ca07a8,False,False,0.7676999957766384,4.627200003596954,5.394899999373592,0.7506999972974882,40.32060000463389,41.07130000193138
nominal_heatup,154,113.47032158498476,113.47032158498476,113.44879297495085,113.44879297495085,-0.021528610033911377,-28590.01759180224,optimal,-28606.649336942577,True,True,converged(kkt(residual=1.66e-03<=tol=2.31e-02); obj_plateau(range=2.81e-08)),converged,0.0016592963261978582,0.02313227642933126,False,5,5,0.0,701,8000,6.515408301766001e-07,9.491558987662074e-07,10.0,0,0,2.333994519990828e-07,113.89162236098983,113.86095127178447,113.77708807826617,1.0,1.0,0.9998821094795282,113.91913355064604,113.88399850856663,113.78758100316121,1.0,1.0,0.9998778907824386,0.9991298792109193,0.9990810215907701,3d25a3368fb7cbf6,63984a7b812b52f4,False,False,0.7723000016994774,4.531699989456683,5.303999991156161,0.7466999959433451,41.46480000053998,42.211499996483326
nominal_heatup,155,113.47366058392879,113.47366058392879,113.45689482845287,113.45689482845287,-0.016765755475915967,-28591.8505964425,optimal,-28610.97409825575,True,True,converged(kkt(residual=1.66e-03<=tol=2.31e-02); obj_plateau(range=2.81e-08)),converged,0.001659076139562738,0.023133553504055424,False,5,5,0.0,701,8000,6.516307706760927e-07,9.492868908722585e-07,10.0,0,0,2.3289180579279213e-07,113.86882314785363,113.84118121870168,113.7656696554823,1.0,1.0,0.9998850674766951,113.89301607866602,113.86122148989725,113.77411676523846,1.0,1.0,0.9998810107316332,0.9991639352936439,0.9991179347789931,7dd870d9456a9072,db2351a4acc90dde,False,False,1.253599999472499,4.755800007842481,6.00940000731498,0.7411999977193773,39.44430001138244,40.185500009101816
nominal_heatup,156,113.47529700728423,113.47529700728423,113.46216404825104,113.46216404825104,-0.013132959033185898,-28592.778973149,optimal,-28613.805534366664,True,True,converged(kkt(residual=1.66e-03<=tol=2.31e-02); obj_plateau(range=2.80e-08)),converged,0.0016589206509023005,0.023134450985352602,False,5,5,0.0,701,8000,6.516917636645303e-07,9.493757318068674e-07,10.0,0,0,2.3250341056583636e-07,113.84827564691516,113.82338938251112,113.75542670238997,1.0,1.0,0.9998879122157084,113.86938171729517,113.84066422229736,113.76208129354134,1.0,1.0,0.9998840083105398,0.9991960507166732,0.9991526729529357,8d2ef16633212009,a44cf3aecb2a3539,False,False,0.8082999993348494,4.4455999886849895,5.253899988019839,0.734600005671382,37.309799998183735,38.04440000385512
nominal_heatup,157,113.47576838793564,113.47576838793564,113.46530664987928,113.46530664987928,-0.010461738056363856,-28593.08605233705,optimal,-28615.51437930455,True,True,converged(kkt(residual=1.66e-03<=tol=2.31e-02); obj_plateau(range=2.80e-08)),converged,0.001658816567116019,0.023135057122124297,False,5,5,0.0,701,8000,6.517309429909801e-07,9.49432826580221e-07,10.0,0,0,2.3221559951065705e-07,113.8297765566966,113.8073790547314,113.74619401232364,1.0,1.0,0.9998906498725008,113.8480346994306,113.82213060184505,113.75129092880496,1.0,1.0,0.9998868904359157,0.9992263820110494,0.9991854160186502,b461d066b7d72ff2,d2d207d59f4037bc,False,False,0.797100001364015,4.413200003909878,5.2103000052738935,0.7566999993287027,40.573899997980334,41.33059999730904
nominal_heatup,158,113.47550968058287,113.47550968058287,113.46691648649731,113.46691648649731,-0.008593194085563027,-28593.00131385863,optimal,-28616.412673041865,True,True,converged(kkt(residual=1.66e-03<=tol=2.31e-02); obj_plateau(range=2.80e-08)),converged,0.001658752060283948,0.023135446859864576,False,5,5,0.0,701,8000,6.517540356298923e-07,9.494664636733319e-07,10.0,0,0,2.320110951646086e-07,113.8131274765937,113.79296278480929,113.73782565149307,1.0,1.0,0.9998932861403887,113.82877900759652,113.80542927514409,113.74157895338394,1.0,1.0,0.9998896634633054,0.9992550696114728,0.9992163254320394,dc539e4f59dc1c51,8263414b028f5117,False,False,0.7676999957766384,4.675300006056204,5.443000001832843,0.7365000055870041,37.79089999443386,38.52740000002086
nominal_heatup,159,113.47486486423118,113.47486486423118,113.46748361980426,113.46748361980426,-0.007381244426923672,-28592.706433056745,optimal,-28616.75807349674,True,True,converged(kkt(residual=1.66e-03<=tol=2.31e-02); obj_plateau(range=2.80e-08)),converged,0.001658716859754878,0.023135682692216445,False,5,5,0.0,701,8000,6.517661716998191e-07,9.494841570756307e-07,10.0,0,0,2.3187425780787256e-07,113.79813814567231,113.779964483004,113.73019404753234,1.0,1.0,0.999895826282046,113.81142209133927,113.79037631172329,113.73279591972623,1.0,1.0,0.9998923332477173,0.9992822396268206,0.9992455461739469,151f810288a26b8c,84e671bf7b90d684,False,False,1.338200003374368,5.133200000273064,6.471400003647432,0.9788000024855137,51.425899990135804,52.40469999262132
disturbance_step60,0,32.0,32.0,32.0,32.0,0.0,-95998.82400563429,optimal,-95995.60480447102,False,False,max_iterations,max_iterations,0.0131305518830651,0.0764525401819254,False,5,5,0.0,8000,8000,6.865136157330198e-07,9.949711712309295e-07,10.0,0,0,3.353375623760284e-05,28.0,28.0,28.0,1e-05,1e-05,1e-05,28.0,28.0,28.0,1e-05,1e-05,1e-05,1.0000008521941652,1.0000008521941652,d66d433b3ecc2bc7,d66d433b3ecc2bc7,True,True,0.7643999997526407,4.939799997373484,5.704199997126125,0.7577000069431961,317.7397999970708,318.497500004014
disturbance_step60,1,36.0,36.0,36.0,36.0,0.0,-106602.11836433184,optimal,-106599.55483196842,True,True,converged(kkt(residual=9.46e-03<=tol=7.67e-02); obj_plateau(range=1.17e-10)),converged,0.009461928789976298,0.07672454185079587,False,5,5,0.0,351,8000,6.114478381391564e-07,8.869759433594027e-07,10.0,0,0,2.4047668121260274e-05,28.000000056399145,28.000000056399145,28.000000056399145,1.0001630922571259e-05,1.0001630922571259e-05,1.0001630922571259e-05,28.000000056399145,28.000000056399145,28.000000056399145,1.0001630922571259e-05,1.0001630922571259e-05,1.0001630922571259e-05,1.0000008522669996,1.0000008522669996,82e9f287618b328d,82e9f287618b328d,True,True,0.8262999908765778,4.746899998281151,5.573199989157729,0.7337999995797873,13.509999989764765,14.243799989344552
disturbance_step60,2,40.00000000000001,40.00000000000001,40.00000000000001,40.0,-7.105427357601002e-15,-117129.27120926857,optimal,-117127.32961954929,False,False,max_iterations,max_iterations,0.006558336343421299,0.07696517181438102,False,5,5,0.0,8000,8000,6.750023899826374e-07,9.791691724103657e-07,10.0,0,0,1.657646888110229e-05,28.000000112803107,28.000000112803107,28.000000091841084,1.0003261984532805e-05,1.0003261984532805e-05,1.0003261984532805e-05,28.000000112803107,28.000000112803107,28.000000091841084,1.0003261984532805e-05,1.0003261984532805e-05,1.0003261984532805e-05,1.0000008523398338,1.0000008523398338,af56523fe75d9dab,af56523fe75d9dab,True,True,0.7553000032203272,5.2684999973280355,6.023800000548363,0.7876999879954383,333.41970000765286,334.2073999956483
disturbance_step60,3,44.00000000000001,44.00000000000001,44.0,44.0,-7.105427357601002e-15,-127560.71461505513,optimal,-127560.03208372105,True,True,converged(kkt(residual=2.13e-03<=tol=7.72e-02); obj_plateau(range=2.28e-16)),converged,0.0021290286522060746,0.07717179207073495,False,5,5,0.0,501,8000,7.615793364834644e-07,9.623328169894307e-07,10.0,0,0,5.350638996819145e-06,28.00000016921189,28.00000016142088,28.000000128607986,1.0004893185885736e-05,1.0004893185885736e-05,1.0004893185878145e-05,28.00000016921189,28.00000016142088,28.000000128607986,1.0004893185885736e-05,1.0004893185885736e-05,1.0004893185878145e-05,1.000000852412668,1.000000852412668,93392764ca1685f2,93392764ca1685f2,True,True,1.0515999892959371,4.790900013176724,5.842500002472661,0.7730999932391569,17.757300010998733,18.53040000423789
disturbance_step60,4,48.00000000000001,48.00000000000001,47.99999999999999,47.99999999999999,-1.4210854715202004e-14,-137877.66932309937,optimal,-137877.65043286313,True,True,converged(kkt(residual=1.07e-03<=tol=7.73e-02); obj_plateau(range=2.01e-08)),converged,0.0010711691759094956,0.07734236192995834,False,5,5,0.0,551,8000,5.533118496714451e-07,8.043588053396888e-07,10.0,0,0,1.3700722070720777e-07,28.00000021983408,28.000000208534534,28.00000016274716,1.0006524526631151e-05,1.0006524526628329e-05,1.0006524526608854e-05,28.00000021983408,28.000000208534534,28.00000016274716,1.0006524526631151e-05,1.0006524526628329e-05,1.0006524526608854e-05,1.000000852485502,1.000000852485502,c77fd0f1b15a80dd,c77fd0f1b15a80dd,True,True,0.7340000011026859,4.9307000008411705,5.6647000019438565,0.7337999995797873,18.87960000021849,19.613399999798276
disturbance_step60,5,52.000000000000014,52.000000000000014,51.999999999999986,51.999999999999986,-2.842170943040401e-14,-148066.0689152449,optimal,-148066.0466483758,True,True,converged(kkt(residual=2.82e-03<=tol=7.75e-02); obj_plateau(range=2.19e-08)),converged,0.0028238830307271133,0.07747532444178108,False,5,5,0.0,501,8000,6.522266886577199e-07,9.454483782533885e-07,10.0,0,0,1.5038468466886973e-07,28.00000026785304,28.000000252134775,28.015534364180088,1.0008156006768049e-05,1.0008156006761134e-05,1.0008156006725072e-05,28.00000026785304,28.000000252134775,28.015534364180088,1.0008156006768049e-05,1.0008156006761134e-05,1.0008156006725072e-05,1.0000008535389835,1.0000008535389835,83e0349061bd5b68,83e0349061bd5b68,True,True,0.8153999951900914,6.343200002447702,7.158599997637793,1.148399998783134,16.917999993893318,18.066399992676452
disturbance_step60,6,56.000000000000014,56.000000000000014,55.99999999999999,55.999999999999986,-2.842170943040401e-14,-158106.7167959717,optimal,-158106.6979274649,True,True,converged(kkt(residual=4.01e-03<=tol=7.76e-02); obj_plateau(range=1.77e-08)),converged,0.004007279015602089,0.0775695115799176,False,5,5,0.0,451,8000,6.325447401422934e-07,9.190429883787488e-07,10.0,0,0,1.193403233829138e-07,28.000000312592185,28.00577391978186,28.057459750004423,1.000978762629658e-05,1.000978762628397e-05,1.0009793262776227e-05,28.000000312592185,28.00577391978186,28.057459750004423,1.000978762629658e-05,1.000978762628397e-05,1.0009793262776227e-05,1.0000008566302483,1.0000008566302483,b1b073f8a21e2c7b,b1b073f8a21e2c7b,True,True,0.7770999945932999,4.595200007315725,5.372300001909025,0.7825000066077337,14.975499987485819,15.757999994093552
disturbance_step60,7,60.00000000000002,60.00000000000002,60.0,59.999999999999986,-3.552713678800501e-14,-167979.734052102,optimal,-167979.71166282005,True,True,converged(kkt(residual=5.72e-03<=tol=7.76e-02); obj_plateau(range=1.95e-08)),converged,0.005715923362068694,0.07762407352176776,False,5,5,0.0,301,8000,6.204440836654612e-07,9.014615676150584e-07,10.0,0,0,1.332856132175253e-07,28.004292153377847,28.022838296226645,28.135109522234508,1.001141938521665e-05,1.0011421478125678e-05,1.0011445967490528e-05,28.004292153377847,28.022838296226645,28.135109522234508,1.001141938521665e-05,1.0011421478125678e-05,1.0011445967490528e-05,1.0000008630022164,1.0000008630022164,4e886cc67c45b669,4e886cc67c45b669,True,True,0.7432999991578981,4.788000005646609,5.531300004804507,0.7465999951818958,10.765300001366995,11.511899996548891
disturbance_step60,8,64.00000000000003,64.00000000000003,63.999999999999986,63.999999999999986,-4.263256414560601e-14,-177665.40055867797,optimal,-177664.62262563463,False,False,max_iterations,max_iterations,0.006731265414123354,0.07763842186872474,False,5,5,0.0,8000,8000,6.111417434340183e-07,8.879459256760924e-07,10.0,0,0,4.3786412029454735e-06,28.01807839987666,28.057673407757182,28.254795432951447,1.0013052839181873e-05,1.0013061671269752e-05,1.0013127537634136e-05,28.01807839987666,28.057673407757182,28.254795432951447,1.0013052839181873e-05,1.0013061671269752e-05,1.0013127537634136e-05,1.0000008738881738,1.0000008738881738,a57c6f366ee02b99,a57c6f366ee02b99,True,True,0.779200010583736,4.462899989448488,5.242100000032224,0.7307000050786883,258.1166000018129,258.8473000068916
disturbance_step60,9,68.00000000000003,68.00000000000003,67.99999999999997,67.99999999999997,-5.684341886080802e-14,-187142.3422856822,optimal,-187135.5424461591,False,False,max_iterations,max_iterations,0.020657770111258442,0.07761218494323338,False,5,5,0.0,8000,8000,6.305568547304574e-07,9.140364207738116e-07,10.0,0,0,3.6335120315152566e-05,28.047511223592842,28.11622195693027,28.42117301871507,1.0014691440074805e-05,1.0014714737108251e-05,1.0014854481868797e-05,28.047511223592842,28.11622195693027,28.42117301871507,1.0014691440074805e-05,1.0014714737108251e-05,1.0014854481868797e-05,1.0000008905547881,1.0000008905547881,0b6ea4586a87b064,0b6ea4586a87b064,True,True,0.7938000053400174,4.729399995994754,5.5232000013347715,0.7321000011870638,249.0030999906594,249.73519999184646
disturbance_step60,10,72.00000000000003,72.00000000000003,71.99999999999997,71.99999999999997,-5.684341886080802e-14,-196384.77948680348,optimal,-196371.79641973716,False,False,max_iterations,max_iterations,0.032268010651289314,0.07754517144569238,False,5,5,0.0,8000,8000,6.510454966246471e-07,9.437361692121726e-07,10.0,0,0,6.611035284951499e-05,28.098587088330618,28.204026095810903,28.637444447596287,1.0016340922523065e-05,1.0016389563010768e-05,1.0016646422525322e-05,28.098587088330618,28.204026095810903,28.637444447596287,1.0016340922523065e-05,1.0016389563010768e-05,1.0016646422525322e-05,1.0000009143124624,1.0000009143124624,b48efd5d8b20c9bc,b48efd5d8b20c9bc,True,True,0.8399999933317304,5.199899998842739,6.039899992174469,0.8019999950192869,251.36490000295453,252.16689999797381
disturbance_step60,11,76.00000000000003,76.00000000000003,75.99999999999996,75.99999999999996,-7.105427357601002e-14,-205373.0577834574,optimal,-205353.13854044597,False,False,max_iterations,max_iterations,0.044681866975168356,0.07743734085033718,False,5,5,0.0,8000,8000,5.271957235208902e-07,7.663936454349596e-07,10.0,0,0,9.699053627704648e-05,28.17696474743232,28.325927123648107,28.905878723964744,1.001800935059378e-05,1.0018097472067574e-05,1.0018526362451092e-05,28.17696474743232,28.325927123648107,28.905878723964744,1.001800935059378e-05,1.0018097472067574e-05,1.0018526362451092e-05,1.0000009465851527,1.0000009465851527,68c07f2784c3169c,68c07f2784c3169c,True,True,0.774900006945245,5.026300001190975,5.80120000813622,0.764199998229742,252.16879999788944,252.93299999611918
disturbance_step60,12,80.00000000000001,80.00000000000001,79.99999999999996,79.99999999999996,-5.684341886080802e-14,-214088.4084013906,optimal,-214063.13296501804,False,False,max_iterations,max_iterations,0.05233237559115099,0.07728877893849055,False,5,5,0.0,8000,8000,5.29231968471322e-07,7.548049199002094e-07,10.0,0,0,0.00011806074210756765,28.287695303581557,28.48611411336325,29.228022559149494,1.0019707186055292e-05,1.0019852307914455e-05,1.0020521334415317e-05,28.287695303581557,28.48611411336325,29.228022559149494,1.0019707186055292e-05,1.0019852307914455e-05,1.0020521334415317e-05,1.000000988985778,1.000000988985778,81e0a1c316d71321,81e0a1c316d71321,True,True,0.7920999923953786,4.85300000582356,5.645099998218939,0.7517999911215156,254.95910001336597,255.71090000448748
disturbance_step60,13,84.00000000000001,84.00000000000001,83.99999999999996,83.99999999999996,-5.684341886080802e-14,-222512.43116136317,optimal,-222480.5224502195,False,False,max_iterations,max_iterations,0.06202510440055045,0.07709967748922389,False,5,5,0.0,8000,8000,5.225644201800606e-07,7.48003628814331e-07,10.0,0,0,0.00014340192580276527,28.435189073687383,28.68811443723295,29.60491107244096,1.0021447366458453e-05,1.0021670668093506e-05,1.002266335713411e-05,28.435189073687383,28.68811443723295,29.60491107244096,1.0021447366458453e-05,1.0021670668093506e-05,1.002266335713411e-05,1.0000010434153785,1.0000010434153785,e6546ce430837a0e,e6546ce430837a0e,True,True,0.7631000044057146,6.636199992499314,7.399299996905029,0.85860000399407,262.0383000030415,262.8969000070356
disturbance_step60,14,88.0,88.0,87.99999999999996,87.99999999999996,-4.263256414560601e-14,-230627.10977855095,optimal,-230592.7598747538,True,True,converged(kkt(residual=6.28e-02<=tol=7.69e-02); obj_plateau(range=3.59e-12)),converged,0.0628474233627289,0.07687031731273977,False,5,5,0.0,201,8000,5.843701416097247e-07,8.495088668070139e-07,10.0,0,0,0.00014894130976183216,28.623200041918288,28.934857331659494,30.03718676868891,1.0023245495954168e-05,1.0023572281445382e-05,1.0024990765584491e-05,28.623200041918288,28.934857331659494,30.037186768688905,1.0023245495954168e-05,1.0023572281445382e-05,1.0024990765584491e-05,1.0000011121797336,1.0000011121797336,4c29988740cb797f,4c29988740cb797f,True,True,0.7750000077066943,5.081600000266917,5.856600007973611,0.7571000023745,8.230899999034591,8.988000001409091
disturbance_step60,15,91.99999999999999,91.99999999999999,91.99999999999996,91.99999999999996,-2.842170943040401e-14,-238414.82183393004,optimal,-238380.63947815166,True,True,converged(kkt(residual=5.92e-02<=tol=7.66e-02); obj_plateau(range=3.00e-12)),converged,0.059168230391464904,0.07660105404024742,False,5,5,0.0,201,8000,5.896290815599059e-07,8.164699183410562e-07,10.0,0,0,0.00014337345101035731,28.854869120086413,29.22872865371056,30.525195733226727,1.0025120171607514e-05,1.0025580580941484e-05,1.0027549973976509e-05,28.854869120086413,29.22872865371056,30.525195733226727,1.0025120171607514e-05,1.0025580580941484e-05,1.0027549973976509e-05,1.0000011981334345,1.0000011981334345,8989260ddb4a45fa,8989260ddb4a45fa,True,True,1.1671000102069229,6.22129999101162,7.3884000012185425,0.7733999955235049,7.175399994594045,7.94879999011755
disturbance_step60,16,96.0,96.0,95.99999999999997,95.99999999999996,-4.263256414560601e-14,-245858.3444549164,optimal,-245826.0379229176,True,True,converged(kkt(residual=5.32e-02<=tol=7.63e-02); obj_plateau(range=1.08e-12)),converged,0.05315918619196918,0.07629230619756612,False,5,5,0.0,201,8000,6.278478537069532e-07,8.693920507951702e-07,10.0,0,0,0.00013140303238571327,29.132775953652295,29.571636766375924,31.069051976588753,1.0027093488534011e-05,1.0027723503453636e-05,1.0030397793205575e-05,29.132775953652295,29.571636766375924,31.069051976588753,1.0027093488534011e-05,1.0027723503453636e-05,1.0030397793205575e-05,1.0000013048593073,1.0000013048593073,c5de90832dce029b,c5de90832dce029b,True,True,0.8304999937536195,4.6285999997053295,5.459099993458949,0.7928999984869733,7.852800001273863,8.645699999760836
disturbance_step60,17,100.0,100.0,99.99999999999996,99.99999999999996,-4.263256414560601e-14,-252940.8565752806,optimal,-252907.01858764654,False,False,max_iterations,max_iterations,0.053268272823202366,0.07594454519380607,False,5,5,0.0,8000,8000,6.361106699159791e-07,8.808336646737303e-07,10.0,0,0,0.00013377825983551612,29.459001193484145,29.965072618383886,31.66868726952701,1.0029191757879237e-05,1.0030034571632905e-05,1.0033604465787608e-05,29.459001193484145,29.965072618383886,31.66868726952701,1.0029191757879237e-05,1.0030034571632905e-05,1.0033604465787608e-05,1.0000014368973875,1.0000014368973875,caa1d0adbd2a2802,caa1d0adbd2a2802,True,True,0.7496999896829948,4.564600007142872,5.314299996825866,0.7330999942496419,254.84170000709128,255.57480000134092
disturbance_step60,18,104.00000000000001,104.00000000000001,103.99999999999994,103.99999999999994,-7.105427357601002e-14,-259645.93848475258,optimal,-259612.19244598865,True,True,converged(kkt(residual=5.09e-02<=tol=7.56e-02); obj_plateau(range=2.57e-13)),converged,0.050926397950502515,0.07555828692497578,False,5,5,0.0,201,8000,6.76804603472192e-07,9.81075786832264e-07,10.0,0,0,0.00012996944593386656,29.83518713825559,30.410166831002797,32.32388788410938,1.0031446486637145e-05,1.003255432719756e-05,1.0037257650833878e-05,29.83518713825559,30.410166831002797,32.32388788410938,1.0031446486637145e-05,1.003255432719756e-05,1.0037257650833878e-05,1.0000016000414043,1.0000016000414043,f10d65b8bf41f975,f10d65b8bf41f975,True,True,0.8213000110117719,5.649799990351312,6.471100001363084,0.9120999893639237,7.261000006110407,8.173099995474331
disturbance_step60,19,108.00000000000001,108.00000000000001,107.99999999999994,107.99999999999994,-7.105427357601002e-14,-265957.5692540158,optimal,-265928.56538774783,True,True,converged(kkt(residual=4.20e-02<=tol=7.51e-02); obj_plateau(range=2.99e-13)),converged,0.041995603195568984,0.07513408474888969,False,5,5,0.0,201,8000,6.510826864314367e-07,9.116207602133386e-07,10.0,0,0,0.00010905448695920687,30.26259573381852,30.907740544433675,33.03432342597463,1.0033895682563044e-05,1.0035332213742204e-05,1.0041467676231376e-05,30.26259573381852,30.907740544433675,33.03432342597463,1.0033895682563044e-05,1.0035332213742204e-05,1.0041467676231376e-05,1.0000018017276073,1.0000018017276073,4f6d213fbb2c2241,4f6d213fbb2c2241,True,True,0.9807000024011359,5.026999991969205,6.007699994370341,0.7464999944204465,7.344600002397783,8.09109999681823
disturbance_step60,20,112.0,112.0,111.99999999999994,111.99999999999994,-5.684341886080802e-14,-271860.1225124427,optimal,-271837.4786386589,True,True,converged(kkt(residual=3.15e-02<=tol=7.47e-02); obj_plateau(range=2.98e-13)),converged,0.03152324338603622,0.07467252363026924,False,5,5,0.0,201,8000,6.83768817566488e-07,9.468268560297588e-07,10.0,0,0,8.329236952582845e-05,30.742161255455276,31.45835074073644,33.799569377951165,1.0036585572181912e-05,1.0038429042220354e-05,1.0046374493864521e-05,30.742161255455276,31.45835074073644,33.799569377951165,1.0036585572181912e-05,1.0038429042220354e-05,1.0046374493864521e-05,1.000002051549314,1.000002051549314,6fb1816fc6a0837b,6fb1816fc6a0837b,True,True,1.3355000119190663,5.0829999963752925,6.418500008294359,0.746000005165115,8.630600001197308,9.376600006362423
disturbance_step60,21,116.0,116.0,115.99999999999994,115.99999999999994,-5.684341886080802e-14,-277338.3609672305,optimal,-277322.43489832553,False,False,max_iterations,max_iterations,0.021362716350888964,0.07417421528969924,False,5,5,0.0,8000,8000,7.106024071390493e-07,9.839838641667598e-07,10.0,0,0,5.7424688201114875e-05,31.274537519628144,32.06232983559645,34.619125239305966,1.0039572851893256e-05,1.0041920221372836e-05,1.0052156935043224e-05,31.274537519628144,32.06232983559645,34.619125239305966,1.0039572851893256e-05,1.0041920221372836e-05,1.0052156935043224e-05,1.000002361942879,1.000002361942879,b958803f4158b4c8,b958803f4158b4c8,True,True,0.7578000077046454,4.617499987944029,5.375299995648675,1.1257000005571172,253.84560000384226,254.97130000439938
disturbance_step60,22,119.99999999999999,119.99999999999999,119.99999999999993,119.99999999999993,-5.684341886080802e-14,-282249.2947156021,optimal,-282197.1104831328,False,False,max_iterations,max_iterations,0.06976885675624009,0.07363979421806022,False,5,5,0.0,8000,8000,6.560768213148549e-07,9.557638476209718e-07,10.0,0,0,0.0001848870252158545,31.860139431473698,32.71982012895055,35.49242921855301,1.0042927636276365e-05,1.0045900001126806e-05,1.0059045087611502e-05,31.860139431473698,32.71982012895055,35.492429218553006,1.0042927636276365e-05,1.0045900001126806e-05,1.0059045087611502e-05,1.0000027491075865,1.0000027491075865,98fe3ed374dadc9b,98fe3ed374dadc9b,True,True,0.7517999911215156,6.947000001673587,7.698799992795102,0.9067000064533204,222.07760000310373,222.98430000955705
disturbance_step60,23,123.99999999999999,123.99999999999999,124.00000043308006,123.99999999999993,-5.684341886080802e-14,-285922.765800926,optimal,-285869.90915312816,False,False,max_iterations,max_iterations,0.07005103006232254,0.0730699144413015,False,5,5,0.0,8000,8000,6.280501878563882e-07,9.073958269212312e-07,10.0,0,0,0.0001848633761279558,32.499179256904526,33.43080354993059,36.4188703028621,1.0046737327042226e-05,1.0050487067028725e-05,1.0067336928314506e-05,32.499179256904526,33.43080354993059,36.418870302862096,1.0046737327042226e-05,1.0050487067028725e-05,1.0067336928314506e-05,1.0000032342458494,1.0000032342458494,0a3d437625b4fbea,0a3d437625b4fbea,True,True,0.7660999981453642,5.757400009315461,6.523500007460825,0.9317999938502908,176.8778999976348,177.8096999914851
disturbance_step60,24,127.99999999999997,127.99999999999997,127.99999999999991,127.99999999999991,-5.684341886080802e-14,-287335.9380485216,optimal,-287286.2814661956,False,False,max_iterations,max_iterations,0.06552646152480894,0.07246524693980246,False,5,5,0.0,8000,8000,6.228402611441197e-07,8.998689908779056e-07,10.0,0,0,0.00017281716538181948,33.19169804282029,34.195127258322415,37.39779823444413,1.005111170702066e-05,1.0055831947088486e-05,1.0077420781319361e-05,33.19169804282029,34.19512725832241,37.397798234444124,1.005111170702066e-05,1.0055831947088486e-05,1.0077420781319361e-05,1.0000038452434135,1.0000038452434135,31f896bf4e7d06cd,31f896bf4e7d06cd,True,True,1.1331999994581565,6.838000001152977,7.971200000611134,1.357000001007691,160.82109999842942,162.1780999994371
disturbance_step60,25,130.0,130.0,130.0,130.0,0.0,-285421.42745096504,optimal,-285377.6507268042,False,False,max_iterations,max_iterations,0.05765790466715581,0.07182647764299382,False,5,5,0.0,8000,8000,5.973793548719186e-07,8.63083255531194e-07,10.0,0,0,0.0001533757453032999,33.937592712032945,35.01252560136736,38.428531814316294,1.005618967429849e-05,1.0062126862556018e-05,1.0089805789359043e-05,33.93759271203294,35.01252560136735,38.42853181431628,1.005618967429849e-05,1.0062126862556018e-05,1.0089805789359043e-05,1.000004618956481,1.0000046189564815,b9dc957af8db9463,b9dc957af8db9463,False,False,0.8283999923150986,4.668199995649047,5.496599987964146,0.7416000007651746,168.82110000005923,169.5627000008244
disturbance_step60,26,130.0,130.0,130.0,130.0,0.0,-281039.56816845876,optimal,-281001.4067554634,False,False,max_iterations,max_iterations,0.05025777786203713,0.07100874693576695,False,5,5,0.0,8000,8000,5.907816813532918e-07,8.251903240719116e-07,10.0,0,0,0.00013578661981303002,34.73663933886757,35.88263890591762,39.51036584016606,1.0062148184087887e-05,1.0069618889944927e-05,1.0105163455459045e-05,34.73663933886756,35.88263890591761,39.51036584016605,1.0062148184087887e-05,1.0069618889944927e-05,1.0105163455459045e-05,1.000005604339681,1.0000056043396808,ff711dcc0119e78f,ff711dcc0119e78f,False,False,1.3066999963484704,5.879100004676729,7.1858000010252,0.7719000132055953,150.9712999977637,151.7432000109693
disturbance_step60,27,130.0,130.0,130.0,130.0,0.0,-276122.11941677064,optimal,-276086.99484195595,False,False,max_iterations,max_iterations,0.04632593527467469,0.07002785399538576,False,5,5,0.0,8000,8000,6.88617205923947e-07,9.989190337122977e-07,10.0,0,0,0.00012720666815443522,35.588513092118006,36.80502953120535,40.64257692132614,1.0069214176848358e-05,1.007862763007317e-05,1.0124384554526784e-05,35.588513092118,36.80502953120534,40.64257692132613,1.0069214176848358e-05,1.007862763007317e-05,1.0124384554526784e-05,1.0000068667446973,1.0000068667446973,eec988a9473d57ce,eec988a9473d57ce,False,False,0.7838000019546598,4.803100004210137,5.586900006164797,0.7432999991578981,156.041100010043,156.7844000092009
disturbance_step60,28,130.0,130.0,130.0,130.0,0.0,-271205.79345906223,optimal,-271173.0400641594,False,False,max_iterations,max_iterations,0.04329337286087878,0.06904688207028666,False,5,5,0.0,8000,8000,5.629272976648281e-07,8.133073210458974e-07,10.0,0,0,0.00012076952518316632,36.49280528639048,37.77919556259234,41.82442836075676,1.00776805645182e-05,1.0089569039656569e-05,1.0148657494724979e-05,36.49280528639047,37.779195562592335,41.82442836075675,1.00776805645182e-05,1.0089569039656567e-05,1.0148657494724979e-05,1.0000084938573894,1.0000084938573894,60f17c944ab33996,60f17c944ab33996,False,False,1.1452999897301197,5.005000013625249,6.150300003355369,0.7769000076223165,152.4353999993764,153.2123000069987
disturbance_step60,29,130.0,130.0,130.0,130.0,0.0,-266304.06758369354,optimal,-266273.25741258945,False,False,max_iterations,max_iterations,0.04084786072660008,0.06806875218664651,False,5,5,0.0,8000,8000,5.667608462545104e-07,8.18845973249438e-07,10.0,0,0,0.00011569545814170306,37.44903793778678,38.80458247844509,43.055174257720964,1.008792775660128e-05,1.0102987727945598e-05,1.0179576783908196e-05,37.44903793778677,38.804582478445084,43.05517425772096,1.008792775660128e-05,1.0102987727945596e-05,1.0179576783908196e-05,1.000010603941939,1.000010603941939,ce8d91ab62b988b9,ce8d91ab62b988b9,False,False,0.9313999908044934,4.7811999975237995,5.712599988328293,0.7597000076202676,152.05399999103975,152.81369999866
disturbance_step60,30,130.0,130.0,130.0,130.0,0.0,-261427.8559712686,optimal,-261400.58963517947,False,False,max_iterations,max_iterations,0.036218866261040886,0.06709583901060713,False,5,5,0.0,8000,8000,5.538200440469154e-07,8.00149433821673e-07,10.0,0,0,0.00010429774588421153,38.45667617246797,39.88059307969843,44.3262958722187,1.0100452783556139e-05,1.0119600936431953e-05,1.0219294017606023e-05,38.456676172467965,39.88059307969842,44.326295872218694,1.0100452783556139e-05,1.0119600936431951e-05,1.0219294017606023e-05,1.0000133502968045,1.0000133502968045,591b3ecde4db138c,591b3ecde4db138c,False,False,0.7517000049119815,6.136500000138767,6.888200005050749,0.777699999161996,152.41280000191182,153.19050000107381
disturbance_step60,31,130.00000000000003,130.00000000000003,130.0,130.0,-2.842170943040401e-14,-256586.0144209544,optimal,-256564.4929557194,False,False,max_iterations,max_iterations,0.02856145689526478,0.06613007545242537,False,5,5,0.0,8000,8000,5.940073748433861e-07,8.616765434510398e-07,10.0,0,0,8.387622093725752e-05,39.51513879282677,41.00370911940794,45.62384309440205,1.0115908887980325e-05,1.0140358723565776e-05,1.027064961864798e-05,39.51513879282676,41.00370911940793,45.62384309440204,1.0115908887980325e-05,1.0140358723565775e-05,1.027064961864798e-05,1.0000169276166246,1.0000169276166246,e63e390328138908,e63e390328138908,False,False,0.7562999962829053,5.207100010011345,5.9634000062942505,0.7703000010224059,153.4726999962004,154.2429999972228
disturbance_step60,32,130.0,130.0,130.0,130.0,0.0,-251785.73418807375,optimal,-251766.73547062627,False,False,max_iterations,max_iterations,0.02529621998174441,0.0651730359858107,False,5,5,0.0,8000,8000,5.815429346966994e-07,8.43595407751252e-07,10.0,0,0,7.545589311802635e-05,40.62166136640788,42.167626743408356,46.936965864865606,1.0135159609374298e-05,1.0166511340095578e-05,1.0337306087914461e-05,40.62166136640787,42.16762674340835,46.9369658648656,1.0135159609374298e-05,1.0166511340095577e-05,1.0337306087914461e-05,1.0000215859513406,1.0000215859513406,89c675b2b6a81172,89c675b2b6a81172,False,False,0.7963999960338697,4.900100000668317,5.696499996702187,0.7483000081265345,152.93489999021403,153.68319999834057
disturbance_step60,33,130.0,130.0,130.0,130.0,0.0,-247032.84415578097,optimal,-247017.19795643416,False,False,max_iterations,max_iterations,0.020878089607574153,0.06422600075476755,False,5,5,0.0,8000,8000,5.690607025599093e-07,8.254885299763259e-07,10.0,0,0,6.33365146253363e-05,41.77084845737516,43.36566791672194,48.25708836034172,1.0159342426202962e-05,1.0199689056691248e-05,1.0423972055584554e-05,41.77084845737515,43.36566791672193,48.25708836034171,1.0159342426202962e-05,1.0199689056691246e-05,1.0423972055584554e-05,1.00002764480365,1.0000276448036494,bbf453807b0dc39d,bbf453807b0dc39d,False,False,0.7805999921401963,4.974600000423379,5.7551999925635755,0.8808999991742894,148.70130000053905,149.58219999971334
disturbance_step60,34,130.0,130.0,130.0,130.0,0.0,-242332.04941107583,optimal,-242319.05266855494,False,False,max_iterations,max_iterations,0.017413007675979694,0.06329000661454104,False,5,5,0.0,8000,8000,5.568277430256785e-07,8.077431603581431e-07,10.0,0,0,5.363195892785565e-05,42.956351227797434,44.59092597223202,49.57797689401695,1.018994412676557e-05,1.0242010082863206e-05,1.053668028779401e-05,42.95635122779743,44.590925972232014,49.57797689401694,1.018994412676557e-05,1.0242010082863204e-05,1.053668028779401e-05,1.0000355128009815,1.0000355128009815,3ff630098949810a,3ff630098949810a,False,False,1.2303999974392354,5.164899994269945,6.39529999170918,0.7514999888371676,154.70040000218432,155.4518999910215
disturbance_step60,35,130.0,130.0,130.0,130.0,0.0,-237687.12104444238,optimal,-237676.30456377688,False,False,max_iterations,max_iterations,0.01458906234622044,0.06236588786399908,False,5,5,0.0,8000,8000,5.44838371752121e-07,7.903511862750179e-07,10.0,0,0,4.550722234312911e-05,44.17140619546908,45.83695172260525,50.89495729321921,1.0228899307463622e-05,1.0296214244032106e-05,1.0683152902901279e-05,44.171406195469075,45.83695172260524,50.8949572932192,1.0228899307463622e-05,1.0296214244032104e-05,1.0683152902901279e-05,1.0000457117886863,1.0000457117886863,d5b486206146ccbd,d5b486206146ccbd,False,False,0.7962999952724203,5.709100005333312,6.505400000605732,0.8295000006910414,155.97039999556728,156.79989999625832
disturbance_step60,36,130.0,130.0,130.0,130.0,0.0,-233101.04983733257,optimal,-233092.0150784694,False,False,max_iterations,max_iterations,0.01232641444342165,0.06145430937263706,False,5,5,0.0,8000,8000,6.87357584183701e-07,9.96194342128831e-07,10.0,0,0,3.87589797192662e-05,45.40948352759255,47.097838917598104,52.2045545514495,1.0278713971231812e-05,1.036583429649087e-05,1.0873268743414286e-05,45.40948352759254,47.0978389175981,52.20455455144949,1.0278713971231812e-05,1.0365834296490869e-05,1.0873268743414286e-05,1.000058908674502,1.0000589086745004,71538bf87cc44566,71538bf87cc44566,False,False,0.7661999989068136,4.751300002681091,5.517500001587905,0.9748000011313707,150.98800000851043,151.9628000096418
disturbance_step60,37,130.0,130.0,130.0,130.0,0.0,-228576.1718164679,optimal,-228569.41929935792,False,False,max_iterations,max_iterations,0.009340259741377442,0.06055579371339325,False,5,5,0.0,8000,8000,6.722538330450334e-07,9.74304339429466e-07,10.0,0,0,2.9541649316887568e-05,46.66451695380042,48.36835320017051,53.50412826644477,1.0342623010345865e-05,1.0455411819631811e-05,1.1119674734577008e-05,46.664516953800415,48.3683532001705,53.504128266444766,1.0342623010345865e-05,1.045541181963181e-05,1.1119674734577008e-05,1.0000759571416173,1.0000759571416176,cb0492bcb6ecfd41,cb0492bcb6ecfd41,False,False,0.7764000038150698,4.630499999620952,5.4069000034360215,0.7786999922245741,157.96540000883397,158.74410000105854
disturbance_step60,38,130.0,130.0,130.0,130.0,0.0,-224114.2717785217,optimal,-224109.22706943154,False,False,max_iterations,max_iterations,0.007197676977905661,0.05967074359576887,False,5,5,0.0,8000,8000,6.576731834684324e-07,9.531724574074474e-07,10.0,0,0,2.2509539665622575e-05,47.931058634757065,49.64391516037741,54.79166265923367,1.0424789135198688e-05,1.0570772044380092e-05,1.1438591403752979e-05,47.93105863475706,49.643915160377404,54.791662659233666,1.0424789135198688e-05,1.057077204438009e-05,1.1438591403752979e-05,1.0000979538377246,1.0000979538377246,d116fbd2c82231e0,d116fbd2c82231e0,False,False,0.7660999981453642,4.751400003442541,5.517500001587905,0.7538999925600365,155.60860000550747,156.3624999980675
disturbance_step60,39,130.0,130.0,130.0,130.0,0.0,-219716.66903214433,optimal,-219714.10290492116,False,False,max_iterations,max_iterations,0.0038248578298348958,0.05879946048712743,False,5,5,0.0,8000,8000,6.426081711197185e-07,9.313385591624979e-07,10.0,0,0,1.1679255991493251e-05,49.204306314942166,50.92057550494545,56.06560239687443,1.0530555493521728e-05,1.0719374634412519e-05,1.1850890373346329e-05,49.20430631494216,50.92057550494544,56.065602396874425,1.0530555493521728e-05,1.0719374634412517e-05,1.1850890373346329e-05,1.0001263149983302,1.0001263149983302,554bfff5912951c9,554bfff5912951c9,False,False,0.8272999984910712,5.229400005191565,6.056700003682636,0.7483000081265345,148.73689999512862,149.48520000325516
disturbance_step60,40,130.0,130.0,130.0,130.0,0.0,-215384.28854110668,optimal,-215383.2251877513,False,False,max_iterations,max_iterations,0.0020567548620618868,0.05794216010331558,False,5,5,0.0,8000,8000,6.288320832936733e-07,9.113727346132805e-07,10.0,0,0,4.93700521357734e-06,50.48009183635129,52.194957759675056,57.32474554955666,1.0666767540547945e-05,1.0910765749966646e-05,1.2383552396445595e-05,50.480091836351285,52.19495775967505,57.32474554955665,1.0666767540547945e-05,1.0910765749966644e-05,1.238355239644559e-05,1.0001628826826376,1.0001628826826376,745e727b153020ac,745e727b153020ac,False,False,0.8636999991722405,5.5668999993940815,6.430599998566322,0.7770999945932999,148.72650000324938,149.50359999784268
disturbance_step60,41,130.0,130.0,130.0,130.0,0.0,-211118.63702029595,optimal,-211118.60870145916,True,True,converged(kkt(residual=4.92e-04<=tol=5.71e-02); obj_plateau(range=1.67e-08)),converged,0.0004915332618060652,0.05709898526287748,False,5,5,0.0,501,8000,6.800879077673017e-07,9.865463468372582e-07,10.0,0,0,1.341370766217776e-07,51.75483560174435,53.464199514395304,58.56816376746488,1.0842186462087133e-05,1.1157166424599135e-05,1.3071662770483217e-05,51.75483560174434,53.4641995143953,58.568163767464874,1.0842186462087133e-05,1.1157166424599133e-05,1.3071662770483212e-05,1.000210073755604,1.000210073755604,e135c5551350051a,e135c5551350051a,False,False,0.7865999941714108,4.669800007832237,5.456400002003647,0.7432999991578981,10.170000008656643,10.913300007814541
disturbance_step60,42,130.0,130.0,130.0,130.0,0.0,-206922.3674493509,optimal,-206922.3384882019,True,True,converged(kkt(residual=1.08e-03<=tol=5.63e-02); obj_plateau(range=1.75e-08)),converged,0.0010772818732697651,0.05627001646932056,False,5,5,0.0,451,8000,6.726402403955944e-07,9.757426111534073e-07,10.0,0,0,1.3996142279839477e-07,53.02549121637784,54.72589075682159,59.79514556110168,1.1068025253675922e-05,1.1474247701261865e-05,1.3961166177047804e-05,53.02549121637783,54.725890756821585,59.79514556110168,1.1068025253675922e-05,1.1474247701261863e-05,1.3961166177047799e-05,1.0002710907268957,1.0002710907268957,ab3f82d369ade95a,ab3f82d369ade95a,False,False,0.8478999952785671,4.9811000062618405,5.8290000015404075,0.7752999954391271,9.718800007249229,10.494100002688356
disturbance_step60,43,130.00000000000003,130.00000000000003,129.99999999999997,129.99999999999997,-5.684341886080802e-14,-202795.50063490056,optimal,-202795.46046358295,True,True,converged(kkt(residual=1.96e-03<=tol=5.55e-02); obj_plateau(range=2.47e-08)),converged,0.0019612586958411443,0.055455280470009465,False,5,5,0.0,351,8000,6.654838955455489e-07,9.653614716498282e-07,10.0,0,0,1.9808781499042523e-07,54.28948544658738,55.97801639829211,61.005153326433316,1.1358651936153698e-05,1.1882164517023144e-05,1.5112695179349738e-05,54.28948544658737,55.978016398292105,61.00515332643331,1.1358651936153698e-05,1.1882164517023142e-05,1.5112695179349733e-05,1.0003502217184117,1.0003502217184121,e84c57c34fe4b214,e84c57c34fe4b214,False,False,0.7841000042390078,4.703700004029088,5.4878000082680956,0.7589000015286729,10.124000007635914,10.882900009164587
disturbance_step60,44,130.0,130.0,130.00000000000003,130.0,0.0,-198737.70980015665,optimal,-198737.68754416984,True,True,converged(kkt(residual=1.94e-03<=tol=5.47e-02); obj_plateau(range=1.40e-08)),converged,0.0019440681665045152,0.054654756936477,False,5,5,0.0,201,8000,6.579607827461587e-07,9.544483461354503e-07,10.0,0,0,1.1198673313238819e-07,55.544660094629194,57.21890324691535,62.19779083408779,1.1732523445269194e-05,1.240695156285074e-05,1.6606913172483163e-05,55.54466009462919,57.218903246915346,62.19779083408778,1.1732523445269194e-05,1.2406951562850738e-05,1.660691317248316e-05,1.0004532681750724,1.0004532681750724,4271feefd431c0e7,4271feefd431c0e7,False,False,1.0726000036811456,4.633099990314804,5.70569999399595,0.7825000066077337,6.084099994041026,6.866600000648759
disturbance_step60,45,130.0,130.0,130.0,130.0,0.0,-194747.84178402944,optimal,-194742.73473700345,True,True,converged(kkt(residual=6.71e-03<=tol=5.39e-02); obj_plateau(range=1.64e-15)),converged,0.006711558488868607,0.05386838330381959,False,5,5,0.0,201,8000,5.523933737094922e-07,8.005893450402368e-07,10.0,0,0,2.6223895367333e-05,56.78921767445046,58.44717272868527,63.372777800977815,1.221344127067576e-05,1.3082428465613039e-05,1.8551986542778255e-05,56.789217674450455,58.44717272868526,63.3727778009778,1.221344127067576e-05,1.3082428465613037e-05,1.8551986542778224e-05,1.000588154251119,1.0005881542511206,6b0ead50b8dcd789,6b0ead50b8dcd789,False,False,0.7480000058421865,4.731699998956174,5.47970000479836,0.7612000044900924,6.3892000034684315,7.150400007958524
disturbance_step60,46,130.0,130.0,130.0,130.0,0.0,-190823.04102907216,optimal,-190810.6376267796,True,True,converged(kkt(residual=1.63e-02<=tol=5.31e-02); obj_plateau(range=1.83e-15)),converged,0.016309817059072917,0.0530960576877219,False,5,5,0.0,201,8000,6.650845278954876e-07,9.640867384419494e-07,10.0,0,0,6.499950019498646e-05,58.02167234021292,59.6616991361294,64.52992981579379,1.283225903535136e-05,1.3952823801894359e-05,2.1094037516679137e-05,58.021672340212916,59.66169913612939,64.52992981579378,1.283225903535136e-05,1.3952823801894357e-05,2.1094037516679103e-05,1.0007657922929523,1.0007657922929525,d12d3036b408ec7e,d12d3036b408ec7e,False,False,0.724199999240227,4.63300000410527,5.357200003345497,0.7543999963672832,6.3630999939050525,7.117499990272336
disturbance_step60,47,130.0,130.0,130.0,130.0,0.0,-186962.37696064464,optimal,-186943.41054137188,True,True,converged(kkt(residual=2.50e-02<=tol=5.23e-02); obj_plateau(range=1.40e-15)),converged,0.02495535539253181,0.052337639653193165,False,5,5,0.0,201,8000,5.436540959635749e-07,7.898911640324968e-07,10.0,0,0,0.00010144511201211173,59.24080627823817,60.861573248056025,65.66914222531285,1.3629227439716847e-05,1.5076414058007539e-05,2.4431749600808675e-05,59.24080627823816,60.86157324805601,65.66914222531284,1.3629227439716847e-05,1.5076414058007537e-05,2.4431749600808593e-05,1.0010013058592766,1.0010013058592755,0a7901a01dce5c8f,0a7901a01dce5c8f,False,False,0.7501000072807074,4.662199993617833,5.41230000089854,0.7597999938298017,6.867699994472787,7.6274999883025885
disturbance_step60,48,130.0,130.0,130.0,130.0,0.0,-183164.91513296505,optimal,-183140.08669744004,True,True,converged(kkt(residual=3.27e-02<=tol=5.16e-02); obj_plateau(range=1.75e-15)),converged,0.032689852463944874,0.051592948422046564,False,5,5,0.0,201,8000,5.483017133656176e-07,7.966438717588176e-07,10.0,0,0,0.00013555235459249035,60.44563150282925,62.04607084493373,66.79037712551897,1.4657239205824328e-05,1.6530593465596096e-05,2.8836727925755534e-05,60.445631502829244,62.046070844933716,66.79037712551896,1.4657239205824328e-05,1.6530593465596096e-05,2.8836727925755446e-05,1.0013157471013459,1.0013157471013447,7e4a74f1b45b0a6e,7e4a74f1b45b0a6e,False,False,0.8232999971369281,4.682500002672896,5.505799999809824,0.898300000699237,6.423099999665283,7.32140000036452
disturbance_step60,49,130.0,130.0,129.99999999999997,129.99999999999997,-2.842170943040401e-14,-179429.4913597434,optimal,-179399.47040565708,True,True,converged(kkt(residual=3.96e-02<=tol=5.09e-02); obj_plateau(range=1.78e-15)),converged,0.039553727786659804,0.050861757848434476,False,5,5,0.0,201,8000,6.11644779269227e-07,8.886768654292609e-07,10.0,0,0,0.00016731337674121848,61.63535669095369,63.214625663276244,67.89365282436219,1.5986343757010025e-05,1.8418955140258733e-05,3.468179049773321e-05,61.63535669095368,63.21462566327623,67.89365282436218,1.5986343757010025e-05,1.841895514025872e-05,3.468179049773312e-05,1.0017384914685026,1.0017384914685052,242a86f2ee712d6a,242a86f2ee712d6a,False,False,0.7691000064369291,5.097599991131574,5.866699997568503,0.7699999987380579,6.740400000126101,7.510399998864159
disturbance_step60,50,130.0,130.0,130.0,130.0,0.0,-175754.6587114928,optimal,-175720.08407784073,True,True,converged(kkt(residual=4.56e-02<=tol=5.01e-02); obj_plateau(range=1.49e-15)),converged,0.04558600603979034,0.05014378711580584,False,5,5,0.0,201,8000,5.602647092928237e-07,8.14025252537931e-07,10.0,0,0,0.00019672100816893242,62.809358627771545,64.3668063085973,68.97903535661558,1.771004879334599e-05,2.088118832276349e-05,4.248012413352589e-05,62.80935862777153,64.36680630859729,68.97903535661555,1.771004879334599e-05,2.0881188322763476e-05,4.248012413352573e-05,1.00231055276414,1.0023105527641403,346c6454228a1637,346c6454228a1637,False,False,1.045699988026172,4.8645000060787424,5.910199994104914,0.7416000007651746,7.037399991531856,7.778999992297031
disturbance_step60,51,130.0,130.0,130.0,130.0,0.0,-172138.6026112616,optimal,-172100.08379857035,False,False,max_iterations,max_iterations,0.05082472923202346,0.049438685530264474,False,5,5,0.0,8000,8000,6.757813508784238e-07,9.802991769447544e-07,10.0,0,0,0.0002237662680362557,63.967157802997406,65.50229669912932,70.04663175947266,1.9954127492003092e-05,2.4106900556497154e-05,5.2939230035971814e-05,63.96715780299739,65.50229669912929,70.04663175947263,1.9954127492003092e-05,2.4106900556497137e-05,5.293923003597164e-05,1.0030891393708201,1.0030891393708201,fa14867ca843d76f,fa14867ca843d76f,False,False,0.7444999937433749,4.5409000013023615,5.285399995045736,0.7419999892590567,251.49270000110846,252.23469999036752
disturbance_step60,52,130.0,130.0,130.0,130.0,0.0,-168579.00984923483,optimal,-168537.12785959907,False,False,max_iterations,max_iterations,0.05530610094290414,0.04874600885193521,False,5,5,0.0,8000,8000,5.373015596887853e-07,7.806614643612875e-07,10.0,0,0,0.00024844130757010883,65.10839773149327,66.62087966539488,71.09658492755247,2.288892387473418e-05,2.835488283289929e-05,6.703486721298836e-05,65.10839773149326,66.62087966539485,71.09658492755244,2.288892387473418e-05,2.8354882832899212e-05,6.703486721298806e-05,1.0041538720862666,1.0041538720862668,cd259a7de56f3efc,cd259a7de56f3efc,False,False,0.777699999161996,4.465699996217154,5.24339999537915,0.7295999967027456,276.83970000362024,277.569300000323
disturbance_step60,53,130.0,130.0,130.0,130.0,0.0,-165072.8686270707,optimal,-165028.17762950255,False,False,max_iterations,max_iterations,0.059065117880208094,0.048065183034199585,False,5,5,0.0,8000,8000,5.214190252900153e-07,7.575852762897739e-07,10.0,0,0,0.0002707349665628999,66.23282762269277,67.72242340235866,72.12906995180523,2.6746518406205812e-05,3.397988237098351e-05,8.611184642383666e-05,66.23282762269274,67.72242340235863,72.1290699518052,2.6746518406205812e-05,3.397988237098335e-05,8.611184642383605e-05,1.0056152093333455,1.0056152093333455,756ff508bc947822,756ff508bc947822,False,False,0.7671000057598576,4.911700001684949,5.678800007444806,0.7855000003473833,268.30539999355096,269.09089999389835
disturbance_step60,54,130.0,130.0,130.0,130.0,0.0,-161616.161465562,optimal,-161569.19011905746,False,False,max_iterations,max_iterations,0.06213448357599841,0.04739544848986392,False,5,5,0.0,8000,8000,5.306293360263226e-07,7.70967285568247e-07,10.0,0,0,0.0002906352067682656,67.34028809419581,68.80687054634416,73.14429192629689,3.1844611049781495e-05,4.146967191003758e-05,0.00011202061419671508,67.34028809419578,68.80687054634413,73.14429192629686,3.1844611049781495e-05,4.1469671910037346e-05,0.0001120206141967142,1.0076257803464352,1.0076257803464348,575036af481c50f6,575036af481c50f6,False,False,0.7881000055931509,5.2392999932635576,6.027399998856708,0.9169999975711107,268.472900002962,269.3899000005331
disturbance_step60,55,130.0,130.0,130.0,130.0,0.0,-158203.38502878798,optimal,-158154.63863351315,False,False,max_iterations,max_iterations,0.06454456027228254,0.04673577301352739,False,5,5,0.0,8000,8000,6.88228951162273e-07,9.974572323656616e-07,10.0,0,0,0.0003081248562793971,68.43069970476235,69.87422973194207,74.1424852831402,3.8619637364567744e-05,5.1496155359949457e-05,0.00014730119077533538,68.43069970476232,69.87422973194204,74.14248528314019,3.8619637364567744e-05,5.1496155359949186e-05,0.00014730119077533435,1.0103955169547845,1.010395516954784,1fdfd39b7c32edf0,1fdfd39b7c32edf0,False,False,0.7702000002609566,4.599899999448098,5.370099999709055,0.7486999966204166,257.13460000406485,257.88330000068527
disturbance_step60,56,130.0,130.0,130.0,130.0,0.0,-154826.77862143036,optimal,-154776.7415855105,False,False,max_iterations,max_iterations,0.0663219029866829,0.046084712124032375,False,5,5,0.0,8000,8000,5.329182926061549e-07,7.742931762422245e-07,10.0,0,0,0.00032318075959118173,69.50405417141482,70.92456957340303,75.12391479571389,4.767250118687801e-05,6.498548706359971e-05,0.00019542929915612135,69.5040541714148,70.924569573403,75.12391479571387,4.767250118687801e-05,6.498548706359931e-05,0.00019542929915612015,1.0142117107504625,1.014211710750462,ec85f7bcd56ae152,ec85f7bcd56ae152,False,False,0.7672000065213069,5.641099996864796,6.408300003386103,0.8252999978139997,268.3465000009164,269.1717999987304
disturbance_step60,57,130.0,130.0,130.0,130.0,0.0,-151475.04120218026,optimal,-151424.18155768933,False,False,max_iterations,max_iterations,0.06748857119006339,0.04544017740708874,False,5,5,0.0,8000,8000,6.350218910711192e-07,9.226427168940177e-07,10.0,0,0,0.0003357625394083053,70.56040823389368,71.95801511327059,76.08887847756213,5.983144181865133e-05,8.321377814267008e-05,0.0002611435762269551,70.56040823389365,71.95801511327056,76.0888784775621,5.983144181865124e-05,8.321377814266961e-05,0.0002611435762269537,1.0194654224269861,1.0194654224269877,3e93027f37c0e0f3,3e93027f37c0e0f3,False,False,0.7735999970464036,5.6468999973731115,6.420499994419515,0.7612000044900924,284.86509999493137,285.62629999942146
disturbance_step60,58,130.0,130.0,130.0,130.0,0.0,-148131.11077336658,optimal,-148079.88602470327,False,False,max_iterations,max_iterations,0.06805780982219777,0.04479903685388239,False,5,5,0.0,8000,8000,5.12887424974906e-07,7.43332958741405e-07,10.0,0,0,0.00034580682205065475,71.59988023965897,72.97474689074431,77.03771270348128,7.623802393224716e-05,0.00010793700677174491,0.0003508777483324832,71.59988023965894,72.97474689074429,77.03771270348125,7.623802393224706e-05,0.00010793700677174436,0.0003508777483324809,1.026686052093552,1.0266860520935506,2010a0faa6c5d033,2010a0faa6c5d033,False,False,0.8894999918993562,4.971899994416162,5.861399986315519,0.7387999939965084,280.3423000004841,281.0810999944806
disturbance_step60,59,130.0,130.0,130.0,130.0,0.0,-144768.1465422684,optimal,-144717.01502231663,False,False,max_iterations,max_iterations,0.06802942415484071,0.044156394639039184,False,5,5,0.0,8000,8000,5.178071518230354e-07,7.504631982513388e-07,10.0,0,0,0.00035319592861472103,72.62264964699989,73.97500290738093,77.97079999456433,9.846413029699087e-05,0.00014156634928201114,0.00047332777320754406,72.62264964699986,73.9750029073809,77.9707999945643,9.846413029699062e-05,0.0001415663492820105,0.0004733277732075414,1.036586351208483,1.0365863512084827,abbec4cfbdd5f7a8,abbec4cfbdd5f7a8,False,False,0.7909000123618171,5.022599987569265,5.813499999931082,0.8059999963734299,268.70440000493545,269.5104000013089
disturbance_step60,60,129.99999999999997,129.99999999999997,130.0,130.0,2.842170943040401e-14,-197793.40084083733,optimal,-197793.379564027,True,True,converged(kkt(residual=1.91e-03<=tol=5.44e-02); obj_plateau(range=1.34e-08)),converged,0.001909564817866031,0.05443041889633782,False,5,5,0.0,201,8000,6.577995748102694e-07,9.5421455803546e-07,10.0,0,0,1.0757088127740305e-07,58.62895978704019,59.95908391297364,63.88858004554176,0.00012867025852995748,0.00018740344468097845,0.0006401914369111172,58.62895978704016,59.95908391297361,63.88858004554173,0.00012867025852995718,0.00018740344468097736,0.0006401914369111129,1.0037383227045942,1.003738322704595,089b465d940d87d7,089b465d940d87d7,False,False,0.7839000027161092,4.501700008404441,5.28560001112055,0.748799997381866,5.206800007726997,5.955600005108863
disturbance_step60,61,130.0,130.0,130.0,130.0,0.0,-194201.37678182597,optimal,-194196.65158342695,True,True,converged(kkt(residual=6.21e-03<=tol=5.37e-02); obj_plateau(range=1.65e-15)),converged,0.006209584051153903,0.05372834281258786,False,5,5,0.0,201,8000,5.383842562878272e-07,7.802857568961485e-07,10.0,0,0,2.433143614826326e-05,59.617804514945554,60.92535945578997,64.78433259412327,0.00013165092344799657,0.00019202816826026137,0.00065799152154091,59.617804514945526,60.925359455789945,64.78433259412324,0.00013165092344799627,0.00019202816826026023,0.0006579915215409055,1.004498007025866,1.0044980070258664,ee688df97c80b1a2,ee688df97c80b1a2,False,False,0.7834999996703118,4.59739999496378,5.380899994634092,0.7363000040641055,6.314500002190471,7.050800006254576
disturbance_step60,62,130.0,130.0,130.0,130.0,0.0,-190600.71901782788,optimal,-190589.06415487867,True,True,converged(kkt(residual=1.53e-02<=tol=5.30e-02); obj_plateau(range=1.83e-15)),converged,0.015324504707982904,0.05302481246680637,False,5,5,0.0,201,8000,6.256526603465318e-07,9.075817350989723e-07,10.0,0,0,6.114805342493736e-05,60.589894402254785,61.873844877618886,65.66784275654055,0.00013526370675729567,0.00019760719214877547,0.0006791469975475791,60.58989440225476,61.87384487761886,65.66784275654052,0.00013526370675729537,0.00019760719214877428,0.0006791469975475745,1.005403863798955,1.005403863798956,dc83eb3ed16b0741,dc83eb3ed16b0741,False,False,1.269900007173419,5.867400002898648,7.137300010072067,0.8166999905370176,7.365700002992526,8.182399993529543
disturbance_step60,63,130.00000000000003,130.00000000000003,130.0,130.0,-2.842170943040401e-14,-187003.29010964258,optimal,-186985.2940810627,True,True,converged(kkt(residual=2.37e-02<=tol=5.23e-02); obj_plateau(range=1.56e-15)),converged,0.023676424626510685,0.052322357409761426,False,5,5,0.0,201,8000,6.840665633944809e-07,9.914246676956395e-07,10.0,0,0,9.62337537984798e-05,61.54446422452463,62.80699325747216,66.53568085720025,0.00013963429768705906,0.00020432419936719263,0.0007042708242781449,61.5444642245246,62.80699325747213,66.53568085720023,0.0001396342976870587,0.0002043241993671914,0.0007042708242781398,1.0064836358861171,1.0064836358861171,ae9c1956684885d5,ae9c1956684885d5,False,False,0.7545999978901818,4.343200009316206,5.097800007206388,0.7587000000057742,7.739499997114763,8.498199997120537
disturbance_step60,64,130.0,130.0,130.0,130.0,0.0,-183418.0048470765,optimal,-183394.25829889564,True,True,converged(kkt(residual=3.13e-02<=tol=5.16e-02); obj_plateau(range=1.75e-15)),converged,0.031261574235919104,0.05162286564495377,False,5,5,0.0,201,8000,5.403238390044862e-07,7.850526833053095e-07,10.0,0,0,0.00012946683288101108,62.48314190891633,63.72387640132332,67.38883755124016,0.0001449126914647806,0.00021240167424555953,0.0007340746906852203,62.4831419089163,63.72387640132329,67.38883755124013,0.00014491269146478026,0.00021240167424555823,0.0007340746906852151,1.0077721104828514,1.0077721104828512,0bb320f6a17f426a,0bb320f6a17f426a,False,False,0.7707000040682033,4.935699995257892,5.706399999326095,0.7566999993287027,6.415900003048591,7.172600002377294
disturbance_step60,65,130.0,130.0,130.0,130.0,0.0,-179850.95302285952,optimal,-179822.04105978584,True,True,converged(kkt(residual=3.81e-02<=tol=5.09e-02); obj_plateau(range=1.78e-15)),converged,0.03808682030351136,0.050927668603937506,False,5,5,0.0,201,8000,5.377974332532176e-07,7.813820799285054e-07,10.0,0,0,0.00016075512855395148,63.40565640577902,64.6252308347891,68.28537300921913,0.00015128081170993874,0.00022210534219838118,0.0007694075747355354,63.40565640577899,64.62523083478906,68.28537300921911,0.0001512808117099384,0.00022210534219837985,0.0007694075747355301,1.009343023575983,1.0093430235759835,8b0b4e1d354b3a68,8b0b4e1d354b3a68,False,False,1.0996000055456534,4.936099998303689,6.0357000038493425,0.7703000010224059,6.529899997985922,7.300199999008328
disturbance_step60,66,130.0,130.0,130.0,130.0,0.0,-176306.32436412503,optimal,-176272.82207705648,True,True,converged(kkt(residual=4.42e-02<=tol=5.02e-02); obj_plateau(range=1.65e-15)),converged,0.04416458158813631,0.050237705408574904,False,5,5,0.0,201,8000,5.538211667044379e-07,8.046634754066417e-07,10.0,0,0,0.0001900231723930951,64.31248693928106,65.5327261457309,69.20816389265495,0.00015895809894429458,0.0002337563495633437,0.0008117016647301294,64.31248693928103,65.53272614573089,69.20816389265492,0.00015895809894429417,0.00023375634956334233,0.000811701664730124,1.011271328609492,1.011271328609491,7d13b6dc189d8d76,7d13b6dc189d8d76,False,False,0.884700013557449,4.833499988308176,5.718200001865625,0.7830999966245145,6.87320000724867,7.656300003873184
disturbance_step60,67,130.0,130.0,130.0,130.0,0.0,-172786.32784486277,optimal,-172748.79699497914,True,True,converged(kkt(residual=4.95e-02<=tol=4.96e-02); obj_plateau(range=2.19e-15)),converged,0.04951165066114735,0.04955351982160914,False,5,5,0.0,201,8000,6.700396681935672e-07,9.71970289143087e-07,10.0,0,0,0.00021720960420785421,65.2198661253965,66.445741927868,70.15168242962643,0.00016821119825161655,0.00024779606089598145,0.0008626888748955491,65.21986612539649,66.44574192786797,70.15168242962642,0.0001682111982516161,0.0002477960608959799,0.0008626888748955432,1.0136596809054748,1.013659680905474,5df287f360970b1c,5df287f360970b1c,False,False,0.8453000045847148,4.816000000573695,5.6613000051584095,0.9411000064574182,6.9807999971089885,7.921900003566407
disturbance_step60,68,130.0,130.0,130.0,130.0,0.0,-169291.38193869614,optimal,-169250.36909672004,False,False,max_iterations,max_iterations,0.05414706675538012,0.04887529960100345,False,5,5,0.0,8000,8000,4.869949066232948e-07,7.058066673337748e-07,10.0,0,0,0.0002422618417220015,66.13150206350885,67.36810159590947,71.10489859034308,0.00017939639935809815,0.00026477996457243514,0.0009245603135961839,66.13150206350883,67.36810159590945,71.10489859034305,0.0001793963993580977,0.0002647799645724335,0.0009245603135961777,1.0166335671342595,1.016633567134259,59b8cebed7d9b997,59b8cebed7d9b997,False,False,0.7697999972151592,6.404900006600656,7.174700003815815,0.9393999935127795,270.1056000078097,271.0450000013225
disturbance_step60,69,130.0,130.0,130.00000000000003,130.0,0.0,-165819.83665543306,optimal,-165775.87259326997,False,False,max_iterations,max_iterations,0.05809139029056331,0.048202831734508296,False,5,5,0.0,8000,8000,5.189772451785757e-07,7.54037953853981e-07,10.0,0,0,0.0002651315008499023,67.05119206327697,68.2980707417599,72.06186457118349,0.00019297094758267277,0.0002854271234631744,0.0010000246155650822,67.05119206327696,68.29807074175987,72.06186457118348,0.0001929709475826723,0.00028542712346317267,0.0010000246155650757,1.0203561178925011,1.0203561178925005,62f8f29f0ed865ad,62f8f29f0ed865ad,False,False,1.2621000059880316,5.013599991798401,6.2756999977864325,0.7408000092254952,290.1977000001352,290.9385000093607
disturbance_step60,70,130.0,130.0,130.0,130.0,0.0,-162367.5669407362,optimal,-162321.1666880827,False,False,max_iterations,max_iterations,0.061364734534936405,0.04753543277056115,False,5,5,0.0,8000,8000,5.282809496520713e-07,7.675556679132001e-07,10.0,0,0,0.0002857729134441337,67.9786261676047,69.23441179319114,73.01742295359624,0.00020952829556562696,0.0003106547282640701,0.001092486532978023,67.97862616760467,69.23441179319113,73.01742295359622,0.00020952829556562647,0.00031065472826406824,0.0010924865329780163,1.025036548155856,1.025036548155856,eee501d89bea228b,eee501d89bea228b,False,False,0.7650000043213367,4.696100004366599,5.461100008687936,0.7375999994110316,285.4511000041384,286.18870000354946
disturbance_step60,71,130.0,130.0,130.0,130.0,0.0,-158927.09276886517,optimal,-158878.75717443126,False,False,max_iterations,max_iterations,0.06398556830620403,0.04687179327218324,False,5,5,0.0,8000,8000,6.854706668946164e-07,9.934596052474376e-07,10.0,0,0,0.00030413690700451245,68.91281079442138,70.174784077218,73.96837113486995,0.00022983289871542024,0.00034164109162423717,0.001206236214803697,68.91281079442136,70.17478407721799,73.96837113486994,0.00022983289871541943,0.0003416410916242353,0.0012062362148036899,1.030946739009736,1.0309467390097358,290ee95f6af3ef61,290ee95f6af3ef61,False,False,0.7705000025453046,4.937399993650615,5.70789999619592,0.793700004578568,265.18049999140203,265.9741999959806
disturbance_step60,72,130.0,130.0,130.0,130.0,0.0,-155486.09300282746,optimal,-155436.31173628138,False,False,max_iterations,max_iterations,0.06596795202836699,0.04620971302569789,False,5,5,0.0,8000,8000,5.308991291030907e-07,7.713600718162184e-07,10.0,0,0,0.0003201653960477521,69.85175874812636,71.11703887020282,74.91231789863815,0.0002548730428285285,0.0003799007841063013,0.001346718117046914,69.85175874812633,71.1170388702028,74.91231789863814,0.00025487304282852764,0.000379900784106299,0.0013467181170469065,1.0384399266623487,1.0384399266623487,822fe3bbdbd84aae,822fe3bbdbd84aae,False,False,1.3199000095482916,6.3126000022748485,7.63250001182314,0.9189999982481822,278.3823000063421,279.3013000045903
disturbance_step60,73,130.00000000000003,130.00000000000003,130.0,130.0,-2.842170943040401e-14,-152024.7699142186,optimal,-151974.02817762212,False,False,max_iterations,max_iterations,0.06731869232061757,0.04554563069491132,False,5,5,0.0,8000,8000,6.339928972920461e-07,9.211485503257677e-07,10.0,0,0,0.0003337728228443891,70.7933728315132,72.05901258555058,75.84768275534987,0.0002859281990441025,0.00042738877278249984,0.001520866652176391,70.79337283151318,72.05901258555055,75.84768275534985,0.00028592819904410137,0.0004273887727824974,0.0015208666521763828,1.0479764651395782,1.0479764651395789,b77503057b60221e,b77503057b60221e,False,False,0.9207999974023551,4.668699999456294,5.589499996858649,0.7535000040661544,262.1439999929862,262.89749999705236
disturbance_step60,74,130.00000000000003,130.00000000000003,130.00000000000003,130.0,-2.842170943040401e-14,-148511.16000127286,optimal,-148459.94968303564,False,False,max_iterations,max_iterations,0.06802905283738939,0.04487378883990326,False,5,5,0.0,8000,8000,5.123778237248189e-07,7.425943922001466e-07,10.0,0,0,0.0003448247137578229,71.73551972893112,72.99880294447459,76.77336161284565,0.0003246604692272039,0.0004866358136696463,0.0017375453938515194,71.73551972893111,72.99880294447458,76.77336161284563,0.00032466046922720266,0.0004866358136696428,0.0017375453938515105,1.0601564322801706,1.0601564322801702,f517f849c3ba9ddf,f517f849c3ba9ddf,False,False,0.8467000006930903,4.587200004607439,5.433900005300529,0.7391000108327717,270.0540999940131,270.79320000484586
disturbance_step60,75,130.0,130.0,130.0,130.0,0.0,-144892.4648559168,optimal,-144841.30756769795,False,False,max_iterations,max_iterations,0.06806195006709143,0.044184697213448136,False,5,5,0.0,8000,8000,5.177502657716104e-07,7.503807184505717e-07,10.0,0,0,0.00035307072917682887,72.67625526899549,73.93474459335147,77.68864963979865,0.0003732352377011845,0.0005609283084167929,0.002008109276572122,72.67625526899548,73.93474459335145,77.68864963979864,0.0003732352377011828,0.0005609283084167881,0.0020081092765721125,1.0757621475863723,1.0757621475863735,4c91aa11aadbbedf,4c91aa11aadbbedf,False,False,0.7614999922225252,4.523800002061762,5.285299994284287,0.730999992811121,273.09270000841934,273.82370000123046
disturbance_step60,76,130.0,130.0,130.0,130.0,0.0,-141224.59891353812,optimal,-141174.05906375873,False,False,max_iterations,max_iterations,0.06735891081820408,0.04348872820184068,False,5,5,0.0,8000,8000,5.43434993005576e-07,7.895753428854846e-07,10.0,0,0,0.00035786860198722164,73.61386548933406,74.8654598463914,78.59313444174542,0.0004344815776985251,0.0006545444385531455,0.0023471282542447116,73.61386548933405,74.86545984639139,78.5931344417454,0.00043448157769852326,0.0006545444385531403,0.0023471282542447012,1.0836785482033269,1.0836785482033264,23871637ec8ef403,23871637ec8ef403,False,False,0.8374999888474122,5.4650000092806295,6.302499998128042,0.9227999980794266,273.60980000230484,274.53260000038426
disturbance_step60,77,130.0,130.0,130.0,130.0,0.0,-137427.79368688512,optimal,-137378.49400765373,False,False,max_iterations,max_iterations,0.0658458672239908,0.042771518806385744,False,5,5,0.0,8000,8000,5.483909575332291e-07,7.967766730843096e-07,10.0,0,0,0.0003587315048054803,74.54691667660829,75.78984983922197,79.48665703201615,0.0005121041666726845,0.0007730646510376109,0.0027733131750708557,74.54691667660828,75.78984983922196,79.48665703201614,0.0005121041666726825,0.0007730646510376052,0.0027733131750708444,1.089991761314452,1.08999176131445,d6b1f6e675c759b9,d6b1f6e675c759b9,False,False,0.754000007873401,4.961600003298372,5.715600011171773,0.7759000000078231,285.704199995962,286.4800999959698
disturbance_step60,78,130.0,130.0,130.0,130.0,0.0,-133426.21800422936,optimal,-133378.8960316326,False,False,max_iterations,max_iterations,0.06337452038837592,0.0420196198637757,False,5,5,0.0,8000,8000,5.176650574867381e-07,7.502571977013872e-07,10.0,0,0,0.0003546677205171116,75.4742639804756,76.70709967902272,80.36928281199523,0.0006109630682109495,0.0009237783852600391,0.0033106985694120955,75.47426398047558,76.7070996790227,80.36928281199523,0.0006109630682109459,0.0009237783852600327,0.0033106985694120795,1.0961009031063647,1.0961009031063653,566040ee7802e533,566040ee7802e533,False,False,0.7951000006869435,5.99089999741409,6.785999998101033,0.8123000006889924,275.64010000787675,276.45240000856575
disturbance_step60,79,130.0,130.0,130.0,130.0,0.0,-129137.44417246588,optimal,-129093.01945829445,False,False,max_iterations,max_iterations,0.059708531983463625,0.041218616151322614,False,5,5,0.0,8000,8000,5.205894524351606e-07,7.544955851201962e-07,10.0,0,0,0.0003440110996160118,76.39506051628615,77.61667651527145,81.2412973750337,0.0007374421043111894,0.0011162161056939136,0.003990148572089693,76.39506051628614,77.61667651527145,81.2412973750337,0.0007374421043111854,0.0011162161056939065,0.003990148572089675,1.101936409863724,1.1019364098637237,c50886ac8f0216fb,c50886ac8f0216fb,False,False,0.8291999984066933,4.642799991415814,5.471999989822507,0.745400000596419,266.5225999953691,267.2679999959655
disturbance_step60,80,130.0,130.0,130.0,130.0,0.0,-124452.93623539738,optimal,-124412.61348222592,False,False,max_iterations,max_iterations,0.05447710581704133,0.04034972582893058,False,5,5,0.0,8000,8000,5.238105700300366e-07,7.591639930026872e-07,10.0,0,0,0.00032400001471397056,77.30876227454941,78.51833648953128,82.10321542494485,0.0008999331093467245,0.001362843888124324,0.004851269817928886,77.30876227454941,78.51833648953126,82.10321542494485,0.00089993310934672,0.001362843888124316,0.004851269817928865,1.1074478297420607,1.107447829742061,42723c92041d0a6e,42723c92041d0a6e,False,False,1.0917000035988167,6.841800000984222,7.933500004583038,1.1283999920124188,301.36830000265036,302.4966999946628
disturbance_step60,81,130.0,130.0,130.0,130.0,0.0,-119229.8137316877,optimal,-119197.65594181439,False,False,max_iterations,max_iterations,0.04370828198106066,0.03938856701960552,False,5,5,0.0,8000,8000,5.097248134688925e-07,7.387493612398544e-07,10.0,0,0,0.0002697126571519748,78.21513978309748,79.41213896531704,82.95580553864035,0.001109471597068895,0.0016799692972920206,0.005944835977840639,78.21513978309747,79.41213896531704,82.95580553864035,0.00110947159706889,0.0016799692972920117,0.0059448359778406165,1.1126068564471225,1.112606856447124,86d17be0395f2ca0,86d17be0395f2ca0,False,False,1.0867999953916296,6.949000002350658,8.035799997742288,0.982600002316758,248.12479999673087,249.10739999904763
disturbance_step60,82,130.0,130.0,130.0,130.0,0.0,-113279.66805847883,optimal,-113258.04942958255,False,False,max_iterations,max_iterations,0.029680307269912182,0.038303595267050294,False,5,5,0.0,8000,8000,4.972293652372173e-07,7.206395595815707e-07,10.0,0,0,0.00019084297532778182,79.11429853506885,80.29847323522542,83.80012970776376,0.0013805707187173413,0.0020889224685614015,0.007335856553786009,79.11429853506885,80.29847323522542,83.80012970776376,0.0013805707187173357,0.002088922468561391,0.007335856553785984,1.117409263811668,1.117409263811668,0410228522ff46dd,0410228522ff46dd,False,False,0.7603999983984977,5.025499995099381,5.785899993497878,0.7724000024609268,242.33900000399444,243.11140000645537
disturbance_step60,83,130.0,130.0,130.0,130.0,0.0,-106353.0766880305,optimal,-106343.19593306059,False,False,max_iterations,max_iterations,0.013968992691344943,0.0370541597530025,False,5,5,0.0,8000,8000,5.740775890217265e-07,8.320164797126495e-07,10.0,0,0,9.29052104332663e-05,80.00671309778389,81.17810012307744,84.63760020807078,0.0017323158637796417,0.0026175974602227143,0.009107459150643153,80.00671309778389,81.17810012307744,84.63760020807078,0.0017323158637796352,0.0026175974602227025,0.009107459150643125,1.1218760638489584,1.1218760638489564,288f6ca448d27cc9,288f6ca448d27cc9,False,False,0.786600008723326,4.425699997227639,5.212300005950965,0.7372999971266836,230.9367999987444,231.67409999587107
disturbance_step60,84,130.0,130.0,130.00000000000003,130.0,0.0,-98119.3334000223,optimal,-98119.31065254408,True,True,converged(kkt(residual=5.79e-04<=tol=3.56e-02); obj_plateau(range=2.71e-08)),converged,0.0005790364860502927,0.035588202447772964,False,5,5,0.0,551,8000,5.196986023747741e-07,7.532044721259012e-07,10.0,0,0,2.3183482266375082e-07,80.89327871821037,82.0522129087193,85.47005678585818,0.0021898041455174506,0.003302468815430997,0.011365804379491569,80.89327871821037,82.0522129087193,85.47005678585818,0.002189804145517443,0.0033024688154309834,0.011365804379491537,1.126054357011966,1.1260543570119657,9e759f77c5897802,9e759f77c5897802,False,False,0.9208999981638044,4.8537999973632395,5.774699995527044,1.1521999986143783,17.28529999672901,18.437499995343387
disturbance_step60,85,130.00000000000003,130.00000000000003,130.0,130.0,-2.842170943040401e-14,-88199.8388021771,optimal,-88182.58000440415,True,True,converged(kkt(residual=2.33e-02<=tol=3.38e-02); obj_plateau(range=8.58e-15)),converged,0.02333159570105519,0.03383991107193752,False,5,5,0.0,201,8000,6.629737328012197e-07,9.658954640556772e-07,10.0,0,0,0.00019567833691471893,81.77538579070459,82.92252274661578,86.2998692503646,0.0027860446808960137,0.0041912418088347215,0.014246321778364667,81.77538579070459,82.92252274661578,86.2998692503646,0.0027860446808960055,0.004191241808834706,0.014246321778364632,1.130018458111644,1.130018458111644,88ff2c6be26a9629,88ff2c6be26a9629,False,False,0.7791999960318208,4.956399992806837,5.735599988838658,0.8400999940931797,8.638100000098348,9.478199994191527
disturbance_step60,86,130.0,130.0,130.0,130.0,0.0,-75953.06398759873,optimal,-75917.43940568308,False,False,max_iterations,max_iterations,0.048765599530317276,0.03172860132890295,False,5,5,0.0,8000,8000,6.874913509591352e-07,9.963882066088559e-07,10.0,0,0,0.00046903416459361,82.6550240402027,83.79137604139085,87.13007264658518,0.003564482771038744,0.005346359925044524,0.017921653560027128,82.6550240402027,83.79137604139085,87.13007264658518,0.0035644827710387345,0.005346359925044506,0.01792165356002709,1.1338719836240567,1.1338719836240558,211327c7c1e19c95,211327c7c1e19c95,False,False,0.7613999914610758,4.870600008871406,5.632000000332482,0.7493000011891127,429.8705999972299,430.619899998419
disturbance_step60,87,130.0,130.0,130.0,130.0,0.0,-60523.05126669933,optimal,-60517.74177043365,False,False,max_iterations,max_iterations,0.00833284176877417,0.02916335507569376,False,5,5,0.0,8000,8000,5.776020230996437e-07,8.371244861749005e-07,10.0,0,0,8.772684381587937e-05,83.53492622739988,84.66191436559458,87.96454548405339,0.004582383380291399,0.006849693059162111,0.022611835635914353,83.53492622739988,84.66191436559458,87.96454548405339,0.0045823833802913876,0.0068496930591620915,0.02261183563591431,1.1377517327885658,1.1377517327885673,80a58b466bf7a61c,80a58b466bf7a61c,False,False,1.1583000014070421,6.6125999874202535,7.770899988827296,1.1267999943811446,320.0522999977693,321.17909999215044
disturbance_step60,88,130.0,130.0,129.29018400623607,129.29018400623607,-0.7098159937639252,-41016.9874941019,optimal,-41000.32721041459,False,False,max_iterations,max_iterations,0.0249594584321402,0.02606954663445512,False,5,5,0.0,8000,8000,6.064678217398978e-07,8.832571660732924e-07,10.0,0,0,0.00040618009037690243,84.41876569862092,85.53829262116562,88.80824626426839,0.005915423168626331,0.0088088874261518,0.028597455867751396,84.41876569862092,85.53829262116562,88.80824626426839,0.005915423168626318,0.008808887426151775,0.028597455867751347,1.1418344546423982,1.141834454642398,f9d815e855fd7be9,f9d815e855fd7be9,False,False,0.8655999990878627,4.931000003125519,5.796600002213381,0.7898000039858744,455.62019999488257,456.40999999886844
disturbance_step60,89,126.00000000000001,126.00000000000001,125.29018400623609,125.29018400623609,-0.7098159937639252,-16260.35301423064,optimal,-16222.50209848793,True,True,converged(kkt(residual=6.95e-07<=tol=2.25e-02); obj_plateau(range=1.35e-15)),converged,6.945636769062257e-07,0.02245347924607695,False,5,5,0.0,201,8000,5.957805626621848e-07,8.634708423826964e-07,10.0,0,0,-2.954781677938012e-08,85.31142950104572,86.425979271221,89.66753088100468,0.0076640246251638185,0.011366112875054818,0.036236844774838455,85.31142950104572,86.425979271221,89.66753088100468,0.007664024625163804,0.01136611287505479,0.0362368447748384,1.146348070836026,1.1463480708360265,086e6ed6f6e2fe36,c8e944fd31bfc0b5,True,True,0.8434000046690926,4.700699995737523,5.544100000406615,0.7914999878266826,39.78470001311507,40.57620000094175
disturbance_step60,90,122.00000000000003,122.00000000000003,121.29018400623609,121.29018400623609,-0.7098159937639394,15794.765055801854,optimal,15614.518144637908,True,True,converged(kkt(residual=9.87e-07<=tol=1.88e-02); obj_plateau(range=1.51e-15)),converged,9.870671569571217e-07,0.01882867559151818,False,5,5,0.0,201,8000,6.410693487168828e-07,9.291083644669129e-07,10.0,0,0,-4.203371464640471e-08,86.21940095981533,87.33217585033769,90.550584822329,0.009962272676885762,0.01471036635977973,0.0459888317739209,86.21940095981533,87.33217585033769,90.550584822329,0.009962272676885745,0.014710366359779698,0.04598883177392084,1.1515897838685036,1.1515897838685036,13eaa72ae7ef9c84,01d9c42065d31077,True,True,0.7757999992463738,4.95299999602139,5.728799995267764,0.7719999994151294,45.823799999197945,46.595799998613074
disturbance_step60,91,118.00000000000003,118.00000000000003,117.29018400623609,117.29018400623609,-0.7098159937639394,60649.04340353096,optimal,60297.813400907675,False,False,max_iterations,max_iterations,0.08944741613174376,0.02500634785628818,False,5,5,0.0,8000,8000,6.315037666126955e-07,9.203470856533613e-07,10.0,0,0,0.0009498277509818431,87.15130627932051,88.26641551954246,91.46802196134496,0.012990780563354476,0.01909521347963168,0.05844333001225481,87.15130627932051,88.26641551954246,91.46802196134495,0.012990780563354455,0.019095213479631647,0.05844333001225474,1.1579550241061647,1.1579550241061654,d357a0189baba95f,d470ee52d40037d9,True,True,0.7800999883329496,4.816400003619492,5.596499991952442,0.7773000106681138,1780.0691000011284,1780.8464000117965
disturbance_step60,92,114.00000000000001,114.00000000000001,113.29018400623609,113.29018400623609,-0.7098159937639252,138971.9219378736,optimal,138654.65803235484,False,False,max_iterations,max_iterations,0.47967671005447615,0.041920610840396735,False,5,5,0.0,8000,8000,6.734965865007325e-07,9.761054799994895e-07,10.0,0,0,0.002192687425150241,88.11871589269505,89.24143967158615,92.43372999076678,0.016995805613265563,0.024865126397231523,0.07436312978508786,88.11871589269505,89.24143967158615,92.43372999076676,0.01699580561326554,0.024865126397231485,0.07436312978508777,1.1659838785217695,1.1659838785217689,ad073a50a16d7be0,c4f1f825e3cfa5bc,True,True,0.7579999946756288,4.997600000933744,5.755599995609373,0.8060000109253451,1842.9977999912808,1843.8038000022061
disturbance_step60,93,110.0,110.0,109.29018400623609,109.29018400623609,-0.709815993763911,288959.1791758336,optimal,288783.34160866274,False,False,max_iterations,max_iterations,1.2822671632911826,0.06990710549227785,False,5,5,0.0,8000,8000,6.364499682831593e-07,9.278402366419414e-07,10.0,0,0,0.003043213474560675,89.13735695783174,90.2745222771068,93.46608723287677,0.022318636677728453,0.03249591316190313,0.09474197125077743,89.13735695783174,90.27452227710678,93.46333063270394,0.022318636677728425,0.03249591316190308,0.09474197125077734,1.1764364033105512,1.1764105245654146,fd555ac23979c192,ffa33106e2a9d141,True,True,1.175500001409091,7.495800004107878,8.671300005516969,1.284400001168251,1970.7909999997355,1972.0754000009038
disturbance_step60,94,106.0,106.0,105.29018400623607,105.29018400623609,-0.709815993763911,605155.8344626818,optimal,605179.018479278,False,False,max_iterations,max_iterations,2.597673202823852,0.11444936789400241,False,5,5,0.0,8000,8000,5.889911705025952e-07,8.536309055173774e-07,6.943230098216375,0,0,0.0037504011459060546,90.2290179654335,91.389544323619,94.57421050957723,0.029442591420848537,0.04265919577798783,0.12088642900465667,90.22901796543348,91.38851977058714,94.56639741331459,0.029442591420848506,0.0426591957779877,0.12087563483070668,1.1902587614563993,1.1901731768179158,59da38f0ff8ee79c,4b74e2b0ac12b2c0,True,True,0.7920999923953786,4.757000002427958,5.549099994823337,0.7542000093962997,1658.0914999940433,1658.8457000034396
disturbance_step60,95,102.0,102.0,101.2901840062361,101.2901840062361,-0.7098159937638968,1340507.519728554,optimal,1339767.8626034162,False,False,max_iterations,max_iterations,4.583805549125185,0.187235294784784,False,5,5,2.496950561131955,8000,8000,6.490311932338955e-07,9.467431478782373e-07,0.0,0,0,0.004485046951380747,91.4246752054421,92.61460828609863,95.77811909850907,0.039071696073268124,0.05632984397753944,0.15445459654314386,91.42391360865672,92.61136803379759,95.76286106741604,0.03907169607326809,0.05632772196863028,0.15440381027971073,1.2088659469031262,1.208667648736994,34693ad20acd24cb,31482ca4747a2016,True,True,0.7714000093983486,4.785099998116493,5.556500007514842,0.7433999999193475,1637.489300002926,1638.2327000028454
disturbance_step60,96,97.99999999999999,97.99999999999999,97.29018400623613,97.29018400623613,-0.7098159937638542,3271299.6633869177,optimal,3261874.4836139116,False,False,max_iterations,max_iterations,7.6476619629431655,0.313637120463265,False,5,5,9.840150825609747,8000,8000,6.773321814534938e-07,9.885306333501376e-07,0.0,0,0,0.005100572950583144,92.76560746816821,93.99231874390698,97.10872997655582,0.0522696741329107,0.07495808183171102,0.1975406500572509,92.76295072158499,93.9852084145497,97.0835047056174,0.05226815155053788,0.07494657188913584,0.19738912086066115,1.2343664518032358,1.2339730437563357,cdfb2fe9745a92d9,1c7596b95d22e1de,True,True,0.747899990528822,5.896600006963126,6.644499997491948,0.8028000011108816,1629.2325999966124,1630.0353999977233
disturbance_step60,97,93.99999999999999,93.99999999999999,93.29018400623615,93.29018400623615,-0.70981599376384,9203376.6103299,optimal,9133820.829020858,False,False,max_iterations,max_iterations,13.244784713924366,0.5534610993259912,False,5,5,21.725665071848894,8000,8000,6.397887659659318e-07,9.339905728822373e-07,63.24268901059344,0,0,0.005619697408582817,94.31516012294976,95.58789313663982,98.61142780048097,0.07070986077307746,0.10078790688311641,0.25274618298479445,94.3089298929238,95.57470163232087,98.57304845095517,0.07070073481931168,0.10074737472898787,0.25238370249320496,1.269940209939403,1.2692140375010241,23acfdbe52b87590,99192a94bf4f733d,True,True,1.2138999882154167,5.189000003156252,6.402899991371669,0.7533000025432557,1654.1381999995792,1654.8915000021225
disturbance_step60,98,89.99999999999999,89.99999999999999,89.29018400623615,89.29018400623615,-0.70981599376384,31473503.19450121,optimal,30988040.61540118,False,False,max_iterations,max_iterations,25.196537045621625,1.0645186235150375,False,5,5,42.361295990598826,8000,8000,6.624811135225173e-07,9.657097139736948e-07,251.85028389785418,0,0,0.006080992570741501,96.17650253830897,97.50699746975269,100.34701854018327,0.09717696045308008,0.13746626877540785,0.3231892385477368,96.16419918723302,97.48437366829032,100.29110727337459,0.09714185241473472,0.1373488745176455,0.3224314088503055,1.3202260222477717,1.318933732202161,f4b0315923188288,de8803b12b1fcc03,True,True,0.7631000044057146,4.524700008914806,5.2878000133205205,0.7378000009339303,1608.9154000073904,1609.6532000083243
disturbance_step60,99,85.99999999999999,85.99999999999999,85.29018400623616,85.29018400623616,-0.7098159937638258,138759903.1753741,optimal,134988409.56122223,False,False,max_iterations,max_iterations,56.982220095878034,2.3241775956047652,False,5,5,81.4509952169336,8000,8000,6.106467083100142e-07,8.851752690830494e-07,714.8685325529988,0,0,0.006786138605682026,98.53107651626236,99.92998798787444,102.3890623188115,0.13666545425539023,0.191308954893827,0.4122361629788638,98.50844379555055,99.89220635007197,102.30957359750482,0.13655349186351676,0.19100007978811595,0.4107997646582728,1.3910308411919097,1.388801856503929,84778100d664776c,060585cba44bfa8b,True,True,0.7667000027140602,4.972099995939061,5.738799998653121,0.7359000010183081,1690.3062999917893,1691.0421999928076
disturbance_step60,100,81.99999999999999,81.99999999999999,81.29018400623617,81.29018400623617,-0.7098159937638115,801701771.0994797,optimal,767775235.3056896,False,False,max_iterations,max_iterations,150.4944385348667,5.908122290446,False,5,5,162.7721014450404,8000,8000,6.766885434217329e-07,9.813181245377223e-07,1983.0752479268494,0,0,0.007635481127726768,101.7298495094103,103.1887218184508,104.80579776825557,0.1990954171006345,0.2741489413507582,0.5223598876278202,101.68833349295045,103.12464727846174,104.69555027497987,0.19876303339346857,0.27336518421151434,0.519873838271754,1.4837194364268789,1.4801893904176926,913eab813b0bd973,3e2df348d13ca9c3,True,True,0.7845999934943393,5.11009999900125,5.894699992495589,0.7458999898517504,1733.9750000101048,1734.7208999999566
disturbance_step60,101,78.03813156867311,78.03813156867311,77.29018400623622,77.29018400623622,-0.7479475624368916,4175120458.4899545,optimal,3989227006.272499,False,False,max_iterations,max_iterations,422.44848513090557,14.808974046533939,False,5,5,334.301958251284,8000,8000,5.814132322257137e-07,8.427992961301811e-07,4774.121319658796,0,0,0.009478578851286808,106.5509911834372,107.95331338694504,107.60359132900184,0.30715133621762075,0.4102286982707983,0.6516778674802328,106.46956656247703,107.83821639033681,107.45877323785024,0.30614980634327943,0.4082233032250435,0.647856284083679,1.55102371541951,1.5478043176158558,791b68a93529fcef,1d53dc1588d0b4fe,False,True,1.1892000038642436,9.335599999758415,10.524800003622659,1.0827999940374866,2230.0300000060815,2231.112800000119
disturbance_step60,102,74.03813156867312,74.03813156867312,73.29018400623625,73.29018400623625,-0.7479475624368774,238321883.575637,optimal,285842546.133392,False,False,max_iterations,max_iterations,15.769624494829573,4.43608844118087,False,5,5,420.342165363695,8000,8000,6.462377442062461e-07,9.386011274870043e-07,714.0682176229575,0,0,0.0012887200879490338,115.0823788303818,115.65360218067178,110.64010773872083,0.5237138995571208,0.6517325507792168,0.786453625869055,114.89434270002431,115.42783530483347,110.47258261783594,0.5203532418365276,0.6464843910635003,0.7816789113863882,1.2072504659872818,1.1966588853418707,9b82b715ef4a5243,1874f7f5e0d25dd0,True,True,1.1036000068997964,7.798899998306297,8.902500005206093,1.0167000000365078,1631.3152999937302,1632.3319999937667
disturbance_step60,103,78.03813156867312,78.03813156867312,77.29018400623623,77.29018400623623,-0.7479475624368916,-66649.877674032,optimal,-66263.27116370134,True,True,converged(kkt(residual=2.47e-03<=tol=3.22e-02); obj_plateau(range=1.86e-08)),converged,0.002470393558335386,0.03217231407742435,False,5,5,9.554136199699585,651,8000,6.716326481637225e-07,9.74437598166844e-07,10.0,0,0,1.4436954612217707e-07,133.774624741594,127.50534349168873,113.84183460475315,1.0,1.0,0.8962183904181259,133.23039614907236,127.1456970865196,113.67625994937278,1.0,1.0,0.8921636062609982,1.0804137791964283,1.0113195922253124,1570c3955fffaf77,26bd3ccef9b41075,True,True,1.7108999891206622,8.036400002310984,9.747299991431646,1.179500002763234,26.847600005567074,28.027100008330308
disturbance_step60,104,82.03813156867312,82.03813156867312,81.2901844082266,81.29018400623623,-0.7479475624368916,-63416.027647033785,optimal,-63375.11741341482,True,True,converged(kkt(residual=4.31e-04<=tol=3.14e-02); obj_plateau(range=3.44e-16)),converged,0.0004306688966595989,0.03144563494164274,False,5,5,0.9672462298955224,201,8000,6.849653146900891e-07,9.953202884105394e-07,10.0,0,0,3.356359061143539e-06,129.11438335041444,124.75711093389647,117.91761001472432,1.0,1.0,0.9587588971493896,128.7073630781588,124.4009915400295,117.74011684826328,1.0,1.0,0.9567328413211416,0.9819295467215731,0.9819055469474959,1e2e0fac0093782d,af2234b4ee57db94,True,True,1.2815000081900507,8.022299996810034,9.303800005000085,1.1116999958176166,9.58080000418704,10.692500000004657
disturbance_step60,105,86.03813156867312,86.03813156867312,85.29018400623622,85.29018400623622,-0.7479475624369059,-72395.9862001426,optimal,-72493.72491847216,True,True,converged(kkt(residual=1.76e-03<=tol=3.34e-02); obj_plateau(range=1.41e-11)),converged,0.0017592073354779278,0.033382654751341514,False,5,5,0.0,201,8000,6.462309727339743e-07,9.374376457316203e-07,10.0,0,0,1.2559705490996913e-05,125.8754249341831,123.83453436177271,117.2962081007291,1.0,1.0,0.9872982127624542,125.5062415958372,123.52588699336337,117.08886649307466,1.0,1.0,0.9866245803595061,0.9822446974044972,0.9822368655924558,7424212af76307ac,c6006fbb7457da92,True,True,1.2879999994765967,7.3517999990144745,8.639799998491071,1.0944000096060336,9.773099998710677,10.86750000831671
disturbance_step60,106,90.03813156867311,90.03813156867311,89.29018400623622,89.29018400623622,-0.7479475624368916,-78490.92485556993,optimal,-78599.97164545233,False,False,max_iterations,max_iterations,0.0009902075822940885,0.034422965253486974,False,5,5,0.0,8000,8000,6.778796688422517e-07,9.833451715124397e-07,10.0,0,0,6.8532105729406425e-06,124.35833831112583,122.16296029172653,116.62855613627805,1.0,1.0,0.9919929246894246,124.03415410768999,121.86946594159056,116.38722537333531,1.0,1.0,0.9915526801434591,0.9822952782212457,0.9822900889660864,f78d0ca021e183d4,262e02f01b9464a9,True,True,1.0917999898083508,7.2441000083927065,8.335899998201057,1.0959999926853925,274.4816000049468,275.5775999976322
disturbance_step60,107,94.03813156867311,94.03813156867311,93.29018400623622,93.29018400623622,-0.7479475624368916,-82654.55560898548,optimal,-82750.52586022539,False,False,max_iterations,max_iterations,0.0008631131222818285,0.03490283398157767,False,5,5,0.0,8000,8000,6.308317779257777e-07,9.142709247456082e-07,10.0,0,0,5.942163889029631e-06,122.72641415467727,120.92193542897357,115.90520522021144,1.0,1.0,0.9941733918630733,122.42504311258101,120.63642227951468,115.64905542890784,1.0,1.0,0.9938375393831614,0.9823185481257528,0.9823145162527224,2e29ac2a0187ee08,d4c405af278883c0,True,True,1.3472999999066815,7.137799999327399,8.48509999923408,0.9297999931732193,316.5432000096189,317.4730000027921
disturbance_step60,108,98.0381315686731,98.0381315686731,97.29018400623622,97.29018400623622,-0.7479475624368774,-84888.61173937577,optimal,-84995.60693080595,False,False,max_iterations,max_iterations,0.0011093704400258872,0.034916336542526835,False,5,5,0.0,8000,8000,6.270232404403941e-07,9.087511445571295e-07,10.0,0,0,7.769550396415405e-06,121.38506319085596,119.72802924391823,115.24338856643855,1.0,1.0,0.9954137998537066,121.09548004033763,119.44753570730687,114.97653805574556,1.0,1.0,0.9951395165635947,0.9823316666332211,0.9823283025069456,b88bf7960171fe3f,0ae20b50df89981b,True,True,1.080799993360415,8.222000004025176,9.302799997385591,1.4266999933170155,324.46790000540204,325.89459999871906
disturbance_step60,109,102.0381315686731,102.0381315686731,101.29018400623622,101.29018400623622,-0.7479475624368774,-85677.61982925516,optimal,-85823.06097814984,True,True,converged(kkt(residual=9.11e-04<=tol=3.46e-02); obj_plateau(range=1.02e-15)),converged,0.0009110474056406119,0.03463872567342479,False,5,5,0.0,251,8000,6.724057044493748e-07,9.754028669206605e-07,10.0,0,0,6.588864556556182e-06,120.15331462538435,118.67708501296283,114.56506572238766,1.0,1.0,0.9962119791873879,119.87048819757004,118.3982838552926,114.28999881379306,1.0,1.0,0.9959785759072152,0.9823399824543299,0.9823370485338786,c281e92546b08dcd,d746f22cda9025d9,True,True,1.2042000016663224,7.5816000025952235,8.785800004261546,1.2947999930474907,14.645500006736256,15.940299999783747
disturbance_step60,110,106.0381315686731,106.0381315686731,105.29018400623622,105.29018400623622,-0.7479475624368774,-85582.4946042428,optimal,-85784.26805978041,False,False,max_iterations,max_iterations,0.0014321604795701378,0.03422883928337941,False,5,5,0.0,8000,8000,6.739374072139981e-07,9.85511105611181e-07,10.0,0,0,1.0782253466889737e-05,119.05596613064333,117.69743394396978,113.92831976887962,1.0,1.0,0.9967619318119126,118.77613186888256,117.41852462171299,113.64574688251504,1.0,1.0,0.9965574549337541,0.982345595924824,0.9823429544255541,55bc46e0e4c49565,daf97190e35e2d75,True,True,1.3866000081179664,11.01349999953527,12.400100007653236,1.2724000116577372,386.70939998701215,387.9817999986699
disturbance_step60,111,110.0381315686731,110.0381315686731,109.29018400623622,109.29018400623622,-0.7479475624368774,-83446.22231754247,optimal,-85242.07111256634,True,True,converged(kkt(residual=2.58e-03<=tol=3.38e-02); obj_plateau(range=1.02e-15)),converged,0.0025816162993413613,0.03377866153437348,False,5,5,0.0,251,8000,6.795623619382241e-07,9.87357496207153e-07,10.0,0,0,2.0253122201214175e-05,118.04610747616337,116.80148642531118,113.33077756541095,1.0,1.0,0.9971626097763341,117.76696076393004,116.52087168152337,113.04117491365346,1.0,1.0,0.9969796346373732,0.9823471648356903,0.9823471345862134,2f6bd6a3530ccb18,77d6b199402922fa,True,True,1.2563999916892499,6.81980000808835,8.0761999997776,1.3571000017691404,12.730100002954714,14.087200004723854
disturbance_step60,112,114.0381315686731,114.0381315686731,113.2901844267829,113.29018400623622,-0.7479475624368774,-79225.92189311466,optimal,-81417.26493018313,False,False,max_iterations,max_iterations,0.0006753163116142926,0.032732705012107156,False,5,5,0.0,8000,8000,6.531000309450974e-07,9.489092782644093e-07,10.0,0,0,5.4900023941082355e-06,117.12092414073678,115.97411035662049,112.78963910556537,1.0,1.0,0.9974668982584641,116.84068617399738,115.69070068005412,112.49315210155271,1.0,1.0,0.997300509813275,0.9823449972915095,0.9823454178751706,c5fa86afdf9bcf85,008d8aec6d03cdf7,True,True,1.141300002927892,7.154100007028319,8.29540000995621,1.259500000742264,343.40170001087245,344.6612000116147
disturbance_step60,113,118.03813156867308,118.03813156867308,117.29018437587148,117.29018400623622,-0.7479475624368632,-75421.16409684355,optimal,-77669.6050060328,True,True,converged(kkt(residual=2.71e-03<=tol=3.18e-02); obj_plateau(range=2.84e-08)),converged,0.00270965407810482,0.03181092085026536,False,5,5,0.0,551,8000,6.744542133674258e-07,9.799352351791413e-07,10.0,0,0,2.4084629081413687e-07,116.2684453873239,115.21676870213514,112.3083146686418,1.0,1.0,0.9977061821574403,115.98584974466803,114.92967737791295,112.00503269280782,1.0,1.0,0.9975529955241861,0.9823422529066741,0.9823428882841985,59eeac8576964acd,cfbffeac9e0f797f,True,True,0.8934000070439652,7.426700001815334,8.3201000088593,1.2705999979516491,22.9412000044249,24.21180000237655
disturbance_step60,114,122.03813156867307,122.03813156867307,121.29018400623623,121.29018400623622,-0.747947562436849,-72189.25562891937,optimal,-74453.97470681832,False,False,max_iterations,max_iterations,0.012200991288018761,0.03107127826366594,False,5,5,0.0,8000,8000,6.168957185082036e-07,8.754233435936953e-07,10.0,0,0,0.00011596179341598962,115.48668635896172,114.52665524990293,111.89216207314153,1.0,1.0,0.9978998552474622,115.20074887208452,114.23521722457562,111.58210909614252,1.0,1.0,0.9977574567242582,0.9823387556202168,0.9823397003744336,03e2ae8b1dbcb030,3b79c152b514cb02,True,True,1.1165999894728884,7.262500002980232,8.37909999245312,1.273000001674518,341.18750000197906,342.4605000036536
disturbance_step60,115,126.03813156867305,126.03813156867305,125.2901840062362,125.2901840062362,-0.747947562436849,-69419.28271866453,optimal,-71688.82253881774,False,False,max_iterations,max_iterations,0.02632785353470156,0.030492361859651637,False,5,5,0.0,8000,8000,5.544115424527263e-07,8.07660388346676e-07,10.0,0,0,0.0002674961067495324,114.77305164823258,113.90430341044879,111.54300816198811,1.0,1.0,0.9980605677578146,114.48302536138978,113.60799111573715,111.22619957591827,1.0,1.0,0.9979271907058457,0.9823342476657628,0.9823356478047003,c5336ed62b41f26e,238ce3cca0d70e2f,True,True,0.9712999890325591,5.733700003474951,6.70499999250751,0.9830999915720895,416.09210000024177,417.07519999181386
disturbance_step60,116,130.0,130.0,129.2901840062362,129.2901840062362,-0.7098159937638115,-66833.44414153982,optimal,-69095.33860424593,False,False,max_iterations,max_iterations,0.04124387058353012,0.0300422581018648,False,5,5,0.0,8000,8000,5.654693353562834e-07,8.237691186963048e-07,10.0,0,0,0.00043438693975419735,114.12727164015024,113.34956443159513,111.26238364043823,1.0,1.0,0.9981968508593478,113.83257267826097,113.04797056243677,110.93882877542356,1.0,1.0,0.998071173424665,0.982328339828618,0.9823304301115438,e071f1b12997eee8,a8d15eafe91e53b8,False,True,0.9203000081470236,9.08289999642875,10.003200004575774,1.4113000070210546,519.797999993898,521.209300000919
disturbance_step60,117,130.0,130.0,130.0,130.0,0.0,-64037.48362954954,optimal,-66337.30408463647,False,False,max_iterations,max_iterations,0.038326254837378414,0.02968981706241353,False,5,5,0.0,8000,8000,5.952477266646383e-07,8.671497466750111e-07,10.0,0,0,0.0004165988488218332,113.54916656254154,112.86286884823865,111.0507491050081,1.0,1.0,0.9983146587421368,113.24934230303634,112.55567532524131,110.72046371611904,1.0,1.0,0.9981956745778627,0.9823204116927158,0.9823235892496546,e2e3e4c610398699,4accb6ca12fb9402,False,False,1.3381000026129186,7.239599988679402,8.57769999129232,1.0700999991968274,495.42610000935383,496.49620000855066
disturbance_step60,118,130.0,130.0,129.99999999999997,129.99999999999997,-2.842170943040401e-14,-60725.91926862418,optimal,-63105.277016409986,False,False,max_iterations,max_iterations,0.031080904697438877,0.029177216672318592,False,5,5,0.0,8000,8000,6.830621543940651e-07,9.924415662609931e-07,10.0,0,0,0.0003492894332428023,113.03901031218754,112.44443153388227,110.90822664932392,1.0,1.0,0.9984182586777882,112.73370814454908,112.13139434878406,110.57123406476478,1.0,1.0,0.998305190930697,0.9823094097171395,0.9823143910650317,3e8fd18a962d00d1,de868091368f1804,False,False,1.109399992856197,5.994500010274351,7.103900003130548,1.3297999976202846,453.13850000093225,454.46829999855254
disturbance_step60,119,130.0,130.0,130.0,130.0,0.0,-57826.49625399577,optimal,-60115.87745758467,False,False,max_iterations,max_iterations,0.017992258665755583,0.028685767379378158,False,5,5,0.0,8000,8000,5.735029446896078e-07,8.311836667829198e-07,10.0,0,0,0.00020750117322527694,112.5970329111869,112.09445481562273,110.83454998842636,1.0,1.0,0.998510785924596,112.28598095388507,111.77538895733461,110.49088322570586,1.0,1.0,0.9984030286839282,0.9822933808111817,0.982301576038319,33a25baef701f0b4,af3d75bcacc82b2f,False,False,0.9179000044241548,6.511100000352599,7.4290000047767535,0.8994000090751797,365.62640000192914,366.5258000110043
disturbance_step60,120,130.0,130.0,130.0,130.0,0.0,-55258.80188328404,optimal,-57465.941235993436,False,False,max_iterations,max_iterations,0.0077293984527476555,0.02825430018018537,False,5,5,0.0,8000,8000,6.856315479808472e-07,9.936927769516046e-07,10.0,0,0,8.563282680321907e-05,112.2234437946859,111.81297714372434,110.82925759706914,1.0,1.0,0.9985945934177068,111.90643474093356,111.48774634906363,110.4789589429995,1.0,1.0,0.9984916708125918,0.9822682218957247,0.9822827760762086,e7c75993fd6ffd4f,bd687302dbb5843e,False,False,1.2580000038724393,6.58050000492949,7.83850000880193,1.1876999924425036,397.5770000106422,398.7647000030847
disturbance_step60,121,130.0,130.0,130.0,130.0,0.0,-52976.95109384229,optimal,-55091.82766044061,True,True,converged(kkt(residual=3.86e-04<=tol=2.79e-02); obj_plateau(range=1.88e-08)),converged,0.00038628605991320895,0.027870945565783622,False,5,5,0.0,651,8000,6.822076272783306e-07,9.911998724021487e-07,10.0,0,0,1.613349634118427e-07,111.91832529700504,111.59991469161587,110.89157542097189,1.0,1.0,0.998671481507641,111.59520464995174,111.2684226545904,110.53484405488793,1.0,1.0,0.998573018583352,0.9822233987551867,0.9822528976155114,b588bdb60ef9a4e2,8c788e71ae2545b0,False,False,1.0916000028373674,5.92569999571424,7.017299998551607,0.9694000036688522,28.907100000651553,29.876500004320405
disturbance_step60,122,130.0,130.0,130.0,130.0,0.0,-50918.17098054927,optimal,-52949.24072231975,True,True,converged(kkt(residual=1.42e-03<=tol=2.75e-02); obj_plateau(range=2.37e-08)),converged,0.0014192894914609247,0.02752525819000643,False,5,5,0.0,401,8000,5.422420912282178e-07,7.89931412725764e-07,10.0,0,0,2.0593350786736558e-07,111.6816362375299,111.45498885139652,111.00528581447341,1.0,1.0,0.9987428500461848,111.35229275623216,111.11722746189024,110.64504078900512,1.0,1.0,0.9986485530818654,0.9821171038159503,0.9821977374793306,991652279634ca00,96a0c92431b3cd35,False,False,1.4629999932367355,8.621600005426444,10.08459999866318,1.4029000012669712,21.8239999958314,23.22689999709837
disturbance_step60,123,130.0,130.0,129.92859956122965,129.92859956122965,-0.07140043877035396,-49020.58901613093,optimal,-50984.42045228986,True,True,converged(kkt(residual=1.03e-02<=tol=2.72e-02); obj_plateau(range=3.57e-15)),converged,0.010338721161509723,0.027209161282900924,False,5,5,0.0,251,8000,5.351430729660933e-07,7.755883020266197e-07,10.0,0,0,0.0001455897541130279,111.51315894516446,111.37208515519032,111.15873589160864,1.0,1.0,0.9988096640633951,111.17755805050516,111.02909591865813,110.79705918142294,1.0,1.0,0.9987193222606331,0.9817904672258074,0.9820508304151309,9f4cd98ae38b0418,cfa10f6dd64fc75f,False,False,0.7908999978099018,9.037199997692369,9.82809999550227,1.30899999930989,20.65510000102222,21.96410000033211
disturbance_step60,124,130.0,130.0,129.83180549161523,129.83180549161523,-0.16819450838477223,-47248.89006041392,optimal,-49136.831085494756,True,True,converged(kkt(residual=2.11e-02<=tol=2.69e-02); obj_plateau(range=8.14e-15)),converged,0.02106568146655144,0.02691151742426021,False,5,5,0.0,251,8000,5.978844939136252e-07,8.742900066138759e-07,10.0,0,0,0.00030664028164105613,111.40829239203957,111.3452223346973,111.34175985451458,1.0,1.0,0.9988726095491126,111.06719940742039,110.99803351933706,110.98043953837347,1.0,1.0,0.9987860648749821,0.9825717492062652,0.9819434307294963,8fa94d86e8b7f11b,de980cfb83c1e4f0,False,False,0.9048999927472323,5.5265999981202185,6.431499990867451,1.1042999976780266,14.797800002270378,15.902099999948405
disturbance_step60,125,130.0,130.0,129.74098078501305,129.74098078501305,-0.25901921498694946,-45577.42589674245,optimal,-47394.77326814776,False,False,max_iterations,max_iterations,0.02765106318254579,0.026631273816089648,False,5,5,0.0,8000,8000,6.767975264665438e-07,9.896849393342677e-07,10.0,0,0,0.00041542948020994633,111.36140955490812,111.36737684390128,111.54716222035977,1.0,1.0,0.9989321734964655,111.015785262536,111.01720138935288,111.18743900263821,1.0,1.0,0.9988493034812241,0.9837810165945111,0.98273732308288,f2d4705c2f79404f,7ea06c1a6f9600f3,False,False,1.1501999979373068,6.381099999998696,7.531299997936003,1.3073000009171665,669.5397999865236,670.8470999874407
disturbance_step60,126,129.99999999999997,129.99999999999997,129.6550062508673,129.6550062508673,-0.34499374913266934,-43986.67457010304,optimal,-45745.29420288803,False,False,max_iterations,max_iterations,0.030770650648823682,0.026367235756377498,False,5,5,0.0,8000,8000,6.7731640740476e-07,9.86705822825229e-07,10.0,0,0,0.0004762913813061513,111.3658453117438,111.43198028195519,111.76937658490738,1.0,1.0,0.9989887121437093,111.01683793389402,111.07994772721838,111.41218698085227,1.0,1.0,0.9989094157050037,0.9848332130150947,0.983841012496186,4278d9bf75607da3,ed15b73cf9f1dd49,False,False,1.3871999981347471,7.557500008260831,8.944700006395578,1.2389000039547682,619.6853000001283,620.9242000040831
disturbance_step60,127,130.0,130.0,129.5730288060041,129.5730288060041,-0.4269711939959109,-42461.943816506755,optimal,-44172.1078994945,False,False,max_iterations,max_iterations,0.03091116720929214,0.026116665533192973,False,5,5,0.0,8000,8000,5.809152980873478e-07,8.494756498222955e-07,10.0,0,0,0.0004917976620167437,111.41500643776413,111.53280071417653,112.00426739017699,1.0,1.0,0.9990424906647646,111.06375030858504,111.17997580065497,111.65028402615009,1.0,1.0,0.9989666795045202,0.985762053895777,0.9848141440307571,8ae5b76fb4de5804,26868e747e135a7f,False,False,1.723699999274686,5.996799998683855,7.720499997958541,1.148700001067482,589.6768999955384,590.8255999966059
disturbance_step60,128,130.0,130.0,129.49439172460254,129.49439172460254,-0.5056082753974636,-40992.133223095254,optimal,-42662.74227771576,False,False,max_iterations,max_iterations,0.028435295451551636,0.025877481241569907,False,5,5,0.0,8000,8000,5.909247704494192e-07,8.641125335273614e-07,10.0,0,0,0.0004632418642857417,111.5025682715213,111.66425109020672,112.24861930968395,1.0,1.0,0.9990937116016553,111.15014599371445,111.31157868657073,111.89806728795202,1.0,1.0,0.9990213041578994,0.9865931674708228,0.9856843950421663,8ab4d9c8388e49a1,6f0c6668bfac076d,False,False,0.7812999974703416,7.221599997137673,8.002899994608015,0.8269999962067232,570.4828000016278,571.3097999978345
disturbance_step60,129,130.0,130.0,129.41859386822517,129.41859386822517,-0.5814061317748269,-39568.89070826706,optimal,-41207.72534271558,True,True,converged(kkt(residual=2.36e-02<=tol=2.56e-02); obj_plateau(range=1.51e-13)),converged,0.023619775677785712,0.025648109950688464,False,5,5,0.0,251,8000,5.950791290842972e-07,8.701874394390074e-07,10.0,0,0,0.00039094933668730025,111.62275445137912,111.82135171479962,112.49993114094396,1.0,1.0,0.9991425331965967,111.27014624368725,111.4695603641756,112.15261173368759,1.0,1.0,0.9990734488111812,0.9873460823970283,0.9864728984088477,dd0ed77482588d36,38c455fa146135da,False,False,1.2230999855091795,7.218500002636574,8.441599988145754,1.322200012509711,18.437999999150634,19.760200011660345
disturbance_step60,130,130.0,130.0,129.3865656359602,129.3865656359602,-0.6134343640397901,-38185.93821083902,optimal,-39800.65059948025,False,False,max_iterations,max_iterations,0.015457879750279702,0.025427367107062976,False,5,5,0.0,8000,8000,6.275839723457466e-07,9.095638349165824e-07,10.0,0,0,0.0002556766279388991,111.77038081399942,111.99974798165934,112.75620992050973,1.0,1.0,0.9991890823958911,111.41837981325307,111.64931512683282,112.4116186791833,1.0,1.0,0.9991232371683827,0.988035738497203,0.9871957871577012,f2f5293cc4e71ac9,ff426e6cdf45db79,False,False,0.7699999987380579,4.63520000630524,5.405200005043298,1.098900000215508,523.9022999885492,525.0011999887647
disturbance_step60,131,128.20438219169188,128.20438219169188,129.40532583398706,129.40532583398706,1.2009436422951865,-36846.172859647275,optimal,-38444.07975069281,False,False,max_iterations,max_iterations,0.005930414303181476,0.025217136092909438,False,5,5,0.0,8000,8000,6.002285317663336e-07,8.699173124071535e-07,10.0,0,0,8.875580682470595e-05,111.94087984345715,112.19565471895983,113.0158552355551,1.0,1.0,0.9992334638690119,111.59004451677002,111.84681019537157,112.67327909180337,1.0,1.0,0.9991707684508879,0.9886735775277303,0.987865360299897,7858e515537e408b,cf496f8deef63bec,False,False,1.160100000561215,6.054999990737997,7.215099991299212,1.3696999958483502,515.2437999931863,516.6134999890346
disturbance_step60,132,125.33682083546545,125.33682083546545,128.6436388720464,128.6436388720464,3.306818036580964,-35172.163192058506,optimal,-37133.88320611324,True,True,converged(kkt(residual=5.30e-04<=tol=2.50e-02); obj_plateau(range=2.55e-08)),converged,0.0005300882515991018,0.025016972934737574,False,5,5,0.0,651,8000,6.381042254588465e-07,9.24810945157617e-07,10.0,0,0,2.1133250594389567e-07,112.13026557571604,112.40580799420918,113.27756584800689,1.0,1.0,0.9992757665369296,111.7809101033588,112.05855332912083,112.93615679063448,1.0,1.0,0.99921612529971,0.9892683668102683,0.9884909737543646,21750cf90efdac1c,2c1b55993c50c9f6,False,False,1.1654999980237335,7.5523999985307455,8.717899996554479,1.359199988655746,52.047900011530146,53.40710000018589
disturbance_step60,133,122.24944550325483,122.24944550325483,126.20133989871933,126.20133989871933,3.9518943954644925,-33405.493401913445,optimal,-35700.10100026739,True,True,converged(kkt(residual=1.25e-03<=tol=2.48e-02); obj_plateau(range=1.81e-08)),converged,0.0012535117194467716,0.024770689531928826,False,5,5,0.0,551,8000,6.198623623276944e-07,8.983728436717797e-07,10.0,0,0,1.4779861710624853e-07,112.33508876556844,112.62740499543708,113.54027751217978,1.0,1.0,0.9993160682882717,111.98729491863509,112.28154217044565,113.19910260269067,1.0,1.0,0.9992593794062983,0.9898268168655704,0.9890797186078509,bfe20824981d9edd,305c9efe16cdcf72,False,False,1.112499987357296,6.493700013379566,7.606200000736862,0.9791999909793958,42.38199999963399,43.361199990613386
disturbance_step60,134,119.3299384164741,119.3299384164741,123.22872895220281,123.22872895220281,3.8987905357287076,-31772.900073786222,optimal,-33991.98331860299,True,True,converged(kkt(residual=2.62e-03<=tol=2.44e-02); obj_plateau(range=2.48e-08)),converged,0.002619241703728954,0.024423722048655786,False,5,5,0.0,451,8000,5.973845702555991e-07,8.657955676838469e-07,10.0,0,0,2.061195471512354e-07,112.55238069098141,112.85804882671286,113.80311491766206,1.0,1.0,0.9993544394355568,112.20602226032982,112.51321066379745,113.4611905950984,1.0,1.0,0.9993005955265004,0.9903540541409377,0.9896369432679976,d4511d10272403a8,025dbf74d0d171ba,False,False,1.5798999957041815,9.392399995704181,10.972299991408363,1.4903999981470406,28.870800000731833,30.361199998878874
disturbance_step60,135,116.74392229118156,116.74392229118156,120.28078738622733,120.28078738622733,3.536865095045769,-30358.541640350606,optimal,-32331.483254794846,True,True,converged(kkt(residual=2.85e-03<=tol=2.41e-02); obj_plateau(range=2.77e-08)),converged,0.0028470429200336744,0.024063539000230796,False,5,5,0.0,451,8000,5.747875064798791e-07,8.330453740157395e-07,10.0,0,0,2.3136375220214752e-07,112.77959769422591,113.09569559175361,114.06535636440817,1.0,1.0,0.9993909452349551,112.43436934760587,112.7513753817363,113.7218320512254,1.0,1.0,0.9993398343228717,0.9908539844389657,0.9901665865007603,44abaeb0cbeb2233,0277d635219e51bd,False,False,2.0183000015094876,7.557300006737933,9.57560000824742,1.148099996498786,32.006399997044355,33.15449999354314
disturbance_step60,136,114.54603316469446,114.54603316469446,117.6032885971457,117.6032885971457,3.0572554324512424,-29180.082414139742,optimal,-30854.444230114266,True,True,converged(kkt(residual=2.70e-03<=tol=2.37e-02); obj_plateau(range=2.68e-08)),converged,0.002698127517195315,0.023730516062570237,False,5,5,0.0,501,8000,6.668851710855961e-07,9.715095128370876e-07,10.0,0,0,2.2171903945336042e-07,113.01456761294597,113.33860707083669,114.31943272217528,1.0,1.0,0.9994256477120351,112.67001432549398,112.99424514436157,113.98072073573115,1.0,1.0,0.9993771551583968,0.991332288531963,0.9906715122980453,00216081d439edb4,4030808b1ece99bb,False,False,1.0360000014770776,4.899899999145418,5.935900000622496,0.9288000001106411,29.913099991972558,30.8418999920832
disturbance_step60,137,112.73595638391095,112.73595638391095,115.28825944927355,115.28825944927355,2.552303065362608,-28225.81280128309,optimal,-29603.402417398367,True,True,converged(kkt(residual=2.53e-03<=tol=2.34e-02); obj_plateau(range=2.62e-08)),converged,0.0025281969670307718,0.023440501828858703,False,5,5,0.0,551,8000,6.452618066532523e-07,9.400088867295153e-07,10.0,0,0,2.1659125409795952e-07,113.25544085404685,113.58271656934637,114.55581475424653,1.0,1.0,0.9994585761495256,112.91102981389716,113.24038344769201,114.23455487872997,1.0,1.0,0.999412617887272,0.9917943675253464,0.9911550580622026,54f2c1f5b715c61d,2479ce9f02af67fe,False,False,1.24379999761004,7.0515000115847215,8.295300009194762,1.2143000058131292,52.691099990624934,53.905399996438064
disturbance_step60,138,111.28739065065227,111.28739065065227,113.35788939684133,113.35788939684133,2.0704987461890596,-27472.57044285314,optimal,-28577.2524002092,True,True,converged(kkt(residual=2.24e-03<=tol=2.32e-02); obj_plateau(range=2.31e-08)),converged,0.002235393977786935,0.023197243013174412,False,5,5,0.0,601,8000,6.271175294614295e-07,9.135765406398377e-07,10.0,0,0,1.9020934340076435e-07,113.49871975221238,113.82275115100055,114.76614367296688,1.0,1.0,0.999489728591989,113.15585332322199,113.48747807407777,114.47445861801266,1.0,1.0,0.999446269286895,0.9922442714024818,0.9916219853959024,02910b1e72416dbe,cb4e36097e4696ba,False,False,1.6553000023122877,6.304800001089461,7.960100003401749,1.0024999937741086,42.218200003844686,43.220699997618794
disturbance_step60,139,110.16343192294347,110.16343192294347,111.79665376123113,111.79665376123113,1.6332218382876533,-26894.325132684593,optimal,-27758.14760397358,True,True,converged(kkt(residual=1.87e-03<=tol=2.30e-02); obj_plateau(range=1.84e-08)),converged,0.0018734440804641594,0.02299927672744048,False,5,5,0.0,651,8000,5.840510652888042e-07,8.540607288054503e-07,10.0,0,0,1.5019344497231925e-07,113.73958700261645,114.05295077255732,114.94480731873445,1.0,1.0,0.9995190876132133,113.40236505697155,113.73105593181886,114.69177942766004,1.0,1.0,0.9994781232235057,0.992684140188834,0.9920761894739393,f0a7f6b26dd96773,94298ce09cbe472d,False,False,1.0442000057082623,7.890599998063408,8.93480000377167,1.622199997655116,49.24080001364928,50.86300001130439
disturbance_step60,140,109.3244498696393,109.3244498696393,110.55840447776009,110.55840447776009,1.233954608120797,-26465.985946390778,optimal,-27121.775599598786,True,True,converged(kkt(residual=2.05e-03<=tol=2.28e-02); obj_plateau(range=2.47e-08)),converged,0.0020482585698714645,0.022842642925432723,False,5,5,0.0,651,8000,5.725166687398087e-07,8.371939221873959e-07,10.0,0,0,2.0500500595085162e-07,113.97252452016626,114.26796074522008,115.08899100010129,1.0,1.0,0.9995466388080485,113.64669590748007,113.96596520319473,114.879838923854,1.0,1.0,0.9995081723926232,0.9931143626565089,0.9925201176698456,68d906639acf1b58,083c473c845cd955,False,False,1.3013999996474013,8.764800004428253,10.066200004075654,1.1449000012362376,44.17949999333359,45.32439999456983
disturbance_step60,141,108.73189320518215,108.73189320518215,109.62744809815037,109.62744809815037,0.8955548929682209,-26164.849475678737,optimal,-26640.537242709735,True,True,converged(kkt(residual=1.60e-03<=tol=2.27e-02); obj_plateau(range=1.71e-08)),converged,0.0016030367696843845,0.022721690638078173,False,5,5,0.0,701,8000,5.635147459770451e-07,8.240303168705054e-07,10.0,0,0,1.3874067684839214e-07,114.19213567965451,114.46330969792463,115.19824782203774,1.0,1.0,0.9995723840483831,113.88402327046042,114.18696343585076,115.03480152276278,1.0,1.0,0.999536405061763,0.9935339974486356,0.9929545058503424,5e59100e70118378,fd290c6f5a147994,False,False,1.0064999951282516,7.055900001432747,8.062399996560998,1.3917000032961369,42.64790000161156,44.0396000049077
disturbance_step60,142,108.34987191230555,108.34987191230555,108.94687732000402,108.94687732000402,0.5970054076984752,-25970.905319520814,optimal,-26295.875715794245,True,True,converged(kkt(residual=1.67e-03<=tol=2.26e-02); obj_plateau(range=2.04e-08)),converged,0.0016676651171778814,0.022633059213348735,False,5,5,0.0,701,8000,5.570630179363434e-07,8.145958974026257e-07,10.0,0,0,1.6820067108995292e-07,114.39371163928688,114.6356781557782,115.27387264164038,1.0,1.0,0.9995963482596015,114.10921244949496,114.38948711812147,115.15532093892512,1.0,1.0,0.9995628205896997,0.9939413019416025,0.9933787168466545,ba99dd323c6bdbb0,ebf563ad86763a72,False,False,0.9033999958774075,5.412100013927557,6.315500009804964,1.1150000063935295,46.02300000260584,47.13800000899937
disturbance_step60,143,108.1456204566222,108.1456204566222,108.4857381468527,108.4857381468527,0.34011769023049965,-25866.6522350889,optimal,-26063.275384975375,True,True,converged(kkt(residual=1.71e-03<=tol=2.26e-02); obj_plateau(range=2.37e-08)),converged,0.001710671930140378,0.022571043940502824,False,5,5,0.0,701,8000,5.52630297079304e-07,8.081139126758785e-07,10.0,0,0,1.960214806228254e-07,114.57357633676706,114.7829452753729,115.31833274106334,1.0,1.0,0.9996185804925527,114.31755333572528,114.56995619971484,115.24203643042884,1.0,1.0,0.9995874384271225,0.9943342080273839,0.9937911845389487,825013ea9f81e918,e513c0ba74129c3e,False,False,0.8384000102523714,6.5377999999327585,7.37620001018513,1.0454000002937391,45.708099991315976,46.753499991609715
disturbance_step60,144,108.08945645344396,108.08945645344396,108.21300431431257,108.21300431431257,0.12354786086861225,-25836.753031066084,optimal,-25925.83193163118,True,True,converged(kkt(residual=1.74e-03<=tol=2.25e-02); obj_plateau(range=2.66e-08)),converged,0.0017367167687826087,0.022531932674398753,False,5,5,0.0,701,8000,5.499373827433374e-07,8.041760244381635e-07,10.0,0,0,2.2118168236352847e-07,114.72920977460859,114.90411746191613,115.33479902147793,1.0,1.0,0.9996391512033199,114.50517584413231,114.72593882016116,115.29696679920153,1.0,1.0,0.9996103013142795,0.9947106924631807,0.9941898967710094,40f0b9189d571cb8,0ce9a0bbbc68d684,False,False,0.9615999879315495,6.155800001579337,7.117399989510886,0.8916999940993264,41.62420000648126,42.51590000058059
disturbance_step60,145,108.15457077871226,108.15457077871226,108.09922794663663,108.09922794663663,-0.05534283207562396,-25867.687840738934,optimal,-25868.137454074757,True,True,converged(kkt(residual=1.75e-03<=tol=2.25e-02); obj_plateau(range=2.91e-08)),converged,0.0017501950516096995,0.022512221453383226,False,5,5,0.0,701,8000,5.487168550644128e-07,8.023912130283861e-07,10.0,0,0,2.430747651089272e-07,114.85922659974918,114.99918162786655,115.32679714879012,1.0,1.0,0.9996581475238354,114.66927898730286,114.8561227599023,115.32295920119545,1.0,1.0,0.999631473930402,0.9950690226348979,0.994572798625501,afe5a0d2e9c43737,e8d65156012e869a,False,False,1.253900001756847,5.523100000573322,6.777000002330169,0.8361000072909519,47.46339999837801,48.29950000566896
disturbance_step60,146,108.31680740391548,108.31680740391548,108.13142473583353,108.13142473583353,-0.18538266808194237,-25947.469694759555,optimal,-25876.342947654477,True,True,converged(kkt(residual=1.29e-03<=tol=2.25e-02); obj_plateau(range=1.70e-08)),converged,0.0012903916983137682,0.022508689796841223,False,5,5,0.0,751,8000,5.485820366857297e-07,8.0219407827542e-07,10.0,0,0,1.384859421224125e-07,114.96326152639186,115.06892991010209,115.2979586272018,1.0,1.0,0.9996756679252154,114.80816844656349,114.96018839134075,115.32339587815734,1.0,1.0,0.9996510387891032,0.995407891965202,0.9949380466505434,e69b68a6d2ba2bf3,f15e1ffff7587b59,False,False,1.0961999942082912,7.982600000104867,9.078799994313158,0.8896999934222549,56.5993000054732,57.48899999889545
disturbance_step60,147,108.55449180998025,108.55449180998025,108.26183401883479,108.26183401883479,-0.29265779114545865,-26065.43749199349,optimal,-25940.69026332798,True,True,converged(kkt(residual=1.29e-03<=tol=2.25e-02); obj_plateau(range=1.78e-08)),converged,0.001289129096515691,0.022519286023133727,False,5,5,0.0,751,8000,5.496342652122621e-07,8.037327239307501e-07,10.0,0,0,1.457748482588484e-07,115.04180963356329,115.11477957841136,115.25185164119253,1.0,1.0,0.9996918171640709,114.92117177353124,115.03868103551173,115.30181726814303,1.0,1.0,0.9996690913354135,0.9957264686892278,0.9952841970677563,dc727946b7b07d10,bbb9230796d25c8c,False,False,1.3913000002503395,7.035699993139133,8.426999993389472,1.22900000133086,53.01730000064708,54.24630000197794
disturbance_step60,148,108.84831360247398,108.84831360247398,108.47225338649798,108.47225338649798,-0.3760602159759969,-26212.11753903603,optimal,-26045.33042578389,True,True,converged(kkt(residual=1.29e-03<=tol=2.25e-02); obj_plateau(range=1.85e-08)),converged,0.0012854481421023932,0.022539884844058826,False,5,5,0.0,751,8000,5.514370116088685e-07,8.06368843697669e-07,10.0,0,0,1.514977514304677e-07,115.09605150655283,115.1386045857245,115.19186991924144,1.0,1.0,0.9997067019854448,115.00852174312094,115.0928066050345,115.26176760245407,1.0,1.0,0.9996857347446765,0.9960243846907554,0.9956102678562528,082c052f1f33ceca,8fc264ba02a759e3,False,False,1.4200000005075708,5.1444999990053475,6.564499999512918,1.0614000057103112,43.31069999898318,44.37210000469349
disturbance_step60,149,109.1812464511165,109.1812464511165,108.74454705171618,108.74454705171618,-0.436699399400311,-26379.13588361152,optimal,-26181.388321274302,True,True,converged(kkt(residual=1.28e-03<=tol=2.26e-02); obj_plateau(range=1.90e-08)),converged,0.0012803624126102944,0.02256841299993051,False,5,5,0.0,751,8000,5.538257141779468e-07,8.098618486940268e-07,10.0,0,0,1.5562238837194182e-07,115.1276831422975,115.14258603823099,115.12116300560938,1.0,1.0,0.9997204277525299,115.07117450768551,115.12427841302973,115.20666180294168,1.0,1.0,0.9997010754447994,0.996301687531151,0.9959157460592178,7faf2a8a0cf243e4,ea39fc6f935e2676,False,False,1.260399993043393,5.2866000041831285,6.546999997226521,0.7789999945089221,44.1551999974763,44.934199991985224
disturbance_step60,150,109.53848288297485,109.53848288297485,109.06178843667173,109.06178843667173,-0.47669444630311375,-26559.162457234368,optimal,-26340.566179607802,True,True,converged(kkt(residual=1.27e-03<=tol=2.26e-02); obj_plateau(range=1.93e-08)),converged,0.0012746522349936643,0.022602897775470056,False,5,5,0.0,751,8000,5.566444087889977e-07,8.139836076281881e-07,10.0,0,0,1.5824452371601123e-07,115.13876114146666,115.12908468224795,115.04259518486664,1.0,1.0,0.9997330959890011,115.11064905155322,115.13516079814342,115.13970901859427,1.0,1.0,0.9997152194899559,0.9965587737647029,0.9962005485337386,93e52d22b23ac13a,d7803334eaef0da3,False,False,1.3272000069264323,6.34870000067167,7.675900007598102,0.8783000084804371,49.8951999907149,50.77349999919534
disturbance_step60,151,109.90736459232562,109.90736459232562,109.40878107565338,109.40878107565338,-0.498583516672241,-26745.870697713886,optimal,-26515.373583191278,True,True,converged(kkt(residual=1.27e-03<=tol=2.26e-02); obj_plateau(range=1.94e-08)),converged,0.0012688541283758775,0.022641541082230644,False,5,5,0.0,751,8000,5.597537153789744e-07,8.185303963514912e-07,10.0,0,0,1.595292865756583e-07,115.13156818999846,115.10053537288071,114.95872428145981,1.0,1.0,0.9997448027232008,115.12886974567688,115.12774090046138,115.06391403327582,1.0,1.0,0.9997282698529292,0.9967963162586181,0.9964649526520531,c427c332b0f8d903,b2dc4ab97e594f42,False,False,1.2190999987069517,6.034300007740967,7.253400006447919,0.8084000000962988,46.99919999984559,47.807599999941885
disturbance_step60,152,110.27729528687097,110.27729528687097,109.7722498388815,109.7722498388815,-0.5050454479894597,-26933.900396465444,optimal,-26699.211371368387,True,True,converged(kkt(residual=1.26e-03<=tol=2.27e-02); obj_plateau(range=1.95e-08)),converged,0.0012632998683972446,0.022682749760604366,False,5,5,0.0,751,8000,5.630305253134793e-07,8.233220576414624e-07,10.0,0,0,1.5967317499723293e-07,115.1085000880818,115.05936211245641,114.87179433415976,1.0,1.0,0.9997556374867276,115.12803062377633,115.10443775728733,114.98194208531199,1.0,1.0,0.9997403246242061,0.9970151937108791,0.9967095426885799,3a239a389e2ce7f0,9d8ef039b1e7a094,False,False,1.102599999285303,6.806400007917546,7.909000007202849,0.8423999970545992,43.93529999651946,44.77769999357406
disturbance_step60,153,110.63962974807083,110.63962974807083,110.14089218676057,110.14089218676057,-0.49873756131026425,-27118.81573734603,optimal,-26886.399181944485,True,True,converged(kkt(residual=1.26e-03<=tol=2.27e-02); obj_plateau(range=1.94e-08)),converged,0.001258165834424174,0.02272514607454716,False,5,5,0.0,751,8000,5.663698772195858e-07,8.282052048613764e-07,10.0,0,0,1.588826503894044e-07,115.07197359983537,115.00791153379627,114.78373818979527,1.0,1.0,0.9997656828180327,115.11049297495092,115.06767828443402,114.8961418551399,1.0,1.0,0.9997514757054738,0.9972164270580215,0.9969351323717176,d0f1f796b8544fbd,0176ebce7860d0c8,False,False,0.9902000019792467,4.748699997435324,5.738899999414571,0.792799997725524,44.954900004086085,45.74770000181161
disturbance_step60,154,110.98753829574724,110.98753829574724,110.50533910991479,110.50533910991479,-0.4821991858324566,-27297.054200848648,optimal,-27072.166720146335,True,True,converged(kkt(residual=1.25e-03<=tol=2.28e-02); obj_plateau(range=1.92e-08)),converged,0.0012535204929206018,0.022767567601643328,False,5,5,0.0,751,8000,5.69684289075667e-07,8.330518621590954e-07,10.0,0,0,1.5735931100312726e-07,115.02435335760036,114.94840254265283,114.69618735115806,1.0,1.0,0.9997750141374568,115.07866687161564,115.01983592810303,114.80854344187289,1.0,1.0,0.9997618081404387,0.997401124996978,0.9971426998150615,2a2277a38e82664a,f48647265ad720a5,False,False,0.8115999953588471,5.568499997025356,6.380099992384203,0.8755000017117709,44.245700002647936,45.12120000435971
disturbance_step60,155,111.3158497535001,111.3158497535001,110.85806179801492,110.85806179801492,-0.4577879554851876,-27465.864941406726,optimal,-27252.622538365806,True,True,converged(kkt(residual=1.25e-03<=tol=2.28e-02); obj_plateau(range=1.90e-08)),converged,0.0012493641113624893,0.022809060456088204,False,5,5,0.0,751,8000,5.729031187229339e-07,8.377587601415826e-07,10.0,0,0,1.5529062034758286e-07,114.96789566852833,114.88288988572837,114.6104872220772,1.0,1.0,0.9997836998827793,115.03493516025819,114.96317013471993,114.72087506559474,1.0,1.0,0.999771399863197,0.9975704392169064,0.9973333284442706,d7772fba238e567b,a4dc4b78651cce31,False,False,1.068099998519756,7.007899999734946,8.075999998254701,0.9775000071385875,60.47799999942072,61.455500006559305
disturbance_step60,156,111.62087834636314,111.62087834636314,111.19323906908156,111.19323906908156,-0.42763927728158535,-27623.23735663585,optimal,-27424.70454474988,True,True,converged(kkt(residual=1.25e-03<=tol=2.28e-02); obj_plateau(range=1.87e-08)),converged,0.0012456595459060735,0.022848867741667483,False,5,5,0.0,751,8000,5.759714127862026e-07,8.422455586298838e-07,10.0,0,0,1.5284417452503272e-07,114.90470701073762,114.81323958086017,114.5277163566833,1.0,1.0,0.9997918018177213,114.98158895849743,114.89978877281537,114.63457618558587,1.0,1.0,0.9997803217576917,0.997725528950801,0.9975081590477832,4b1da927ece7aeda,e8827710282bae4a,False,False,1.6574999899603426,7.361399999354035,9.018899989314377,1.253599999472499,56.788999994751066,58.042599994223565
disturbance_step60,157,111.90024100028516,111.90024100028516,111.50659880634093,111.50659880634093,-0.39364219394423117,-27767.821924894663,optimal,-27586.116484809078,True,True,converged(kkt(residual=1.24e-03<=tol=2.29e-02); obj_plateau(range=1.84e-08)),converged,0.0012423928865220833,0.02288641447298999,False,5,5,0.0,751,8000,6.17051227891352e-07,8.965320317244618e-07,10.0,0,0,1.4930446954505025e-07,114.83671511730229,114.74111433964484,114.44870858756,1.0,1.0,0.9997993754469346,114.92078316658508,114.83161939013215,114.55081606157829,1.0,1.0,0.999788637915996,0.9978675339200183,0.9976683510830212,a06ee752b968b82b,8dbf0a4b5fdffa1c,False,False,0.9591999987605959,6.449299995438196,7.408499994198792,1.1783000081777573,48.25439999694936,49.43270000512712
disturbance_step60,158,112.1526715912678,112.1526715912678,111.79524260310929,111.79524260310929,-0.3574289881585173,-27898.846111913157,optimal,-27735.25359368031,True,True,converged(kkt(residual=1.24e-03<=tol=2.29e-02); obj_plateau(range=1.81e-08)),converged,0.0012394325387165522,0.02292128997366028,False,5,5,0.0,751,8000,6.198701072435142e-07,9.006276382450551e-07,10.0,0,0,1.4651155911630813e-07,114.76565071879968,114.66796730322577,114.37407706589585,1.0,1.0,0.9998064704886602,114.85450368333075,114.76039220018104,114.47051383302852,1.0,1.0,0.9997964060238016,0.9979975545096071,0.9978150529834118,666847719668b7a2,dbff0d42ac1dbcd1,False,False,1.0934000019915402,6.062999993446283,7.156399995437823,1.0117000056197867,57.790799997746944,58.80250000336673
disturbance_step60,159,112.37783813269989,112.37783813269989,112.05746322795582,112.05746322795582,-0.32037490474407093,-28016.028378200168,optimal,-27871.12130164328,True,True,converged(kkt(residual=1.24e-03<=tol=2.30e-02); obj_plateau(range=1.77e-08)),converged,0.0012367696181752239,0.02295322864505251,False,5,5,0.0,751,8000,6.224382218533719e-07,9.043589432877752e-07,10.0,0,0,1.4370562411534573e-07,114.69303820097777,114.59504258382567,114.30423935761402,1.0,1.0,0.9998131313703256,114.78454634505275,114.68763099363396,114.3943612174817,1.0,1.0,0.9998036778169691,0.9981166379643519,0.99794938004336,0b562f638fe7ec3b,ed4754236b2a5350,False,False,1.2322000111453235,7.392999992589466,8.62520000373479,1.302200005738996,71.48620000225492,72.78840000799391
