scenario,step,Ta_cvx_raw,Ta_cvx_applied,Ta_snn_raw,Ta_snn_applied,control_diff_e_u,cvxpy_objective,cvxpy_status,snn_objective,snn_converged,snn_verified_converged,snn_iterations,snn_max_iterations,snn_constraint_residual,snn_constraint_residual_scaled,snn_bound_violation,snn_clipped,cvxpy_clipped,objective_gap_snn_vs_reference,Tc1_cvx,Tc2_cvx,Tc3_cvx,alpha1_cvx,alpha2_cvx,alpha3_cvx,Tc1_snn,Tc2_snn,Tc3_snn,alpha1_snn,alpha2_snn,alpha3_snn,rho_Ap_cvx,rho_Ap_snn,qp_fingerprint_cvx,qp_fingerprint_snn,slew_saturated_cvx,slew_saturated_snn
nominal_heatup,0,24.0,24.0,24.0,24.0,0.0,-570.9811533247264,optimal,-570.9811564297449,False,False,8000,8000,6.533154461862978e-07,9.468567236936565e-07,10.0,0,0,-5.438039949966671e-09,28.0,28.0,28.0,1e-05,1e-05,1e-05,28.0,28.0,28.0,1e-05,1e-05,1e-05,1.0000008521941652,1.0000008521941652,839ec63c777d5433,839ec63c777d5433,True,True
nominal_heatup,1,20.0,20.0,20.0,20.0,0.0,-424.9606365479734,optimal,-424.9606375969538,False,False,8000,8000,6.337474776074714e-07,9.184966680564344e-07,10.0,0,0,-2.468417753731067e-09,28.000000056399145,28.000000056399145,28.000000056399145,1.0001630922571259e-05,1.0001630922571259e-05,1.0001630922571259e-05,28.000000056399145,28.000000056399145,28.000000056399145,1.0001630922571259e-05,1.0001630922571259e-05,1.0001630922571259e-05,1.0000008522669996,1.0000008522669996,605f26bc364f4c9f,605f26bc364f4c9f,True,True
nominal_heatup,2,16.0,16.0,16.0,16.0,0.0,-295.11063654797346,optimal,-295.1106365479734,True,True,201,8000,0.0,0.0,10.0,0,0,3.8523463285314345e-16,28.000000112803107,28.000000112803107,28.000000091841084,1.0003261984532805e-05,1.0003261984532805e-05,1.0003261984532805e-05,28.000000112803107,28.000000112803107,28.000000091841084,1.0003261984532805e-05,1.0003261984532805e-05,1.0003261984532805e-05,1.0000008523398338,1.0000008523398338,47e19c5be4fa2859,47e19c5be4fa2859,True,True
nominal_heatup,3,12.780398231265288,12.780398231265288,12.780398231261504,12.780398231261504,-3.7836400679225335e-12,-182.7886365479735,optimal,-182.7886365479735,True,True,201,8000,0.0,0.0,10.0,0,0,0.0,28.00000016921189,28.00000016142088,28.000000128607986,1.0004893185885736e-05,1.0004893185885736e-05,1.0004893185878145e-05,28.00000016921189,28.00000016142088,28.000000128607986,1.0004893185885736e-05,1.0004893185885736e-05,1.0004893185878145e-05,1.000000852412668,1.000000852412668,51cf8a95fcdc614d,51cf8a95fcdc614d,False,False
nominal_heatup,4,10.845226484772807,10.845226484772807,10.845226484770993,10.845226484770993,-1.8136603330276557e-12,-106.85857823138991,optimal,-106.85857823130783,True,True,201,8000,0.0,0.0,10.0,0,0,2.6597499144038675e-16,28.00000021983408,28.000000208534534,28.00000016274716,1.0006524526631151e-05,1.0006524526628329e-05,1.0006524526608854e-05,28.00000021983408,28.000000208534534,28.00000016274716,1.0006524526631151e-05,1.0006524526628329e-05,1.0006524526608854e-05,1.000000852485502,1.000000852485502,9c962b0cc60f320d,9c962b0cc60f320d,False,False
nominal_heatup,5,10.0,10.0,10.0,10.0,0.0,-66.65452969545603,optimal,-66.65452969541974,True,True,201,8000,0.0,0.0,10.0,0,0,1.2792098103584854e-15,28.00000026785304,28.000000252134775,27.98446602875741,1.0008156006768049e-05,1.0008156006761134e-05,1.0008156006725072e-05,28.00000026785304,28.000000252134775,27.98446602875741,1.0008156006768049e-05,1.0008156006761134e-05,1.0008156006725072e-05,1.000000851578782,1.000000851578782,8dc8e89a20616aed,8dc8e89a20616aed,False,False
nominal_heatup,6,10.0,10.0,10.0,10.0,0.0,-49.749999999999886,optimal,-49.749999999999886,True,True,201,8000,0.0,0.0,10.0,0,0,1.1425812836343334e-15,28.000000312592185,27.9942266676392,27.942540707993636,1.000978762629658e-05,1.000978762628397e-05,1.000978200850556e-05,28.000000312592185,27.9942266676392,27.942540707993636,1.000978762629658e-05,1.000978762628397e-05,1.000978200850556e-05,1.0000008486502054,1.0000008486502054,fa6a70a24895d7df,fa6a70a24895d7df,False,False
nominal_heatup,7,10.0,10.0,10.0,10.0,0.0,-49.749999999999886,optimal,-49.749999999999886,True,True,201,8000,0.0,0.0,10.0,0,0,1.1425812836343334e-15,27.995708556591467,27.97716236998323,27.864890999255255,1.001141938521665e-05,1.001141729486962e-05,1.001139307919004e-05,27.995708556591467,27.97716236998323,27.864890999255255,1.001141938521665e-05,1.001141729486962e-05,1.001139307919004e-05,1.000000842525053,1.000000842525053,149ec4842fbba745,149ec4842fbba745,False,False
nominal_heatup,8,10.0,10.0,10.0,10.0,0.0,-49.749999999999886,optimal,-49.749999999999886,True,True,201,8000,0.0,0.0,10.0,0,0,1.1425812836343334e-15,27.981922390430096,27.942327333795546,27.748235859518665,1.0013049729312416e-05,1.0013040939033937e-05,1.0012976730256157e-05,27.981922390430096,27.942327333795546,27.74823585951865,1.0013049729312416e-05,1.0013040939033937e-05,1.0012976730256157e-05,1.0000008323474407,1.0000008323474407,24a361379a4ce72d,24a361379a4ce72d,False,False
nominal_heatup,9,10.0,10.0,10.0,10.0,0.0,-49.749999999999886,optimal,-49.749999999999886,True,True,201,8000,0.0,0.0,10.0,0,0,1.1425812836343334e-15,27.952489643349125,27.88490528867242,27.595026089733096,1.0014675229332127e-05,1.0014652208179747e-05,1.0014519969362864e-05,27.952489643349125,27.884905288672417,27.595026089733064,1.0014675229332127e-05,1.0014652208179747e-05,1.0014519969362864e-05,1.00000081774441,1.00000081774441,eb2ceb852cfac667,eb2ceb852cfac667,False,False
nominal_heatup,10,10.0,10.0,10.0,10.0,0.0,-49.749999999999886,optimal,-49.749999999999886,True,True,201,8000,0.0,0.0,10.0,0,0,1.1425812836343334e-15,27.902251179900894,27.80228441850101,27.411599543521525,1.0016290277260816e-05,1.001624318896755e-05,1.0016011608059993e-05,27.90225117990089,27.802284418500996,27.411599543521483,1.0016290277260816e-05,1.001624318896755e-05,1.0016011608059993e-05,1.0000007988614286,1.0000007988614286,64e5db9f99d14b0f,64e5db9f99d14b0f,False,False
nominal_heatup,11,10.0,10.0,10.0,10.0,0.0,-49.749999999999886,optimal,-49.749999999999886,True,True,201,8000,0.0,0.0,10.0,0,0,1.1425812836343334e-15,27.827941402693067,27.694232486013593,27.206156459215496,1.0017887537996116e-05,1.001780535271829e-05,1.0017443641596039e-05,27.827941402693057,27.694232486013572,27.206156459215443,1.0017887537996116e-05,1.001780535271829e-05,1.0017443641596039e-05,1.0000007762694025,1.000000776269402,2fdc69967ec2a759,2fdc69967ec2a759,False,False
nominal_heatup,12,10.0,10.0,10.0,10.0,0.0,-49.749999999999886,optimal,-49.749999999999886,True,True,201,8000,0.0,0.0,10.0,0,0,1.1425812836343334e-15,27.72854954860337,27.562523957787167,26.984922499348166,1.0019458771679327e-05,1.0019330551016485e-05,1.0018811640679002e-05,27.728549548603354,27.56252395778714,26.984922499348105,1.0019458771679327e-05,1.0019330551016485e-05,1.0018811640679002e-05,1.0000007506889403,1.0000007506889395,0d099eaca5c41650,0d099eaca5c41650,False,False
nominal_heatup,13,10.0,10.0,10.0,10.0,0.0,-49.749999999999886,optimal,-49.749999999999886,True,True,201,8000,0.0,0.0,10.0,0,0,1.1425812836343334e-15,27.60513524220188,27.409552494617767,26.752674247642336,1.0020995790008383e-05,1.0020811807655523e-05,1.002011377846724e-05,27.605135242201854,27.409552494617728,26.752674247642272,1.0020995790008383e-05,1.0020811807655523e-05,1.002011377846724e-05,1.0000007228921495,1.0000007228921486,4506e4af27ccc4c1,4506e4af27ccc4c1,False,False
nominal_heatup,14,10.0,10.0,10.0,10.0,0.0,-49.749999999999886,optimal,-49.749999999999886,True,True,201,8000,0.0,0.0,10.0,0,0,1.1425812836343334e-15,27.459749757784184,27.23810159990302,26.512842406601777,1.0022491295658364e-05,1.0022243547374208e-05,1.0021350079166798e-05,27.45974975778415,27.238101599902976,26.51284240660171,1.0022491295658364e-05,1.0022243547374208e-05,1.0021350079166798e-05,1.0000006936077872,1.000000693607786,a15913ae5a4f3579,a15913ae5a4f3579,False,False
nominal_heatup,15,10.0,10.0,10.0,10.0,0.0,-49.749999999999886,optimal,-49.749999999999886,True,True,201,8000,0.0,0.0,10.0,0,0,1.1425812836343334e-15,27.29498866882629,27.050923173763664,26.267967541062706,1.0023939268507673e-05,1.0023621679702828e-05,1.0022521778964961e-05,27.29498866882625,27.050923173763614,26.267967541062635,1.0023939268507673e-05,1.0023621679702828e-05,1.0022521778964961e-05,1.0000006634847465,1.0000006634847478,7363bc22f1b5a993,7363bc22f1b5a993,False,False
nominal_heatup,16,10.0,10.0,10.0,10.0,0.0,-49.749999999999886,optimal,-49.749999999999886,True,True,201,8000,0.0,0.0,10.0,0,0,1.1425812836343334e-15,27.113563753546508,26.85063246646596,26.01992916497592,1.002533512653243e-05,1.0024943497571697e-05,1.0023630897245655e-05,27.113563753546458,26.850632466465907,26.019929164975846,1.002533512653243e-05,1.0024943497571697e-05,1.0023630897245655e-05,1.0000006330716873,1.0000006330716877,5317ec8dc87039e0,5317ec8dc87039e0,False,False
nominal_heatup,17,10.0,10.0,10.0,10.0,0.0,-49.749999999999886,optimal,-49.749999999999886,True,True,201,8000,0.0,0.0,10.0,0,0,1.1425812836343334e-15,26.9181150366023,26.639607152019607,25.770154158646765,1.002667568962333e-05,1.0026207519063335e-05,1.0024679931837618e-05,26.918115036602245,26.639607152019547,25.77015415864669,1.002667568962333e-05,1.0026207519063335e-05,1.0024679931837618e-05,1.00000060281567,1.00000060281567,f9b2ce7def88758c,f9b2ce7def88758c,False,False
nominal_heatup,18,10.0,10.0,10.0,10.0,0.0,-49.749999999999886,optimal,-49.749999999999886,True,True,201,8000,0.0,0.0,10.0,0,0,1.1425812836343334e-15,26.711087525547416,26.41996902897957,25.51973897138658,1.0027959050735521e-05,1.0027413292179472e-05,1.0025671654537609e-05,26.711087525547356,26.41996902897951,25.519738971386502,1.0027959050735521e-05,1.0027413292179472e-05,1.0025671654537609e-05,1.0000005730680968,1.0000005730680979,4aa70bd2bcfeeb1d,4aa70bd2bcfeeb1d,False,False
nominal_heatup,19,10.0,10.0,10.0,10.0,0.0,-49.749999999999886,optimal,-49.749999999999886,True,True,201,8000,0.0,0.0,10.0,0,0,1.1425812836343334e-15,26.494685972050267,26.19357892956843,25.26954117414155,1.0029184395980693e-05,1.0028561200765037e-05,1.0026608970019419e-05,26.494685972050206,26.193578929568364,25.269541174141477,1.0029184395980693e-05,1.0028561200765037e-05,1.0026608970019419e-05,1.0000005440956288,1.000000544095628,1be4af2c41a719eb,1be4af2c41a719eb,False,False
nominal_heatup,20,10.0,10.0,10.0,10.0,0.0,-49.749999999999886,optimal,-49.749999999999886,True,True,201,8000,0.0,0.0,10.0,0,0,1.1425812836343334e-15,26.27085947687172,25.962052626672328,25.020238652877445,1.0030351813024358e-05,1.0029652282853304e-05,1.0027494820188744e-05,26.270859476871653,25.96205262667226,25.02023865287737,1.0030351813024358e-05,1.0029652282853304e-05,1.0027494820188744e-05,1.0000005160924688,1.000000516092469,ef45964afac0ca0c,ef45964afac0ca0c,False,False
nominal_heatup,21,10.0,10.0,10.0,10.0,0.0,-49.749999999999886,optimal,-49.749999999999886,True,True,201,8000,0.0,0.0,10.0,0,0,1.1425812836343334e-15,26.041309363054367,25.72678119510108,24.772372499695262,1.0031462106142564e-05,1.0030688070786819e-05,1.0028332118944267e-05,26.0413093630543,25.726781195101008,24.772372499695187,1.0031462106142564e-05,1.0030688070786819e-05,1.0028332118944267e-05,1.000000489192717,1.000000489192717,9d545ddf47c3dce1,9d545ddf47c3dce1,False,False
nominal_heatup,22,10.0,10.0,10.0,10.0,0.0,-49.749999999999886,optimal,-49.749999999999886,True,True,201,8000,0.0,0.0,10.0,0,0,1.1425812836343334e-15,25.807506332062495,25.48895510510634,24.52637691900713,1.0032516629545711e-05,1.0031670454984261e-05,1.00291237084414e-05,25.807506332062424,25.488955105106267,24.526376919007056,1.0032516629545711e-05,1.0031670454984261e-05,1.00291237084414e-05,1.0000004634817483,1.0000004634817479,064447ef241b6d1d,064447ef241b6d1d,False,False
nominal_heatup,23,10.0,10.0,10.0,10.0,0.0,-49.749999999999886,optimal,-49.749999999999886,True,True,201,8000,0.0,0.0,10.0,0,0,1.1425812836343334e-15,25.57071277679101,25.249587897872697,24.282601356759493,1.0033517143215036e-05,1.003260157130483e-05,1.0029872330333102e-05,25.570712776790938,25.249587897872626,24.282601356759418,1.0033517143215036e-05,1.003260157130483e-05,1.0029872330333102e-05,1.0000004390062815,1.000000439006282,c57c670dc53fd97d,c57c670dc53fd97d,False,False
nominal_heatup,24,10.0,10.0,10.0,10.0,0.0,-49.749999999999886,optimal,-49.749999999999886,True,True,201,8000,0.0,0.0,10.0,0,0,1.1425812836343334e-15,25.332006107370024,25.00953877990651,24.04132692225565,1.0034465692221387e-05,1.0033483709975413e-05,1.003058060769754e-05,25.332006107369953,25.00953877990644,24.041326922255575,1.0034465692221387e-05,1.0033483709975413e-05,1.003058060769754e-05,1.0000004157829643,1.0000004157829638,43f702368c3daad9,43f702368c3daad9,False,False
nominal_heatup,25,10.0,10.0,10.0,10.0,0.0,-49.749999999999886,optimal,-49.749999999999886,True,True,201,8000,0.0,0.0,10.0,0,0,1.1425812836343334e-15,25.092301533275666,24.769533195098283,23.80277901127308,1.003536450818989e-05,1.0034319243503336e-05,1.003125103457083e-05,25.092301533275595,24.769533195098212,23.80277901127301,1.003536450818989e-05,1.0034319243503336e-05,1.003125103457083e-05,1.0000003938055422,1.0000003938055422,a4b1bcbd2bd8a20f,a4b1bcbd2bd8a20f,False,False
nominal_heatup,26,10.0,10.0,10.0,10.0,0.0,-49.749999999999886,optimal,-49.749999999999886,True,True,201,8000,0.0,0.0,10.0,0,0,1.1425812836343334e-15,24.852373202612267,24.5301812637944,23.56713714776964,1.0036215930604531e-05,1.003511057073792e-05,1.0031885970928137e-05,24.852373202612196,24.53018126379433,23.567137147769568,1.0036215930604531e-05,1.003511057073792e-05,1.0031885970928137e-05,1.0000003730507252,1.0000003730507254,5b70eb946745f25c,5b70eb946745f25c,False,False
nominal_heatup,27,10.0,10.0,10.0,10.0,0.0,-49.749999999999886,optimal,-49.749999999999886,True,True,201,8000,0.0,0.0,10.0,0,0,1.1425812836343334e-15,24.612873334206082,24.29199403005774,23.33454282816819,1.0037022345220117e-05,1.0035860074374357e-05,1.0032487641544931e-05,24.61287333420601,24.29199403005767,23.334542828168118,1.0037022345220117e-05,1.0035860074374357e-05,1.0032487641544931e-05,1.0000003534829127,1.0000003534829125,e2644c5dae9ec9be,e2644c5dae9ec9be,False,False
nominal_heatup,28,10.0,10.0,10.0,10.0,0.0,-49.749999999999886,optimal,-49.749999999999886,True,True,201,8000,0.0,0.0,10.0,0,0,1.1425812836343334e-15,24.37434920527209,24.055397657985644,23.105105857421965,1.0037786136849845e-05,1.003657008943446e-05,1.0033058137600374e-05,24.37434920527202,24.055397657985573,23.105105857421893,1.0037786136849845e-05,1.003657008943446e-05,1.0033058137600374e-05,1.0000003350579452,1.0000003350579456,5e8c31cca32562cc,5e8c31cca32562cc,False,False
nominal_heatup,29,10.0,10.0,10.0,10.0,0.0,-49.749999999999886,optimal,-49.749999999999886,True,True,201,8000,0.0,0.0,10.0,0,0,1.1425812836343334e-15,24.13725806414489,23.820745744054985,22.878909536568738,1.0038509653984523e-05,1.003724288057728e-05,1.0033599420183686e-05,24.13725806414482,23.820745744054914,22.878909536568667,1.0038509653984523e-05,1.003724288057728e-05,1.0033599420183686e-05,1.0000003177260546,1.0000003177260541,0adf851b89b69fe2,0adf851b89b69fe2,False,False
nominal_heatup,30,10.0,10.0,10.0,10.0,0.0,-49.749999999999886,optimal,-49.749999999999886,True,True,201,8000,0.0,0.0,10.0,0,0,1.1425812836343334e-15,23.901980110025086,23.58832994786968,22.656014949560035,1.0039195182990213e-05,1.0037880626414559e-05,1.0034113325084164e-05,23.901980110025015,23.58832994786961,22.656014949559964,1.0039195182990213e-05,1.0037880626414559e-05,1.0034113325084164e-05,1.0000003014341403,1.0000003014341403,ba58e5244ff9550f,ba58e5244ff9550f,False,False
nominal_heatup,31,10.0,10.0,10.0,10.0,0.0,-49.749999999999886,optimal,-49.749999999999886,True,True,201,8000,0.0,0.0,10.0,0,0,1.1425812836343334e-15,23.668829726608408,23.35838913810585,22.436464533871334,1.0039844929948559e-05,1.00384854093123e-05,1.0034601568405804e-05,23.668829726608337,23.358389138105778,22.436464533871263,1.0039844929948559e-05,1.00384854093123e-05,1.0034601568405804e-05,1.0000002861275141,1.0000002861275146,7cddd4dcde09a141,7cddd4dcde09a141,False,False
nominal_heatup,32,10.0,10.0,10.0,10.0,0.0,-49.749999999999886,optimal,-49.749999999999886,True,True,201,8000,0.0,0.0,10.0,0,0,1.1425812836343334e-15,23.438065163844772,23.131117242192467,22.220285071334914,1.0040461008515214e-05,1.0039059209433389e-05,1.0035065752667342e-05,23.4380651638447,23.131117242192396,22.220285071334843,1.0040461008515214e-05,1.0039059209433389e-05,1.0035065752667342e-05,1.0000002717512078,1.000000271751208,3977359399e7e0d9,3977359399e7e0d9,False,False
nominal_heatup,33,10.0,10.0,10.0,10.0,0.0,-49.749999999999886,optimal,-49.749999999999886,True,True,201,8000,0.0,0.0,10.0,0,0,1.1425812836343334e-15,23.209896857830454,22.906669971024595,22.00749020435437,1.0041045432456082e-05,1.0039603902013466e-05,1.003550737313812e-05,23.209896857830383,22.906669971024524,22.007490204354298,1.0041045432456082e-05,1.0039603902013466e-05,1.003550737313812e-05,1.000000258250936,1.0000002582509362,3bb3dd17135fe11b,3bb3dd17135fe11b,False,False
nominal_heatup,34,10.0,10.0,10.0,10.0,0.0,-49.749999999999886,optimal,-49.749999999999886,True,True,201,8000,0.0,0.0,10.0,0,0,1.1425812836343334e-15,22.984494564931452,22.68517057237705,21.79808255944593,1.0041600111770872e-05,1.0040121257062942e-05,1.0035927824227958e-05,22.98449456493138,22.68517057237698,21.79808255944586,1.0041600111770872e-05,1.0040121257062942e-05,1.0035927824227958e-05,1.0000002455737984,1.0000002455737984,6d5ce7d376e64336,6d5ce7d376e64336,False,False
nominal_heatup,35,10.0,10.0,10.0,10.0,0.0,-49.749999999999886,optimal,-49.749999999999886,True,True,201,8000,0.0,0.0,10.0,0,0,1.1425812836343334e-15,22.761993469562718,22.466714748365796,21.592055543510412,1.0042126851526699e-05,1.0040612940854875e-05,1.0036328405800352e-05,22.761993469562647,22.466714748365725,21.592055543510345,1.0042126851526699e-05,1.0040612940854875e-05,1.0036328405800352e-05,1.0000002336687606,1.0000002336687601,3fd9cd4a07bbc27e,3fd9cd4a07bbc27e,False,False
nominal_heatup,36,10.0,10.0,10.0,10.0,0.0,-49.749999999999886,optimal,-49.749999999999886,True,True,201,8000,0.0,0.0,10.0,0,0,1.1425812836343334e-15,22.542499407150192,22.25137485525708,21.38939486568872,1.0042627352703138e-05,1.0041080518695265e-05,1.0036710329317161e-05,22.54249940715012,22.251374855257012,21.389394865688654,1.0042627352703138e-05,1.0041080518695265e-05,1.0036710329317161e-05,1.0000002224869764,1.0000002224869757,818136ae095e5e86,818136ae095e5e86,False,False
nominal_heatup,37,10.0,10.0,10.0,10.0,0.0,-49.749999999999886,optimal,-49.749999999999886,True,True,201,8000,0.0,0.0,10.0,0,0,1.1425812836343334e-15,22.326093326536867,22.039203488232396,21.190079828118254,1.0043103214497343e-05,1.0041525458583372e-05,1.0037074723752204e-05,22.3260933265368,22.039203488232328,21.19007982811819,1.0043103214497343e-05,1.0041525458583372e-05,1.0037074723752204e-05,1.0000002119819862,1.000000211981987,19f2ac220fc11350,19f2ac220fc11350,False,False
nominal_heatup,38,10.0,10.0,10.0,10.0,0.0,-49.749999999999886,optimal,-49.749999999999886,True,True,201,8000,0.0,0.0,10.0,0,0,1.1425812836343334e-15,22.112835099998435,21.830236539728308,20.994084421416414,1.0043555937657922e-05,1.0041949135458942e-05,1.0037422641233298e-05,22.112835099998367,21.83023653972824,20.99408442141635,1.0043555937657922e-05,1.0041949135458942e-05,1.0037422641233298e-05,1.000000202109824,1.0000002021098244,366b00a21ccf70e0,366b00a21ccf70e0,False,False
nominal_heatup,39,10.0,10.0,10.0,10.0,0.0,-49.749999999999886,optimal,-49.749999999999886,True,True,201,8000,0.0,0.0,10.0,0,0,1.1425812836343334e-15,21.902766774504155,21.624495807613567,20.801378254763534,1.004398692851313e-05,1.0042352835804532e-05,1.0037755062388773e-05,21.902766774504087,21.624495807613503,20.80137825476347,1.004398692851313e-05,1.0042352835804532e-05,1.0037755062388773e-05,1.000000192829041,1.0000001928290407,09b7c2d14d39ae4f,09b7c2d14d39ae4f,False,False
nominal_heatup,40,10.0,10.0,10.0,10.0,0.0,-49.749999999999886,optimal,-49.749999999999886,True,True,201,8000,0.0,0.0,10.0,0,0,1.1425812836343334e-15,21.695915344944424,21.421991218681132,20.61192734563477,1.0044397503436556e-05,1.0042737762427625e-05,1.0038072901386794e-05,21.695915344944357,21.421991218681065,20.611927345634708,1.0044397503436556e-05,1.0042737762427625e-05,1.0038072901386794e-05,1.0000001841006911,1.0000001841006916,fd269893b5721fd9,fd269893b5721fd9,False,False
nominal_heatup,41,10.0,10.0,10.0,10.0,0.0,-49.749999999999886,optimal,-49.749999999999886,True,True,201,8000,0.0,0.0,10.0,0,0,1.1425812836343334e-15,21.492295118714942,21.222722723572353,20.42569479028214,1.004478889355511e-05,1.0043105039291752e-05,1.0038377010664767e-05,21.492295118714875,21.22272272357229,20.42569479028208,1.004478889355511e-05,1.0043105039291752e-05,1.0038377010664767e-05,1.0000001758882762,1.0000001758882762,43b7085a9adcf64b,43b7085a9adcf64b,False,False
nominal_heatup,42,10.0,10.0,10.0,10.0,0.0,-49.749999999999886,optimal,-49.749999999999886,True,True,201,8000,0.0,0.0,10.0,0,0,1.1425812836343334e-15,21.291909731181285,21.02668191116927,20.24264133280028,1.0045162249552862e-05,1.0043455716300698e-05,1.0038668185352656e-05,21.29190973118122,21.026681911169206,20.24264133280022,1.0045162249552862e-05,1.0043455716300698e-05,1.0038668185352656e-05,1.0000001681576571,1.0000001681576585,ab97c13867a08a24,ab97c13867a08a24,False,False
nominal_heatup,43,10.0,10.0,10.0,10.0,0.0,-49.749999999999886,optimal,-49.749999999999886,True,True,201,8000,0.0,0.0,10.0,0,0,1.1425812836343334e-15,21.094753863008272,20.833853383535136,20.062725847885254,1.0045518646462528e-05,1.0043790773966956e-05,1.0038947167398542e-05,21.094753863008208,20.833853383535075,20.062725847885194,1.0045518646462528e-05,1.0043790773966956e-05,1.0038947167398542e-05,1.000000160876962,1.0000001608769618,a6ae3bfb7652f57e,a6ae3bfb7652f57e,False,False
nominal_heatup,44,10.0,10.0,10.0,10.0,0.0,-49.749999999999886,optimal,-49.749999999999886,True,True,201,8000,0.0,0.0,10.0,0,0,1.1425812836343334e-15,20.900814702976128,20.64421592651199,19.885905750111377,1.0045859088366207e-05,1.0044111127916613e-05,1.0039214649407935e-05,20.900814702976067,20.644215926511926,19.885905750111316,1.0045859088366207e-05,1.0044111127916613e-05,1.0039214649407935e-05,1.0000001540164631,1.000000154016463,b5b5cc692c159e37,b5b5cc692c159e37,False,False
nominal_heatup,45,10.0,10.0,10.0,10.0,0.0,-49.749999999999886,optimal,-49.749999999999886,True,True,201,8000,0.0,0.0,10.0,0,0,1.1425812836343334e-15,20.710073193577326,20.457743505965695,19.712137340626093,1.0046184512950092e-05,1.0044417633198871e-05,1.0039471278210304e-05,20.710073193577262,20.457743505965635,19.712137340626036,1.0046184512950092e-05,1.0044417633198871e-05,1.0039471278210304e-05,1.00000014754847,1.0000001475484697,50105753bb6147b1,50105753bb6147b1,False,False
nominal_heatup,46,10.0,10.0,10.0,10.0,0.0,-49.749999999999886,optimal,-49.749999999999886,True,True,201,8000,0.0,0.0,10.0,0,0,1.1425812836343334e-15,20.52250509125888,20.274406115288222,19.54137610053658,1.0046495795875712e-05,1.0044711088380696e-05,1.0039717658167524e-05,20.522505091258818,20.274406115288162,19.541376100536528,1.0046495795875712e-05,1.0044711088380696e-05,1.0039717658167524e-05,1.0000001414472055,1.0000001414472055,ae599996d99024e9,ae599996d99024e9,False,False
nominal_heatup,47,10.0,10.0,10.0,10.0,0.0,-49.749999999999886,optimal,-49.749999999999886,True,True,201,8000,0.0,0.0,10.0,0,0,1.1425812836343334e-15,20.33808186852533,20.09417049601986,19.37357693888336,1.0046793754943797e-05,1.0044992239416245e-05,1.0039954354239476e-05,20.33808186852527,20.094170496019803,19.373576938883307,1.0046793754943797e-05,1.0044992239416245e-05,1.0039954354239476e-05,1.0000001356886883,1.0000001356886883,252183071b6fdc51,252183071b6fdc51,False,False
nominal_heatup,48,10.0,10.0,10.0,10.0,0.0,-49.749999999999886,optimal,-49.749999999999886,True,True,201,8000,0.0,0.0,10.0,0,0,1.1425812836343334e-15,20.156771481138836,19.91700075025232,19.208694401926206,1.004707915403715e-05,1.0045261783287633e-05,1.0040181894822172e-05,20.156771481138776,19.917000750252264,19.208694401926156,1.004707915403715e-05,1.0045261783287633e-05,1.0040181894822172e-05,1.0000001302506147,1.0000001302506143,85ba645e18f6dc38,85ba645e18f6dc38,False,False
nominal_heatup,49,10.0,10.0,10.0,10.0,0.0,-49.749999999999886,optimal,-49.749999999999886,True,True,201,8000,0.0,0.0,10.0,0,0,1.1425812836343334e-15,19.978539020251606,19.74285886073798,19.046682849473473,1.0047352706836616e-05,1.0045520371418554e-05,1.0040400774373568e-05,19.978539020251546,19.742858860737922,19.04668284947342,1.0047352706836616e-05,1.0045520371418554e-05,1.0040400774373568e-05,1.0000001251122494,1.0000001251122494,7eeab015fba5ee8f,7eeab015fba5ee8f,False,False
nominal_heatup,50,10.0,10.0,10.0,10.0,0.0,-49.749999999999886,optimal,-49.749999999999886,True,True,201,8000,0.0,0.0,10.0,0,0,1.1425812836343334e-15,19.803347266399513,19.57170513229491,18.88749660313953,1.0047615080309878e-05,1.0045768612865932e-05,1.0040611455841797e-05,19.803347266399456,19.571705132294852,18.887496603139482,1.0047615080309878e-05,1.0045768612865932e-05,1.0040611455841797e-05,1.0000001202543156,1.0000001202543158,92883569459ce6b5,92883569459ce6b5,False,False
nominal_heatup,51,10.0,10.0,10.0,10.0,0.0,-49.749999999999886,optimal,-49.749999999999886,True,True,201,8000,0.0,0.0,10.0,0,0,1.1425812836343334e-15,19.631157159803482,19.403498566103067,18.731090070694947,1.00478668979769e-05,1.0046007077297219e-05,1.004081437290997e-05,19.631157159803426,19.403498566103014,18.731090070694894,1.00478668979769e-05,1.0046007077297219e-05,1.004081437290997e-05,1.000000115658894,1.0000001156588942,61d15b499e273a66,61d15b499e273a66,False,False
nominal_heatup,52,10.0,10.0,10.0,10.0,0.0,-49.749999999999886,optimal,-49.749999999999886,True,True,201,8000,0.0,0.0,10.0,0,0,1.1425812836343334e-15,19.461928199305863,19.238197176784862,18.577417850060055,1.0048108742958754e-05,1.0046236297762663e-05,1.0041009932070992e-05,19.461928199305806,19.238197176784805,18.577417850060005,1.0048108742958754e-05,1.0046236297762663e-05,1.0041009932070992e-05,1.0000001113093244,1.0000001113093246,b9353612eeba9695,b9353612eeba9695,False,False
nominal_heatup,53,10.0,10.0,10.0,10.0,0.0,-49.749999999999886,optimal,-49.749999999999886,True,True,201,8000,0.0,0.0,10.0,0,0,1.1425812836343334e-15,19.295618780459623,19.075758260710668,18.426434815969778,1.0048341160818523e-05,1.0046456773272879e-05,1.0041198514545096e-05,19.295618780459566,19.075758260710614,18.426434815969728,1.0048341160818523e-05,1.0046456773272879e-05,1.0041198514545096e-05,1.000000107190117,1.000000107190117,0aa50ccb4cef7bd1,0aa50ccb4cef7bd1,False,False
nominal_heatup,54,10.0,10.0,10.0,10.0,0.0,-49.749999999999886,optimal,-49.749999999999886,True,True,201,8000,0.0,0.0,10.0,0,0,1.1425812836343334e-15,19.132186481744203,18.916138622730145,18.278096191891578,1.0048564662204189e-05,1.0046668971192618e-05,1.0041380478052069e-05,19.13218648174415,18.91613862273009,18.27809619189153,1.0048564662204189e-05,1.0046668971192618e-05,1.0041380478052069e-05,1.0000001032868657,1.0000001032868662,b650abf8ece7a341,b650abf8ece7a341,False,False
nominal_heatup,55,10.0,10.0,10.0,10.0,0.0,-49.749999999999886,optimal,-49.749999999999886,True,True,201,8000,0.0,0.0,10.0,0,0,1.1425812836343334e-15,18.971588306563785,18.759294767472404,18.132357609398248,1.0048779725304211e-05,1.0046873329461833e-05,1.0041556158449282e-05,18.97158830656373,18.759294767472355,18.132357609398202,1.0048779725304211e-05,1.0046873329461833e-05,1.0041556158449282e-05,1.0000000995861704,1.0000000995861706,24b37b344f3ab55f,24b37b344f3ab55f,False,False
nominal_heatup,56,10.0,10.0,10.0,10.0,0.0,-49.749999999999886,optimal,-49.749999999999886,True,True,201,8000,0.0,0.0,10.0,0,0,1.1425812836343334e-15,18.81378088755934,18.605183060455495,17.989175156873202,1.0048986798126756e-05,1.0047070258655075e-05,1.0041725871245964e-05,18.81378088755929,18.605183060455445,17.989175156873156,1.0048986798126756e-05,1.0047070258655075e-05,1.0041725871245964e-05,1.0000000960755608,1.0000000960755608,76a00b0d0d2c27e0,76a00b0d0d2c27e0,False,False
nominal_heatup,57,10.0,10.0,10.0,10.0,0.0,-49.749999999999886,optimal,-49.749999999999886,True,True,201,8000,0.0,0.0,10.0,0,0,1.1425812836343334e-15,18.658720658806285,18.453759863475504,17.848505419149305,1.004918630061363e-05,1.0047260143890005e-05,1.0041889913003345e-05,18.658720658806235,18.453759863475458,17.84850541914926,1.004918630061363e-05,1.0047260143890005e-05,1.0041889913003345e-05,1.0000000927434307,1.00000009274343,ef549af71ce2e80f,ef549af71ce2e80f,False,False
nominal_heatup,58,10.0,10.0,10.0,10.0,0.0,-49.749999999999886,optimal,-49.749999999999886,True,True,201,8000,0.0,0.0,10.0,0,0,1.1425812836343334e-15,18.50636400065062,18.30498164808864,17.71030550944654,1.0049378626599767e-05,1.0047443346595468e-05,1.0042048562629632e-05,18.506364000650574,18.30498164808859,17.710305509446496,1.0049378626599767e-05,1.0047443346595468e-05,1.0042048562629632e-05,1.0000000895789705,1.0000000895789705,a2bf6bdaa082c3fb,a2bf6bdaa082c3fb,False,False
nominal_heatup,59,10.0,10.0,10.0,10.0,0.0,-49.749999999999886,optimal,-49.749999999999886,True,True,201,8000,0.0,0.0,10.0,0,0,1.1425812836343334e-15,18.356667361238195,18.1588050904389,17.574533094772672,1.0049564145628795e-05,1.0047620206149071e-05,1.0042202082578081e-05,18.356667361238145,18.158805090438854,17.574533094772626,1.0049564145628795e-05,1.0047620206149071e-05,1.0042202082578081e-05,1.0000000865721124,1.0000000865721124,27216582666040cc,27216582666040cc,False,False
nominal_heatup,60,10.0,10.0,10.0,10.0,0.0,-49.749999999999886,optimal,-49.749999999999886,True,True,201,8000,0.0,0.0,10.0,0,0,1.1425812836343334e-15,18.209587358195453,18.015187150205907,17.44114641577941,1.0049743204634785e-05,1.004779104139373e-05,1.0042350719955802e-05,18.209587358195407,18.01518715020586,17.441146415779368,1.0049743204634785e-05,1.004779104139373e-05,1.0042350719955802e-05,1.0000000837134715,1.000000083713472,27f9ed0df4d47bd1,27f9ed0df4d47bd1,False,False
nominal_heatup,61,10.0,10.0,10.0,10.0,0.0,-49.749999999999886,optimal,-49.749999999999886,True,True,201,8000,0.0,0.0,10.0,0,0,1.1425812836343334e-15,18.06508086341177,17.874085136039145,17.3101043019204,1.0049916129499819e-05,1.004795615204211e-05,1.0042494707550325e-05,18.065080863411723,17.8740851360391,17.310104301920358,1.0049916129499819e-05,1.004795615204211e-05,1.0042494707550325e-05,1.0000000809943,1.0000000809943,f1024a27621bef35,f1024a27621bef35,False,False
nominal_heatup,62,10.0,10.0,10.0,10.0,0.0,-49.749999999999886,optimal,-49.749999999999886,True,True,201,8000,0.0,0.0,10.0,0,0,1.1425812836343334e-15,17.923105073439455,17.735456759497062,17.18136618263225,1.0050083226496448e-05,1.0048115819977306e-05,1.0042634264780435e-05,17.92310507343941,17.73545675949702,17.18136618263221,1.0050083226496448e-05,1.0048115819977306e-05,1.0042634264780435e-05,1.0000000784064347,1.0000000784064351,1c8de23d8d348f84,1c8de23d8d348f84,False,False
nominal_heatup,63,10.0,10.0,10.0,10.0,0.0,-49.749999999999886,optimal,-49.749999999999886,True,True,201,8000,0.0,0.0,10.0,0,0,1.1425812836343334e-15,17.783617567657636,17.599260179212227,17.054892095153615,1.0050244783623593e-05,1.0048270310457617e-05,1.0042769598577191e-05,17.783617567657593,17.599260179212184,17.054892095153576,1.0050244783623593e-05,1.0048270310457617e-05,1.0042769598577191e-05,1.0000000759422603,1.0000000759422603,a95d0f8a5f24899d,a95d0f8a5f24899d,False,False
nominal_heatup,64,10.0,10.0,10.0,10.0,0.0,-49.749999999999886,optimal,-49.749999999999886,True,True,201,8000,0.0,0.0,10.0,0,0,1.1425812836343334e-15,17.646576356030234,17.46545403675058,16.93064268950626,1.0050401071843887e-05,1.0048419873232663e-05,1.0042900904200673e-05,17.64657635603019,17.46545403675054,16.93064268950622,1.0050401071843887e-05,1.0048419873232663e-05,1.0042900904200673e-05,1.0000000735946633,1.0000000735946633,026229fb85eeb035,026229fb85eeb035,False,False
nominal_heatup,65,10.0,10.0,10.0,10.0,0.0,-49.749999999999886,optimal,-49.749999999999886,True,True,201,8000,0.0,0.0,10.0,0,0,1.1425812836343334e-15,17.511939918019078,17.33399748541653,16.80857923108471,1.0050552346229928e-05,1.0048564743577634e-05,1.0043028365997446e-05,17.51193991801904,17.33399748541649,16.80857923108467,1.0050552346229928e-05,1.0048564743577634e-05,1.0043028365997446e-05,1.0000000713570005,1.0000000713570008,9b29059d8e9640ae,9b29059d8e9640ae,False,False
nominal_heatup,66,10.0,10.0,10.0,10.0,0.0,-49.749999999999886,optimal,-49.749999999999886,True,True,201,8000,0.0,0.0,10.0,0,0,1.1425812836343334e-15,17.379667233983263,17.204850213071364,16.688663601234833,1.0050698847026372e-05,1.0048705143251965e-05,1.0043152158103407e-05,17.379667233983223,17.204850213071325,16.688663601234794,1.0050698847026372e-05,1.0048705143251965e-05,1.0043152158103407e-05,1.000000069223062,1.000000069223062,e3f93c7f1c43b259,e3f93c7f1c43b259,False,False
nominal_heatup,67,10.0,10.0,10.0,10.0,0.0,-49.749999999999886,optimal,-49.749999999999886,True,True,201,8000,0.0,0.0,10.0,0,0,1.1425812836343334e-15,17.24971781019991,17.077972459875024,16.570858296145524,1.0050840800634317e-05,1.0048841281388204e-05,1.0043272445096247e-05,17.249717810199872,17.077972459874985,16.570858296145488,1.0050840800634317e-05,1.0048841281388204e-05,1.0043272445096247e-05,1.0000000671870402,1.0000000671870408,610757550a53abac,610757550a53abac,False,False
nominal_heatup,68,10.0,10.0,10.0,10.0,0.0,-49.749999999999886,optimal,-49.749999999999886,True,True,201,8000,0.0,0.0,10.0,0,0,1.1425812836343334e-15,17.122051698474117,16.95332503172721,16.455126424329332,1.0050978420523937e-05,1.0048973355316489e-05,1.0043389382601451e-05,17.122051698474078,16.95332503172717,16.455126424329297,1.0050978420523937e-05,1.0048973355316489e-05,1.0043389382601451e-05,1.0000000652435033,1.0000000652435033,cd0358cb4b6565ea,cd0358cb4b6565ea,False,False
nominal_heatup,69,10.0,10.0,10.0,10.0,0.0,-49.749999999999886,optimal,-49.749999999999886,True,True,201,8000,0.0,0.0,10.0,0,0,1.1425812836343334e-15,16.99662951116331,16.830869310069193,16.34143170292704,1.0051111908080895e-05,1.0049101551329557e-05,1.004350311785542e-05,16.99662951116327,16.830869310069158,16.341431702927004,1.0051111908080895e-05,1.0049101551329557e-05,1.004350311785542e-05,1.0000000633873631,1.0000000633873627,4e1cbf320c7e4834,4e1cbf320c7e4834,False,False
nominal_heatup,70,10.0,10.0,10.0,10.0,0.0,-49.749999999999886,optimal,-49.749999999999886,True,True,201,8000,0.0,0.0,10.0,0,0,1.1425812836343334e-15,16.87341243231947,16.710567258610173,16.229738453036077,1.005124145339161e-05,1.0049226045392882e-05,1.0043613790229009e-05,16.873412432319434,16.710567258610137,16.229738453036042,1.005124145339161e-05,1.0049226045392882e-05,1.0043613790229009e-05,1.0000000616138587,1.0000000616138587,52ce82094492f8ed,52ce82094492f8ed,False,False
nominal_heatup,71,10.0,10.0,10.0,10.0,0.0,-49.749999999999886,optimal,-49.749999999999886,True,True,201,8000,0.0,0.0,10.0,0,0,1.1425812836343334e-15,16.752362225548822,16.59238142745855,16.12001159423295,1.0051367235972105e-05,1.0049347003804132e-05,1.004372153171451e-05,16.752362225548787,16.592381427458516,16.120011594232917,1.0051367235972105e-05,1.0049347003804132e-05,1.004372153171451e-05,1.0000000599185253,1.0000000599185253,3204b1ca0efc33bf,3204b1ca0efc33bf,False,False
nominal_heatup,72,10.0,10.0,10.0,10.0,0.0,-49.749999999999886,optimal,-49.749999999999886,True,True,201,8000,0.0,0.0,10.0,0,0,1.1425812836343334e-15,16.633441239100023,16.476274955067645,16.012216638434243,1.0051489425444748e-05,1.0049464583805867e-05,1.0043826467378875e-05,16.633441239099987,16.47627495506761,16.01221663843421,1.0051489425444748e-05,1.0049464583805867e-05,1.0043826467378875e-05,1.0000000582971769,1.0000000582971778,c558a4fd87cc6aea,c558a4fd87cc6aea,False,False
nominal_heatup,73,10.0,10.0,10.0,10.0,0.0,-49.749999999999886,optimal,-49.749999999999886,True,True,201,8000,0.0,0.0,10.0,0,0,1.1425812836343334e-15,16.516612408616414,16.36221156834448,15.906319683219223,1.0051608182166898e-05,1.0049578934154998e-05,1.0043928715785718e-05,16.51661240861638,16.362211568344446,15.90631968321919,1.0051608182166898e-05,1.0049578934154998e-05,1.0043928715785718e-05,1.0000000567458915,1.0000000567458915,db84252b7af22339,db84252b7af22339,False,False
nominal_heatup,74,10.0,10.0,10.0,10.0,0.0,-49.749999999999886,optimal,-49.749999999999886,True,True,201,8000,0.0,0.0,10.0,0,0,1.1425812836343334e-15,16.401839257923253,16.25015558121885,15.802287404718415,1.0051723657815126e-05,1.0049690195652353e-05,1.0044028389388456e-05,16.401839257923218,16.250155581218817,15.802287404718383,1.0051723657815126e-05,1.0049690195652353e-05,1.0044028389388456e-05,1.0000000552609822,1.0000000552609816,9fb3ad15567487a0,9fb3ad15567487a0,False,False
nominal_heatup,75,10.0,10.0,10.0,10.0,0.0,-49.749999999999886,optimal,-49.749999999999886,True,True,201,8000,0.0,0.0,10.0,0,0,1.1425812836343334e-15,16.289085898166093,16.140071891925526,15.70008705015684,1.0051835995928403e-05,1.0049798501635345e-05,1.0044125594896758e-05,16.28908589816606,16.14007189192549,15.700087050156808,1.0051835995928403e-05,1.0049798501635345e-05,1.0044125594896758e-05,1.0000000538389906,1.0000000538389904,5f4f7b64bcfbec61,5f4f7b64bcfbec61,False,False
nominal_heatup,76,10.0,10.0,10.0,10.0,0.0,-49.749999999999886,optimal,-49.749999999999886,True,True,201,8000,0.0,0.0,10.0,0,0,1.1425812836343334e-15,16.178317025569374,16.031925979215018,15.599686430127097,1.0051945332413365e-05,1.0049903978436543e-05,1.0044220433618262e-05,16.17831702556934,16.031925979214986,15.599686430127065,1.0051945332413365e-05,1.0049903978436543e-05,1.0044220433618262e-05,1.0000000524766661,1.0000000524766663,e836c7ac57b1b839,e836c7ac57b1b839,False,False
nominal_heatup,77,10.0,10.0,10.0,10.0,0.0,-49.749999999999886,optimal,-49.749999999999886,True,True,201,8000,0.0,0.0,10.0,0,0,1.1425812836343334e-15,16.069497918044444,15.925683897676077,15.50105391065601,1.0052051796014534e-05,1.0050006745810711e-05,1.0044313001777435e-05,16.06949791804441,15.925683897676043,15.501053910655978,1.0052051796014534e-05,1.0050006745810711e-05,1.0044313001777435e-05,1.0000000511709548,1.0000000511709553,b4dda3d5435c1d97,b4dda3d5435c1d97,False,False
nominal_heatup,78,10.0,10.0,10.0,10.0,0.0,-49.749999999999886,optimal,-49.749999999999886,True,True,201,8000,0.0,0.0,10.0,0,0,1.1425812836343334e-15,15.962594430841994,15.821312272325883,15.404158405118775,1.0052155508752136e-05,1.0050106917332676e-05,1.004440339081321e-05,15.96259443084196,15.82131227232585,15.404158405118743,1.0052155508752136e-05,1.0050106917332676e-05,1.004440339081321e-05,1.0000000499189847,1.0000000499189847,374141e417d11112,374141e417d11112,False,False
nominal_heatup,79,10.0,10.0,10.0,10.0,0.0,-49.749999999999886,optimal,-49.749999999999886,True,True,201,8000,0.0,0.0,10.0,0,0,1.1425812836343334e-15,15.85757299141488,15.71877829260043,15.308969366046222,1.0052256586329936e-05,1.0050204600768201e-05,1.0044491687656994e-05,15.857572991414845,15.718778292600396,15.30896936604619,1.0052256586329936e-05,1.0050204600768201e-05,1.0044491687656994e-05,1.0000000487180523,1.0000000487180523,0bc6c06bf755dcac,0bc6c06bf755dcac,False,False
nominal_heatup,80,10.0,10.0,10.0,10.0,0.0,-49.749999999999886,optimal,-49.749999999999886,True,True,201,8000,0.0,0.0,10.0,0,0,1.1425812836343334e-15,15.75440059363241,15.61804970585776,15.215456776863668,1.005235513851535e-05,1.0050299898419858e-05,1.0044577974992423e-05,15.754400593632376,15.618049705857727,15.215456776863638,1.005235513851535e-05,1.0050299898419858e-05,1.0044577974992423e-05,1.0000000475656126,1.0000000475656126,7888daa4727273ae,7888daa4727273ae,False,False
nominal_heatup,81,10.0,10.0,10.0,10.0,0.0,-49.749999999999886,optimal,-49.749999999999886,True,True,201,8000,0.0,0.0,10.0,0,0,1.1425812836343334e-15,15.65304479146609,15.519094810489712,15.12359114359383,1.005245126949386e-05,1.005039290744976e-05,1.0044662331498251e-05,15.653044791466057,15.51909481048968,15.1235911435938,1.005245126949386e-05,1.005039290744976e-05,1.0044662331498251e-05,1.0000000464592704,1.0000000464592702,a922cc3a2ca5290a,a922cc3a2ca5290a,False,False
nominal_heatup,82,10.0,10.0,10.0,10.0,0.0,-49.749999999999886,optimal,-49.749999999999886,True,True,201,8000,0.0,0.0,10.0,0,0,1.1425812836343334e-15,15.553473692248673,15.421882448723371,15.033343486551034,1.005254507819967e-05,1.0050483720180832e-05,1.0044744832075515e-05,15.55347369224864,15.42188244872334,15.033343486551004,1.005254507819967e-05,1.0050483720180832e-05,1.0044744832075515e-05,1.0000000453967675,1.0000000453967675,c9e360a40808285b,c9e360a40808285b,False,False
nominal_heatup,83,10.0,10.0,10.0,10.0,0.0,-49.749999999999886,optimal,-49.749999999999886,True,True,201,8000,0.0,0.0,10.0,0,0,1.1425812836343334e-15,15.455655949593064,15.32638199918107,14.94468533204969,1.0052636658624322e-05,1.00505724243782e-05,1.0044825548060137e-05,15.455655949593032,15.326381999181038,14.944685332049662,1.0052636658624322e-05,1.00505724243782e-05,1.0044825548060137e-05,1.0000000443759751,1.0000000443759751,c6afcf598850677e,c6afcf598850677e,False,False
nominal_heatup,84,10.0,10.0,10.0,10.0,0.0,-49.749999999999886,optimal,-49.749999999999886,True,True,201,8000,0.0,0.0,10.0,0,0,1.1425812836343334e-15,15.35956075604443,15.232563369257297,14.857588704146076,1.0052726100104885e-05,1.0050659103512127e-05,1.0044904547421981e-05,15.359560756044399,15.232563369257267,14.857588704146048,1.0052726100104885e-05,1.0050659103512127e-05,1.0044904547421981e-05,1.0000000433948861,1.000000043394886,106413c35be41495,106413c35be41495,False,False
nominal_heatup,85,10.0,10.0,10.0,10.0,0.0,-49.749999999999886,optimal,-49.749999999999886,True,True,201,8000,0.0,0.0,10.0,0,0,1.1425812836343334e-15,15.265157835527749,15.14039698736183,14.772026116429476,1.0052813487593219e-05,1.0050743837003846e-05,1.0044981894951337e-05,15.265157835527717,15.1403969873618,14.772026116429448,1.0052813487593219e-05,1.0050743837003846e-05,1.0044981894951337e-05,1.0000000424516058,1.0000000424516058,1623b8beabe77898,1623b8beabe77898,False,False
nominal_heatup,86,10.0,10.0,10.0,10.0,0.0,-49.749999999999886,optimal,-49.749999999999886,True,True,201,8000,0.0,0.0,10.0,0,0,1.1425812836343334e-15,15.172417435643384,15.049853795070842,14.687970563875888,1.0052898901907654e-05,1.0050826700455486e-05,1.0045057652433667e-05,15.172417435643354,15.049853795070812,14.687970563875862,1.0052898901907654e-05,1.0050826700455486e-05,1.0045057652433667e-05,1.000000041544346,1.000000041544346,464d8994abe99358,464d8994abe99358,False,False
nominal_heatup,87,10.0,10.0,10.0,10.0,0.0,-49.749999999999886,optimal,-49.749999999999886,True,True,201,8000,0.0,0.0,10.0,0,0,1.1425812836343334e-15,15.081310319855296,14.960905239221175,14.605395514775243,1.0052982419968379e-05,1.0050907765865258e-05,1.0045131878813487e-05,15.081310319855266,14.960905239221145,14.605395514775214,1.0052982419968379e-05,1.0050907765865258e-05,1.0045131878813487e-05,1.0000000406714182,1.0000000406714182,9f3d8e8d8e07aea6,9f3d8e8d8e07aea6,False,False
nominal_heatup,88,10.0,10.0,10.0,10.0,0.0,-49.749999999999886,optimal,-49.749999999999886,True,True,201,8000,0.0,0.0,10.0,0,0,1.1425812836343334e-15,14.99180775960941,14.873523263977441,14.52427490274111,1.0053064115017666e-05,1.0050987101828914e-05,1.0045204630348088e-05,14.99180775960938,14.873523263977411,14.524274902741084,1.0053064115017666e-05,1.0050987101828914e-05,1.0045204630348088e-05,1.0000000398312252,1.0000000398312252,ccf89eafce03fe5d,ccf89eafce03fe5d,False,False
nominal_heatup,89,10.0,10.0,10.0,10.0,0.0,-49.749999999999886,optimal,-49.749999999999886,True,True,201,8000,0.0,0.0,10.0,0,0,1.1425812836343334e-15,14.903881526413869,14.787680302896838,14.444583118810247,1.0053144056826042e-05,1.0051064773728467e-05,1.0045275960751813e-05,14.903881526413839,14.78768030289681,14.44458311881022,1.0053144056826042e-05,1.0051064773728467e-05,1.0045275960751813e-05,1.0000000390222592,1.0000000390222592,6773d9b2c27aad04,6773d9b2c27aad04,False,False
nominal_heatup,90,10.0,10.0,10.0,10.0,0.0,-49.749999999999886,optimal,-49.749999999999886,True,True,201,8000,0.0,0.0,10.0,0,0,1.1425812836343334e-15,14.817503883907824,14.703349271012614,14.366295003637806,1.0053222311885374e-05,1.0051140843909048e-05,1.0045345921331535e-05,14.817503883907795,14.703349271012586,14.366295003637779,1.0053222311885374e-05,1.0051140843909048e-05,1.0045345921331535e-05,1.0000000382430916,1.0000000382430916,f39ee0b1e12130f6,f39ee0b1e12130f6,False,False
nominal_heatup,91,10.0,10.0,10.0,10.0,0.0,-49.749999999999886,optimal,-49.749999999999886,True,True,201,8000,0.0,0.0,10.0,0,0,1.1425812836343334e-15,14.732647579941126,14.620503556953604,14.289385839792995,1.0053298943589794e-05,1.005121537184473e-05,1.0045414561113925e-05,14.732647579941098,14.620503556953578,14.289385839792969,1.0053298943589794e-05,1.005121537184473e-05,1.0045414561113925e-05,1.000000037492374,1.000000037492374,62c103f957590e8a,62c103f957590e8a,False,False
nominal_heatup,92,10.0,10.0,10.0,10.0,0.0,-49.749999999999886,optimal,-49.749999999999886,True,True,201,8000,0.0,0.0,10.0,0,0,1.1425812836343334e-15,14.64928583868364,14.539117015114435,14.213831344158793,1.0053374012405307e-05,1.0051288414294083e-05,1.0045481926965065e-05,14.649285838683614,14.539117015114407,14.213831344158768,1.0053374012405307e-05,1.0051288414294083e-05,1.0045481926965065e-05,1.000000036768828,1.0000000367688278,e5b32823a0df108a,e5b32823a0df108a,False,False
nominal_heatup,93,10.0,10.0,10.0,10.0,0.0,-49.749999999999886,optimal,-49.749999999999886,True,True,201,8000,0.0,0.0,10.0,0,0,1.1425812836343334e-15,14.56739235277981,14.459163957888373,14.139607660438553,1.0053447576028869e-05,1.0051360025446158e-05,1.004554806370291e-05,14.567392352779782,14.459163957888347,14.139607660438529,1.0053447576028869e-05,1.0051360025446158e-05,1.004554806370291e-05,1.0000000360712415,1.0000000360712418,f4f58e77ca380e58,f4f58e77ca380e58,False,False
nominal_heatup,94,10.0,10.0,10.0,10.0,0.0,-49.749999999999886,optimal,-49.749999999999886,True,True,201,8000,0.0,0.0,10.0,0,0,1.1425812836343334e-15,14.48694127556143,14.380619147972855,14.066691351771588,1.0053519689537653e-05,1.0051430257057556e-05,1.0045613014203096e-05,14.486941275561403,14.380619147972828,14.066691351771563,1.0053519689537653e-05,1.0051430257057556e-05,1.0045613014203096e-05,1.0000000353984697,1.0000000353984702,ad51ab6feec9ae9f,ad51ab6feec9ae9f,False,False
nominal_heatup,95,10.0,10.0,10.0,10.0,0.0,-49.749999999999886,optimal,-49.749999999999886,True,True,201,8000,0.0,0.0,10.0,0,0,1.1425812836343334e-15,14.407907213329352,14.303457790755754,13.995059393459183,1.0053590405529183e-05,1.0051499158581186e-05,1.0045676819498497e-05,14.407907213329326,14.303457790755727,13.995059393459158,1.0053590405529183e-05,1.0051499158581186e-05,1.0045676819498497e-05,1.0000000347494244,1.0000000347494244,b7f4acd629627cb1,b7f4acd629627cb1,False,False
nominal_heatup,96,10.0,10.0,10.0,10.0,0.0,-49.749999999999886,optimal,-49.749999999999886,True,True,201,8000,0.0,0.0,10.0,0,0,1.1425812836343334e-15,14.330265217712936,14.227655526789077,13.92468916580197,1.0053659774252938e-05,1.0051566777287268e-05,1.0045739518872972e-05,14.33026521771291,14.22765552678905,13.924689165801945,1.0053659774252938e-05,1.0051566777287268e-05,1.0045739518872972e-05,1.0000000341230748,1.0000000341230748,bcff2a3a69e04b25,bcff2a3a69e04b25,False,False
nominal_heatup,97,10.0,10.0,10.0,10.0,0.0,-49.749999999999886,optimal,-49.749999999999886,True,True,201,8000,0.0,0.0,10.0,0,0,1.1425812836343334e-15,14.253990778114401,14.153188424355358,13.85555844704919,1.0053727843734027e-05,1.00516331583771e-05,1.0045801149949672e-05,14.253990778114375,14.153188424355333,13.855558447049166,1.0053727843734027e-05,1.00516331583771e-05,1.0045801149949672e-05,1.000000033518444,1.000000033518444,e711853399b30698,e711853399b30698,False,False
nominal_heatup,98,10.0,10.0,10.0,10.0,0.0,-49.749999999999886,optimal,-49.749999999999886,True,True,201,8000,0.0,0.0,10.0,0,0,1.1425812836343334e-15,14.179059814243917,14.080032972131,13.78764540645994,1.005379465988943e-05,1.005169834509008e-05,1.0045861748774244e-05,14.179059814243892,14.080032972130976,13.787645406459918,1.005379465988943e-05,1.005169834509008e-05,1.0045861748774244e-05,1.0000000329346035,1.000000032934604,56090991e937d5e0,56090991e937d5e0,False,False
nominal_heatup,99,10.0,10.0,10.0,10.0,0.0,-49.749999999999886,optimal,-49.749999999999886,True,True,201,8000,0.0,0.0,10.0,0,0,1.1425812836343334e-15,14.105448668750018,14.008166071949834,13.720928597476245,1.0053860266637343e-05,1.00517623788044e-05,1.0045921349893273e-05,14.105448668749993,14.008166071949809,13.720928597476222,1.0053860266637343e-05,1.00517623788044e-05,1.0045921349893273e-05,1.000000032370672,1.000000032370672,93e89c3a2ff8a261,93e89c3a2ff8a261,False,False
nominal_heatup,100,10.0,10.0,10.0,10.0,0.0,-49.749999999999886,optimal,-49.749999999999886,True,True,201,8000,0.0,0.0,10.0,0,0,1.1425812836343334e-15,14.03313409994899,13.937565031669394,13.65538695100749,1.0053924706000048e-05,1.0051825299131867e-05,1.0045979986428276e-05,14.033134099948965,13.937565031669369,13.655386951007467,1.0053924706000048e-05,1.0051825299131867e-05,1.0045979986428276e-05,1.0000000318258144,1.0000000318258144,f217403c139e315c,f217403c139e315c,False,False
nominal_heatup,101,10.0,10.0,10.0,10.0,0.0,-49.749999999999886,optimal,-49.749999999999886,True,True,201,8000,0.0,0.0,10.0,0,0,1.1425812836343334e-15,13.962093274656018,13.868207558141746,13.590999768825583,1.0053988018200747e-05,1.0051887144007194e-05,1.0046037690145498e-05,13.962093274655993,13.868207558141721,13.59099976882556,1.0053988018200747e-05,1.0051887144007194e-05,1.0046037690145498e-05,1.0000000312992332,1.0000000312992336,26a705093d2c2c50,26a705093d2c2c50,False,False
nominal_heatup,102,10.0,10.0,10.0,10.0,0.0,-49.749999999999886,optimal,-49.749999999999886,True,True,201,8000,0.0,0.0,10.0,0,0,1.1425812836343334e-15,13.89230376112016,13.800071750290098,13.527746717070002,1.0054050241754754e-05,1.0051947949772146e-05,1.0046094491521809e-05,13.892303761120136,13.800071750290074,13.52774671706998,1.0054050241754754e-05,1.0051947949772146e-05,1.0046094491521809e-05,1.0000000307901742,1.0000000307901742,a4a7403f92503249,a4a7403f92503249,False,False
nominal_heatup,103,10.0,10.0,10.0,10.0,0.0,-49.749999999999886,optimal,-49.749999999999886,True,True,201,8000,0.0,0.0,10.0,0,0,1.1425812836343334e-15,13.823743522064607,13.733136092292018,13.465607819861715,1.0054111413555418e-05,1.005200775125486e-05,1.0046150419806925e-05,13.823743522064584,13.733136092291995,13.465607819861694,1.0054111413555418e-05,1.005200775125486e-05,1.0046150419806925e-05,1.0000000302979186,1.000000030297919,589b4a1776a00f89,589b4a1776a00f89,False,False
nominal_heatup,104,10.0,10.0,10.0,10.0,0.0,-49.749999999999886,optimal,-49.749999999999886,True,True,201,8000,0.0,0.0,10.0,0,0,1.1425812836343334e-15,13.756390907833211,13.667379446869585,13.404563453024897,1.005417156895509e-05,1.0052066581844647e-05,1.004620550308219e-05,13.756390907833188,13.667379446869564,13.404563453024878,1.005417156895509e-05,1.0052066581844647e-05,1.004620550308219e-05,1.0000000298217824,1.0000000298217824,c84e3d705f6b49b8,c84e3d705f6b49b8,False,False
nominal_heatup,105,10.0,10.0,10.0,10.0,0.0,-49.749999999999886,optimal,-49.749999999999886,True,True,201,8000,0.0,0.0,10.0,0,0,1.1425812836343334e-15,13.690224649643772,13.602781048686582,13.344594337915218,1.0054230741841489e-05,1.005212447356257e-05,1.0046259768316126e-05,13.690224649643751,13.60278104868656,13.344594337915199,1.0054230741841489e-05,1.005212447356257e-05,1.0046259768316126e-05,1.0000000293611158,1.0000000293611158,d0e551e5e0fb5f7d,d0e551e5e0fb5f7d,False,False
nominal_heatup,106,10.0,10.0,10.0,10.0,0.0,-49.749999999999886,optimal,-49.749999999999886,True,True,201,8000,0.0,0.0,10.0,0,0,1.1425812836343334e-15,13.625223852948297,13.5393204978524,13.285681535353428,1.0054288964709727e-05,1.0052181457128057e-05,1.0046313241416948e-05,13.625223852948276,13.53932049785238,13.285681535353408,1.0054288964709727e-05,1.0052181457128057e-05,1.0046313241416948e-05,1.000000028915299,1.0000000289152986,0cf234d0dd242c62,0cf234d0dd242c62,False,False
nominal_heatup,107,10.0,10.0,10.0,10.0,0.0,-49.749999999999886,optimal,-49.749999999999886,True,True,201,8000,0.0,0.0,10.0,0,0,1.1425812836343334e-15,13.561367990900044,13.476977753532282,13.227806439662851,1.0054346268730287e-05,1.0052237562021793e-05,1.004636594728225e-05,13.561367990900024,13.476977753532262,13.227806439662833,1.0054346268730287e-05,1.0052237562021793e-05,1.004636594728225e-05,1.0000000284837418,1.0000000284837418,99e4edc9ff3f03b5,99e4edc9ff3f03b5,False,False
nominal_heatup,108,10.0,10.0,10.0,10.0,0.0,-49.749999999999886,optimal,-49.749999999999886,True,True,201,8000,0.0,0.0,10.0,0,0,1.1425812836343334e-15,13.498636897926998,13.415733127663122,13.170950772809455,1.0054402683813195e-05,1.0052292816545143e-05,1.0046417909845996e-05,13.498636897926978,13.415733127663103,13.170950772809437,1.0054402683813195e-05,1.0052292816545143e-05,1.0046417909845996e-05,1.000000028065882,1.000000028065882,8f08d30981298c0f,8f08d30981298c0f,False,False
nominal_heatup,109,10.0,10.0,10.0,10.0,0.0,-49.749999999999886,optimal,-49.749999999999886,True,True,201,8000,0.0,0.0,10.0,0,0,1.1425812836343334e-15,13.437010763411152,13.355567278774064,13.115096578642978,1.0054458238668643e-05,1.0052347247876295e-05,1.0046469152123014e-05,13.437010763411132,13.355567278774044,13.11509657864296,1.0054458238668643e-05,1.0052347247876295e-05,1.0046469152123014e-05,1.0000000276611856,1.0000000276611856,33450316bf1a7b6c,33450316bf1a7b6c,False,False
nominal_heatup,110,10.0,10.0,10.0,10.0,0.0,-49.749999999999886,optimal,-49.749999999999886,True,True,201,8000,0.0,0.0,10.0,0,0,1.1425812836343334e-15,13.376470125472842,13.296461205910873,13.060226217237693,1.0054512960864253e-05,1.005240088212334e-05,1.0046519696251121e-05,13.376470125472823,13.296461205910855,13.060226217237675,1.0054512960864253e-05,1.005240088212334e-05,1.0046519696251121e-05,1.000000027269141,1.0000000272691407,26a5162eb9b1e5cf,26a5162eb9b1e5cf,False,False
nominal_heatup,111,10.0,10.0,10.0,10.0,0.0,-49.749999999999886,optimal,-49.749999999999886,True,True,201,8000,0.0,0.0,10.0,0,0,1.1425812836343334e-15,13.316995864859164,13.23839624266302,13.006322359331316,1.0054566876879213e-05,1.0052453744374477e-05,1.0046569563531026e-05,13.316995864859145,13.238396242663002,13.0063223593313,1.0054566876879213e-05,1.0052453744374477e-05,1.0046569563531026e-05,1.000000026889261,1.000000026889261,cd6f2393a6787af7,cd6f2393a6787af7,False,False
nominal_heatup,112,10.0,10.0,10.0,10.0,0.0,-49.749999999999886,optimal,-49.749999999999886,True,True,201,8000,0.0,0.0,10.0,0,0,1.1425812836343334e-15,13.258569198935472,13.181354051292297,12.953367980860534,1.0054620012155475e-05,1.0052505858745501e-05,1.0046618774464149e-05,13.258569198935454,13.18135405129228,12.953367980860518,1.0054620012155475e-05,1.0052505858745501e-05,1.0046618774464149e-05,1.0000000265210813,1.0000000265210813,88b6c41807d8f894,88b6c41807d8f894,False,False
nominal_heatup,113,10.0,10.0,10.0,10.0,0.0,-49.749999999999886,optimal,-49.749999999999886,True,True,201,8000,0.0,0.0,10.0,0,0,1.1425812836343334e-15,13.201171675778811,13.125316616961696,12.901346357591688,1.0054672391146178e-05,1.0052557248424765e-05,1.0046667348788459e-05,13.201171675778793,13.12531661696168,12.901346357591672,1.0054672391146178e-05,1.0052557248424765e-05,1.0046667348788459e-05,1.0000000261641586,1.0000000261641582,3f3e9ccde852ba93,3f3e9ccde852ba93,False,False
nominal_heatup,114,10.0,10.0,10.0,10.0,0.0,-49.749999999999886,optimal,-49.749999999999886,True,True,201,8000,0.0,0.0,10.0,0,0,1.1425812836343334e-15,13.14478516837202,13.070266242063298,12.850241059845024,1.005472403736148e-05,1.0052607935715737e-05,1.0046715305512476e-05,13.144785168372003,13.070266242063282,12.850241059845008,1.005472403736148e-05,1.0052607935715737e-05,1.0046715305512476e-05,1.0000000258180697,1.0000000258180697,44897a4171be21bc,44897a4171be21bc,False,False
nominal_heatup,115,10.0,10.0,10.0,10.0,0.0,-49.749999999999886,optimal,-49.749999999999886,True,True,201,8000,0.0,0.0,10.0,0,0,1.1425812836343334e-15,13.089391868897293,13.016185540643747,12.800035947311107,1.0054774973411938e-05,1.0052657942077318e-05,1.0046762662947515e-05,13.089391868897277,13.01618554064373,12.800035947311091,1.0054774973411938e-05,1.0052657942077318e-05,1.0046762662947515e-05,1.0000000254824104,1.00000002548241,a77030d9de2ddda7,a77030d9de2ddda7,False,False
nominal_heatup,116,10.0,10.0,10.0,10.0,0.0,-49.749999999999886,optimal,-49.749999999999886,True,True,201,8000,0.0,0.0,10.0,0,0,1.1425812836343334e-15,13.034974283127795,12.963057432926002,12.750715163957805,1.0054825221049613e-05,1.0052707288162049e-05,1.0046809438738287e-05,13.034974283127779,12.963057432925986,12.750715163957791,1.0054825221049613e-05,1.0052707288162049e-05,1.0046809438738287e-05,1.0000000251567929,1.0000000251567933,be84344f593db428,be84344f593db428,False,False
nominal_heatup,117,10.0,10.0,10.0,10.0,0.0,-49.749999999999886,optimal,-49.749999999999886,True,True,201,8000,0.0,0.0,10.0,0,0,1.1425812836343334e-15,12.98151522491601,12.910865139925896,12.702263133026403,1.0054874801206984e-05,1.0052755993852314e-05,1.0046855649891953e-05,12.981515224915993,12.91086513992588,12.702263133026388,1.0054874801206984e-05,1.0052755993852314e-05,1.0046855649891953e-05,1.0000000248408503,1.0000000248408503,084d0dab5c4e0b96,084d0dab5c4e0b96,False,False
nominal_heatup,118,10.0,10.0,10.0,10.0,0.0,-49.749999999999886,optimal,-49.749999999999886,True,True,201,8000,0.0,0.0,10.0,0,0,1.1425812836343334e-15,12.928997810777398,12.859592178162115,12.654664552115337,1.0054923734033855e-05,1.0052804078294683e-05,1.0046901312805715e-05,12.928997810777382,12.8595921781621,12.654664552115323,1.0054923734033855e-05,1.0052804078294683e-05,1.0046901312805715e-05,1.000000024534228,1.000000024534228,7e651b92f8f23e27,7e651b92f8f23e27,False,False
nominal_heatup,119,10.0,10.0,10.0,10.0,0.0,-49.749999999999886,optimal,-49.749999999999886,True,True,201,8000,0.0,0.0,10.0,0,0,1.1425812836343334e-15,12.877405454567954,12.809222354458143,12.607904388350102,1.0054972038932338e-05,1.0052851559932481e-05,1.0046946443293022e-05,12.877405454567938,12.809222354458127,12.607904388350088,1.0054972038932338e-05,1.0052851559932481e-05,1.0046946443293022e-05,1.0000000242365896,1.0000000242365896,39252f111c95dfdf,39252f111c95dfdf,False,False
nominal_heatup,120,10.0,10.0,10.0,10.0,0.0,-49.749999999999886,optimal,-49.749999999999886,True,True,201,8000,0.0,0.0,10.0,0,0,1.1425812836343334e-15,12.826721862254223,12.759739760834734,12.561967873637858,1.005501973459003e-05,1.0052898456536696e-05,1.0046991056608482e-05,12.826721862254207,12.75973976083472,12.561967873637844,1.005501973459003e-05,1.0052898456536696e-05,1.0046991056608482e-05,1.000000023947612,1.000000023947612,921c6145bc6f030f,921c6145bc6f030f,False,False
nominal_heatup,121,10.0,10.0,10.0,10.0,0.0,-49.749999999999886,optimal,-49.749999999999886,True,True,201,8000,0.0,0.0,10.0,0,0,1.1425812836343334e-15,12.776931026774347,12.711128769491468,12.516840500005323,1.0055066839011498e-05,1.0052944785235321e-05,1.0047035167471534e-05,12.776931026774331,12.711128769491454,12.516840500005308,1.0055066839011498e-05,1.0052944785235321e-05,1.0047035167471534e-05,1.000000023666985,1.0000000236669853,2be537bae58a06f7,2be537bae58a06f7,False,False
nominal_heatup,122,10.0,10.0,10.0,10.0,0.0,-49.749999999999886,optimal,-49.749999999999886,True,True,201,8000,0.0,0.0,10.0,0,0,1.1425812836343334e-15,12.728017222988692,12.663374027875962,12.472508015018487,1.0055113369548156e-05,1.0052990562541217e-05,1.0047078790088971e-05,12.728017222988678,12.663374027875946,12.472508015018473,1.0055113369548156e-05,1.0052990562541217e-05,1.0047078790088971e-05,1.0000000233944142,1.0000000233944142,712c1d5ebc55585f,712c1d5ebc55585f,False,False
nominal_heatup,123,10.0,10.0,10.0,10.0,0.0,-49.749999999999886,optimal,-49.749999999999886,True,True,201,8000,0.0,0.0,10.0,0,0,1.1425812836343334e-15,12.679965002718621,12.616460453839265,12.42895641728281,1.0055159342926645e-05,1.0053035804378575e-05,1.0047121938176352e-05,12.679965002718607,12.61646045383925,12.428956417282796,1.0055159342926645e-05,1.0053035804378575e-05,1.0047121938176352e-05,1.0000000231296158,1.0000000231296158,d5a6bc9a94f415f1,d5a6bc9a94f415f1,False,False
nominal_heatup,124,10.0,10.0,10.0,10.0,0.0,-49.749999999999886,optimal,-49.749999999999886,True,True,201,8000,0.0,0.0,10.0,0,0,1.1425812836343334e-15,12.632759189871965,12.570373230876077,12.386171952022462,1.005520477527577e-05,1.0053080526108065e-05,1.004716462497839e-05,12.632759189871951,12.570373230876063,12.386171952022448,1.005520477527577e-05,1.0053080526108065e-05,1.004716462497839e-05,1.0000000228723194,1.0000000228723194,1a6075ec455a10e8,1a6075ec455a10e8,False,False
nominal_heatup,125,10.0,10.0,10.0,10.0,0.0,-49.749999999999886,optimal,-49.749999999999886,True,True,201,8000,0.0,0.0,10.0,0,0,1.1425812836343334e-15,12.586384875653776,12.525097803448316,12.344141106737263,1.005524968215211e-05,1.005312474255075e-05,1.0047206863288354e-05,12.586384875653762,12.525097803448302,12.344141106737249,1.005524968215211e-05,1.005312474255075e-05,1.0047206863288354e-05,1.0000000226222636,1.0000000226222636,3f49ce4c5c5202ec,3f49ce4c5c5202ec,False,False
nominal_heatup,126,10.0,10.0,10.0,10.0,0.0,-49.749999999999886,optimal,-49.749999999999886,True,True,201,8000,0.0,0.0,10.0,0,0,1.1425812836343334e-15,12.540827413860956,12.480619872390665,12.302850606935998,1.0055294078564354e-05,1.0053168468010812e-05,1.0047248665466538e-05,12.540827413860942,12.480619872390651,12.302850606935985,1.0055294078564354e-05,1.0053168468010812e-05,1.0047248665466538e-05,1.0000000223792005,1.0000000223792005,0a83008d12249d38,0a83008d12249d38,False,False
nominal_heatup,127,10.0,10.0,10.0,10.0,0.0,-49.749999999999886,optimal,-49.749999999999886,True,True,201,8000,0.0,0.0,10.0,0,0,1.1425812836343334e-15,12.496072416259327,12.43692539039671,12.262287411944747,1.0055337978996438e-05,1.0053211716297177e-05,1.0047290043457863e-05,12.496072416259313,12.436925390396697,12.262287411944735,1.0055337978996438e-05,1.0053211716297177e-05,1.0047290043457863e-05,1.000000022142891,1.000000022142891,212768adf7e73b7c,212768adf7e73b7c,False,False
nominal_heatup,128,10.0,10.0,10.0,10.0,0.0,-49.749999999999886,optimal,-49.749999999999886,True,True,201,8000,0.0,0.0,10.0,0,0,1.1425812836343334e-15,12.45210574804178,12.394000557584295,12.222438710788957,1.0055381397429551e-05,1.0053254500744091e-05,1.0047331008808642e-05,12.452105748041767,12.394000557584281,12.222438710788946,1.0055381397429551e-05,1.0053254500744091e-05,1.0047331008808642e-05,1.0000000219131058,1.0000000219131058,2300506644467516,2300506644467516,False,False
nominal_heatup,129,10.0,10.0,10.0,10.0,0.0,-49.749999999999886,optimal,-49.749999999999886,True,True,201,8000,0.0,0.0,10.0,0,0,1.1425812836343334e-15,12.408913523366113,12.351831817138747,12.18329191814795,1.0055424347363073e-05,1.0053296834230706e-05,1.004737157268256e-05,12.408913523366099,12.351831817138734,12.183291918147937,1.0055424347363073e-05,1.0053296834230706e-05,1.004737157268256e-05,1.0000000216896243,1.0000000216896243,a8542366fa2b71e0,a8542366fa2b71e0,False,False
nominal_heatup,130,10.0,10.0,10.0,10.0,0.0,-49.749999999999886,optimal,-49.749999999999886,True,True,201,8000,0.0,0.0,10.0,0,0,1.1425812836343334e-15,12.366482100971211,12.310405851032623,12.144834670380616,1.00554668418345e-05,1.0053338729199727e-05,1.0047411745875912e-05,12.366482100971197,12.31040585103261,12.144834670380606,1.00554668418345e-05,1.0053338729199727e-05,1.0047411745875912e-05,1.000000021472238,1.000000021472238,5f14ad3c431b568c,5f14ad3c431b568c,False,False
nominal_heatup,131,10.0,10.0,10.0,10.0,0.0,-49.749999999999886,optimal,-49.749999999999886,True,True,201,8000,0.0,0.0,10.0,0,0,1.1425812836343334e-15,12.324798079870204,12.269709575820684,12.107054821621064,1.005550889343842e-05,1.0053380197675168e-05,1.004745153883213e-05,12.32479807987019,12.269709575820672,12.107054821621054,1.005550889343842e-05,1.0053380197675168e-05,1.004745153883213e-05,1.0000000212607427,1.0000000212607427,1711d798e723ca50,1711d798e723ca50,False,False
nominal_heatup,132,10.0,10.0,10.0,10.0,0.0,-49.749999999999886,optimal,-49.749999999999886,True,True,201,8000,0.0,0.0,10.0,0,0,1.1425812836343334e-15,12.283848295119322,12.229730138508767,12.069940439942958,1.0055550514344574e-05,1.0053421251279281e-05,1.0047490961655646e-05,12.283848295119308,12.229730138508755,12.069940439942947,1.0055550514344574e-05,1.0053421251279281e-05,1.0047490961655646e-05,1.0000000210549445,1.0000000210549445,da6e5b440c8c6d67,da6e5b440c8c6d67,False,False
nominal_heatup,133,10.0,10.0,10.0,10.0,0.0,-49.749999999999886,optimal,-49.749999999999886,True,True,201,8000,0.0,0.0,10.0,0,0,1.1425812836343334e-15,12.243619813661082,12.19045491249531,12.033479803591385,1.0055591716315073e-05,1.005346190124868e-05,1.004753002412512e-05,12.243619813661068,12.190454912495298,12.033479803591375,1.0055591716315073e-05,1.005346190124868e-05,1.004753002412512e-05,1.0000000208546573,1.0000000208546573,dad5f9d00f11d2b3,dad5f9d00f11d2b3,False,False
nominal_heatup,134,10.0,10.0,10.0,10.0,0.0,-49.749999999999886,optimal,-49.749999999999886,True,True,201,8000,0.0,0.0,10.0,0,0,1.1425812836343334e-15,12.204099930240591,12.151871493584238,11.997661397281083,1.0055632510720797e-05,1.0053502158449713e-05,1.0047568735706068e-05,12.204099930240579,12.151871493584226,11.997661397281073,1.0055632510720797e-05,1.0053502158449713e-05,1.0047568735706068e-05,1.000000020659702,1.000000020659702,71f1a63f24d62422,71f1a63f24d62422,False,False
nominal_heatup,135,10.0,10.0,10.0,10.0,0.0,-49.749999999999886,optimal,-49.749999999999886,True,True,201,8000,0.0,0.0,10.0,0,0,1.1425812836343334e-15,12.165276163393633,12.113967696067999,11.962473908559776,1.0055672908557029e-05,1.005354203339313e-05,1.0047607105562917e-05,12.16527616339362,12.113967696067986,11.962473908559765,1.0055672908557029e-05,1.005354203339313e-05,1.0047607105562917e-05,1.0000000204699053,1.0000000204699053,24381d53843ad431,24381d53843ad431,False,False
nominal_heatup,136,10.0,10.0,10.0,10.0,0.0,-49.749999999999886,optimal,-49.749999999999886,True,True,201,8000,0.0,0.0,10.0,0,0,1.1425812836343334e-15,12.12713625150533,12.0767315488795,11.9279062242356,1.0055712920458366e-05,1.0053581536248063e-05,1.004764514257052e-05,12.127136251505318,12.07673154887949,11.92790622423559,1.0055712920458366e-05,1.0053581536248063e-05,1.004764514257052e-05,1.0000000202851025,1.0000000202851023,4355980819242239,4355980819242239,False,False
nominal_heatup,137,10.0,10.0,10.0,10.0,0.0,-49.749999999999886,optimal,-49.749999999999886,True,True,201,8000,0.0,0.0,10.0,0,0,1.1425812836343334e-15,12.08966814893816,12.040151291811762,11.893947426867408,1.0055752556712938e-05,1.0053620676855378e-05,1.004768285532516e-05,12.089668148938149,12.040151291811751,11.893947426867397,1.0055752556712938e-05,1.0053620676855378e-05,1.004768285532516e-05,1.0000000201051342,1.0000000201051342,aeee52fbf2a1610d,aeee52fbf2a1610d,False,False
nominal_heatup,138,10.0,10.0,10.0,10.0,0.0,-49.749999999999886,optimal,-49.749999999999886,True,True,201,8000,0.0,0.0,10.0,0,0,1.1425812836343334e-15,12.052860022228064,12.004215371804104,11.86058679131685,1.0055791827275975e-05,1.0053659464740413e-05,1.0047720252155063e-05,12.052860022228053,12.004215371804094,11.86058679131684,1.0055791827275975e-05,1.0053659464740413e-05,1.0047720252155063e-05,1.000000019929847,1.000000019929847,3ec6dc4ec0cfa2d9,3ec6dc4ec0cfa2d9,False,False
nominal_heatup,139,10.0,10.0,10.0,10.0,0.0,-49.749999999999886,optimal,-49.749999999999886,True,True,201,8000,0.0,0.0,10.0,0,0,1.1425812836343334e-15,12.016700246347535,11.968912439293685,11.827813781361217,1.0055830741782757e-05,1.005369790912514e-05,1.0047757341130447e-05,12.016700246347524,11.968912439293675,11.827813781361206,1.0055830741782757e-05,1.005369790912514e-05,1.0047757341130447e-05,1.000000019759095,1.000000019759095,e6a249491e390445,e6a249491e390445,False,False
nominal_heatup,140,10.0,10.0,10.0,10.0,0.0,-49.749999999999886,optimal,-49.749999999999886,True,True,201,8000,0.0,0.0,10.0,0,0,1.1425812836343334e-15,11.98117740103445,11.934231344631282,11.795618046365892,1.0055869309560979e-05,1.0053736018939779e-05,1.004779413007314e-05,11.98117740103444,11.934231344631272,11.795618046365881,1.0055869309560979e-05,1.0053736018939779e-05,1.004779413007314e-05,1.000000019592735,1.000000019592735,92b5b087f45a95da,92b5b087f45a95da,False,False
nominal_heatup,141,10.0,10.0,10.0,10.0,0.0,-49.749999999999886,optimal,-49.749999999999886,True,True,201,8000,0.0,0.0,10.0,0,0,1.1425812836343334e-15,11.946280267185532,11.900161134560149,11.763989418015422,1.005590753964255e-05,1.0053773802833902e-05,1.0047830626565761e-05,11.946280267185521,11.900161134560138,11.763989418015411,1.005590753964255e-05,1.0053773802833902e-05,1.0047830626565761e-05,1.0000000194306315,1.0000000194306315,f23641209bf1a8a4,f23641209bf1a8a4,False,False
nominal_heatup,142,10.0,10.0,10.0,10.0,0.0,-49.749999999999886,optimal,-49.749999999999886,True,True,201,8000,0.0,0.0,10.0,0,0,1.1425812836343334e-15,11.911997823313287,11.866691048756882,11.732917907102149,1.005594544077488e-05,1.0053811269187037e-05,1.0047866837960524e-05,11.911997823313277,11.866691048756872,11.732917907102138,1.005594544077488e-05,1.0053811269187037e-05,1.0047866837960524e-05,1.0000000192726528,1.0000000192726528,4ae4ea0dd24feb0b,4ae4ea0dd24feb0b,False,False
nominal_heatup,143,10.0,10.0,10.0,10.0,0.0,-49.749999999999886,optimal,-49.749999999999886,True,True,201,8000,0.0,0.0,10.0,0,0,1.1425812836343334e-15,11.878319242065341,11.833810516433182,11.702393700371395,1.0055983021431648e-05,1.0053848426118803e-05,1.0047902771387655e-05,11.87831924206533,11.833810516433172,11.702393700371385,1.0055983021431648e-05,1.0053848426118803e-05,1.0047902771387655e-05,1.0000000191186729,1.0000000191186729,64d7067f5e6e4bb5,64d7067f5e6e4bb5,False,False
nominal_heatup,144,10.0,10.0,10.0,10.0,0.0,-49.749999999999886,optimal,-49.749999999999886,True,True,201,8000,0.0,0.0,10.0,0,0,1.1425812836343334e-15,11.845233886805033,11.801509152997442,11.672407157422223,1.0056020289823107e-05,1.0053885281498602e-05,1.0047938433763443e-05,11.845233886805023,11.801509152997431,11.672407157422214,1.0056020289823107e-05,1.0053885281498602e-05,1.0047938433763443e-05,1.00000001896857,1.0000000189685698,e7463b5e4d639c77,e7463b5e4d639c77,False,False
nominal_heatup,145,10.0,10.0,10.0,10.0,0.0,-49.749999999999886,optimal,-49.749999999999886,True,True,201,8000,0.0,0.0,10.0,0,0,1.1425812836343334e-15,11.812731308252227,11.769776756775137,11.64294880766277,1.0056057253905926e-05,1.00539218429549e-05,1.0047973831797959e-05,11.812731308252216,11.769776756775128,11.642948807662759,1.0056057253905926e-05,1.00539218429549e-05,1.0047973831797959e-05,1.0000000188222267,1.0000000188222267,2e99ca14faa9feca,2e99ca14faa9feca,False,False
nominal_heatup,146,10.0,10.0,10.0,10.0,0.0,-49.749999999999886,optimal,-49.749999999999886,True,True,201,8000,0.0,0.0,10.0,0,0,1.1425812836343334e-15,11.780801241183271,11.738603305786958,11.614009347319199,1.0056093921392612e-05,1.0053958117884083e-05,1.0048008972002448e-05,11.780801241183262,11.738603305786947,11.61400934731919,1.0056093921392612e-05,1.0053958117884083e-05,1.0048008972002448e-05,1.0000000186795304,1.0000000186795297,2bd3ee6b6b6fc761,2bd3ee6b6b6fc761,False,False
nominal_heatup,147,10.0,10.0,10.0,10.0,0.0,-49.749999999999886,optimal,-49.749999999999886,True,True,201,8000,0.0,0.0,10.0,0,0,1.1425812836343334e-15,11.749433601189068,11.707978954583673,11.58557963649735,1.0056130299760517e-05,1.0053994113458956e-05,1.00480438606964e-05,11.74943360118906,11.707978954583663,11.585579636497341,1.0056130299760517e-05,1.0053994113458956e-05,1.00480438606964e-05,1.0000000185403712,1.0000000185403712,8eb46bfd790811af,8eb46bfd790811af,False,False
nominal_heatup,148,10.0,10.0,10.0,10.0,0.0,-49.749999999999886,optimal,-49.749999999999886,True,True,201,8000,0.0,0.0,10.0,0,0,1.1425812836343334e-15,11.718618481490232,11.677894031136741,11.55765069629613,1.0056166396260458e-05,1.0054029836636861e-05,1.0048078504014344e-05,11.718618481490221,11.677894031136733,11.55765069629612,1.0056166396260458e-05,1.0054029836636861e-05,1.0048078504014344e-05,1.0000000184046445,1.0000000184046445,3e9b6f663fdecc80,3e9b6f663fdecc80,False,False
nominal_heatup,149,10.0,10.0,10.0,10.0,0.0,-49.749999999999886,optimal,-49.749999999999886,True,True,201,8000,0.0,0.0,10.0,0,0,1.1425812836343334e-15,11.688346149808327,11.648339033783689,11.53021370597174,1.0056202217924968e-05,1.005406529416746e-05,1.0048112907912342e-05,11.688346149808318,11.648339033783678,11.530213705971732,1.0056202217924968e-05,1.005406529416746e-05,1.0048112907912342e-05,1.0000000182722502,1.0000000182722502,06383fbd75bb1052,06383fbd75bb1052,False,False
nominal_heatup,150,10.0,10.0,10.0,10.0,0.0,-49.749999999999886,optimal,-49.749999999999886,True,True,201,8000,0.0,0.0,10.0,0,0,1.1425812836343334e-15,11.658607045292229,11.619304628227255,11.50326000015187,1.0056237771576191e-05,1.0054100492600182e-05,1.0048147078174226e-05,11.658607045292218,11.619304628227246,11.503260000151862,1.0056237771576191e-05,1.0054100492600182e-05,1.0048147078174226e-05,1.0000000181430886,1.0000000181430886,f59d06096ca1d73b,f59d06096ca1d73b,False,False
nominal_heatup,151,10.0,10.0,10.0,10.0,0.0,-49.749999999999886,optimal,-49.749999999999886,True,True,201,8000,0.0,0.0,10.0,0,0,1.1425812836343334e-15,11.629391775498576,11.590781644587432,11.476781066098935,1.0056273063833455e-05,1.0054135438291362e-05,1.004818102041758e-05,11.629391775498567,11.590781644587423,11.476781066098926,1.0056273063833455e-05,1.0054135438291362e-05,1.004818102041758e-05,1.0000000180170667,1.0000000180170667,14ce632ae27278af,14ce632ae27278af,False,False
nominal_heatup,152,10.0,10.0,10.0,10.0,0.0,-49.749999999999886,optimal,-49.749999999999886,True,True,201,8000,0.0,0.0,10.0,0,0,1.1425812836343334e-15,11.600691113425446,11.562761074505383,11.450768541021539,1.0056308101120508e-05,1.0054170137411086e-05,1.004821474009947e-05,11.600691113425437,11.562761074505374,11.45076854102153,1.0056308101120508e-05,1.0054170137411086e-05,1.004821474009947e-05,1.0000000178940938,1.0000000178940938,4323e852e54599d4,4323e852e54599d4,False,False
nominal_heatup,153,10.0,10.0,10.0,10.0,0.0,-49.749999999999886,optimal,-49.749999999999886,True,True,201,8000,0.0,0.0,10.0,0,0,1.1425812836343334e-15,11.572495994598247,11.535234068298395,11.425214209433276,1.005634288967247e-05,1.0054204595949736e-05,1.0048248242521958e-05,11.572495994598238,11.535234068298386,11.425214209433268,1.005634288967247e-05,1.0054204595949736e-05,1.0048248242521958e-05,1.000000017774082,1.000000017774082,eded2da5b278dce1,eded2da5b278dce1,False,False
nominal_heatup,154,10.0,10.0,10.0,10.0,0.0,-49.749999999999886,optimal,-49.749999999999886,True,True,201,8000,0.0,0.0,10.0,0,0,1.1425812836343334e-15,11.544797514206932,11.50819193216492,11.400110000558062,1.0056377435542478e-05,1.005423881972428e-05,1.0048281532837364e-05,11.544797514206923,11.50819193216491,11.400110000558055,1.0056377435542478e-05,1.005423881972428e-05,1.0048281532837364e-05,1.0000000176569452,1.0000000176569452,b6156b9a06b114d1,b6156b9a06b114d1,False,False
nominal_heatup,155,10.0,10.0,10.0,10.0,0.0,-49.749999999999886,optimal,-49.749999999999886,True,True,201,8000,0.0,0.0,10.0,0,0,1.1425812836343334e-15,11.517586924293644,11.481626125438867,11.375447985781172,1.0056411744608069e-05,1.0054272814384303e-05,1.004831461605336e-05,11.517586924293635,11.481626125438858,11.375447985781165,1.0056411744608069e-05,1.0054272814384303e-05,1.004831461605336e-05,1.0000000175426031,1.0000000175426031,4d66793adcbc382c,4d66793adcbc382c,False,False
nominal_heatup,156,10.0,10.0,10.0,10.0,0.0,-49.749999999999886,optimal,-49.749999999999886,True,True,201,8000,0.0,0.0,10.0,0,0,1.1425812836343334e-15,11.490855630989904,11.455528257892231,11.351220376145156,1.00564458225773e-05,1.005430658541778e-05,1.0048347497037816e-05,11.490855630989895,11.455528257892222,11.351220376145148,1.00564458225773e-05,1.005430658541778e-05,1.0048347497037816e-05,1.0000000174309762,1.0000000174309762,411ede24385011b3,411ede24385011b3,False,False
nominal_heatup,157,10.0,10.0,10.0,10.0,0.0,-49.749999999999886,optimal,-49.749999999999886,True,True,201,8000,0.0,0.0,10.0,0,0,1.1425812836343334e-15,11.464595191802438,11.429890087085248,11.327419519889887,1.0056479674994608e-05,1.0054340138156631e-05,1.0048380180523494e-05,11.46459519180243,11.429890087085239,11.327419519889878,1.0056479674994608e-05,1.0054340138156631e-05,1.0048380180523494e-05,1.000000017321988,1.000000017321988,21cc1d4427018f41,21cc1d4427018f41,False,False
nominal_heatup,158,10.0,10.0,10.0,10.0,0.0,-49.749999999999886,optimal,-49.749999999999886,True,True,201,8000,0.0,0.0,10.0,0,0,1.1425812836343334e-15,11.438797312946823,11.404703515763217,11.304037900035913,1.0056513307246441e-05,1.0054373477782038e-05,1.004841267111253e-05,11.438797312946814,11.404703515763208,11.304037900035906,1.0056513307246441e-05,1.0054373477782038e-05,1.004841267111253e-05,1.0000000172155648,1.0000000172155648,7caafccbccb56aeb,7caafccbccb56aeb,False,False
nominal_heatup,159,10.0,10.0,10.0,10.0,0.0,-49.749999999999886,optimal,-49.749999999999886,True,True,201,8000,0.0,0.0,10.0,0,0,1.1425812836343334e-15,11.413453846728094,11.37996058929917,11.281068132010406,1.0056546724566659e-05,1.005440660932956e-05,1.0048444973280752e-05,11.413453846728085,11.379960589299163,11.281068132010397,1.0056546724566659e-05,1.005440660932956e-05,1.0048444973280752e-05,1.0000000171116359,1.0000000171116359,5af5e2c66f0b104b,5af5e2c66f0b104b,False,False
disturbance_step60,0,24.0,24.0,24.0,24.0,0.0,-570.9811533247264,optimal,-570.9811564297449,False,False,8000,8000,6.533154461862978e-07,9.468567236936565e-07,10.0,0,0,-5.438039949966671e-09,28.0,28.0,28.0,1e-05,1e-05,1e-05,28.0,28.0,28.0,1e-05,1e-05,1e-05,1.0000008521941652,1.0000008521941652,839ec63c777d5433,839ec63c777d5433,True,True
disturbance_step60,1,20.0,20.0,20.0,20.0,0.0,-424.9606365479734,optimal,-424.9606375969538,False,False,8000,8000,6.337474776074714e-07,9.184966680564344e-07,10.0,0,0,-2.468417753731067e-09,28.000000056399145,28.000000056399145,28.000000056399145,1.0001630922571259e-05,1.0001630922571259e-05,1.0001630922571259e-05,28.000000056399145,28.000000056399145,28.000000056399145,1.0001630922571259e-05,1.0001630922571259e-05,1.0001630922571259e-05,1.0000008522669996,1.0000008522669996,605f26bc364f4c9f,605f26bc364f4c9f,True,True
disturbance_step60,2,16.0,16.0,16.0,16.0,0.0,-295.11063654797346,optimal,-295.1106365479734,True,True,201,8000,0.0,0.0,10.0,0,0,3.8523463285314345e-16,28.000000112803107,28.000000112803107,28.000000091841084,1.0003261984532805e-05,1.0003261984532805e-05,1.0003261984532805e-05,28.000000112803107,28.000000112803107,28.000000091841084,1.0003261984532805e-05,1.0003261984532805e-05,1.0003261984532805e-05,1.0000008523398338,1.0000008523398338,47e19c5be4fa2859,47e19c5be4fa2859,True,True
disturbance_step60,3,12.780398231265288,12.780398231265288,12.780398231261504,12.780398231261504,-3.7836400679225335e-12,-182.7886365479735,optimal,-182.7886365479735,True,True,201,8000,0.0,0.0,10.0,0,0,0.0,28.00000016921189,28.00000016142088,28.000000128607986,1.0004893185885736e-05,1.0004893185885736e-05,1.0004893185878145e-05,28.00000016921189,28.00000016142088,28.000000128607986,1.0004893185885736e-05,1.0004893185885736e-05,1.0004893185878145e-05,1.000000852412668,1.000000852412668,51cf8a95fcdc614d,51cf8a95fcdc614d,False,False
disturbance_step60,4,10.845226484772807,10.845226484772807,10.845226484770993,10.845226484770993,-1.8136603330276557e-12,-106.85857823138991,optimal,-106.85857823130783,True,True,201,8000,0.0,0.0,10.0,0,0,2.6597499144038675e-16,28.00000021983408,28.000000208534534,28.00000016274716,1.0006524526631151e-05,1.0006524526628329e-05,1.0006524526608854e-05,28.00000021983408,28.000000208534534,28.00000016274716,1.0006524526631151e-05,1.0006524526628329e-05,1.0006524526608854e-05,1.000000852485502,1.000000852485502,9c962b0cc60f320d,9c962b0cc60f320d,False,False
disturbance_step60,5,10.0,10.0,10.0,10.0,0.0,-66.65452969545603,optimal,-66.65452969541974,True,True,201,8000,0.0,0.0,10.0,0,0,1.2792098103584854e-15,28.00000026785304,28.000000252134775,27.98446602875741,1.0008156006768049e-05,1.0008156006761134e-05,1.0008156006725072e-05,28.00000026785304,28.000000252134775,27.98446602875741,1.0008156006768049e-05,1.0008156006761134e-05,1.0008156006725072e-05,1.000000851578782,1.000000851578782,8dc8e89a20616aed,8dc8e89a20616aed,False,False
disturbance_step60,6,10.0,10.0,10.0,10.0,0.0,-49.749999999999886,optimal,-49.749999999999886,True,True,201,8000,0.0,0.0,10.0,0,0,1.1425812836343334e-15,28.000000312592185,27.9942266676392,27.942540707993636,1.000978762629658e-05,1.000978762628397e-05,1.000978200850556e-05,28.000000312592185,27.9942266676392,27.942540707993636,1.000978762629658e-05,1.000978762628397e-05,1.000978200850556e-05,1.0000008486502054,1.0000008486502054,fa6a70a24895d7df,fa6a70a24895d7df,False,False
disturbance_step60,7,10.0,10.0,10.0,10.0,0.0,-49.749999999999886,optimal,-49.749999999999886,True,True,201,8000,0.0,0.0,10.0,0,0,1.1425812836343334e-15,27.995708556591467,27.97716236998323,27.864890999255255,1.001141938521665e-05,1.001141729486962e-05,1.001139307919004e-05,27.995708556591467,27.97716236998323,27.864890999255255,1.001141938521665e-05,1.001141729486962e-05,1.001139307919004e-05,1.000000842525053,1.000000842525053,149ec4842fbba745,149ec4842fbba745,False,False
disturbance_step60,8,10.0,10.0,10.0,10.0,0.0,-49.749999999999886,optimal,-49.749999999999886,True,True,201,8000,0.0,0.0,10.0,0,0,1.1425812836343334e-15,27.981922390430096,27.942327333795546,27.748235859518665,1.0013049729312416e-05,1.0013040939033937e-05,1.0012976730256157e-05,27.981922390430096,27.942327333795546,27.74823585951865,1.0013049729312416e-05,1.0013040939033937e-05,1.0012976730256157e-05,1.0000008323474407,1.0000008323474407,24a361379a4ce72d,24a361379a4ce72d,False,False
disturbance_step60,9,10.0,10.0,10.0,10.0,0.0,-49.749999999999886,optimal,-49.749999999999886,True,True,201,8000,0.0,0.0,10.0,0,0,1.1425812836343334e-15,27.952489643349125,27.88490528867242,27.595026089733096,1.0014675229332127e-05,1.0014652208179747e-05,1.0014519969362864e-05,27.952489643349125,27.884905288672417,27.595026089733064,1.0014675229332127e-05,1.0014652208179747e-05,1.0014519969362864e-05,1.00000081774441,1.00000081774441,eb2ceb852cfac667,eb2ceb852cfac667,False,False
disturbance_step60,10,10.0,10.0,10.0,10.0,0.0,-49.749999999999886,optimal,-49.749999999999886,True,True,201,8000,0.0,0.0,10.0,0,0,1.1425812836343334e-15,27.902251179900894,27.80228441850101,27.411599543521525,1.0016290277260816e-05,1.001624318896755e-05,1.0016011608059993e-05,27.90225117990089,27.802284418500996,27.411599543521483,1.0016290277260816e-05,1.001624318896755e-05,1.0016011608059993e-05,1.0000007988614286,1.0000007988614286,64e5db9f99d14b0f,64e5db9f99d14b0f,False,False
disturbance_step60,11,10.0,10.0,10.0,10.0,0.0,-49.749999999999886,optimal,-49.749999999999886,True,True,201,8000,0.0,0.0,10.0,0,0,1.1425812836343334e-15,27.827941402693067,27.694232486013593,27.206156459215496,1.0017887537996116e-05,1.001780535271829e-05,1.0017443641596039e-05,27.827941402693057,27.694232486013572,27.206156459215443,1.0017887537996116e-05,1.001780535271829e-05,1.0017443641596039e-05,1.0000007762694025,1.000000776269402,2fdc69967ec2a759,2fdc69967ec2a759,False,False
disturbance_step60,12,10.0,10.0,10.0,10.0,0.0,-49.749999999999886,optimal,-49.749999999999886,True,True,201,8000,0.0,0.0,10.0,0,0,1.1425812836343334e-15,27.72854954860337,27.562523957787167,26.984922499348166,1.0019458771679327e-05,1.0019330551016485e-05,1.0018811640679002e-05,27.728549548603354,27.56252395778714,26.984922499348105,1.0019458771679327e-05,1.0019330551016485e-05,1.0018811640679002e-05,1.0000007506889403,1.0000007506889395,0d099eaca5c41650,0d099eaca5c41650,False,False
disturbance_step60,13,10.0,10.0,10.0,10.0,0.0,-49.749999999999886,optimal,-49.749999999999886,True,True,201,8000,0.0,0.0,10.0,0,0,1.1425812836343334e-15,27.60513524220188,27.409552494617767,26.752674247642336,1.0020995790008383e-05,1.0020811807655523e-05,1.002011377846724e-05,27.605135242201854,27.409552494617728,26.752674247642272,1.0020995790008383e-05,1.0020811807655523e-05,1.002011377846724e-05,1.0000007228921495,1.0000007228921486,4506e4af27ccc4c1,4506e4af27ccc4c1,False,False
disturbance_step60,14,10.0,10.0,10.0,10.0,0.0,-49.749999999999886,optimal,-49.749999999999886,True,True,201,8000,0.0,0.0,10.0,0,0,1.1425812836343334e-15,27.459749757784184,27.23810159990302,26.512842406601777,1.0022491295658364e-05,1.0022243547374208e-05,1.0021350079166798e-05,27.45974975778415,27.238101599902976,26.51284240660171,1.0022491295658364e-05,1.0022243547374208e-05,1.0021350079166798e-05,1.0000006936077872,1.000000693607786,a15913ae5a4f3579,a15913ae5a4f3579,False,False
disturbance_step60,15,10.0,10.0,10.0,10.0,0.0,-49.749999999999886,optimal,-49.749999999999886,True,True,201,8000,0.0,0.0,10.0,0,0,1.1425812836343334e-15,27.29498866882629,27.050923173763664,26.267967541062706,1.0023939268507673e-05,1.0023621679702828e-05,1.0022521778964961e-05,27.29498866882625,27.050923173763614,26.267967541062635,1.0023939268507673e-05,1.0023621679702828e-05,1.0022521778964961e-05,1.0000006634847465,1.0000006634847478,7363bc22f1b5a993,7363bc22f1b5a993,False,False
disturbance_step60,16,10.0,10.0,10.0,10.0,0.0,-49.749999999999886,optimal,-49.749999999999886,True,True,201,8000,0.0,0.0,10.0,0,0,1.1425812836343334e-15,27.113563753546508,26.85063246646596,26.01992916497592,1.002533512653243e-05,1.0024943497571697e-05,1.0023630897245655e-05,27.113563753546458,26.850632466465907,26.019929164975846,1.002533512653243e-05,1.0024943497571697e-05,1.0023630897245655e-05,1.0000006330716873,1.0000006330716877,5317ec8dc87039e0,5317ec8dc87039e0,False,False
disturbance_step60,17,10.0,10.0,10.0,10.0,0.0,-49.749999999999886,optimal,-49.749999999999886,True,True,201,8000,0.0,0.0,10.0,0,0,1.1425812836343334e-15,26.9181150366023,26.639607152019607,25.770154158646765,1.002667568962333e-05,1.0026207519063335e-05,1.0024679931837618e-05,26.918115036602245,26.639607152019547,25.77015415864669,1.002667568962333e-05,1.0026207519063335e-05,1.0024679931837618e-05,1.00000060281567,1.00000060281567,f9b2ce7def88758c,f9b2ce7def88758c,False,False
disturbance_step60,18,10.0,10.0,10.0,10.0,0.0,-49.749999999999886,optimal,-49.749999999999886,True,True,201,8000,0.0,0.0,10.0,0,0,1.1425812836343334e-15,26.711087525547416,26.41996902897957,25.51973897138658,1.0027959050735521e-05,1.0027413292179472e-05,1.0025671654537609e-05,26.711087525547356,26.41996902897951,25.519738971386502,1.0027959050735521e-05,1.0027413292179472e-05,1.0025671654537609e-05,1.0000005730680968,1.0000005730680979,4aa70bd2bcfeeb1d,4aa70bd2bcfeeb1d,False,False
disturbance_step60,19,10.0,10.0,10.0,10.0,0.0,-49.749999999999886,optimal,-49.749999999999886,True,True,201,8000,0.0,0.0,10.0,0,0,1.1425812836343334e-15,26.494685972050267,26.19357892956843,25.26954117414155,1.0029184395980693e-05,1.0028561200765037e-05,1.0026608970019419e-05,26.494685972050206,26.193578929568364,25.269541174141477,1.0029184395980693e-05,1.0028561200765037e-05,1.0026608970019419e-05,1.0000005440956288,1.000000544095628,1be4af2c41a719eb,1be4af2c41a719eb,False,False
disturbance_step60,20,10.0,10.0,10.0,10.0,0.0,-49.749999999999886,optimal,-49.749999999999886,True,True,201,8000,0.0,0.0,10.0,0,0,1.1425812836343334e-15,26.27085947687172,25.962052626672328,25.020238652877445,1.0030351813024358e-05,1.0029652282853304e-05,1.0027494820188744e-05,26.270859476871653,25.96205262667226,25.02023865287737,1.0030351813024358e-05,1.0029652282853304e-05,1.0027494820188744e-05,1.0000005160924688,1.000000516092469,ef45964afac0ca0c,ef45964afac0ca0c,False,False
disturbance_step60,21,10.0,10.0,10.0,10.0,0.0,-49.749999999999886,optimal,-49.749999999999886,True,True,201,8000,0.0,0.0,10.0,0,0,1.1425812836343334e-15,26.041309363054367,25.72678119510108,24.772372499695262,1.0031462106142564e-05,1.0030688070786819e-05,1.0028332118944267e-05,26.0413093630543,25.726781195101008,24.772372499695187,1.0031462106142564e-05,1.0030688070786819e-05,1.0028332118944267e-05,1.000000489192717,1.000000489192717,9d545ddf47c3dce1,9d545ddf47c3dce1,False,False
disturbance_step60,22,10.0,10.0,10.0,10.0,0.0,-49.749999999999886,optimal,-49.749999999999886,True,True,201,8000,0.0,0.0,10.0,0,0,1.1425812836343334e-15,25.807506332062495,25.48895510510634,24.52637691900713,1.0032516629545711e-05,1.0031670454984261e-05,1.00291237084414e-05,25.807506332062424,25.488955105106267,24.526376919007056,1.0032516629545711e-05,1.0031670454984261e-05,1.00291237084414e-05,1.0000004634817483,1.0000004634817479,064447ef241b6d1d,064447ef241b6d1d,False,False
disturbance_step60,23,10.0,10.0,10.0,10.0,0.0,-49.749999999999886,optimal,-49.749999999999886,True,True,201,8000,0.0,0.0,10.0,0,0,1.1425812836343334e-15,25.57071277679101,25.249587897872697,24.282601356759493,1.0033517143215036e-05,1.003260157130483e-05,1.0029872330333102e-05,25.570712776790938,25.249587897872626,24.282601356759418,1.0033517143215036e-05,1.003260157130483e-05,1.0029872330333102e-05,1.0000004390062815,1.000000439006282,c57c670dc53fd97d,c57c670dc53fd97d,False,False
disturbance_step60,24,10.0,10.0,10.0,10.0,0.0,-49.749999999999886,optimal,-49.749999999999886,True,True,201,8000,0.0,0.0,10.0,0,0,1.1425812836343334e-15,25.332006107370024,25.00953877990651,24.04132692225565,1.0034465692221387e-05,1.0033483709975413e-05,1.003058060769754e-05,25.332006107369953,25.00953877990644,24.041326922255575,1.0034465692221387e-05,1.0033483709975413e-05,1.003058060769754e-05,1.0000004157829643,1.0000004157829638,43f702368c3daad9,43f702368c3daad9,False,False
disturbance_step60,25,10.0,10.0,10.0,10.0,0.0,-49.749999999999886,optimal,-49.749999999999886,True,True,201,8000,0.0,0.0,10.0,0,0,1.1425812836343334e-15,25.092301533275666,24.769533195098283,23.80277901127308,1.003536450818989e-05,1.0034319243503336e-05,1.003125103457083e-05,25.092301533275595,24.769533195098212,23.80277901127301,1.003536450818989e-05,1.0034319243503336e-05,1.003125103457083e-05,1.0000003938055422,1.0000003938055422,a4b1bcbd2bd8a20f,a4b1bcbd2bd8a20f,False,False
disturbance_step60,26,10.0,10.0,10.0,10.0,0.0,-49.749999999999886,optimal,-49.749999999999886,True,True,201,8000,0.0,0.0,10.0,0,0,1.1425812836343334e-15,24.852373202612267,24.5301812637944,23.56713714776964,1.0036215930604531e-05,1.003511057073792e-05,1.0031885970928137e-05,24.852373202612196,24.53018126379433,23.567137147769568,1.0036215930604531e-05,1.003511057073792e-05,1.0031885970928137e-05,1.0000003730507252,1.0000003730507254,5b70eb946745f25c,5b70eb946745f25c,False,False
disturbance_step60,27,10.0,10.0,10.0,10.0,0.0,-49.749999999999886,optimal,-49.749999999999886,True,True,201,8000,0.0,0.0,10.0,0,0,1.1425812836343334e-15,24.612873334206082,24.29199403005774,23.33454282816819,1.0037022345220117e-05,1.0035860074374357e-05,1.0032487641544931e-05,24.61287333420601,24.29199403005767,23.334542828168118,1.0037022345220117e-05,1.0035860074374357e-05,1.0032487641544931e-05,1.0000003534829127,1.0000003534829125,e2644c5dae9ec9be,e2644c5dae9ec9be,False,False
disturbance_step60,28,10.0,10.0,10.0,10.0,0.0,-49.749999999999886,optimal,-49.749999999999886,True,True,201,8000,0.0,0.0,10.0,0,0,1.1425812836343334e-15,24.37434920527209,24.055397657985644,23.105105857421965,1.0037786136849845e-05,1.003657008943446e-05,1.0033058137600374e-05,24.37434920527202,24.055397657985573,23.105105857421893,1.0037786136849845e-05,1.003657008943446e-05,1.0033058137600374e-05,1.0000003350579452,1.0000003350579456,5e8c31cca32562cc,5e8c31cca32562cc,False,False
disturbance_step60,29,10.0,10.0,10.0,10.0,0.0,-49.749999999999886,optimal,-49.749999999999886,True,True,201,8000,0.0,0.0,10.0,0,0,1.1425812836343334e-15,24.13725806414489,23.820745744054985,22.878909536568738,1.0038509653984523e-05,1.003724288057728e-05,1.0033599420183686e-05,24.13725806414482,23.820745744054914,22.878909536568667,1.0038509653984523e-05,1.003724288057728e-05,1.0033599420183686e-05,1.0000003177260546,1.0000003177260541,0adf851b89b69fe2,0adf851b89b69fe2,False,False
disturbance_step60,30,10.0,10.0,10.0,10.0,0.0,-49.749999999999886,optimal,-49.749999999999886,True,True,201,8000,0.0,0.0,10.0,0,0,1.1425812836343334e-15,23.901980110025086,23.58832994786968,22.656014949560035,1.0039195182990213e-05,1.0037880626414559e-05,1.0034113325084164e-05,23.901980110025015,23.58832994786961,22.656014949559964,1.0039195182990213e-05,1.0037880626414559e-05,1.0034113325084164e-05,1.0000003014341403,1.0000003014341403,ba58e5244ff9550f,ba58e5244ff9550f,False,False
disturbance_step60,31,10.0,10.0,10.0,10.0,0.0,-49.749999999999886,optimal,-49.749999999999886,True,True,201,8000,0.0,0.0,10.0,0,0,1.1425812836343334e-15,23.668829726608408,23.35838913810585,22.436464533871334,1.0039844929948559e-05,1.00384854093123e-05,1.0034601568405804e-05,23.668829726608337,23.358389138105778,22.436464533871263,1.0039844929948559e-05,1.00384854093123e-05,1.0034601568405804e-05,1.0000002861275141,1.0000002861275146,7cddd4dcde09a141,7cddd4dcde09a141,False,False
disturbance_step60,32,10.0,10.0,10.0,10.0,0.0,-49.749999999999886,optimal,-49.749999999999886,True,True,201,8000,0.0,0.0,10.0,0,0,1.1425812836343334e-15,23.438065163844772,23.131117242192467,22.220285071334914,1.0040461008515214e-05,1.0039059209433389e-05,1.0035065752667342e-05,23.4380651638447,23.131117242192396,22.220285071334843,1.0040461008515214e-05,1.0039059209433389e-05,1.0035065752667342e-05,1.0000002717512078,1.000000271751208,3977359399e7e0d9,3977359399e7e0d9,False,False
disturbance_step60,33,10.0,10.0,10.0,10.0,0.0,-49.749999999999886,optimal,-49.749999999999886,True,True,201,8000,0.0,0.0,10.0,0,0,1.1425812836343334e-15,23.209896857830454,22.906669971024595,22.00749020435437,1.0041045432456082e-05,1.0039603902013466e-05,1.003550737313812e-05,23.209896857830383,22.906669971024524,22.007490204354298,1.0041045432456082e-05,1.0039603902013466e-05,1.003550737313812e-05,1.000000258250936,1.0000002582509362,3bb3dd17135fe11b,3bb3dd17135fe11b,False,False
disturbance_step60,34,10.0,10.0,10.0,10.0,0.0,-49.749999999999886,optimal,-49.749999999999886,True,True,201,8000,0.0,0.0,10.0,0,0,1.1425812836343334e-15,22.984494564931452,22.68517057237705,21.79808255944593,1.0041600111770872e-05,1.0040121257062942e-05,1.0035927824227958e-05,22.98449456493138,22.68517057237698,21.79808255944586,1.0041600111770872e-05,1.0040121257062942e-05,1.0035927824227958e-05,1.0000002455737984,1.0000002455737984,6d5ce7d376e64336,6d5ce7d376e64336,False,False
disturbance_step60,35,10.0,10.0,10.0,10.0,0.0,-49.749999999999886,optimal,-49.749999999999886,True,True,201,8000,0.0,0.0,10.0,0,0,1.1425812836343334e-15,22.761993469562718,22.466714748365796,21.592055543510412,1.0042126851526699e-05,1.0040612940854875e-05,1.0036328405800352e-05,22.761993469562647,22.466714748365725,21.592055543510345,1.0042126851526699e-05,1.0040612940854875e-05,1.0036328405800352e-05,1.0000002336687606,1.0000002336687601,3fd9cd4a07bbc27e,3fd9cd4a07bbc27e,False,False
disturbance_step60,36,10.0,10.0,10.0,10.0,0.0,-49.749999999999886,optimal,-49.749999999999886,True,True,201,8000,0.0,0.0,10.0,0,0,1.1425812836343334e-15,22.542499407150192,22.25137485525708,21.38939486568872,1.0042627352703138e-05,1.0041080518695265e-05,1.0036710329317161e-05,22.54249940715012,22.251374855257012,21.389394865688654,1.0042627352703138e-05,1.0041080518695265e-05,1.0036710329317161e-05,1.0000002224869764,1.0000002224869757,818136ae095e5e86,818136ae095e5e86,False,False
disturbance_step60,37,10.0,10.0,10.0,10.0,0.0,-49.749999999999886,optimal,-49.749999999999886,True,True,201,8000,0.0,0.0,10.0,0,0,1.1425812836343334e-15,22.326093326536867,22.039203488232396,21.190079828118254,1.0043103214497343e-05,1.0041525458583372e-05,1.0037074723752204e-05,22.3260933265368,22.039203488232328,21.19007982811819,1.0043103214497343e-05,1.0041525458583372e-05,1.0037074723752204e-05,1.0000002119819862,1.000000211981987,19f2ac220fc11350,19f2ac220fc11350,False,False
disturbance_step60,38,10.0,10.0,10.0,10.0,0.0,-49.749999999999886,optimal,-49.749999999999886,True,True,201,8000,0.0,0.0,10.0,0,0,1.1425812836343334e-15,22.112835099998435,21.830236539728308,20.994084421416414,1.0043555937657922e-05,1.0041949135458942e-05,1.0037422641233298e-05,22.112835099998367,21.83023653972824,20.99408442141635,1.0043555937657922e-05,1.0041949135458942e-05,1.0037422641233298e-05,1.000000202109824,1.0000002021098244,366b00a21ccf70e0,366b00a21ccf70e0,False,False
disturbance_step60,39,10.0,10.0,10.0,10.0,0.0,-49.749999999999886,optimal,-49.749999999999886,True,True,201,8000,0.0,0.0,10.0,0,0,1.1425812836343334e-15,21.902766774504155,21.624495807613567,20.801378254763534,1.004398692851313e-05,1.0042352835804532e-05,1.0037755062388773e-05,21.902766774504087,21.624495807613503,20.80137825476347,1.004398692851313e-05,1.0042352835804532e-05,1.0037755062388773e-05,1.000000192829041,1.0000001928290407,09b7c2d14d39ae4f,09b7c2d14d39ae4f,False,False
disturbance_step60,40,10.0,10.0,10.0,10.0,0.0,-49.749999999999886,optimal,-49.749999999999886,True,True,201,8000,0.0,0.0,10.0,0,0,1.1425812836343334e-15,21.695915344944424,21.421991218681132,20.61192734563477,1.0044397503436556e-05,1.0042737762427625e-05,1.0038072901386794e-05,21.695915344944357,21.421991218681065,20.611927345634708,1.0044397503436556e-05,1.0042737762427625e-05,1.0038072901386794e-05,1.0000001841006911,1.0000001841006916,fd269893b5721fd9,fd269893b5721fd9,False,False
disturbance_step60,41,10.0,10.0,10.0,10.0,0.0,-49.749999999999886,optimal,-49.749999999999886,True,True,201,8000,0.0,0.0,10.0,0,0,1.1425812836343334e-15,21.492295118714942,21.222722723572353,20.42569479028214,1.004478889355511e-05,1.0043105039291752e-05,1.0038377010664767e-05,21.492295118714875,21.22272272357229,20.42569479028208,1.004478889355511e-05,1.0043105039291752e-05,1.0038377010664767e-05,1.0000001758882762,1.0000001758882762,43b7085a9adcf64b,43b7085a9adcf64b,False,False
disturbance_step60,42,10.0,10.0,10.0,10.0,0.0,-49.749999999999886,optimal,-49.749999999999886,True,True,201,8000,0.0,0.0,10.0,0,0,1.1425812836343334e-15,21.291909731181285,21.02668191116927,20.24264133280028,1.0045162249552862e-05,1.0043455716300698e-05,1.0038668185352656e-05,21.29190973118122,21.026681911169206,20.24264133280022,1.0045162249552862e-05,1.0043455716300698e-05,1.0038668185352656e-05,1.0000001681576571,1.0000001681576585,ab97c13867a08a24,ab97c13867a08a24,False,False
disturbance_step60,43,10.0,10.0,10.0,10.0,0.0,-49.749999999999886,optimal,-49.749999999999886,True,True,201,8000,0.0,0.0,10.0,0,0,1.1425812836343334e-15,21.094753863008272,20.833853383535136,20.062725847885254,1.0045518646462528e-05,1.0043790773966956e-05,1.0038947167398542e-05,21.094753863008208,20.833853383535075,20.062725847885194,1.0045518646462528e-05,1.0043790773966956e-05,1.0038947167398542e-05,1.000000160876962,1.0000001608769618,a6ae3bfb7652f57e,a6ae3bfb7652f57e,False,False
disturbance_step60,44,10.0,10.0,10.0,10.0,0.0,-49.749999999999886,optimal,-49.749999999999886,True,True,201,8000,0.0,0.0,10.0,0,0,1.1425812836343334e-15,20.900814702976128,20.64421592651199,19.885905750111377,1.0045859088366207e-05,1.0044111127916613e-05,1.0039214649407935e-05,20.900814702976067,20.644215926511926,19.885905750111316,1.0045859088366207e-05,1.0044111127916613e-05,1.0039214649407935e-05,1.0000001540164631,1.000000154016463,b5b5cc692c159e37,b5b5cc692c159e37,False,False
disturbance_step60,45,10.0,10.0,10.0,10.0,0.0,-49.749999999999886,optimal,-49.749999999999886,True,True,201,8000,0.0,0.0,10.0,0,0,1.1425812836343334e-15,20.710073193577326,20.457743505965695,19.712137340626093,1.0046184512950092e-05,1.0044417633198871e-05,1.0039471278210304e-05,20.710073193577262,20.457743505965635,19.712137340626036,1.0046184512950092e-05,1.0044417633198871e-05,1.0039471278210304e-05,1.00000014754847,1.0000001475484697,50105753bb6147b1,50105753bb6147b1,False,False
disturbance_step60,46,10.0,10.0,10.0,10.0,0.0,-49.749999999999886,optimal,-49.749999999999886,True,True,201,8000,0.0,0.0,10.0,0,0,1.1425812836343334e-15,20.52250509125888,20.274406115288222,19.54137610053658,1.0046495795875712e-05,1.0044711088380696e-05,1.0039717658167524e-05,20.522505091258818,20.274406115288162,19.541376100536528,1.0046495795875712e-05,1.0044711088380696e-05,1.0039717658167524e-05,1.0000001414472055,1.0000001414472055,ae599996d99024e9,ae599996d99024e9,False,False
disturbance_step60,47,10.0,10.0,10.0,10.0,0.0,-49.749999999999886,optimal,-49.749999999999886,True,True,201,8000,0.0,0.0,10.0,0,0,1.1425812836343334e-15,20.33808186852533,20.09417049601986,19.37357693888336,1.0046793754943797e-05,1.0044992239416245e-05,1.0039954354239476e-05,20.33808186852527,20.094170496019803,19.373576938883307,1.0046793754943797e-05,1.0044992239416245e-05,1.0039954354239476e-05,1.0000001356886883,1.0000001356886883,252183071b6fdc51,252183071b6fdc51,False,False
disturbance_step60,48,10.0,10.0,10.0,10.0,0.0,-49.749999999999886,optimal,-49.749999999999886,True,True,201,8000,0.0,0.0,10.0,0,0,1.1425812836343334e-15,20.156771481138836,19.91700075025232,19.208694401926206,1.004707915403715e-05,1.0045261783287633e-05,1.0040181894822172e-05,20.156771481138776,19.917000750252264,19.208694401926156,1.004707915403715e-05,1.0045261783287633e-05,1.0040181894822172e-05,1.0000001302506147,1.0000001302506143,85ba645e18f6dc38,85ba645e18f6dc38,False,False
disturbance_step60,49,10.0,10.0,10.0,10.0,0.0,-49.749999999999886,optimal,-49.749999999999886,True,True,201,8000,0.0,0.0,10.0,0,0,1.1425812836343334e-15,19.978539020251606,19.74285886073798,19.046682849473473,1.0047352706836616e-05,1.0045520371418554e-05,1.0040400774373568e-05,19.978539020251546,19.742858860737922,19.04668284947342,1.0047352706836616e-05,1.0045520371418554e-05,1.0040400774373568e-05,1.0000001251122494,1.0000001251122494,7eeab015fba5ee8f,7eeab015fba5ee8f,False,False
disturbance_step60,50,10.0,10.0,10.0,10.0,0.0,-49.749999999999886,optimal,-49.749999999999886,True,True,201,8000,0.0,0.0,10.0,0,0,1.1425812836343334e-15,19.803347266399513,19.57170513229491,18.88749660313953,1.0047615080309878e-05,1.0045768612865932e-05,1.0040611455841797e-05,19.803347266399456,19.571705132294852,18.887496603139482,1.0047615080309878e-05,1.0045768612865932e-05,1.0040611455841797e-05,1.0000001202543156,1.0000001202543158,92883569459ce6b5,92883569459ce6b5,False,False
disturbance_step60,51,10.0,10.0,10.0,10.0,0.0,-49.749999999999886,optimal,-49.749999999999886,True,True,201,8000,0.0,0.0,10.0,0,0,1.1425812836343334e-15,19.631157159803482,19.403498566103067,18.731090070694947,1.00478668979769e-05,1.0046007077297219e-05,1.004081437290997e-05,19.631157159803426,19.403498566103014,18.731090070694894,1.00478668979769e-05,1.0046007077297219e-05,1.004081437290997e-05,1.000000115658894,1.0000001156588942,61d15b499e273a66,61d15b499e273a66,False,False
disturbance_step60,52,10.0,10.0,10.0,10.0,0.0,-49.749999999999886,optimal,-49.749999999999886,True,True,201,8000,0.0,0.0,10.0,0,0,1.1425812836343334e-15,19.461928199305863,19.238197176784862,18.577417850060055,1.0048108742958754e-05,1.0046236297762663e-05,1.0041009932070992e-05,19.461928199305806,19.238197176784805,18.577417850060005,1.0048108742958754e-05,1.0046236297762663e-05,1.0041009932070992e-05,1.0000001113093244,1.0000001113093246,b9353612eeba9695,b9353612eeba9695,False,False
disturbance_step60,53,10.0,10.0,10.0,10.0,0.0,-49.749999999999886,optimal,-49.749999999999886,True,True,201,8000,0.0,0.0,10.0,0,0,1.1425812836343334e-15,19.295618780459623,19.075758260710668,18.426434815969778,1.0048341160818523e-05,1.0046456773272879e-05,1.0041198514545096e-05,19.295618780459566,19.075758260710614,18.426434815969728,1.0048341160818523e-05,1.0046456773272879e-05,1.0041198514545096e-05,1.000000107190117,1.000000107190117,0aa50ccb4cef7bd1,0aa50ccb4cef7bd1,False,False
disturbance_step60,54,10.0,10.0,10.0,10.0,0.0,-49.749999999999886,optimal,-49.749999999999886,True,True,201,8000,0.0,0.0,10.0,0,0,1.1425812836343334e-15,19.132186481744203,18.916138622730145,18.278096191891578,1.0048564662204189e-05,1.0046668971192618e-05,1.0041380478052069e-05,19.13218648174415,18.91613862273009,18.27809619189153,1.0048564662204189e-05,1.0046668971192618e-05,1.0041380478052069e-05,1.0000001032868657,1.0000001032868662,b650abf8ece7a341,b650abf8ece7a341,False,False
disturbance_step60,55,10.0,10.0,10.0,10.0,0.0,-49.749999999999886,optimal,-49.749999999999886,True,True,201,8000,0.0,0.0,10.0,0,0,1.1425812836343334e-15,18.971588306563785,18.759294767472404,18.132357609398248,1.0048779725304211e-05,1.0046873329461833e-05,1.0041556158449282e-05,18.97158830656373,18.759294767472355,18.132357609398202,1.0048779725304211e-05,1.0046873329461833e-05,1.0041556158449282e-05,1.0000000995861704,1.0000000995861706,24b37b344f3ab55f,24b37b344f3ab55f,False,False
disturbance_step60,56,10.0,10.0,10.0,10.0,0.0,-49.749999999999886,optimal,-49.749999999999886,True,True,201,8000,0.0,0.0,10.0,0,0,1.1425812836343334e-15,18.81378088755934,18.605183060455495,17.989175156873202,1.0048986798126756e-05,1.0047070258655075e-05,1.0041725871245964e-05,18.81378088755929,18.605183060455445,17.989175156873156,1.0048986798126756e-05,1.0047070258655075e-05,1.0041725871245964e-05,1.0000000960755608,1.0000000960755608,76a00b0d0d2c27e0,76a00b0d0d2c27e0,False,False
disturbance_step60,57,10.0,10.0,10.0,10.0,0.0,-49.749999999999886,optimal,-49.749999999999886,True,True,201,8000,0.0,0.0,10.0,0,0,1.1425812836343334e-15,18.658720658806285,18.453759863475504,17.848505419149305,1.004918630061363e-05,1.0047260143890005e-05,1.0041889913003345e-05,18.658720658806235,18.453759863475458,17.84850541914926,1.004918630061363e-05,1.0047260143890005e-05,1.0041889913003345e-05,1.0000000927434307,1.00000009274343,ef549af71ce2e80f,ef549af71ce2e80f,False,False
disturbance_step60,58,10.0,10.0,10.0,10.0,0.0,-49.749999999999886,optimal,-49.749999999999886,True,True,201,8000,0.0,0.0,10.0,0,0,1.1425812836343334e-15,18.50636400065062,18.30498164808864,17.71030550944654,1.0049378626599767e-05,1.0047443346595468e-05,1.0042048562629632e-05,18.506364000650574,18.30498164808859,17.710305509446496,1.0049378626599767e-05,1.0047443346595468e-05,1.0042048562629632e-05,1.0000000895789705,1.0000000895789705,a2bf6bdaa082c3fb,a2bf6bdaa082c3fb,False,False
disturbance_step60,59,10.0,10.0,10.0,10.0,0.0,-49.749999999999886,optimal,-49.749999999999886,True,True,201,8000,0.0,0.0,10.0,0,0,1.1425812836343334e-15,18.356667361238195,18.1588050904389,17.574533094772672,1.0049564145628795e-05,1.0047620206149071e-05,1.0042202082578081e-05,18.356667361238145,18.158805090438854,17.574533094772626,1.0049564145628795e-05,1.0047620206149071e-05,1.0042202082578081e-05,1.0000000865721124,1.0000000865721124,27216582666040cc,27216582666040cc,False,False
disturbance_step60,60,10.0,10.0,10.0,10.0,0.0,-49.749999999999886,optimal,-49.749999999999886,True,True,201,8000,0.0,0.0,10.0,0,0,1.1425812836343334e-15,3.209587358195453,3.0151871502059073,2.4411464157794107,1.0049743204634785e-05,1.004779104139373e-05,1.0042350719955802e-05,3.2095873581954066,3.015187150205861,2.441146415779368,1.0049743204634785e-05,1.004779104139373e-05,1.0042350719955802e-05,1.0000000019503728,1.0000000019503728,5272c6f1575ef065,5272c6f1575ef065,False,False
disturbance_step60,61,10.0,10.0,10.0,10.0,0.0,-49.749999999999886,optimal,-49.749999999999886,True,True,201,8000,0.0,0.0,10.0,0,0,1.1425812836343334e-15,3.065080857572342,2.8740851304629067,2.3101042970557835,1.0049747267872062e-05,1.0047794901104447e-05,1.0042354034913158e-05,3.065080857572296,2.874085130462862,2.310104297055741,1.0049747267872062e-05,1.0047794901104447e-05,1.0042354034913158e-05,1.0000000018800588,1.0000000018800592,c11add07b0b38129,c11add07b0b38129,False,False
disturbance_step60,62,10.0,10.0,10.0,10.0,0.0,-49.749999999999886,optimal,-49.749999999999886,True,True,201,8000,0.0,0.0,10.0,0,0,1.1425812836343334e-15,2.9231050621525214,2.7354567486945878,2.1813661745958624,1.0049751179149036e-05,1.0047798619611098e-05,1.0042357236634952e-05,2.923105062152476,2.7354567486945434,2.1813661745958206,1.0049751179149036e-05,1.0047798619611098e-05,1.0042357236634952e-05,1.0000000018133826,1.0000000018133826,be640d438b6a6446,be640d438b6a6446,False,False
disturbance_step60,63,10.0,10.0,10.0,10.0,0.0,-49.749999999999886,optimal,-49.749999999999886,True,True,201,8000,0.0,0.0,10.0,0,0,1.1425812836343334e-15,2.7836175512742765,2.5992601640392796,2.0548920839249947,1.0049754946516466e-05,1.0047802204287866e-05,1.004236033077977e-05,2.7836175512742316,2.5992601640392357,2.054892083924954,1.0049754946516466e-05,1.0047802204287866e-05,1.004236033077977e-05,1.0000000017501176,1.0000000017501176,4c442ecbf35d11a4,4c442ecbf35d11a4,False,False
disturbance_step60,64,10.0,10.0,10.0,10.0,0.0,-49.749999999999886,optimal,-49.749999999999886,True,True,201,8000,0.0,0.0,10.0,0,0,1.1425812836343334e-15,2.646576335267571,2.4654540175412767,1.930642675384386,1.0049758577517765e-05,1.0047805662049828e-05,1.0042363322666794e-05,2.646576335267527,2.4654540175412336,1.9306426753843458,1.0049758577517765e-05,1.0047805662049828e-05,1.0042363322666794e-05,1.0000000016900572,1.0000000016900572,70771898ef33b535,70771898ef33b535,False,False
disturbance_step60,65,10.0,10.0,10.0,10.0,0.0,-49.749999999999886,optimal,-49.749999999999886,True,True,201,8000,0.0,0.0,10.0,0,0,1.1425812836343334e-15,2.5119398933009514,2.333997462626371,1.8668323431176703,1.0049762079225232e-05,1.004780899938542e-05,1.0042366217299119e-05,2.5119398933009083,2.3339974626263285,1.8668323431176308,1.0049762079225232e-05,1.004780899938542e-05,1.0042366217299119e-05,1.0000000016414476,1.0000000016414472,cbd8bbc44eb91872,cbd8bbc44eb91872,False,False
disturbance_step60,66,10.0,10.0,10.0,10.0,0.0,-49.749999999999886,optimal,-49.749999999999886,True,True,201,8000,0.0,0.0,10.0,0,0,1.1425812836343334e-15,2.3796672057489716,2.226501284783345,1.8458836558993852,1.0049765458273453e-05,1.0047812222386401e-05,1.0042369063187114e-05,2.379667205748929,2.2265012847833034,1.8458836558993463,1.0049765458273453e-05,1.0047812222386401e-05,1.0042369063187114e-05,1.0000000016039965,1.0000000016039965,39256471c5739125,39256471c5739125,False,False
disturbance_step60,67,10.0,10.0,10.0,10.0,0.0,-49.749999999999886,optimal,-49.749999999999886,True,True,201,8000,0.0,0.0,10.0,0,0,1.1425812836343334e-15,2.2658120227635847,2.1419636942586466,1.8620447989246778,1.0049768720890113e-05,1.004781535473224e-05,1.0042371893247601e-05,2.265812022763543,2.1419636942586053,1.8620447989246396,1.0049768720890113e-05,1.004781535473224e-05,1.0042371893247601e-05,1.0000000015783141,1.0000000015783141,e835b9db30d7b7c4,e835b9db30d7b7c4,False,False
disturbance_step60,68,10.0,10.0,10.0,10.0,0.0,-49.749999999999886,optimal,-49.749999999999886,True,True,201,8000,0.0,0.0,10.0,0,0,1.1425812836343334e-15,2.173749937329221,2.0839565252419057,1.9039484451398132,1.0049771886419727e-05,1.0047818417531627e-05,1.0042374735511603e-05,2.1737499373291795,2.0839565252418653,1.9039484451397755,1.0049771886419727e-05,1.0047818417531627e-05,1.0042374735511603e-05,1.0000000015632604,1.0000000015632604,bcea9100fc6984af,bcea9100fc6984af,False,False
disturbance_step60,69,10.0,10.0,10.0,10.0,0.0,-49.749999999999886,optimal,-49.749999999999886,True,True,201,8000,0.0,0.0,10.0,0,0,1.1425812836343334e-15,2.10700241742793,2.0504261960137637,1.9653475025918266,1.0049774975505979e-05,1.0047821433481755e-05,1.0042377609655887e-05,2.1070024174278896,2.0504261960137242,1.9653475025917897,1.0049774975505979e-05,1.0047821433481755e-05,1.0042377609655887e-05,1.0000000015578834,1.0000000015578834,3e8039626d7b48cd,3e8039626d7b48cd,False,False
disturbance_step60,70,10.0,10.0,10.0,10.0,0.0,-49.749999999999886,optimal,-49.749999999999886,True,True,201,8000,0.0,0.0,10.0,0,0,1.1425812836343334e-15,2.0649467434801574,2.039832605360333,2.0407561606727587,1.004977801029477e-05,1.0047824422670126e-05,1.0042380531141385e-05,2.064946743480118,2.0398326053602944,2.0407561606727223,1.004977801029477e-05,1.0047824422670126e-05,1.0042380531141385e-05,1.0000000015610295,1.000000001561029,78f8c5a44d7eb369,78f8c5a44d7eb369,False,False
disturbance_step60,71,10.0,10.0,10.0,10.0,0.0,-49.749999999999886,optimal,-49.749999999999886,True,True,201,8000,0.0,0.0,10.0,0,0,1.1425812836343334e-15,2.046278264486501,2.049510105309638,2.1266399747248874,1.0049781011350404e-05,1.004782740345181e-05,1.004238351180855e-05,2.046278264486462,2.0495101053096003,2.126639974724852,1.0049781011350404e-05,1.004782740345181e-05,1.004238351180855e-05,1.0000000015717019,1.000000001571702,bdda84cfe6002661,bdda84cfe6002661,False,False
disturbance_step60,72,10.0,10.0,10.0,10.0,0.0,-49.749999999999886,optimal,-49.749999999999886,True,True,201,8000,0.0,0.0,10.0,0,0,1.1425812836343334e-15,2.0486806386057546,2.076975985299671,2.220255857535074,1.0049783997549316e-05,1.0047830391913184e-05,1.0042386561299146e-05,2.0486806386057164,2.0769759852996335,2.2202558575350393,1.0049783997549316e-05,1.0047830391913184e-05,1.0042386561299146e-05,1.0000000015889903,1.0000000015889903,896ac55dffa42055,896ac55dffa42055,False,False
disturbance_step60,73,10.0,10.0,10.0,10.0,0.0,-49.749999999999886,optimal,-49.749999999999886,True,True,201,8000,0.0,0.0,10.0,0,0,1.1425812836343334e-15,2.0697138545729876,2.1197125945869764,2.3196514361690403,1.004978698565659e-05,1.0047833402274537e-05,1.004238968756999e-05,2.06971385457295,2.11971259458694,2.3196514361690066,1.004978698565659e-05,1.0047833402274537e-05,1.004238968756999e-05,1.0000000016121178,1.0000000016121178,7c4f7ae0a0d163f0,7c4f7ae0a0d163f0,False,False
disturbance_step60,74,10.0,10.0,10.0,10.0,0.0,-49.749999999999886,optimal,-49.749999999999886,True,True,201,8000,0.0,0.0,10.0,0,0,1.1425812836343334e-15,2.106880188173827,2.175441237232891,2.423321082181026,1.0049789990519014e-05,1.0047836447022503e-05,1.0042392897418952e-05,2.10688018817379,2.1754412372328553,2.4233210821809927,1.0049789990519014e-05,1.0047836447022503e-05,1.0042392897418952e-05,1.0000000016404145,1.0000000016404145,eaf07db0efbf504d,eaf07db0efbf504d,False,False
disturbance_step60,75,10.0,10.0,10.0,10.0,0.0,-49.749999999999886,optimal,-49.749999999999886,True,True,201,8000,0.0,0.0,10.0,0,0,1.1425812836343334e-15,2.157844728855502,2.242089138551024,2.5301204690603405,1.0049793025211606e-05,1.004783953718492e-05,1.004239619675451e-05,2.157844728855466,2.2420891385509885,2.5301204690603076,1.0049793025211606e-05,1.004783953718492e-05,1.004239619675451e-05,1.0000000016733108,1.0000000016733108,6e999549de2f931f,6e999549de2f931f,False,False
disturbance_step60,76,10.0,10.0,10.0,10.0,0.0,-49.749999999999886,optimal,-49.749999999999886,True,True,201,8000,0.0,0.0,10.0,0,0,1.1425812836343334e-15,2.2204674235561717,2.317831173950667,2.639147126209516,1.0049796101277516e-05,1.0047842682525626e-05,1.0042399590814435e-05,2.2204674235561357,2.3178311739506325,2.6391471262094837,1.0049796101277516e-05,1.0047842682525626e-05,1.0042399590814435e-05,1.0000000017103199,1.0000000017103192,b4815d772e30e4c4,b4815d772e30e4c4,False,False
disturbance_step60,77,10.0,10.0,10.0,10.0,0.0,-49.749999999999886,optimal,-49.749999999999886,True,True,201,8000,0.0,0.0,10.0,0,0,1.1425812836343334e-15,2.292842319844934,2.4010680938273548,2.7496860195780624,1.0049799228932493e-05,1.0047845891737366e-05,1.0042403084300951e-05,2.292842319844899,2.4010680938273206,2.749686019578031,1.0049799228932493e-05,1.0047845891737366e-05,1.0042403084300951e-05,1.0000000017510227,1.0000000017510227,e166e937b0d018d7,e166e937b0d018d7,False,False
disturbance_step60,78,10.0,10.0,10.0,10.0,0.0,-49.749999999999886,optimal,-49.749999999999886,True,True,201,8000,0.0,0.0,10.0,0,0,1.1425812836343334e-15,2.373291451426671,2.490415294291905,2.8611604413200324,1.0049802417259108e-05,1.0047849172595356e-05,1.0042406681483255e-05,2.3732914514266366,2.4904152942918714,2.861160441320002,1.0049802417259108e-05,1.0047849172595356e-05,1.0042406681483255e-05,1.0000000017950625,1.0000000017950625,829bc6c06a38b388,829bc6c06a38b388,False,False
disturbance_step60,79,10.0,10.0,10.0,10.0,0.0,-49.749999999999886,optimal,-49.749999999999886,True,True,201,8000,0.0,0.0,10.0,0,0,1.1425812836343334e-15,2.460354921601814,2.584679409561848,2.973102343352252,1.0049805674369537e-05,1.0047852532090063e-05,1.0042410386268474e-05,2.4603549216017804,2.584679409561815,2.9731023433522212,1.0049805674369537e-05,1.0047852532090063e-05,1.0042410386268474e-05,1.0000000018421278,1.0000000018421278,2c12419ba49b5214,2c12419ba49b5214,False,False
disturbance_step60,80,10.0,10.0,10.0,10.0,0.0,-49.749999999999886,optimal,-49.749999999999886,True,True,201,8000,0.0,0.0,10.0,0,0,1.1425812836343334e-15,2.5527709582024913,2.682837592377221,3.0851287465919444,1.0049809007545117e-05,1.0047855976535775e-05,1.0042414202255634e-05,2.552770958202458,2.6828375923771888,3.085128746591914,1.0049809007545117e-05,1.0047855976535775e-05,1.0042414202255634e-05,1.000000001891948,1.000000001891948,e77799cc8fe48b09,e77799cc8fe48b09,False,False
disturbance_step60,81,10.0,10.0,10.0,10.0,0.0,-49.749999999999886,optimal,-49.749999999999886,True,True,201,8000,0.0,0.0,10.0,0,0,1.1425812836343334e-15,2.649455392792531,2.7840160151458884,3.196925216116423,1.004981242335223e-05,1.0047859511661572e-05,1.0042418132775996e-05,2.6494553927924986,2.7840160151458564,3.196925216116394,1.004981242335223e-05,1.0047859511661572e-05,1.0042418132775996e-05,1.000000001944286,1.000000001944286,5f677d79bbfddc6b,5f677d79bbfddc6b,False,False
disturbance_step60,82,10.0,10.0,10.0,10.0,0.0,-49.749999999999886,optimal,-49.749999999999886,True,True,201,8000,0.0,0.0,10.0,0,0,1.1425812836343334e-15,2.749480412835015,2.8874705833104426,3.308232928493915,1.0049815927739213e-05,1.0047863142686604e-05,1.0042422180924702e-05,2.7494804128349832,2.8874705833104115,3.3082329284938856,1.0049815927739213e-05,1.0047863142686604e-05,1.0042422180924702e-05,1.0000000019989335,1.0000000019989337,583553e49fbee725,583553e49fbee725,False,False
disturbance_step60,83,10.0,10.0,10.0,10.0,0.0,-49.749999999999886,optimal,-49.749999999999886,True,True,201,8000,0.0,0.0,10.0,0,0,1.1425812836343334e-15,2.8520547717083473,2.9925692813857805,3.4188388254543436,1.0049819526116894e-05,1.0047866874383044e-05,1.0042426349585812e-05,2.852054771708316,2.99256928138575,3.418838825454315,1.0049819526116894e-05,1.0047866874383044e-05,1.0042426349585812e-05,1.000000002055705,1.000000002055705,4923c01a6d98a7b4,4923c01a6d98a7b4,False,False
disturbance_step60,84,10.0,10.0,10.0,10.0,0.0,-49.749999999999886,optimal,-49.749999999999886,True,True,201,8000,0.0,0.0,10.0,0,0,1.1425812836343334e-15,2.9565055865240875,3.0987766269799195,3.5285677563968596,1.004982322342585e-05,1.004787071112875e-05,1.0042430641452665e-05,2.956505586524057,3.0987766269798893,3.528567756396831,1.004982322342585e-05,1.004787071112875e-05,1.0042430641452665e-05,1.0000000021144348,1.0000000021144348,af7de242858929e4,af7de242858929e4,False,False
disturbance_step60,85,10.0,10.0,10.0,10.0,0.0,-49.749999999999886,optimal,-49.749999999999886,True,True,201,8000,0.0,0.0,10.0,0,0,1.1425812836343334e-15,3.062262110421061,3.205639995177297,3.6372761973100762,1.0049827024192693e-05,1.0047874656951632e-05,1.0042435059044678e-05,3.0622621104210306,3.2056399951772674,3.6372761973100487,1.0049827024192693e-05,1.0047874656951632e-05,1.0042435059044678e-05,1.0000000021749755,1.0000000021749755,ff8ed99834c2d461,ff8ed99834c2d461,False,False
disturbance_step60,86,10.0,10.0,10.0,10.0,0.0,-49.749999999999886,optimal,-49.749999999999886,True,True,201,8000,0.0,0.0,10.0,0,0,1.1425812836343334e-15,3.1688414019432294,3.3127777427277074,3.7448471197407267,1.0049830932577426e-05,1.0047878715567187e-05,1.0042439604721438e-05,3.1688414019431996,3.312777742727678,3.7448471197406996,1.0049830932577426e-05,1.0047878715567187e-05,1.0042439604721438e-05,1.0000000022371922,1.0000000022371924,ea9a6a0476a67461,ea9a6a0476a67461,False,False
disturbance_step60,87,10.0,10.0,10.0,10.0,0.0,-49.749999999999886,optimal,-49.749999999999886,True,True,201,8000,0.0,0.0,10.0,0,0,1.1425812836343334e-15,3.275835819190084,3.419868926699473,3.8511857708356754,1.0049834952413444e-05,1.004788289041045e-05,1.0042444280694688e-05,3.2758358191900547,3.4198689266994444,3.8511857708356487,1.0049834952413444e-05,1.004788289041045e-05,1.0042444280694688e-05,1.0000000023009645,1.0000000023009645,240368e630a0f40a,240368e630a0f40a,False,False
disturbance_step60,88,10.0,10.0,10.0,10.0,0.0,-49.749999999999886,optimal,-49.749999999999886,True,True,201,8000,0.0,0.0,10.0,0,0,1.1425812836343334e-15,3.3829021675409474,3.526644449198421,3.9562161651582093,1.0049839087241546e-05,1.0047887184663318e-05,1.0042449089038602e-05,3.382902167540919,3.526644449198393,3.9562161651581835,1.0049839087241546e-05,1.0047887184663318e-05,1.0042449089038602e-05,1.0000000023661813,1.0000000023661813,98ba9bf541217211,98ba9bf541217211,False,False
disturbance_step60,89,10.0,10.0,10.0,10.0,0.0,-49.749999999999886,optimal,-49.749999999999886,True,True,201,8000,0.0,0.0,10.0,0,0,1.1425812836343334e-15,3.489752331836087,3.6328794472285577,4.059878152315196,1.0049843340338964e-05,1.0047891601278052e-05,1.0042454031698704e-05,3.489752331836059,3.6328794472285306,4.059878152315171,1.0049843340338964e-05,1.0047891601278052e-05,1.0042454031698704e-05,1.0000000024327418,1.0000000024327418,71ba6aef25b29ba4,71ba6aef25b29ba4,False,False
disturbance_step60,90,10.0,10.0,10.0,10.0,0.0,-49.749999999999886,optimal,-49.749999999999886,True,True,201,8000,0.0,0.0,10.0,0,0,1.1425812836343334e-15,3.5961452151208446,3.7383867678693385,4.1621249522708705,1.0049847714744299e-05,1.0047896142997574e-05,1.0042459110499651e-05,3.5961452151208175,3.738386767869312,4.162124952270846,1.0049847714744299e-05,1.0047896142997574e-05,1.0042459110499651e-05,1.0000000025005533,1.0000000025005533,912778cad5bb1295,912778cad5bb1295,False,False
disturbance_step60,91,10.0,10.0,10.0,10.0,0.0,-49.749999999999886,optimal,-49.749999999999886,True,True,201,8000,0.0,0.0,10.0,0,0,1.1425812836343334e-15,3.701879819490281,3.843011381444584,4.262921076694994,1.0049852213279017e-05,1.0047900812373097e-05,1.0042464327152074e-05,3.7018798194902542,3.843011381444558,4.262921076694969,1.0049852213279017e-05,1.0047900812373097e-05,1.0042464327152074e-05,1.0000000025695288,1.0000000025695288,63e50a07ba23bd3f,63e50a07ba23bd3f,False,False
disturbance_step60,92,10.0,10.0,10.0,10.0,0.0,-49.749999999999886,optimal,-49.749999999999886,True,True,201,8000,0.0,0.0,10.0,0,0,1.1425812836343334e-15,3.806789317310938,3.9466256033972944,4.362240570845568,1.0049856838566092e-05,1.0047905611779473e-05,1.0042469683258616e-05,3.8067893173109115,3.9466256033972686,4.362240570845544,1.0049856838566092e-05,1.0047905611779473e-05,1.0042469683258616e-05,1.0000000026395899,1.0000000026395899,2668105d22cb66a8,2668105d22cb66a8,False,False
disturbance_step60,93,10.0,10.0,10.0,10.0,0.0,-49.749999999999886,optimal,-49.749999999999886,True,True,201,8000,0.0,0.0,10.0,0,0,1.1425812836343334e-15,3.910735977775258,4.049125010952626,4.4600655237338875,1.0049861593046217e-05,1.004791054342863e-05,1.0042475180319305e-05,3.9107359777752317,4.049125010952601,4.460065523733864,1.0049861593046217e-05,1.004791054342863e-05,1.0042475180319305e-05,1.0000000027106617,1.0000000027106621,85d9d9cd7deaacf0,85d9d9cd7deaacf0,False,False
disturbance_step60,94,10.0,10.0,10.0,10.0,0.0,-49.749999999999886,optimal,-49.749999999999886,True,True,201,8000,0.0,0.0,10.0,0,0,1.1425812836343334e-15,4.013606829448646,4.150424955718469,4.556384803808067,1.004986647899197e-05,1.0047915609381362e-05,1.004248081973633e-05,4.013606829448621,4.150424955718444,4.556384803808044,1.004986647899197e-05,1.0047915609381362e-05,1.004248081973633e-05,1.000000002782676,1.000000002782676,a6de0d3bd22ec5f5,a6de0d3bd22ec5f5,False,False
disturbance_step60,95,10.0,10.0,10.0,10.0,0.0,-49.749999999999886,optimal,-49.749999999999886,True,True,201,8000,0.0,0.0,10.0,0,0,1.1425812836343334e-15,4.115309954699906,4.250457586603584,4.651192984990371,1.004987149852024e-05,1.0047920811557714e-05,1.0042486602818332e-05,4.115309954699881,4.25045758660356,4.651192984990349,1.004987149852024e-05,1.0047920811557714e-05,1.0042486602818332e-05,1.000000002855566,1.000000002855566,6df20dd557db9075,6df20dd557db9075,False,False
disturbance_step60,96,10.0,10.0,10.0,10.0,0.0,-49.749999999999886,optimal,-49.749999999999886,True,True,201,8000,0.0,0.0,10.0,0,0,1.1425812836343334e-15,4.215771325649655,4.349169309314199,4.7444894338079315,1.0049876653603151e-05,1.0047926151746161e-05,1.0042492530784247e-05,4.215771325649631,4.349169309314175,4.74448943380791,1.0049876653603151e-05,1.0047926151746161e-05,1.0042492530784247e-05,1.000000002929272,1.0000000029292724,7290922b9504c62c,7290922b9504c62c,False,False
disturbance_step60,97,10.0,10.0,10.0,10.0,0.0,-49.749999999999886,optimal,-49.749999999999886,True,True,201,8000,0.0,0.0,10.0,0,0,1.1425812836343334e-15,4.314932103630416,4.446518619041933,4.836277533148823,1.00498819460777e-05,1.0047931631611736e-05,1.0042498604766807e-05,4.314932103630392,4.4465186190419095,4.8362775331488015,1.00498819460777e-05,1.0047931631611736e-05,1.0042498604766807e-05,1.000000003003736,1.000000003003736,38c6c04b99fb5a84,38c6c04b99fb5a84,False,False
disturbance_step60,98,10.0,10.0,10.0,10.0,0.0,-49.749999999999886,optimal,-49.749999999999886,True,True,201,8000,0.0,0.0,10.0,0,0,1.1425812836343334e-15,4.412746335019168,4.5424742519875565,4.926564022062369,1.0049887377654301e-05,1.0047937252703252e-05,1.0042504825815678e-05,4.412746335019144,4.542474251987534,4.9265640220623474,1.0049887377654301e-05,1.0047937252703252e-05,1.0042504825815678e-05,1.0000000030789031,1.0000000030789031,ed92a0826f32c310,ed92a0826f32c310,False,False
disturbance_step60,99,10.0,10.0,10.0,10.0,0.0,-49.749999999999886,optimal,-49.749999999999886,True,True,201,8000,0.0,0.0,10.0,0,0,1.1425812836343334e-15,4.509178985805857,4.637013609166719,5.0153584342342,1.0049892949924352e-05,1.0047943016459746e-05,1.0042511194900356e-05,4.509178985805835,4.637013609166696,5.015358434234178,1.0049892949924352e-05,1.0047943016459746e-05,1.0042511194900356e-05,1.0000000031547218,1.0000000031547218,66a7eb03f727f76b,66a7eb03f727f76b,False,False
disturbance_step60,100,10.0,10.0,10.0,10.0,0.0,-49.749999999999886,optimal,-49.749999999999886,True,True,201,8000,0.0,0.0,10.0,0,0,1.1425812836343334e-15,4.604204265499606,4.730121412671719,5.102672620432543,1.004989866436698e-05,1.0047948924216223e-05,1.0042517712912792e-05,4.604204265499583,4.730121412671696,5.102672620432522,1.004989866436698e-05,1.0047948924216223e-05,1.0042517712912792e-05,1.000000003231142,1.000000003231142,911fdc6724f341fe,911fdc6724f341fe,False,False
disturbance_step60,101,10.0,10.0,10.0,10.0,0.0,-49.749999999999886,optimal,-49.749999999999886,True,True,201,8000,0.0,0.0,10.0,0,0,1.1425812836343334e-15,4.697804198089901,4.821788560342924,5.188520342454513,1.0049904522355062e-05,1.0047954977208821e-05,1.0042524380669828e-05,4.697804198089878,4.8217885603429025,5.188520342454493,1.0049904522355062e-05,1.0047954977208821e-05,1.0042524380669828e-05,1.000000003308117,1.000000003308117,619ff3386fa3f1d6,619ff3386fa3f1d6,False,False
disturbance_step60,102,10.0,10.0,10.0,10.0,0.0,-49.749999999999886,optimal,-49.749999999999886,True,True,201,8000,0.0,0.0,10.0,0,0,1.1425812836343334e-15,4.789967403902477,4.912011149761134,5.27291692797764,1.0049910525160616e-05,1.0047961176579448e-05,1.0042531198915443e-05,4.789967403902455,4.9120111497611125,5.27291692797762,1.0049910525160616e-05,1.0047961176579448e-05,1.0042531198915443e-05,1.0000000033856014,1.0000000033856014,c2f3dc10924034e1,c2f3dc10924034e1,False,False
disturbance_step60,103,10.0,10.0,10.0,10.0,0.0,-49.749999999999886,optimal,-49.749999999999886,True,True,201,8000,0.0,0.0,10.0,0,0,1.1425812836343334e-15,4.880688061446236,5.000789646717551,5.355878977306185,1.0049916673959639e-05,1.0047967523379963e-05,1.0042538168322841e-05,4.8806880614462145,5.00078964671753,5.3558789773061655,1.0049916673959639e-05,1.0047967523379963e-05,1.0042538168322841e-05,1.0000000034635508,1.0000000034635512,a0339e45a7e29718,a0339e45a7e29718,False,False
disturbance_step60,104,10.0,10.0,10.0,10.0,0.0,-49.749999999999886,optimal,-49.749999999999886,True,True,201,8000,0.0,0.0,10.0,0,0,1.1425812836343334e-15,4.969965022852467,5.08812817695023,5.437424114342707,1.004992296983647e-05,1.0047974018575968e-05,1.004254528949642e-05,4.969965022852446,5.088128176950209,5.437424114342687,1.004992296983647e-05,1.0047974018575968e-05,1.004254528949642e-05,1.0000000035419245,1.0000000035419245,bf2547b1d0cf8100,bf2547b1d0cf8100,False,False
disturbance_step60,105,10.0,10.0,10.0,10.0,0.0,-49.749999999999886,optimal,-49.749999999999886,True,True,201,8000,0.0,0.0,10.0,0,0,1.1425812836343334e-15,5.057801060363799,5.17403392304081,5.517570775252801,1.0049929413787736e-05,1.0047980663050257e-05,1.00425525629736e-05,5.057801060363778,5.17403392304079,5.517570775252781,1.0049929413787736e-05,1.0047980663050257e-05,1.00425525629736e-05,1.0000000036206822,1.0000000036206822,d1307f9029800cae,d1307f9029800cae,False,False
disturbance_step60,106,10.0,10.0,10.0,10.0,0.0,-49.749999999999886,optimal,-49.749999999999886,True,True,201,8000,0.0,0.0,10.0,0,0,1.1425812836343334e-15,5.144202224628079,5.258516611018261,5.596338029257318,1.0049936006725928e-05,1.0047987457605957e-05,1.004255998922659e-05,5.144202224628059,5.258516611018241,5.596338029257299,1.0049936006725928e-05,1.0047987457605957e-05,1.004255998922659e-05,1.0000000036997845,1.0000000036997845,1b905c951bc9f061,1b905c951bc9f061,False,False
disturbance_step60,107,10.0,10.0,10.0,10.0,0.0,-49.749999999999886,optimal,-49.749999999999886,True,True,201,8000,0.0,0.0,10.0,0,0,1.1425812836343334e-15,5.2291772983708125,5.341588073482084,5.673745426808197,1.0049942749482672e-05,1.0047994402969414e-05,1.0042567568664027e-05,5.229177298370793,5.341588073482065,5.673745426808178,1.0049942749482672e-05,1.0047994402969414e-05,1.0042567568664027e-05,1.0000000037791943,1.000000003779194,39c81c8624c94a1e,39c81c8624c94a1e,False,False
disturbance_step60,108,10.0,10.0,10.0,10.0,0.0,-49.749999999999886,optimal,-49.749999999999886,True,True,201,8000,0.0,0.0,10.0,0,0,1.1425812836343334e-15,5.312737331427314,5.423261877991933,5.74981287110366,1.004994964281171e-05,1.004800149979285e-05,1.0042575301632586e-05,5.312737331427295,5.423261877991914,5.749812871103642,1.004994964281171e-05,1.004800149979285e-05,1.0042575301632586e-05,1.0000000038588748,1.0000000038588748,5210acb0bd3b58eb,5210acb0bd3b58eb,False,False
disturbance_step60,109,10.0,10.0,10.0,10.0,0.0,-49.749999999999886,optimal,-49.749999999999886,True,True,201,8000,0.0,0.0,10.0,0,0,1.1425812836343334e-15,5.394895245171705,5.503553011121953,5.824560509494384,1.004995668739165e-05,1.0048008748656824e-05,1.0042583188418501e-05,5.3948952451716865,5.503553011121935,5.824560509494367,1.004995668739165e-05,1.0048008748656824e-05,1.0042583188418501e-05,1.0000000039387904,1.0000000039387904,5182d726911955db,5182d726911955db,False,False
disturbance_step60,110,10.0,10.0,10.0,10.0,0.0,-49.749999999999886,optimal,-49.749999999999886,True,True,201,8000,0.0,0.0,10.0,0,0,1.1425812836343334e-15,5.475665496135047,5.582477609987569,5.89800864183999,1.0049963883828501e-05,1.0048016150072518e-05,1.0042591229249052e-05,5.475665496135028,5.58247760998755,5.898008641839972,1.0049963883828501e-05,1.0048016150072518e-05,1.0042591229249052e-05,1.0000000040189079,1.0000000040189079,f6cdcaa84868318f,f6cdcaa84868318f,False,False
disturbance_step60,111,10.0,10.0,10.0,10.0,0.0,-49.749999999999886,optimal,-49.749999999999886,True,True,201,8000,0.0,0.0,10.0,0,0,1.1425812836343334e-15,5.555063790103059,5.6600527342552525,5.970177643307983,1.0049971232658036e-05,1.0048023704483883e-05,1.0042599424293994e-05,5.55506379010304,5.660052734255234,5.9701776433079665,1.0049971232658036e-05,1.0048023704483883e-05,1.0042599424293994e-05,1.0000000040991934,1.0000000040991934,a667cdc10fa09e0c,a667cdc10fa09e0c,False,False
disturbance_step60,112,10.0,10.0,10.0,10.0,0.0,-49.749999999999886,optimal,-49.749999999999886,True,True,201,8000,0.0,0.0,10.0,0,0,1.1425812836343334e-15,5.633106839262489,5.736296172672182,6.041087899476291,1.004997873434798e-05,1.0048031412269642e-05,1.004260777366697e-05,5.63310683926247,5.736296172672164,6.041087899476274,1.004997873434798e-05,1.0048031412269642e-05,1.004260777366697e-05,1.000000004179615,1.000000004179615,d90395d2bf6eb00b,d90395d2bf6eb00b,False,False
disturbance_step60,113,10.0,10.0,10.0,10.0,0.0,-49.749999999999886,optimal,-49.749999999999886,True,True,201,8000,0.0,0.0,10.0,0,0,1.1425812836343334e-15,5.709812156056329,5.811226279028507,6.110759751915137,1.0049986389300085e-05,1.0048039273745203e-05,1.0042616277426877e-05,5.70981215605631,5.81122627902849,6.110759751915121,1.0049986389300085e-05,1.0048039273745203e-05,1.0042616277426877e-05,1.0000000042601414,1.0000000042601414,9556877779f4d241,9556877779f4d241,False,False
disturbance_step60,114,10.0,10.0,10.0,10.0,0.0,-49.749999999999886,optimal,-49.749999999999886,True,True,201,8000,0.0,0.0,10.0,0,0,1.1425812836343334e-15,5.78519787833911,5.884861833212197,6.179213452692412,1.0049994197852069e-05,1.0048047289164461e-05,1.0042624935579212e-05,5.785197878339092,5.884861833212179,6.179213452692395,1.0049994197852069e-05,1.0048047289164461e-05,1.0042624935579212e-05,1.0000000043407418,1.000000004340742,291f40a007e23a5f,291f40a007e23a5f,False,False
disturbance_step60,115,10.0,10.0,10.0,10.0,0.0,-49.749999999999886,optimal,-49.749999999999886,True,True,201,8000,0.0,0.0,10.0,0,0,1.1425812836343334e-15,5.8592826212179645,5.957221923654003,6.2464691264755015,1.0050002160279466e-05,1.0048055458721517e-05,1.0042633748077403e-05,5.859282621217947,5.957221923653986,6.2464691264754855,1.0050002160279466e-05,1.0048055458721517e-05,1.0042633748077403e-05,1.0000000044213868,1.0000000044213868,9057f8c30d88e292,9057f8c30d88e292,False,False
disturbance_step60,116,10.0,10.0,10.0,10.0,0.0,-49.749999999999886,optimal,-49.749999999999886,True,True,201,8000,0.0,0.0,10.0,0,0,1.1425812836343334e-15,5.93208535164296,6.028325848004074,6.312546739097809,1.005001027679738e-05,1.0048063782552346e-05,1.0042642714824119e-05,5.932085351642943,6.028325848004057,6.312546739097793,1.005001027679738e-05,1.0048063782552346e-05,1.0042642714824119e-05,1.0000000045020476,1.0000000045020476,b7a1992e15ecbb56,b7a1992e15ecbb56,False,False
disturbance_step60,117,10.0,10.0,10.0,10.0,0.0,-49.749999999999886,optimal,-49.749999999999886,True,True,201,8000,0.0,0.0,10.0,0,0,1.1425812836343334e-15,6.003625282388545,6.0981930293458415,6.377466071624708,1.005001854756217e-05,1.0048072260736375e-05,1.004265183567256e-05,6.003625282388528,6.0981930293458255,6.377466071624692,1.005001854756217e-05,1.0048072260736375e-05,1.004265183567256e-05,1.000000004582696,1.000000004582696,cdd06526b371bc5e,cdd06526b371bc5e,False,False
disturbance_step60,118,10.0,10.0,10.0,10.0,0.0,-49.749999999999886,optimal,-49.749999999999886,True,True,201,8000,0.0,0.0,10.0,0,0,1.1425812836343334e-15,6.073921782561384,6.166842945648742,6.441246699095721,1.0050026972673066e-05,1.0048080893298041e-05,1.0042661110427744e-05,6.073921782561368,6.166842945648726,6.441246699095706,1.0050026972673066e-05,1.0048080893298041e-05,1.0042661110427744e-05,1.0000000046633049,1.0000000046633049,328104444eb10c99,328104444eb10c99,False,False
disturbance_step60,119,10.0,10.0,10.0,10.0,0.0,-49.749999999999886,optimal,-49.749999999999886,True,True,201,8000,0.0,0.0,10.0,0,0,1.1425812836343334e-15,6.142994302190779,6.234295070499191,6.503907973240899,1.0050035552173739e-05,1.0048089680208273e-05,1.0042670538847774e-05,6.142994302190763,6.234295070499175,6.503907973240884,1.0050035552173739e-05,1.0048089680208273e-05,1.0042670538847774e-05,1.0000000047438478,1.0000000047438478,a47a55e2ae73dad0,a47a55e2ae73dad0,False,False
disturbance_step60,120,10.0,10.0,10.0,10.0,0.0,-49.749999999999886,optimal,-49.749999999999886,True,True,201,8000,0.0,0.0,10.0,0,0,1.1425812836343334e-15,6.210862308817102,6.300568823437381,6.565469008572754,1.0050044286053805e-05,1.0048098621385966e-05,1.0042680120645107e-05,6.210862308817086,6.300568823437366,6.56546900857274,1.0050044286053805e-05,1.0048098621385966e-05,1.0042680120645107e-05,1.0000000048242987,1.0000000048242987,8d5da4a4e6c2e5e6,8d5da4a4e6c2e5e6,False,False
disturbance_step60,121,10.0,10.0,10.0,10.0,0.0,-49.749999999999886,optimal,-49.749999999999886,True,True,201,8000,0.0,0.0,10.0,0,0,1.1425812836343334e-15,6.27754523430001,6.365683528473397,6.6259486713432665,1.0050053174250314e-05,1.0048107716699395e-05,1.0042689855487803e-05,6.277545234299995,6.365683528473382,6.625948671343252,1.0050053174250314e-05,1.0048107716699395e-05,1.0042689855487803e-05,1.000000004904633,1.0000000049046325,458f8586908b3ed1,458f8586908b3ed1,False,False
disturbance_step60,122,10.0,10.0,10.0,10.0,0.0,-49.749999999999886,optimal,-49.749999999999886,True,True,201,8000,0.0,0.0,10.0,0,0,1.1425812836343334e-15,6.343062430329677,6.4296583795658755,6.685365570930732,1.0050062216649178e-05,1.004811696596762e-05,1.0042699743000774e-05,6.343062430329662,6.42965837956586,6.685365570930718,1.0050062216649178e-05,1.004811696596762e-05,1.0042699743000774e-05,1.0000000049848252,1.0000000049848252,9156c5d6dc20e23d,9156c5d6dc20e23d,False,False
disturbance_step60,123,10.0,10.0,10.0,10.0,0.0,-49.749999999999886,optimal,-49.749999999999886,True,True,201,8000,0.0,0.0,10.0,0,0,1.1425812836343334e-15,6.40743313134726,6.492512412025401,6.743738053285383,1.0050071413086589e-05,1.0048126368961859e-05,1.0042709782767029e-05,6.407433131347245,6.492512412025387,6.743738053285369,1.0050071413086589e-05,1.0048126368961859e-05,1.0042709782767029e-05,1.0000000050648528,1.0000000050648528,b1bce1b3a90137e3,b1bce1b3a90137e3,False,False
disturbance_step60,124,10.0,10.0,10.0,10.0,0.0,-49.749999999999886,optimal,-49.749999999999886,True,True,201,8000,0.0,0.0,10.0,0,0,1.1425812836343334e-15,6.47067642377112,6.55426447895753,6.801084196117448,1.0050080763350398e-05,1.0048135925406834e-05,1.0042719974328897e-05,6.470676423771105,6.554264478957516,6.801084196117434,1.0050080763350398e-05,1.0048135925406834e-05,1.0042719974328897e-05,1.0000000051446924,1.0000000051446924,267a3db826f71307,267a3db826f71307,False,False
disturbance_step60,125,10.0,10.0,10.0,10.0,0.0,-49.749999999999886,optimal,-49.749999999999886,True,True,201,8000,0.0,0.0,10.0,0,0,1.1425812836343334e-15,6.532811220587616,6.614933231990544,6.857421805558048,1.0050090267181476e-05,1.004814563498211e-05,1.0042730317189263e-05,6.532811220587602,6.61493323199053,6.857421805558035,1.0050090267181476e-05,1.004814563498211e-05,1.0042730317189263e-05,1.0000000052243219,1.0000000052243219,957085b991617469,957085b991617469,False,False
disturbance_step60,126,10.0,10.0,10.0,10.0,0.0,-49.749999999999886,optimal,-49.749999999999886,True,True,201,8000,0.0,0.0,10.0,0,0,1.1425812836343334e-15,6.593856240503778,6.674537105644172,6.912768414063124,1.0050099924275059e-05,1.0048155497323406e-05,1.004274081081278e-05,6.593856240503764,6.674537105644157,6.912768414063111,1.0050099924275059e-05,1.0048155497323406e-05,1.004274081081278e-05,1.0000000053037192,1.0000000053037195,d934c0e3d8b4f3b9,d934c0e3d8b4f3b9,False,False
disturbance_step60,127,10.0,10.0,10.0,10.0,0.0,-49.749999999999886,optimal,-49.749999999999886,True,True,201,8000,0.0,0.0,10.0,0,0,1.1425812836343334e-15,6.653829990977314,6.733094304790315,6.967141279364596,1.005010973428206e-05,1.0048165512023896e-05,1.0042751454627087e-05,6.6538299909773,6.733094304790302,6.967141279364584,1.005010973428206e-05,1.0048165512023896e-05,1.0042751454627087e-05,1.0000000053828642,1.0000000053828642,d5fd37d783873f00,d5fd37d783873f00,False,False
disturbance_step60,128,10.0,10.0,10.0,10.0,0.0,-49.749999999999886,optimal,-49.749999999999886,True,True,201,8000,0.0,0.0,10.0,0,0,1.1425812836343334e-15,6.712750754540161,6.790622794737687,7.0205573843019575,1.0050119696810391e-05,1.0048175678635494e-05,1.0042762248024006e-05,6.7127507545401475,6.790622794737674,7.020557384301945,1.0050119696810391e-05,1.0048175678635494e-05,1.0042762248024006e-05,1.0000000054617353,1.0000000054617353,cba2ea03cb81372b,cba2ea03cb81372b,False,False
disturbance_step60,129,10.0,10.0,10.0,10.0,0.0,-49.749999999999886,optimal,-49.749999999999886,True,True,201,8000,0.0,0.0,10.0,0,0,1.1425812836343334e-15,6.77063657791783,6.84714029354122,7.07303343739219,1.0050129811426238e-05,1.0048185996670129e-05,1.0042773190360746e-05,6.770636577917816,6.847140293541207,7.073033437392177,1.0050129811426238e-05,1.0048185996670129e-05,1.0042773190360746e-05,1.0000000055403138,1.0000000055403138,edfdd247531bb4c9,edfdd247531bb4c9,False,False
disturbance_step60,130,10.0,10.0,10.0,10.0,0.0,-49.749999999999886,optimal,-49.749999999999886,True,True,201,8000,0.0,0.0,10.0,0,0,1.1425812836343334e-15,6.827505263520066,6.902664266196031,7.124585874017021,1.0050140077655352e-05,1.0048196465601003e-05,1.0042784280961084e-05,6.827505263520052,6.902664266196019,7.124585874017009,1.0050140077655352e-05,1.0048196465601003e-05,1.0042784280961084e-05,1.0000000056185805,1.0000000056185807,676b777550243f8e,676b777550243f8e,False,False
disturbance_step60,131,10.0,10.0,10.0,10.0,0.0,-49.749999999999886,optimal,-49.749999999999886,True,True,201,8000,0.0,0.0,10.0,0,0,1.1425812836343334e-15,6.883374362941003,6.957211920425853,7.175230858124519,1.0050150494984307e-05,1.0048207084863837e-05,1.0042795519116549e-05,6.883374362940991,6.9572119204258405,7.175230858124507,1.0050150494984307e-05,1.0048207084863837e-05,1.0042795519116549e-05,1.0000000056965177,1.0000000056965177,d583d719b1cf14ca,d583d719b1cf14ca,False,False
disturbance_step60,132,10.0,10.0,10.0,10.0,0.0,-49.749999999999886,optimal,-49.749999999999886,True,True,201,8000,0.0,0.0,10.0,0,0,1.1425812836343334e-15,6.938261172160289,7.010800203818738,7.2249842843573395,1.0050161062861753e-05,1.0048217853858108e-05,1.0042806904087583e-05,6.938261172160277,7.010800203818725,7.224984284357328,1.0050161062861753e-05,1.0048217853858108e-05,1.0042806904087583e-05,1.0000000057741059,1.0000000057741059,feee326b649373b3,feee326b649373b3,False,False
disturbance_step60,133,10.0,10.0,10.0,10.0,0.0,-49.749999999999886,optimal,-49.749999999999886,True,True,201,8000,0.0,0.0,10.0,0,0,1.1425812836343334e-15,6.992182728182283,7.06344580209932,7.273861780533087,1.0050171780699662e-05,1.0048228771948275e-05,1.0042818435104707e-05,6.992182728182271,7.0634458020993085,7.273861780533076,1.0050171780699662e-05,1.0048228771948275e-05,1.0042818435104707e-05,1.0000000058513296,1.0000000058513296,c2070bcf14d22d75,c2070bcf14d22d75,False,False
disturbance_step60,134,10.0,10.0,10.0,10.0,0.0,-49.749999999999886,optimal,-49.749999999999886,True,True,201,8000,0.0,0.0,10.0,0,0,1.1425812836343334e-15,7.045155806889172,7.115165138358157,7.32187871041334,1.0050182647874549e-05,1.0048239838464989e-05,1.0042830111369657e-05,7.04515580688916,7.115165138358145,7.321878710413328,1.0050182647874549e-05,1.0048239838464989e-05,1.0042830111369657e-05,1.0000000059281715,1.0000000059281715,98ee2fda784596f0,98ee2fda784596f0,False,False
disturbance_step60,135,10.0,10.0,10.0,10.0,0.0,-49.749999999999886,optimal,-49.749999999999886,True,True,201,8000,0.0,0.0,10.0,0,0,1.1425812836343334e-15,7.097196921917107,7.165974373085157,7.369050176707475,1.0050193663728693e-05,1.004825105270629e-05,1.0042841932056529e-05,7.097196921917095,7.165974373085145,7.369050176707463,1.0050193663728693e-05,1.004825105270629e-05,1.0042841932056529e-05,1.0000000060046164,1.0000000060046164,38fd38c241f35eb2,38fd38c241f35eb2,False,False
disturbance_step60,136,10.0,10.0,10.0,10.0,0.0,-49.749999999999886,optimal,-49.749999999999886,True,True,201,8000,0.0,0.0,10.0,0,0,1.1425812836343334e-15,7.148322324392603,7.2158894048769,7.415391024265494,1.0050204827571342e-05,1.00482624139388e-05,1.0042853896312892e-05,7.148322324392591,7.215889404876888,7.415391024265483,1.0050204827571342e-05,1.00482624139388e-05,1.0042853896312892e-05,1.0000000060806484,1.0000000060806484,95ad7602f926db99,95ad7602f926db99,False,False
disturbance_step60,137,10.0,10.0,10.0,10.0,0.0,-49.749999999999886,optimal,-49.749999999999886,True,True,201,8000,0.0,0.0,10.0,0,0,1.1425812836343334e-15,7.198548003390666,7.264925871706881,7.460915843421003,1.0050216138679903e-05,1.0048273921398896e-05,1.0042866003260903e-05,7.198548003390655,7.264925871706869,7.460915843420993,1.0050216138679903e-05,1.0048273921398896e-05,1.0042866003260903e-05,1.0000000061562533,1.0000000061562533,4a6c7f731849d73c,4a6c7f731849d73c,False,False
disturbance_step60,138,10.0,10.0,10.0,10.0,0.0,-49.749999999999886,optimal,-49.749999999999886,True,True,201,8000,0.0,0.0,10.0,0,0,1.1425812836343334e-15,7.247889686996608,7.313099152664293,7.5056389734513935,1.0050227596301125e-05,1.0048285574293867e-05,1.0042878251998397e-05,7.247889686996596,7.3130991526642815,7.505638973451382,1.0050227596301125e-05,1.0048285574293867e-05,1.0042878251998397e-05,1.0000000062314167,1.0000000062314172,c662a2b6c8163505,c662a2b6c8163505,False,False
disturbance_step60,139,10.0,10.0,10.0,10.0,0.0,-49.749999999999886,optimal,-49.749999999999886,True,True,201,8000,0.0,0.0,10.0,0,0,1.1425812836343334e-15,7.296362843871079,7.360424370080997,7.549574506127298,1.0050239199652261e-05,1.0048297371803068e-05,1.0042890641599972e-05,7.2963628438710675,7.3604243700809855,7.549574506127287,1.0050239199652261e-05,1.0048297371803068e-05,1.0042890641599972e-05,1.0000000063061254,1.0000000063061258,3301ea542f2eedcb,3301ea542f2eedcb,False,False
disturbance_step60,140,10.0,10.0,10.0,10.0,0.0,-49.749999999999886,optimal,-49.749999999999886,True,True,201,8000,0.0,0.0,10.0,0,0,1.1425812836343334e-15,7.343982685232817,7.406916391978335,7.5927362893276875,1.0050250947922228e-05,1.0048309313079054e-05,1.004290317111805e-05,7.343982685232805,7.406916391978323,7.592736289327677,1.0050250947922228e-05,1.0048309313079054e-05,1.004290317111805e-05,1.0000000063803667,1.0000000063803667,8ed08574b41619a8,8ed08574b41619a8,False,False
disturbance_step60,141,10.0,10.0,10.0,10.0,0.0,-49.749999999999886,optimal,-49.749999999999886,True,True,201,8000,0.0,0.0,10.0,0,0,1.1425812836343334e-15,7.39076416718635,7.45258983477568,7.635137930700636,1.0050262840272737e-05,1.0048321397248699e-05,1.0042915839583925e-05,7.390764167186338,7.45258983477567,7.635137930700625,1.0050262840272737e-05,1.0048321397248699e-05,1.0042915839583925e-05,1.0000000064541272,1.0000000064541272,d83dbfdd393ec2f6,d83dbfdd393ec2f6,False,False
disturbance_step60,142,10.0,10.0,10.0,10.0,0.0,-49.749999999999886,optimal,-49.749999999999886,True,True,201,8000,0.0,0.0,10.0,0,0,1.1425812836343334e-15,7.436721993332808,7.497459066211351,7.676792801352886,1.005027487583943e-05,1.0048333623414296e-05,1.0042928646008805e-05,7.436721993332798,7.4974590662113405,7.6767928013528755,1.005027487583943e-05,1.0048333623414296e-05,1.0042928646008805e-05,1.0000000065273962,1.0000000065273966,b702ab9ba7f5748a,b702ab9ba7f5748a,False,False
disturbance_step60,143,10.0,10.0,10.0,10.0,0.0,-49.749999999999886,optimal,-49.749999999999886,True,True,201,8000,0.0,0.0,10.0,0,0,1.1425812836343334e-15,7.481870617611246,7.541538208433954,7.717714039554012,1.005028705373298e-05,1.0048345990654658e-05,1.0042941589384819e-05,7.481870617611236,7.541538208433943,7.717714039554001,1.005028705373298e-05,1.0048345990654658e-05,1.0042941589384819e-05,1.0000000066001622,1.0000000066001622,32ee859d6ac23bef,32ee859d6ac23bef,False,False
disturbance_step60,144,10.0,10.0,10.0,10.0,0.0,-49.749999999999886,optimal,-49.749999999999886,True,True,201,8000,0.0,0.0,10.0,0,0,1.1425812836343334e-15,7.5262242473258105,7.584841141228568,7.757914554443233,1.0050299373040195e-05,1.0048358498026178e-05,1.0042954668686021e-05,7.5262242473258,7.584841141228558,7.757914554443223,1.0050299373040195e-05,1.0048358498026178e-05,1.0042954668686021e-05,1.0000000066724146,1.0000000066724146,61ea619db39a7266,61ea619db39a7266,False,False
disturbance_step60,145,10.0,10.0,10.0,10.0,0.0,-49.749999999999886,optimal,-49.749999999999886,True,True,201,8000,0.0,0.0,10.0,0,0,1.1425812836343334e-15,7.569796846320855,7.627381505347603,7.797407029728871,1.0050311832825089e-05,1.0048371144563898e-05,1.0042967882869373e-05,7.569796846320845,7.627381505347592,7.797407029728861,1.0050311832825089e-05,1.0048371144563898e-05,1.0042967882869373e-05,1.000000006744143,1.000000006744143,2cceafb51a49fc43,2cceafb51a49fc43,False,False
disturbance_step60,146,10.0,10.0,10.0,10.0,0.0,-49.749999999999886,optimal,-49.749999999999886,True,True,201,8000,0.0,0.0,10.0,0,0,1.1425812836343334e-15,7.612602138271824,7.669172705920757,7.836203927372045,1.0050324432129953e-05,1.0048383929282547e-05,1.0042981230875708e-05,7.612602138271813,7.669172705920746,7.836203927372035,1.0050324432129953e-05,1.0048383929282547e-05,1.0042981230875708e-05,1.0000000068153378,1.0000000068153378,03ef715d870b53fe,03ef715d870b53fe,False,False
disturbance_step60,147,10.0,10.0,10.0,10.0,0.0,-49.749999999999886,optimal,-49.749999999999886,True,True,201,8000,0.0,0.0,10.0,0,0,1.1425812836343334e-15,7.654653610064642,7.710227915922476,7.874317491247667,1.0050337169976401e-05,1.004839685117756e-05,1.0042994711630674e-05,7.654653610064631,7.710227915922466,7.874317491247656,1.0050337169976401e-05,1.004839685117756e-05,1.0042994711630674e-05,1.0000000068859902,1.0000000068859902,3887700eae9b8dd8,3887700eae9b8dd8,False,False
disturbance_step60,148,10.0,10.0,10.0,10.0,0.0,-49.749999999999886,optimal,-49.749999999999886,True,True,201,8000,0.0,0.0,10.0,0,0,1.1425812836343334e-15,7.69596451524058,7.750560079678598,7.911759750776901,1.0050350045366395e-05,1.0048409909226089e-05,1.0043008324045665e-05,7.695964515240569,7.750560079678587,7.911759750776892,1.0050350045366395e-05,1.0048409909226089e-05,1.0043008324045665e-05,1.0000000069560915,1.0000000069560915,3a2eacd7c017e866,3a2eacd7c017e866,False,False
disturbance_step60,149,10.0,10.0,10.0,10.0,0.0,-49.749999999999886,optimal,-49.749999999999886,True,True,201,8000,0.0,0.0,10.0,0,0,1.1425812836343334e-15,7.736547877487038,7.790181916396803,7.9485425245263475,1.0050363057283263e-05,1.0048423102387992e-05,1.0043022067018726e-05,7.736547877487028,7.790181916396793,7.948542524526338,1.0050363057283263e-05,1.0048423102387992e-05,1.0043022067018726e-05,1.0000000070256336,1.0000000070256336,b8d58f2b8d8fccb3,b8d58f2b8d8fccb3,False,False
disturbance_step60,150,10.0,10.0,10.0,10.0,0.0,-49.749999999999886,optimal,-49.749999999999886,True,True,201,8000,0.0,0.0,10.0,0,0,1.1425812836343334e-15,7.776416494157815,7.82910592370787,7.984677423769993,1.005037620469269e-05,1.00484364296068e-05,1.0043035939435444e-05,7.776416494157805,7.829105923707861,7.984677423769982,1.005037620469269e-05,1.00484364296068e-05,1.0043035939435444e-05,1.000000007094609,1.000000007094609,e953409d1239816c,e953409d1239816c,False,False
disturbance_step60,151,10.0,10.0,10.0,10.0,0.0,-49.749999999999886,optimal,-49.749999999999886,True,True,201,8000,0.0,0.0,10.0,0,0,1.1425812836343334e-15,7.815582939808982,7.867344381206818,8.020175856010772,1.0050389486543698e-05,1.004844988981067e-05,1.0043049940169816e-05,7.815582939808972,7.867344381206808,8.020175856010763,1.0050389486543698e-05,1.004844988981067e-05,1.0043049940169816e-05,1.0000000071630102,1.0000000071630102,9fd53cb6266fd049,9fd53cb6266fd049,False,False
disturbance_step60,152,10.0,10.0,10.0,10.0,0.0,-49.749999999999886,optimal,-49.749999999999886,True,True,201,8000,0.0,0.0,10.0,0,0,1.1425812836343334e-15,7.854059569738666,7.904909353984815,8.055049028459143,1.0050402901769602e-05,1.0048463481913316e-05,1.0043064068085105e-05,7.854059569738656,7.904909353984805,8.055049028459134,1.0050402901769602e-05,1.0048463481913316e-05,1.0043064068085105e-05,1.000000007230831,1.000000007230831,33e91ac73a463f6b,33e91ac73a463f6b,False,False
disturbance_step60,153,10.0,10.0,10.0,10.0,0.0,-49.749999999999886,optimal,-49.749999999999886,True,True,201,8000,0.0,0.0,10.0,0,0,1.1425812836343334e-15,7.891858523520987,7.9418126961441935,8.089307951466667,1.005041644928895e-05,1.0048477204814929e-05,1.0043078322034663e-05,7.891858523520977,7.941812696144184,8.089307951466658,1.005041644928895e-05,1.0048477204814929e-05,1.0043078322034663e-05,1.0000000072980648,1.0000000072980648,8b50fa0cb48941b5,8b50fa0cb48941b5,False,False
disturbance_step60,154,10.0,10.0,10.0,10.0,0.0,-49.749999999999886,optimal,-49.749999999999886,True,True,201,8000,0.0,0.0,10.0,0,0,1.1425812836343334e-15,7.928991728525921,7.978066054290226,8.12296344191295,1.0050430128006445e-05,1.0048491057403063e-05,1.0043092700862747e-05,7.9289917285259115,7.978066054290216,8.12296344191294,1.0050430128006445e-05,1.0048491057403063e-05,1.0043092700862747e-05,1.0000000073647064,1.0000000073647064,96143a73608bf43e,96143a73608bf43e,False,False
disturbance_step60,155,10.0,10.0,10.0,10.0,0.0,-49.749999999999886,optimal,-49.749999999999886,True,True,201,8000,0.0,0.0,10.0,0,0,1.1425812836343334e-15,7.965470903418295,8.013680870994381,8.156026126544784,1.0050443936813844e-05,1.0048505038553513e-05,1.0043107203405309e-05,7.965470903418285,8.013680870994373,8.156026126544777,1.0050443936813844e-05,1.0048505038553513e-05,1.0043107203405309e-05,1.00000000743075,1.00000000743075,1be820b1dcc21fa9,1be820b1dcc21fa9,False,False
disturbance_step60,156,10.0,10.0,10.0,10.0,0.0,-49.749999999999886,optimal,-49.749999999999886,True,True,201,8000,0.0,0.0,10.0,0,0,1.1425812836343334e-15,8.001307561630206,8.048668388224733,8.188506445266563,1.0050457874590841e-05,1.0048519147131177e-05,1.0043121828490767e-05,8.001307561630197,8.048668388224725,8.188506445266556,1.0050457874590841e-05,1.0048519147131177e-05,1.0043121828490767e-05,1.000000007496191,1.000000007496191,404d09b93d8e2fee,404d09b93d8e2fee,False,False
disturbance_step60,157,10.0,10.0,10.0,10.0,0.0,-49.749999999999886,optimal,-49.749999999999886,True,True,201,8000,0.0,0.0,10.0,0,0,1.1425812836343334e-15,8.036513014802217,8.083039650739945,8.220414654381342,1.005047194020593e-05,1.0048533381990879e-05,1.0043136574940757e-05,8.036513014802209,8.083039650739936,8.220414654381335,1.005047194020593e-05,1.0048533381990879e-05,1.0043136574940757e-05,1.000000007561025,1.000000007561025,cf9ba887f7fdf975,cf9ba887f7fdf975,False,False
disturbance_step60,158,10.0,10.0,10.0,10.0,0.0,-49.749999999999886,optimal,-49.749999999999886,True,True,201,8000,0.0,0.0,10.0,0,0,1.1425812836343334e-15,8.071098376189457,8.11680550944397,8.251760829782162,1.0050486132517244e-05,1.0048547741978196e-05,1.0043151441570866e-05,8.071098376189447,8.116805509443962,8.251760829782153,1.0050486132517244e-05,1.0048547741978196e-05,1.0043151441570866e-05,1.0000000076252475,1.0000000076252475,b117ef8cb51e04b5,b117ef8cb51e04b5,False,False
disturbance_step60,159,10.0,10.0,10.0,10.0,0.0,-49.749999999999886,optimal,-49.749999999999886,True,True,201,8000,0.0,0.0,10.0,0,0,1.1425812836343334e-15,8.105074564029517,8.149976624699136,8.282554870093442,1.0050500450373384e-05,1.0048562225930247e-05,1.0043166427191337e-05,8.105074564029506,8.149976624699127,8.282554870093433,1.0050500450373384e-05,1.0048562225930247e-05,1.0043166427191337e-05,1.000000007688855,1.000000007688855,24fd8f58e0538da4,24fd8f58e0538da4,False,False
