scenario,step,Ta_cvx_raw,Ta_cvx_applied,Ta_snn_raw,Ta_snn_applied,control_diff_e_u,cvxpy_objective,cvxpy_status,snn_objective,snn_converged,snn_verified_converged,snn_convergence_reason,snn_convergence_reason_class,snn_kkt_residual,snn_kkt_tolerance,snn_projection_budget_exhausted,snn_relative_degree,snn_n_grad_rows_kept,snn_unactionable_predicted_violation_degC,snn_iterations,snn_max_iterations,snn_constraint_residual,snn_constraint_residual_scaled,snn_bound_violation,snn_clipped,cvxpy_clipped,objective_gap_snn_vs_reference,Tc1_cvx,Tc2_cvx,Tc3_cvx,alpha1_cvx,alpha2_cvx,alpha3_cvx,Tc1_snn,Tc2_snn,Tc3_snn,alpha1_snn,alpha2_snn,alpha3_snn,rho_Ap_cvx,rho_Ap_snn,qp_fingerprint_cvx,qp_fingerprint_snn,slew_saturated_cvx,slew_saturated_snn,build_ms_cvx,solve_ms_cvx,total_ms_cvx,build_ms_snn,solve_ms_snn,total_ms_snn
nominal_heatup,0,32.0,32.0,32.0,32.0,0.0,-95998.82400512494,optimal,-95995.60480396192,False,False,max_iterations,max_iterations,0.01313055188238663,0.07645254018157442,False,5,5,0.0,8000,8000,6.865136228384472e-07,9.949711854417842e-07,10.0,0,0,3.353375623490067e-05,28.0,28.0,28.0,1e-05,1e-05,1e-05,28.0,28.0,28.0,1e-05,1e-05,1e-05,1.0000008521941652,1.0000008521941652,2dff947584e37cd8,2dff947584e37cd8,True,True,2.232500002719462,8.50150000769645,10.734000010415912,2.278400002978742,363.85650001466274,366.1349000176415
nominal_heatup,1,36.0,36.0,36.0,36.0,0.0,-106602.11835414612,optimal,-106599.55482178649,True,True,converged(kkt(residual=9.46e-03<=tol=7.67e-02); obj_plateau(range=1.17e-10)),converged,0.009461928775984105,0.0767245418445375,False,5,5,0.0,351,8000,6.114478665608658e-07,8.86975977998361e-07,10.0,0,0,2.4047668088202733e-05,28.000000056399145,28.000000056399145,28.000000056399145,1.0001630922571259e-05,1.0001630922571259e-05,1.0001630922571259e-05,28.000000056399145,28.000000056399145,28.000000056399145,1.0001630922571259e-05,1.0001630922571259e-05,1.0001630922571259e-05,1.0000008522669996,1.0000008522669996,c625caa6b8e2e8f4,c625caa6b8e2e8f4,True,True,1.3099999923724681,5.333400011295453,6.643400003667921,1.8350000027567148,13.631200010422617,15.466200013179332
nominal_heatup,2,40.0,40.0,40.0,40.0,0.0,-117129.27118088401,optimal,-117127.3295911753,False,False,max_iterations,max_iterations,0.006558336307772783,0.0769651717983787,False,5,5,0.0,8000,8000,6.750023686663553e-07,9.791691546467973e-07,10.0,0,0,1.6576468795170985e-05,28.000000112803107,28.000000112803107,28.000000091841084,1.0003261984532805e-05,1.0003261984532805e-05,1.0003261984532805e-05,28.000000112803107,28.000000112803107,28.000000091841084,1.0003261984532805e-05,1.0003261984532805e-05,1.0003261984532805e-05,1.0000008523398338,1.0000008523398338,d809b50db00d9fe7,d809b50db00d9fe7,True,True,1.280700002098456,6.137799995485693,7.418499997584149,2.1606000082101673,323.9420999889262,326.10269999713637
nominal_heatup,3,44.0,44.0,44.0,44.0,0.0,-127560.7145561694,optimal,-127560.03202485747,True,True,converged(kkt(residual=2.13e-03<=tol=7.72e-02); obj_plateau(range=4.56e-16)),converged,0.002129028583334732,0.0771717920400987,False,5,5,0.0,501,8000,7.615793435888918e-07,9.623328613983517e-07,10.0,0,0,5.350638825661914e-06,28.00000016921189,28.00000016142088,28.000000128607986,1.0004893185885736e-05,1.0004893185885736e-05,1.0004893185878145e-05,28.00000016921189,28.00000016142088,28.000000128607986,1.0004893185885736e-05,1.0004893185885736e-05,1.0004893185878145e-05,1.000000852412668,1.000000852412668,f6b418e2ce9e1469,f6b418e2ce9e1469,True,True,1.432099990779534,6.463400000939146,7.89549999171868,1.683499984210357,17.729600018355995,19.413100002566352
nominal_heatup,4,48.0,48.0,48.0,48.0,0.0,-137877.66921696722,optimal,-137877.6503267312,True,True,converged(kkt(residual=1.07e-03<=tol=7.73e-02); obj_plateau(range=2.01e-08)),converged,0.0010711691966070285,0.07734236187885482,False,5,5,0.0,551,8000,5.533117857225989e-07,8.043588097805809e-07,10.0,0,0,1.3700721870182556e-07,28.00000021983408,28.000000208534534,28.00000016274716,1.0006524526631151e-05,1.0006524526628329e-05,1.0006524526608854e-05,28.00000021983408,28.000000208534534,28.00000016274716,1.0006524526631151e-05,1.0006524526628329e-05,1.0006524526608854e-05,1.000000852485502,1.000000852485502,ffd5fee53ada9566,ffd5fee53ada9566,True,True,1.2427999754436314,5.875700007891282,7.118499983334914,1.6924999945331365,18.978400010382757,20.670900004915893
nominal_heatup,5,52.0,52.0,52.0,52.0,0.0,-148066.0687411123,optimal,-148066.0464742435,True,True,converged(kkt(residual=2.82e-03<=tol=7.75e-02); obj_plateau(range=2.19e-08)),converged,0.002823883056173691,0.07747532436381872,False,5,5,0.0,501,8000,6.522267312902841e-07,9.45448449307662e-07,10.0,0,0,1.5038468307669126e-07,28.00000026785304,28.000000252134775,28.015534364180088,1.0008156006768049e-05,1.0008156006761134e-05,1.0008156006725072e-05,28.00000026785304,28.000000252134775,28.015534364180088,1.0008156006768049e-05,1.0008156006761134e-05,1.0008156006725072e-05,1.0000008535389835,1.0000008535389835,69a48d8a2773a3b9,69a48d8a2773a3b9,True,True,1.4853000175207853,5.837799981236458,7.323099998757243,1.293699984671548,16.387600015150383,17.68129999982193
nominal_heatup,6,56.0,56.0,56.0,56.0,0.0,-158106.71652818128,optimal,-158106.697659675,True,True,converged(kkt(residual=4.01e-03<=tol=7.76e-02); obj_plateau(range=1.77e-08)),converged,0.004007279020327481,0.07756951146797195,False,5,5,0.0,451,8000,6.325447259314387e-07,9.19042980385143e-07,10.0,0,0,1.1934032119204157e-07,28.000000312592185,28.00577391978186,28.057459750004423,1.000978762629658e-05,1.000978762628397e-05,1.0009793262776227e-05,28.000000312592185,28.00577391978186,28.057459750004423,1.000978762629658e-05,1.000978762628397e-05,1.0009793262776227e-05,1.0000008566302483,1.0000008566302483,ff8d739282d50479,ff8d739282d50479,True,True,1.2390000047162175,5.487299989908934,6.726299994625151,1.3509999844245613,15.662600024370477,17.013600008795038
nominal_heatup,7,60.0,60.0,60.0,60.0,0.0,-167979.73365905497,optimal,-167979.71126977514,True,True,converged(kkt(residual=5.72e-03<=tol=7.76e-02); obj_plateau(range=1.95e-08)),converged,0.005715923162980142,0.07762407336772807,False,5,5,0.0,301,8000,6.204440978763159e-07,9.01461598701303e-07,10.0,0,0,1.3328560088156034e-07,28.004292153377847,28.022838296226645,28.135109522234508,1.001141938521665e-05,1.0011421478125678e-05,1.0011445967490528e-05,28.004292153377847,28.022838296226645,28.135109522234508,1.001141938521665e-05,1.0011421478125678e-05,1.0011445967490528e-05,1.0000008630022164,1.0000008630022164,ec67dd0c19443881,ec67dd0c19443881,True,True,1.2732000031974167,5.27449999935925,6.547700002556667,1.6422999906353652,11.61580000189133,13.258099992526695
nominal_heatup,8,64.0,64.0,64.0,64.0,0.0,-177665.4000009005,optimal,-177664.62206776062,False,False,max_iterations,max_iterations,0.006731265540179127,0.07763842166301675,False,5,5,0.0,8000,8000,6.111416155363258e-07,8.879457302768401e-07,10.0,0,0,4.378641761041395e-06,28.01807839987666,28.057673407757182,28.254795432951447,1.0013052839181873e-05,1.0013061671269752e-05,1.0013127537634136e-05,28.01807839987666,28.057673407757182,28.254795432951447,1.0013052839181873e-05,1.0013061671269752e-05,1.0013127537634136e-05,1.0000008738881738,1.0000008738881738,490cda6d4683143d,490cda6d4683143d,True,True,1.6315999964717776,5.047399987233803,6.67899998370558,1.247100008185953,264.55550000537187,265.8026000135578
nominal_heatup,9,67.99999999999999,67.99999999999999,68.0,68.0,1.4210854715202004e-14,-187142.34151269242,optimal,-187135.54167295562,False,False,max_iterations,max_iterations,0.020657770230065185,0.07761218467420897,False,5,5,0.0,8000,8000,6.305568547304574e-07,9.140364349846664e-07,10.0,0,0,3.633512160797393e-05,28.047511223592842,28.11622195693027,28.42117301871507,1.0014691440074805e-05,1.0014714737108251e-05,1.0014854481868797e-05,28.047511223592842,28.11622195693027,28.42117301871507,1.0014691440074805e-05,1.0014714737108251e-05,1.0014854481868797e-05,1.0000008905547881,1.0000008905547881,f5eff710e3f6e1e3,f5eff710e3f6e1e3,True,True,2.671199996257201,6.275899999309331,8.947099995566532,1.2932999816257507,275.6429000000935,276.93619998171926
nominal_heatup,10,71.99999999999997,71.99999999999997,72.0,72.0,2.842170943040401e-14,-196384.77843366645,optimal,-196371.79536646046,False,False,max_iterations,max_iterations,0.0322680106289989,0.07754517109882873,False,5,5,0.0,8000,8000,6.510454682029376e-07,9.437361265796085e-07,10.0,0,0,6.61103539164274e-05,28.098587088330618,28.204026095810903,28.637444447596287,1.0016340922523065e-05,1.0016389563010768e-05,1.0016646422525322e-05,28.098587088330618,28.204026095810903,28.637444447596287,1.0016340922523065e-05,1.0016389563010768e-05,1.0016646422525322e-05,1.0000009143124624,1.0000009143124624,f4bd316394bce69d,f4bd316394bce69d,True,True,2.443999983370304,5.270599998766556,7.7145999821368605,1.277699979254976,238.90200001187623,240.1796999911312
nominal_heatup,11,75.99999999999996,75.99999999999996,76.0,76.0,4.263256414560601e-14,-205373.05636583164,optimal,-205353.13712272828,False,False,max_iterations,max_iterations,0.044681866846975754,0.077437340407211,False,5,5,0.0,8000,8000,5.271957377317449e-07,7.663932732882017e-07,10.0,0,0,9.699053739520188e-05,28.17696474743232,28.325927123648107,28.905878723964744,1.001800935059378e-05,1.0018097472067574e-05,1.0018526362451092e-05,28.17696474743232,28.325927123648107,28.905878723964744,1.001800935059378e-05,1.0018097472067574e-05,1.0018526362451092e-05,1.0000009465851527,1.0000009465851527,26f252582edd1021,26f252582edd1021,True,True,1.3209999888204038,5.792200012365356,7.11320000118576,1.3149000005796552,285.525699990103,286.8405999906827
nominal_heatup,12,79.99999999999994,79.99999999999994,80.0,80.0,5.684341886080802e-14,-214088.40650828427,optimal,-214063.13107200584,False,False,max_iterations,max_iterations,0.052332375088041075,0.07728877837544057,False,5,5,0.0,8000,8000,5.292319400496126e-07,7.548051019767854e-07,10.0,0,0,0.00011806074271284776,28.287695303581557,28.48611411336325,29.228022559149494,1.0019707186055292e-05,1.0019852307914455e-05,1.0020521334415317e-05,28.287695303581557,28.48611411336325,29.228022559149494,1.0019707186055292e-05,1.0019852307914455e-05,1.0020521334415317e-05,1.000000988985778,1.000000988985778,2c81db30a4bb22b4,2c81db30a4bb22b4,True,True,1.1650999949779361,4.5999000140000135,5.76500000897795,1.167299982625991,231.9224000093527,233.0896999919787
nominal_heatup,13,83.99999999999996,83.99999999999996,84.00000000000001,84.0,4.263256414560601e-14,-222512.4286454731,optimal,-222480.51993459422,False,False,max_iterations,max_iterations,0.06202510356984311,0.07709967677558853,False,5,5,0.0,8000,8000,5.2256444860177e-07,7.480033348272741e-07,10.0,0,0,0.00014340192623484146,28.435189073687383,28.68811443723295,29.60491107244096,1.0021447366458453e-05,1.0021670668093506e-05,1.002266335713411e-05,28.435189073687383,28.68811443723295,29.60491107244096,1.0021447366458453e-05,1.0021670668093506e-05,1.002266335713411e-05,1.0000010434153785,1.0000010434153785,e65ab9dfd8e36261,e65ab9dfd8e36261,True,True,1.2169000110588968,4.6904000046197325,5.907300015678629,1.1655999987851828,236.83650000020862,238.0020999989938
nominal_heatup,14,87.99999999999994,87.99999999999994,87.99999999999999,87.99999999999999,4.263256414560601e-14,-230627.10644297558,optimal,-230592.75653999174,True,True,converged(kkt(residual=6.28e-02<=tol=7.69e-02); obj_plateau(range=3.59e-12)),converged,0.06284742157755369,0.07687031640850747,False,5,5,0.0,201,8000,5.843702126639982e-07,8.495087904236698e-07,10.0,0,0,0.0001489413083906157,28.623200041918288,28.934857331659494,30.037186768688905,1.0023245495954168e-05,1.0023572281445382e-05,1.0024990765584491e-05,28.623200041918288,28.934857331659494,30.037186768688905,1.0023245495954168e-05,1.0023572281445382e-05,1.0024990765584491e-05,1.0000011121797336,1.0000011121797336,5c3dada42f494c80,5c3dada42f494c80,True,True,1.2193000002298504,4.983099992386997,6.202399992616847,1.1736000014934689,7.003400009125471,8.17700001061894
nominal_heatup,15,91.99999999999993,91.99999999999993,91.99999999999999,91.99999999999999,5.684341886080802e-14,-238414.81741380476,optimal,-238380.6350597686,True,True,converged(kkt(residual=5.92e-02<=tol=7.66e-02); obj_plateau(range=3.00e-12)),converged,0.05916822710439215,0.07660105289289544,False,5,5,0.0,201,8000,5.896290673490512e-07,8.164697193890902e-07,10.0,0,0,0.00014337344636181575,28.854869120086413,29.22872865371056,30.525195733226727,1.0025120171607514e-05,1.0025580580941484e-05,1.0027549973976509e-05,28.854869120086413,29.22872865371056,30.525195733226727,1.0025120171607514e-05,1.0025580580941484e-05,1.0027549973976509e-05,1.0000011981334345,1.0000011981334345,0f3ee33e6d52efef,0f3ee33e6d52efef,True,True,1.1447000142652541,4.576499981340021,5.721199995605275,1.1572999937925488,7.030900014797226,8.188200008589774
nominal_heatup,16,95.99999999999993,95.99999999999993,95.99999999999999,95.99999999999999,5.684341886080802e-14,-245858.33859190316,optimal,-245826.03206303006,True,True,converged(kkt(residual=5.32e-02<=tol=7.63e-02); obj_plateau(range=1.08e-12)),converged,0.05315918080376378,0.07629230473777615,False,5,5,0.0,201,8000,6.278478821286626e-07,8.693919655300419e-07,10.0,0,0,0.0001314030228069714,29.132775953652295,29.571636766375924,31.069051976588753,1.0027093488534011e-05,1.0027723503453636e-05,1.0030397793205575e-05,29.132775953652295,29.571636766375924,31.069051976588753,1.0027093488534011e-05,1.0027723503453636e-05,1.0030397793205575e-05,1.0000013048593073,1.0000013048593073,0b9f8f456b1cef0e,0b9f8f456b1cef0e,True,True,1.163299981271848,4.526200005784631,5.689499987056479,1.2055000115651637,6.922500004293397,8.12800001585856
nominal_heatup,17,99.99999999999993,99.99999999999993,99.99999999999999,99.99999999999999,5.684341886080802e-14,-252940.84878196247,optimal,-252907.01079877315,False,False,max_iterations,max_iterations,0.05326826557756159,0.0759445433296222,False,5,5,0.0,8000,8000,6.361106414942697e-07,8.808334941434737e-07,10.0,0,0,0.0001337782463863624,29.459001193484145,29.965072618383886,31.66868726952701,1.0029191757879237e-05,1.0030034571632905e-05,1.0033604465787608e-05,29.459001193484145,29.965072618383886,31.66868726952701,1.0029191757879237e-05,1.0030034571632905e-05,1.0033604465787608e-05,1.0000014368973875,1.0000014368973875,734bd2d1eb417da7,734bd2d1eb417da7,True,True,1.1559999838937074,4.82120001106523,5.977199994958937,1.1784000089392066,243.70550000458024,244.88390001351945
nominal_heatup,18,103.99999999999993,103.99999999999993,103.99999999999999,103.99999999999999,5.684341886080802e-14,-259645.92809471049,optimal,-259612.1820624324,True,True,converged(kkt(residual=5.09e-02<=tol=7.56e-02); obj_plateau(range=2.58e-13)),converged,0.05092638791288817,0.07555828453379654,False,5,5,0.0,201,8000,6.768046461047561e-07,9.810758436756828e-07,10.0,0,0,0.0001299694261559515,29.83518713825559,30.410166831002797,32.32388788410938,1.0031446486637145e-05,1.003255432719756e-05,1.0037257650833878e-05,29.83518713825559,30.410166831002797,32.32388788410938,1.0031446486637145e-05,1.003255432719756e-05,1.0037257650833878e-05,1.0000016000414043,1.0000016000414043,c57a447deba633b1,c57a447deba633b1,True,True,1.210599992191419,4.910500021651387,6.121100013842806,1.1901999823749065,7.106200006091967,8.296399988466874
nominal_heatup,19,107.99999999999994,107.99999999999994,107.99999999999999,107.99999999999999,4.263256414560601e-14,-265957.55535151646,optimal,-265928.5514953351,True,True,converged(kkt(residual=4.20e-02<=tol=7.51e-02); obj_plateau(range=2.99e-13)),converged,0.04199558836803634,0.07513408166643742,False,5,5,0.0,201,8000,6.510827148531462e-07,9.116204946479911e-07,10.0,0,0,0.00010905445473523043,30.26259573381852,30.907740544433675,33.03432342597463,1.0033895682563044e-05,1.0035332213742204e-05,1.0041467676231376e-05,30.26259573381852,30.907740544433675,33.03432342597463,1.0033895682563044e-05,1.0035332213742204e-05,1.0041467676231376e-05,1.0000018017276073,1.0000018017276073,d6935a4d57fdc5d4,d6935a4d57fdc5d4,True,True,1.2197000032756478,4.685599997173995,5.9053000004496425,1.1777000036090612,6.907500006491318,8.08520001010038
nominal_heatup,20,111.99999999999994,111.99999999999994,111.99999999999999,111.99999999999999,4.263256414560601e-14,-271860.1038329801,optimal,-271837.459974518,True,True,converged(kkt(residual=3.15e-02<=tol=7.47e-02); obj_plateau(range=3.00e-13)),converged,0.03152322187145396,0.0746725196353254,False,5,5,0.0,201,8000,6.837688744099069e-07,9.468268560297588e-07,10.0,0,0,8.329231889066706e-05,30.742161255455276,31.45835074073644,33.799569377951165,1.0036585572181912e-05,1.0038429042220354e-05,1.0046374493864521e-05,30.742161255455276,31.45835074073644,33.799569377951165,1.0036585572181912e-05,1.0038429042220354e-05,1.0046374493864521e-05,1.000002051549314,1.000002051549314,857027a74eaa6b83,857027a74eaa6b83,True,True,1.2055000115651637,4.798299982212484,6.003799993777648,1.1740000045392662,6.9691999815404415,8.143199986079708
nominal_heatup,21,115.99999999999996,115.99999999999996,115.99999999999999,115.99999999999999,2.842170943040401e-14,-277338.3357562195,optimal,-277322.4097101143,False,False,max_iterations,max_iterations,0.02136268562861171,0.07417421008288368,False,5,5,0.0,8000,8000,7.106024355607587e-07,9.839836936365032e-07,10.0,0,0,5.742461121326382e-05,31.274537519628144,32.06232983559645,34.619125239305966,1.0039572851893256e-05,1.0041920221372836e-05,1.0052156935043224e-05,31.274537519628144,32.06232983559645,34.619125239305966,1.0039572851893256e-05,1.0041920221372836e-05,1.0052156935043224e-05,1.000002361942879,1.000002361942879,2e7906eeca422a63,2e7906eeca422a63,True,True,1.1697000009007752,4.720099997939542,5.889799998840317,1.1602999875321984,231.68739999528043,232.84769998281263
nominal_heatup,22,119.99999999999996,119.99999999999996,120.0,119.99999999999999,2.842170943040401e-14,-282249.26060176594,optimal,-282197.0763839434,False,False,max_iterations,max_iterations,0.06976883828142798,0.07363978739219358,False,5,5,0.0,8000,8000,6.560766223628889e-07,9.55763558074807e-07,10.0,0,0,0.0001848869956695825,31.860139431473698,32.71982012895055,35.492429218553006,1.0042927636276365e-05,1.0045900001126806e-05,1.0059045087611502e-05,31.860139431473698,32.71982012895055,35.492429218553006,1.0042927636276365e-05,1.0045900001126806e-05,1.0059045087611502e-05,1.0000027491075865,1.0000027491075865,b44b4f7bd6f28b46,b44b4f7bd6f28b46,True,True,1.6326999757438898,4.84040001174435,6.47309998748824,1.1881999962497503,205.32539999112487,206.51359998737462
nominal_heatup,23,123.99999999999997,123.99999999999997,124.0000004330801,123.99999999999999,1.4210854715202004e-14,-285922.71963817347,optimal,-285869.86301016615,False,False,max_iterations,max_iterations,0.07005100531542736,0.07306990543981288,False,5,5,0.0,8000,8000,6.280502589106618e-07,9.073958553429406e-07,10.0,0,0,0.00018486333675827568,32.499179256904526,33.43080354993059,36.418870302862096,1.0046737327042226e-05,1.0050487067028725e-05,1.0067336928314506e-05,32.499179256904526,33.43080354993059,36.4188703028621,1.0046737327042226e-05,1.0050487067028725e-05,1.0067336928314506e-05,1.0000032342458494,1.0000032342458494,949823b715d589cd,949823b715d589cd,True,True,1.2484999897424132,4.737600014777854,5.986100004520267,1.1858000070787966,162.7821999718435,163.9679999789223
nominal_heatup,24,127.99999999999997,127.99999999999997,127.99999999999997,127.99999999999997,0.0,-287335.8756926245,optimal,-287286.219136647,False,False,max_iterations,max_iterations,0.06552642881908058,0.0724652349980616,False,5,5,0.0,8000,8000,6.228404885177952e-07,8.99869019299615e-07,10.0,0,0,0.00017281711118661392,33.19169804282029,34.19512725832241,37.397798234444124,1.005111170702066e-05,1.0055831947088486e-05,1.0077420781319361e-05,33.19169804282029,34.195127258322415,37.39779823444413,1.005111170702066e-05,1.0055831947088486e-05,1.0077420781319361e-05,1.0000038452434135,1.0000038452434135,741bd084326d10b1,741bd084326d10b1,True,True,1.2724999978672713,4.681500024162233,5.954000022029504,1.2704000109806657,139.6729999978561,140.94340000883676
nominal_heatup,25,130.0,130.0,130.0,130.0,0.0,-285421.34361368243,optimal,-285377.56691740005,False,False,max_iterations,max_iterations,0.057657870715883706,0.07182646170509674,False,5,5,0.0,8000,8000,5.973794969804658e-07,8.630835965917072e-07,10.0,0,0,0.00015337569267991552,33.93759271203294,35.01252560136735,38.42853181431628,1.005618967429849e-05,1.0062126862556018e-05,1.0089805789359043e-05,33.937592712032945,35.01252560136736,38.42853181431629,1.005618967429849e-05,1.0062126862556018e-05,1.0089805789359043e-05,1.0000046189564815,1.000004618956481,fc3b5ac021805915,fc3b5ac021805915,False,False,1.251100009540096,4.745200014440343,5.996300023980439,1.2067999923601747,138.99459998356178,140.20139997592196
nominal_heatup,26,130.0,130.0,130.0,130.0,0.0,-281039.45613230206,optimal,-281001.29474642174,False,False,max_iterations,max_iterations,0.050257745858787506,0.07100872565768025,False,5,5,0.0,8000,8000,5.907820366246597e-07,8.251905798672965e-07,10.0,0,0,0.00013578657746338255,34.73663933886756,35.88263890591761,39.51036584016605,1.0062148184087887e-05,1.0069618889944927e-05,1.0105163455459045e-05,34.73663933886757,35.88263890591762,39.51036584016606,1.0062148184087887e-05,1.0069618889944927e-05,1.0105163455459045e-05,1.0000056043396808,1.000005604339681,e5980b92603c97c8,e5980b92603c97c8,False,False,1.3775000115856528,4.960199992638081,6.337700004223734,1.1944000143557787,141.1262999754399,142.32069998979568
nominal_heatup,27,130.0,130.0,130.0,130.0,0.0,-276121.9701329737,optimal,-276086.8455933054,False,False,max_iterations,max_iterations,0.04632589416462514,0.07002782566253117,False,5,5,0.0,8000,8000,6.886175754061696e-07,9.98919578165669e-07,10.0,0,0,0.00012720660964171378,35.588513092118,36.80502953120534,40.64257692132613,1.0069214176848358e-05,1.007862763007317e-05,1.0124384554526784e-05,35.588513092118006,36.80502953120535,40.64257692132614,1.0069214176848358e-05,1.007862763007317e-05,1.0124384554526784e-05,1.0000068667446973,1.0000068667446973,55c41df516218fce,55c41df516218fce,False,False,1.2064999900758266,4.640500003006309,5.846999993082136,1.1962999997194856,144.16719999280758,145.36349999252707
nominal_heatup,28,130.0,130.0,130.0,130.0,0.0,-271205.59466745873,optimal,-271172.8413230776,False,False,max_iterations,max_iterations,0.04329331366787285,0.06904684436760199,False,5,5,0.0,8000,8000,5.629278376773073e-07,8.133082873840181e-07,10.0,0,0,0.0001207694274198668,36.49280528639047,37.779195562592335,41.82442836075675,1.00776805645182e-05,1.0089569039656567e-05,1.0148657494724979e-05,36.49280528639048,37.77919556259234,41.824428360756755,1.00776805645182e-05,1.0089569039656569e-05,1.0148657494724979e-05,1.0000084938573894,1.0000084938573894,23ea22a2e480351b,23ea22a2e480351b,False,False,1.3562999956775457,5.369900027289987,6.726200022967532,1.2743000115733594,141.9539999915287,143.22830000310205
nominal_heatup,29,130.0,130.0,130.0,130.0,0.0,-266303.80327160936,optimal,-266272.99317817076,False,False,max_iterations,max_iterations,0.040847768945857975,0.06806870209385167,False,5,5,0.0,8000,8000,5.667615994298103e-07,8.188474511783284e-07,10.0,0,0,0.00011569528132941508,37.44903793778677,38.804582478445084,43.05517425772096,1.008792775660128e-05,1.0102987727945596e-05,1.0179576783908196e-05,37.44903793778678,38.80458247844509,43.055174257720964,1.008792775660128e-05,1.0102987727945598e-05,1.0179576783908196e-05,1.000010603941939,1.000010603941939,fd22a99e5d500abb,fd22a99e5d500abb,False,False,1.3211999903433025,5.238799989456311,6.559999979799613,1.2095999845769256,140.9898000129033,142.1993999974802
nominal_heatup,30,130.0,130.0,130.0,130.0,0.0,-261427.5052721412,optimal,-261400.2390278176,False,False,max_iterations,max_iterations,0.036218760152021724,0.06709577259640181,False,5,5,0.0,8000,8000,5.538213656564039e-07,8.001513664979143e-07,10.0,0,0,0.00010429753477990843,38.456676172467965,39.88059307969842,44.326295872218694,1.0100452783556139e-05,1.0119600936431951e-05,1.0219294017606023e-05,38.45667617246797,39.88059307969843,44.3262958722187,1.0100452783556139e-05,1.0119600936431953e-05,1.0219294017606023e-05,1.0000133502968045,1.0000133502968045,c9ce0c2a8f826f50,c9ce0c2a8f826f50,False,False,1.2885000032838434,4.933099990012124,6.221599993295968,1.1771999998018146,140.9834000223782,142.16060002218
nominal_heatup,31,130.0,130.0,130.0,130.0,0.0,-256585.55014345836,optimal,-256564.02872625447,False,False,max_iterations,max_iterations,0.028561413439777545,0.06612998760060436,False,5,5,0.0,8000,8000,5.940060532338975e-07,8.616746134393338e-07,10.0,0,0,8.387618551303116e-05,39.51513879282676,41.00370911940793,45.62384309440204,1.0115908887980325e-05,1.0140358723565775e-05,1.027064961864798e-05,39.51513879282677,41.00370911940794,45.62384309440205,1.0115908887980325e-05,1.0140358723565776e-05,1.027064961864798e-05,1.0000169276166246,1.0000169276166246,bcc444b2ad985300,bcc444b2ad985300,False,False,1.1915999930351973,4.7633000067435205,5.954899999778718,1.193900010548532,138.63259999197908,139.8265000025276
nominal_heatup,32,130.0,130.0,129.99999999999997,129.99999999999997,-2.842170943040401e-14,-251785.12089130838,optimal,-251766.1222347287,False,False,max_iterations,max_iterations,0.025296168442286698,0.06517292003746414,False,5,5,0.0,8000,8000,5.815409735987487e-07,8.435925673566658e-07,10.0,0,0,7.54558351671923e-05,40.62166136640787,42.16762674340835,46.9369658648656,1.0135159609374298e-05,1.0166511340095577e-05,1.0337306087914461e-05,40.62166136640788,42.167626743408356,46.936965864865606,1.0135159609374298e-05,1.0166511340095578e-05,1.0337306087914461e-05,1.0000215859513406,1.0000215859513406,ffee3187d5cdd4c6,ffee3187d5cdd4c6,False,False,1.2297999928705394,4.5230000105220824,5.752800003392622,1.3242999848444015,141.20109999203123,142.52539997687563
nominal_heatup,33,130.0,130.0,130.0,130.0,0.0,-247032.0355594463,optimal,-247016.3893892971,False,False,max_iterations,max_iterations,0.02087809176450811,0.06422584802798516,False,5,5,0.0,8000,8000,5.690581303952058e-07,8.254847498889717e-07,10.0,0,0,6.333660374719501e-05,41.77084845737515,43.36566791672193,48.25708836034171,1.0159342426202962e-05,1.0199689056691246e-05,1.0423972055584554e-05,41.77084845737516,43.36566791672194,48.25708836034172,1.0159342426202962e-05,1.0199689056691248e-05,1.0423972055584554e-05,1.0000276448036494,1.00002764480365,4263c1a4a3afded0,4263c1a4a3afded0,False,False,1.1913999915122986,4.734400019515306,5.925800011027604,1.1789999844040722,150.87599999969825,152.05499998410232
nominal_heatup,34,130.0,130.0,129.99999999999997,129.99999999999997,-2.842170943040401e-14,-242330.98488116497,optimal,-242317.98814503,False,False,max_iterations,max_iterations,0.01741305872577375,0.06328980575395214,False,5,5,0.0,8000,8000,5.56824574005077e-07,8.077386182137047e-07,10.0,0,0,5.3632168173795444e-05,42.95635122779743,44.590925972232014,49.57797689401694,1.018994412676557e-05,1.0242010082863204e-05,1.053668028779401e-05,42.956351227797434,44.59092597223202,49.57797689401695,1.018994412676557e-05,1.0242010082863206e-05,1.053668028779401e-05,1.0000355128009815,1.0000355128009815,5fd701c541207425,5fd701c541207425,False,False,1.1847999994643033,5.5296999926213175,6.714499992085621,1.4570000057574362,138.84329999564216,140.3003000013996
nominal_heatup,35,130.0,130.0,130.0,130.0,0.0,-237685.7207438046,optimal,-237674.90426950995,False,False,max_iterations,max_iterations,0.014589144100984481,0.062365623944923045,False,5,5,0.0,8000,8000,5.44834080073997e-07,7.903449992241462e-07,10.0,0,0,4.550746364035806e-05,44.171406195469075,45.83695172260524,50.8949572932192,1.0228899307463622e-05,1.0296214244032104e-05,1.0683152902901279e-05,44.17140619546908,45.83695172260525,50.89495729321921,1.0228899307463622e-05,1.0296214244032106e-05,1.0683152902901279e-05,1.0000457117886863,1.0000457117886863,12db584ad9cbc4b2,12db584ad9cbc4b2,False,False,1.1795999889727682,4.529700003331527,5.709299992304295,1.2052000092808157,139.01610000175424,140.22130001103505
nominal_heatup,36,130.0,130.0,130.0,130.0,0.0,-233099.2079554046,optimal,-233090.17327209245,False,False,max_iterations,max_iterations,0.012326457386565775,0.06145396265258743,False,5,5,0.0,8000,8000,6.873502798043774e-07,9.96183769252923e-07,10.0,0,0,3.875896186552448e-05,45.40948352759254,47.0978389175981,52.20455455144949,1.0278713971231812e-05,1.0365834296490869e-05,1.0873268743414286e-05,45.40948352759255,47.097838917598104,52.2045545514495,1.0278713971231812e-05,1.036583429649087e-05,1.0873268743414286e-05,1.0000589086745004,1.000058908674502,fb0a8e50d240957c,fb0a8e50d240957c,False,False,1.2095000129193068,4.743900004541501,5.953400017460808,1.2109999952372164,138.99880001554266,140.20980001077987
nominal_heatup,37,130.0,130.0,130.0,130.0,0.0,-228573.74701395683,optimal,-228566.9945560652,False,False,max_iterations,max_iterations,0.009340409624690156,0.060555337872889234,False,5,5,0.0,8000,8000,6.722444538809214e-07,9.742907254306488e-07,10.0,0,0,2.954170362858637e-05,46.664516953800415,48.3683532001705,53.504128266444766,1.0342623010345865e-05,1.045541181963181e-05,1.1119674734577008e-05,46.66451695380042,48.36835320017051,53.50412826644477,1.0342623010345865e-05,1.0455411819631811e-05,1.1119674734577008e-05,1.0000759571416176,1.0000759571416173,dccf7c89e5d0cee1,dccf7c89e5d0cee1,False,False,1.3599999947473407,4.820700007257983,6.180700002005324,1.1869000154547393,140.70809999248013,141.89500000793487
nominal_heatup,38,130.0,130.0,130.0,130.0,0.0,-224111.0735988821,optimal,-224106.02917668296,False,False,max_iterations,max_iterations,0.007197694360526231,0.059670143240500025,False,5,5,0.0,8000,8000,6.576610900310698e-07,9.531548927910194e-07,10.0,0,0,2.2508580759344416e-05,47.93105863475706,49.643915160377404,54.791662659233666,1.0424789135198688e-05,1.057077204438009e-05,1.1438591403752979e-05,47.931058634757065,49.64391516037741,54.79166265923367,1.0424789135198688e-05,1.0570772044380092e-05,1.1438591403752979e-05,1.0000979538377246,1.0000979538377246,a577dd728364da27,a577dd728364da27,False,False,1.211800001328811,4.655900003854185,5.867700005182996,1.1804999958258122,138.11149998218752,139.29199997801334
nominal_heatup,39,130.0,130.0,130.0,130.0,0.0,-219712.43848034053,optimal,-219709.87241184583,False,False,max_iterations,max_iterations,0.0038254948324219365,0.05879866758337711,False,5,5,0.0,8000,8000,6.425930649811562e-07,9.313166744462364e-07,10.0,0,0,1.1679213577714909e-05,49.20430631494216,50.92057550494544,56.065602396874425,1.0530555493521728e-05,1.0719374634412517e-05,1.1850890373346329e-05,49.204306314942166,50.92057550494545,56.06560239687443,1.0530555493521728e-05,1.0719374634412519e-05,1.1850890373346329e-05,1.0001263149983302,1.0001263149983302,474b2b4fe7a04db1,474b2b4fe7a04db1,False,False,1.1921999976038933,4.522700008237734,5.714900005841628,1.1767000250983983,137.7325999783352,138.9093000034336
nominal_heatup,40,130.0,130.0,130.0,130.0,0.0,-215378.67026079042,optimal,-215377.6730099853,False,False,max_iterations,max_iterations,0.0019174837320604643,0.057941108879194105,False,5,5,0.0,8000,8000,6.286498859253697e-07,9.11108696932672e-07,10.0,0,0,4.630220828769376e-06,50.480091836351285,52.19495775967505,57.32474554955665,1.0666767540547945e-05,1.0910765749966644e-05,1.238355239644559e-05,50.48009183635129,52.194957759675056,57.32474554955666,1.0666767540547945e-05,1.0910765749966646e-05,1.2383552396445595e-05,1.0001628826826376,1.0001628826826376,a44f9ccf1a3ca0ea,a44f9ccf1a3ca0ea,False,False,1.1790999851655215,4.392500006360933,5.571599991526455,1.180699997348711,146.5950999991037,147.7757999964524
nominal_heatup,41,130.0,130.0,130.0,130.0,0.0,-211111.1450099574,optimal,-211111.11690629888,True,True,converged(kkt(residual=4.91e-04<=tol=5.71e-02); obj_plateau(range=1.66e-08)),converged,0.000490667729020843,0.0570975849135654,False,5,5,0.0,501,8000,6.800672167628363e-07,9.86516296208606e-07,10.0,0,0,1.3312257176091696e-07,51.75483560174434,53.4641995143953,58.568163767464874,1.0842186462087133e-05,1.1157166424599133e-05,1.3071662770483212e-05,51.75483560174435,53.464199514395304,58.56816376746488,1.0842186462087133e-05,1.1157166424599135e-05,1.3071662770483217e-05,1.000210073755604,1.000210073755604,c55fce8fe600d884,c55fce8fe600d884,False,False,1.1946000158786774,4.423799982760102,5.618399998638779,1.1719999893102795,9.851600014371797,11.023600003682077
nominal_heatup,42,130.0,130.0,130.0,130.0,0.0,-206912.3233302201,optimal,-206912.2944317979,True,True,converged(kkt(residual=1.08e-03<=tol=5.63e-02); obj_plateau(range=1.74e-08)),converged,0.001077787792359494,0.056268140734693016,False,5,5,0.0,451,8000,6.726167072201861e-07,9.757084997730203e-07,10.0,0,0,1.3966506042517293e-07,53.02549121637783,54.725890756821585,59.79514556110168,1.1068025253675922e-05,1.1474247701261863e-05,1.3961166177047799e-05,53.02549121637784,54.72589075682159,59.79514556110168,1.1068025253675922e-05,1.1474247701261865e-05,1.3961166177047804e-05,1.0002710907268957,1.0002710907268957,3245cd5746b06302,3245cd5746b06302,False,False,1.1457999935373664,4.344699991634116,5.490499985171482,1.3951000000815839,9.07790000201203,10.473000002093613
nominal_heatup,43,130.0,130.0,130.0,130.0,0.0,-202781.95236352086,optimal,-202781.91242131617,True,True,converged(kkt(residual=1.96e-03<=tol=5.55e-02); obj_plateau(range=2.45e-08)),converged,0.001958182554445776,0.055452752776152844,False,5,5,0.0,351,8000,6.654500452896173e-07,9.653124513064881e-07,10.0,0,0,1.969712006741839e-07,54.28948544658737,55.978016398292105,61.00515332643331,1.1358651936153698e-05,1.1882164517023142e-05,1.5112695179349733e-05,54.28948544658738,55.97801639829211,61.005153326433316,1.1358651936153698e-05,1.1882164517023144e-05,1.5112695179349738e-05,1.0003502217184121,1.0003502217184117,fca4e23c2e5fe731,fca4e23c2e5fe731,False,False,1.3150999729987234,5.280000012135133,6.5950999851338565,1.284099998883903,7.390999991912395,8.675099990796298
nominal_heatup,44,130.0,130.0,130.0,130.0,0.0,-198719.31852875996,optimal,-198719.2969586252,True,True,converged(kkt(residual=1.92e-03<=tol=5.47e-02); obj_plateau(range=1.36e-08)),converged,0.001916045033909527,0.05465132926034461,False,5,5,0.0,201,8000,6.579059430578127e-07,9.543687999880035e-07,10.0,0,0,1.0854573623256533e-07,55.54466009462919,57.218903246915346,62.19779083408778,1.1732523445269194e-05,1.2406951562850738e-05,1.660691317248316e-05,55.544660094629194,57.21890324691535,62.19779083408779,1.1732523445269194e-05,1.240695156285074e-05,1.6606913172483163e-05,1.0004532681750724,1.0004532681750724,7ed7a61c19fb42a8,7ed7a61c19fb42a8,False,False,1.182200008770451,4.549399978714064,5.731599987484515,1.1919999960809946,5.03000000026077,6.221999996341765
nominal_heatup,45,130.0,130.0,130.0,130.0,0.0,-194722.70294223801,optimal,-194717.53441824578,True,True,converged(kkt(residual=6.79e-03<=tol=5.39e-02); obj_plateau(range=1.79e-15)),converged,0.006792379481273256,0.053863706153796154,False,5,5,0.0,201,8000,5.547262276195397e-07,8.039703915940777e-07,10.0,0,0,2.6542996343431713e-05,56.789217674450455,58.44717272868526,63.3727778009778,1.221344127067576e-05,1.3082428465613037e-05,1.8551986542778224e-05,56.78921767445046,58.44717272868527,63.372777800977815,1.221344127067576e-05,1.3082428465613039e-05,1.8551986542778255e-05,1.0005881542511206,1.000588154251119,03c77da99c0ada25,03c77da99c0ada25,False,False,1.2447999906726182,4.4575000065378845,5.702299997210503,1.1684999917633832,6.186899991007522,7.355399982770905
nominal_heatup,46,130.0,130.0,130.0,130.0,0.0,-190788.46036723867,optimal,-190775.97906810985,True,True,converged(kkt(residual=1.64e-02<=tol=5.31e-02); obj_plateau(range=1.68e-15)),converged,0.016412359272359574,0.053089637459727966,False,5,5,0.0,201,8000,6.665247980208733e-07,9.661745119515786e-07,10.0,0,0,6.541957047458769e-05,58.021672340212916,59.66169913612939,64.52992981579378,1.283225903535136e-05,1.3952823801894357e-05,2.1094037516679103e-05,58.02167234021292,59.6616991361294,64.52992981579379,1.283225903535136e-05,1.3952823801894359e-05,2.1094037516679137e-05,1.0007657922929525,1.0007657922929523,56f953d3e97aed76,56f953d3e97aed76,False,False,1.1919999960809946,4.343700013123453,5.535700009204447,1.4573000080417842,6.073500000638887,7.5308000086806715
nominal_heatup,47,130.00000000000003,130.00000000000003,130.0,130.0,-2.842170943040401e-14,-186914.54264864302,optimal,-186895.47756665765,True,True,converged(kkt(residual=2.51e-02<=tol=5.23e-02); obj_plateau(range=1.87e-15)),converged,0.025085424988886273,0.05232877789162333,False,5,5,0.0,201,8000,5.445832158557096e-07,7.912411650323747e-07,10.0,0,0,0.00010199892269017848,59.24080627823816,60.86157324805601,65.66914222531284,1.3629227439716847e-05,1.5076414058007537e-05,2.4431749600808593e-05,59.24080627823817,60.861573248056025,65.66914222531285,1.3629227439716847e-05,1.5076414058007539e-05,2.4431749600808675e-05,1.0010013058592755,1.0010013058592766,49801c3050122b0e,49801c3050122b0e,False,False,1.1491999903228134,4.590600001392886,5.739799991715699,1.1992000218015164,6.2203999841585755,7.419600005960092
nominal_heatup,48,130.0,130.0,130.0,130.0,0.0,-183098.4095507756,optimal,-183073.45639019343,True,True,converged(kkt(residual=3.29e-02<=tol=5.16e-02); obj_plateau(range=1.91e-15)),converged,0.032854556331693006,0.05158065477464443,False,5,5,0.0,201,8000,5.492567680676075e-07,7.980315031019813e-07,10.0,0,0,0.00013628278171996547,60.445631502829244,62.046070844933716,66.79037712551896,1.4657239205824328e-05,1.6530593465596096e-05,2.8836727925755446e-05,60.44563150282925,62.04607084493373,66.79037712551897,1.4657239205824328e-05,1.6530593465596096e-05,2.8836727925755534e-05,1.0013157471013447,1.0013157471013459,31f3b98efc777687,31f3b98efc777687,False,False,1.3113999739289284,4.475000023376197,5.786399997305125,1.1562999861780554,6.231000006664544,7.3872999928426
nominal_heatup,49,130.0,130.0,130.0,130.0,0.0,-179336.59056007024,optimal,-179306.41250622238,True,True,converged(kkt(residual=3.98e-02<=tol=5.08e-02); obj_plateau(range=1.62e-15)),converged,0.039761585368374375,0.0508446239963693,False,5,5,0.0,201,8000,6.12646928743743e-07,8.901329966448657e-07,10.0,0,0,0.00016827605428150794,61.63535669095368,63.21462566327623,67.89365282436218,1.5986343757010025e-05,1.841895514025872e-05,3.468179049773312e-05,61.63535669095369,63.214625663276244,67.89365282436219,1.5986343757010025e-05,1.8418955140258733e-05,3.468179049773321e-05,1.0017384914685052,1.0017384914685026,e0ec5458b0069c7e,e0ec5458b0069c7e,False,False,1.402400026563555,4.945499997120351,6.347900023683906,1.1907999869436026,6.683799991151318,7.8745999780949205
nominal_heatup,50,130.0,130.0,130.0,130.0,0.0,-175624.29736141698,optimal,-175589.5259482531,True,True,converged(kkt(residual=4.58e-02<=tol=5.01e-02); obj_plateau(range=1.66e-15)),converged,0.045846958760086515,0.050119801260219664,False,5,5,0.0,201,8000,5.614897986561118e-07,8.158053264040177e-07,10.0,0,0,0.00019798748627681355,62.80935862777153,64.36680630859729,68.97903535661555,1.771004879334599e-05,2.0881188322763476e-05,4.248012413352573e-05,62.809358627771545,64.3668063085973,68.97903535661558,1.771004879334599e-05,2.088118832276349e-05,4.248012413352589e-05,1.0023105527641403,1.00231055276414,d657848dce19ac74,d657848dce19ac74,False,False,1.1573999945539981,4.389400011859834,5.546800006413832,1.195499993627891,6.433699978515506,7.629199972143397
nominal_heatup,51,130.0,130.0,129.99999999999997,129.99999999999997,-2.842170943040401e-14,-171954.81030175835,optimal,-171916.04692455503,False,False,max_iterations,max_iterations,0.051149949760595795,0.04940495338325208,False,5,5,0.0,8000,8000,6.77250937997087e-07,9.824310414074944e-07,10.0,0,0,0.00022542769891230753,63.96715780299739,65.50229669912929,70.04663175947263,1.9954127492003092e-05,2.4106900556497137e-05,5.293923003597164e-05,63.967157802997406,65.50229669912932,70.04663175947266,1.9954127492003092e-05,2.4106900556497154e-05,5.2939230035971814e-05,1.0030891393708201,1.0030891393708201,1063ee05dea192b4,1063ee05dea192b4,False,False,1.2326000141911209,4.610000003594905,5.842600017786026,1.1852999741677195,235.51410000072792,236.69939997489564
nominal_heatup,52,130.0,130.0,130.0,130.0,0.0,-168318.48079948733,optimal,-168276.29806939472,False,False,max_iterations,max_iterations,0.055707414531386085,0.04869832210301325,False,5,5,0.0,8000,8000,5.388206574252763e-07,7.828687857980299e-07,10.0,0,0,0.000250612588065801,65.10839773149326,66.62087966539485,71.09658492755244,2.288892387473418e-05,2.8354882832899212e-05,6.703486721298806e-05,65.10839773149327,66.62087966539488,71.09658492755247,2.288892387473418e-05,2.835488283289929e-05,6.703486721298836e-05,1.0041538720862668,1.0041538720862666,c776b99c3ed66c8e,c776b99c3ed66c8e,False,False,1.1642999888863415,4.639300022972748,5.803600011859089,1.229399989824742,242.59489998803474,243.82429997785948
nominal_heatup,53,130.0,130.0,130.0,130.0,0.0,-164701.05308826873,optimal,-164655.99765105738,False,False,max_iterations,max_iterations,0.05955364954378415,0.047997328947520616,False,5,5,0.0,8000,8000,5.226776238487219e-07,7.594141626654505e-07,10.0,0,0,0.0002735588896761877,66.23282762269274,67.72242340235863,72.1290699518052,2.6746518406205812e-05,3.397988237098335e-05,8.611184642383605e-05,66.23282762269277,67.72242340235866,72.12906995180523,2.6746518406205812e-05,3.397988237098351e-05,8.611184642383666e-05,1.0056152093333455,1.0056152093333455,5cffea7bb815f59a,5cffea7bb815f59a,False,False,1.2254999892320484,4.5365999976638705,5.762099986895919,1.2178999895695597,247.36660000053234,248.5844999901019
nominal_heatup,54,130.0,130.0,130.0,130.0,0.0,-161080.72767843746,optimal,-161033.32403058233,False,False,max_iterations,max_iterations,0.06271765991941633,0.04729806150483579,False,5,5,0.0,8000,8000,5.324480127910647e-07,7.736100720023842e-07,10.0,0,0,0.00029428503669068714,67.34028809419578,68.80687054634413,73.14429192629686,3.1844611049781495e-05,4.1469671910037346e-05,0.0001120206141967142,67.34028809419581,68.80687054634416,73.14429192629689,3.1844611049781495e-05,4.146967191003758e-05,0.00011202061419671508,1.0076257803464348,1.0076257803464352,d9fc5f47a4bee28e,d9fc5f47a4bee28e,False,False,1.199799997266382,4.817300010472536,6.017100007738918,1.2322000111453235,246.56629998935387,247.7985000004992
nominal_heatup,55,130.0,130.0,130.0,130.0,0.0,-157422.79585869357,optimal,-157373.55399927552,False,False,max_iterations,max_iterations,0.0652193817102677,0.04659434033519819,False,5,5,0.0,8000,8000,6.854934184730155e-07,9.93670838944638e-07,10.0,0,0,0.00031280005636588414,68.43069970476232,69.87422973194204,74.14248528314019,3.8619637364567744e-05,5.1496155359949186e-05,0.00014730119077533435,68.43069970476235,69.87422973194207,74.1424852831402,3.8619637364567744e-05,5.1496155359949457e-05,0.00014730119077533538,1.010395516954784,1.0103955169547845,ca6305f4e0a22c19,ca6305f4e0a22c19,False,False,1.1919999960809946,4.400499979965389,5.592499976046383,1.1590999783948064,243.22440000833012,244.38349998672493
nominal_heatup,56,130.0,130.0,130.0,130.0,0.0,-153676.14409928268,optimal,-153625.5801899521,False,False,max_iterations,max_iterations,0.06705182049737848,0.045877056997793215,False,5,5,0.0,8000,8000,6.316018072993757e-07,9.176742121752568e-07,10.0,0,0,0.000329029008548359,69.5040541714148,70.924569573403,75.12391479571387,4.767250118687801e-05,6.498548706359931e-05,0.00019542929915612015,69.50405417141482,70.92456957340303,75.12391479571389,4.767250118687801e-05,6.498548706359971e-05,0.00019542929915612135,1.014211710750462,1.0142117107504625,6336b5e0f2cece1d,6336b5e0f2cece1d,False,False,1.1934000067412853,4.675200005294755,5.86860001203604,1.3312000082805753,257.7069999824744,259.03819999075495
nominal_heatup,57,130.0,130.0,130.0,130.0,0.0,-149803.8058766293,optimal,-149752.49798274424,False,False,max_iterations,max_iterations,0.06813447571447487,0.04513912203320477,False,5,5,0.0,8000,8000,5.111149619096977e-07,7.407641193779568e-07,10.0,0,0,0.00034250060327041954,70.56040823389365,71.95801511327056,76.0888784775621,5.983144181865124e-05,8.321377814266961e-05,0.0002611435762269537,70.56040823389368,71.95801511327059,76.08887847756213,5.983144181865133e-05,8.321377814267008e-05,0.0002611435762269551,1.0194654224269877,1.0194654224269861,b74d0aabe9de8c95,b74d0aabe9de8c95,False,False,1.1719000176526606,4.76179999532178,5.933700012974441,1.1830999865196645,251.17329999920912,252.35639998572879
nominal_heatup,58,130.0,130.0,130.0,130.0,0.0,-145749.94356051218,optimal,-145698.54142665435,False,False,max_iterations,max_iterations,0.06837540372795853,0.04437063831671657,False,5,5,0.0,8000,8000,5.17276106393183e-07,7.496935383599634e-07,10.0,0,0,0.0003526734391930989,71.59988023965894,72.97474689074429,77.03771270348125,7.623802393224706e-05,0.00010793700677174436,0.0003508777483324809,71.59988023965897,72.97474689074431,77.03771270348128,7.623802393224716e-05,0.00010793700677174491,0.0003508777483324832,1.0266860520935506,1.026686052093552,9e4e64c88590bd46,9e4e64c88590bd46,False,False,1.255100010894239,5.173099983949214,6.428199994843453,1.3052000140305609,251.07179998303764,252.3769999970682
nominal_heatup,59,130.0,130.0,130.0,130.0,0.0,-141440.57772832442,optimal,-141389.8562983079,False,False,max_iterations,max_iterations,0.0676129897160145,0.043558765888782304,False,5,5,0.0,8000,8000,5.44042350725249e-07,7.90457932886568e-07,10.0,0,0,0.00035860593071016173,72.62264964699986,73.9750029073809,77.9707999945643,9.846413029699062e-05,0.0001415663492820105,0.0004733277732075414,72.62264964699989,73.97500290738093,77.97079999456433,9.846413029699087e-05,0.00014156634928201114,0.00047332777320754406,1.0365863512084827,1.036586351208483,0528ae0c793230b6,0528ae0c793230b6,False,False,1.1794999882113189,4.790999984834343,5.970499973045662,1.2280000082682818,252.7350999880582,253.9630999963265
nominal_heatup,60,130.0,130.0,129.99999999999997,129.99999999999997,-2.842170943040401e-14,-136777.72072458593,optimal,-136728.67279736762,False,False,max_iterations,max_iterations,0.06556515502624145,0.04268670890114287,False,5,5,0.0,8000,8000,5.503895437186657e-07,7.996810227339779e-07,10.0,0,0,0.0003585958806621782,73.62895978704016,74.95908391297361,78.88858004554173,0.00012867025852995718,0.00018740344468097736,0.0006401914369111129,73.62895978704019,74.95908391297364,78.88858004554174,0.00012867025852995748,0.00018740344468097845,0.0006401914369111172,1.050120718510396,1.0501207185103965,874a90177e448d1e,874a90177e448d1e,False,False,1.29489999380894,4.858700005570427,6.153599999379367,2.0309999817982316,267.38239999394864,269.41339997574687
nominal_heatup,61,130.0,130.0,130.0,130.0,0.0,-131633.33535433802,optimal,-131587.304491166,False,False,max_iterations,max_iterations,0.061776400300100474,0.04173272375183805,False,5,5,0.0,8000,8000,5.196478980451502e-07,7.531309735853142e-07,10.0,0,0,0.0003496900161955911,74.61912439324067,75.9273626060559,79.7915647370316,0.00016981851204121582,0.000249954278207547,0.000867127057893924,74.6191243932407,75.92736260605591,79.79156473703163,0.00016981851204121614,0.00024995427820754916,0.0008671270578939291,1.0685602951995168,1.0685602951995172,5653e31ce5d9ffe7,5653e31ce5d9ffe7,False,False,1.2509000080171973,4.649200011044741,5.900100019061938,1.1910999892279506,254.5144000032451,255.70549999247305
nominal_heatup,62,130.0,130.0,130.0,130.0,0.0,-125838.05387612176,optimal,-125796.94770282996,False,False,max_iterations,max_iterations,0.05551244948232641,0.040668356922165964,False,5,5,0.0,8000,8000,5.238329521262131e-07,7.591964221731473e-07,10.0,0,0,0.0003266593214497393,75.59353860711926,76.88029754981152,80.68035807598109,0.00022595761699722793,0.00033534566642785455,0.0011749892088737301,75.59353860711927,76.88029754981154,80.6803580759811,0.0002259576169972283,0.00033534566642785715,0.0011749892088737384,1.0935892358408452,1.093589235840848,25a4de378befb375,25a4de378befb375,False,False,1.194500015117228,4.319600004237145,5.514100019354373,1.3848999806214124,251.82309999945574,253.20799998007715
nominal_heatup,63,130.0,130.0,130.0,130.0,0.0,-119163.98373590372,optimal,-119135.87594293653,False,False,max_iterations,max_iterations,0.03818264105525747,0.03945591727803263,False,5,5,0.0,8000,8000,6.547875273099635e-07,9.489902312864729e-07,10.0,0,0,0.000235874901844459,76.55269541198885,77.81845285698665,81.55568225699331,0.000302602347467781,0.00045187509501606806,0.0015914133079866558,76.55269541198888,77.81845285698668,81.55568225699332,0.00030260234746778145,0.00045187509501607115,0.0015914133079866655,1.1274277236504153,1.1274277236504195,5904c0dc267ce05e,5904c0dc267ce05e,False,False,1.2594999861903489,4.743600002257153,6.003099988447502,1.2162000057287514,209.8204999929294,211.03669999865815
nominal_heatup,64,130.0,130.0,130.0,130.0,0.0,-111296.35621051691,optimal,-111281.75007823025,False,False,max_iterations,max_iterations,0.02018554302158789,0.03804428644153143,False,5,5,0.0,8000,8000,5.98532679418895e-07,8.674594882407405e-07,10.0,0,0,0.00013123639249185883,77.49720874793374,78.74252501387184,82.41841135365388,0.0004072362690768489,0.000610733411020268,0.0021528384063738536,77.49720874793377,78.74252501387187,82.4184113536539,0.00040723626907685016,0.0006107334110202738,0.0021528384063738693,1.1637021882955467,1.1637021882955465,270898a61297d7e6,270898a61297d7e6,False,False,1.2211999855935574,4.556600004434586,5.777799990028143,1.2203999795019627,211.04740002192557,212.26780000142753
nominal_heatup,65,130.0,130.0,130.0,130.0,0.0,-101795.11615588568,optimal,-101794.11597911379,False,False,max_iterations,max_iterations,0.0021004815432277917,0.03636599674734804,False,5,5,0.0,8000,8000,5.301903769350247e-07,7.684102856231334e-07,10.0,0,0,9.825390543576765e-06,78.42784494406874,79.65337861958591,83.26961456008871,0.0005499752700757756,0.0008269513780813432,0.0029070797804485924,78.42784494406877,79.65337861958594,83.26961456008874,0.000549975270075777,0.0008269513780813502,0.002907079780448611,1.1641786564642513,1.1641786564642533,c0f61961dad9675b,c0f61961dad9675b,False,False,1.1838999926112592,4.349299997556955,5.533199990168214,1.268399995751679,212.30600000126287,213.57439999701455
nominal_heatup,66,130.0,130.0,130.0,130.0,0.0,-90132.27733826957,optimal,-90113.38295484081,True,True,converged(kkt(residual=2.55e-02<=tol=3.43e-02); obj_plateau(range=6.46e-16)),converged,0.025546504168051546,0.03433458755243504,False,5,5,0.0,201,8000,6.776905365768471e-07,9.821838036216946e-07,10.0,0,0,0.0002096294910822088,79.34556460405534,80.55209335323579,84.11061145147468,0.0007444407920444463,0.0011206365717722903,0.003916591951351883,79.34556460405537,80.55209335323582,84.11061145147471,0.0007444407920444479,0.0011206365717723007,0.003916591951351905,1.164377254198572,1.1643772541985693,90b55725b5711beb,90b55725b5711beb,False,False,1.187499990919605,4.864199989242479,6.051699980162084,1.2276000052224845,8.377999998629093,9.605600003851578
nominal_heatup,67,130.0,130.0,130.0,130.0,0.0,-75454.14802956136,optimal,-75416.03321397508,False,False,max_iterations,max_iterations,0.05242443994383044,0.03184529329342812,False,5,5,0.0,8000,8000,6.669691998695271e-07,9.717203202086466e-07,10.0,0,0,0.0005051387707779758,80.25157775443296,81.44002521218513,84.94304248452,0.001008907354669381,0.001518588440871167,0.005262601461616995,80.25157775443299,81.44002521218516,84.94304248452003,0.0010089073546693866,0.0015185884408711794,0.005262601461617021,1.1644013940425086,1.1644013940425086,d06667ad6cfd4953,d06667ad6cfd4953,False,False,1.2342999980319291,4.744800011394545,5.979100009426475,1.1902999831363559,333.6241999932099,334.81449997634627
nominal_heatup,68,130.0,130.0,129.96788820879357,129.96788820879357,-0.03211179120643237,-56570.902642528905,optimal,-56566.23635704631,True,True,converged(kkt(residual=6.49e-03<=tol=2.88e-02); obj_plateau(range=3.92e-14)),converged,0.006488901801949056,0.028784161359430963,False,5,5,0.0,201,8000,6.169681086021228e-07,8.941781972637841e-07,10.0,0,0,8.248561122059305e-05,81.1474160036229,82.31888609262268,85.76895901918326,0.0013678110793140352,0.002056409687077168,0.0070503417199141195,81.14741600362292,82.3188860926227,85.76895901918328,0.001367811079314047,0.0020564096870771863,0.007050341719914163,1.1643596554689415,1.164359655468941,fb868781151ac72f,fb868781151ac72f,False,False,1.218899997184053,4.551799996988848,5.770699994172901,1.1736000014934689,11.363199999323115,12.536800000816584
nominal_heatup,69,126.0,126.0,125.96788820879361,125.96788820879361,-0.03211179120638974,-32227.416197947598,optimal,-32226.462160545874,True,True,converged(kkt(residual=6.56e-07<=tol=2.51e-02); obj_plateau(range=6.77e-16)),converged,6.56121725127477e-07,0.025088403604759425,False,5,5,0.0,201,8000,6.35923157688012e-07,9.216499110564769e-07,10.0,0,0,-1.4136842444087e-08,82.03502681098917,83.19084727609174,86.59093867531229,0.0018537380486049763,0.002781276491450175,0.009415696603958829,82.0350268109892,83.19084727609177,86.59093867531232,0.0018537380486049937,0.002781276491450212,0.00941569660395888,1.1643695061459762,1.1643695061459745,ed4230ff5771d6fe,a5fc0244082c93e1,True,True,1.199199992697686,4.714300011983141,5.913500004680827,1.163599983556196,35.45620001386851,36.61979999742471
nominal_heatup,70,122.0,122.0,121.96788820879361,121.96788820879361,-0.03211179120638974,-1268.41084935065,optimal,-1282.640942846061,True,True,converged(kkt(residual=9.15e-07<=tol=2.09e-02); obj_plateau(range=1.99e-14)),converged,9.14980760867863e-07,0.020881356560182508,False,5,5,0.0,201,8000,6.549152544721437e-07,9.491753418799931e-07,10.0,0,0,-4.773391034763007e-07,82.91689697522979,84.05867461721584,87.412234102917,0.0025100594802886338,0.00375559695020257,0.01253366642509912,82.91689697522982,84.05867461721587,87.41223410291703,0.002510059480288654,0.0037555969502026144,0.012533666425099226,1.1645625162363449,1.1645625162363435,6b051fec3751d830,3b7a3c1ea565a979,True,True,1.2329999881330878,4.589699994539842,5.82269998267293,1.1746000091079623,38.266199990175664,39.44079999928363
nominal_heatup,71,118.00000000000001,118.00000000000001,117.9678882087936,117.96788820879361,-0.03211179120640395,41538.988614941074,optimal,41569.729676016315,False,False,max_iterations,max_iterations,0.10773511786766644,0.021956375832529695,False,5,5,0.0,8000,8000,6.387610511637831e-07,9.307974577765776e-07,10.0,0,0,0.0016702361657121461,83.79621552972407,84.92590665561903,88.23696665853336,0.003394454966651837,0.0050618905306661745,0.01662922679636177,83.7962155297241,84.92590665561906,88.23696665853339,0.0033944549666518613,0.0050618905306662266,0.01662922679636189,1.1650915837151197,1.165091583715119,e9da0f1b1f96168e,e3d157a57e00d1b9,True,True,1.2973000120837241,4.868299991358072,6.165600003441796,1.1903000122401863,1545.7362000015564,1546.9265000137966
nominal_heatup,72,114.0,114.0,113.96788820879361,113.96788820879361,-0.03211179120638974,110054.94989309809,optimal,110277.00891029794,False,False,max_iterations,max_iterations,0.4857720455969265,0.035892263193800816,False,5,5,0.0,8000,8000,6.316075058521164e-07,9.204555384556556e-07,10.0,0,0,0.002794573960221725,84.67709107705628,85.79709227301232,89.070381713082,0.004583682868340428,0.006809385686102542,0.021991385533526475,84.6770910770563,85.79709227301235,89.07038171308204,0.004583682868340464,0.006809385686102616,0.021991385533526652,1.1661410862828399,1.1661410862828383,733ea623f8621f4a,c36402ed2e3f4027,True,True,1.184699998702854,4.691199981607497,5.875899980310351,1.17050000699237,1526.7671000037808,1527.9376000107732
nominal_heatup,73,110.0,110.0,109.96788820879362,109.96788820879362,-0.03211179120637553,232905.0831862013,optimal,233652.03060979577,False,False,max_iterations,max_iterations,1.4073904340846255,0.059690928205966096,False,5,5,0.0,8000,8000,6.464581474574516e-07,9.422094127131686e-07,10.0,0,0,0.004030812924402391,85.5648464189111,86.67811322409723,89.91919045961777,0.006180149049943025,0.009143100525628176,0.02899159883398972,85.56484641891113,86.67811322409727,89.91906575213028,0.006180149049943068,0.009143100525628278,0.028991598833990027,1.167941507712736,1.1679404076171787,b4dc9fb2584948cb,cb9a765cd364cb95,True,True,1.3900999911129475,4.806600016308948,6.196700007421896,1.1550000053830445,1529.8131000017747,1530.9681000071578
nominal_heatup,74,105.99999999999999,105.99999999999999,105.96788820879364,105.96788820879364,-0.03211179120634711,480378.94369993865,optimal,482512.61962103704,False,False,max_iterations,max_iterations,3.2212475490630856,0.09762871017803773,False,5,5,0.0,8000,8000,6.746002725321887e-07,9.833819198945548e-07,10.0,0,0,0.0054286928436958065,86.46642630771652,87.57663126830742,90.77650176568609,0.008321147062830056,0.012256619320811018,0.038108255593280585,86.46642630771656,87.57658491793875,90.77615918590567,0.008321147062830138,0.012256619320811159,0.03810808193688387,1.1706518276892943,1.1706485612505328,317db7ce16a613c0,4c197f49e27befb7,True,True,1.20009999955073,4.678400000557303,5.878500000108033,1.1760999914258718,1523.4463000087999,1524.6224000002258
nominal_heatup,75,101.99999999999997,101.99999999999997,101.96788820879364,101.96788820879364,-0.032111791206332896,1035382.6601792967,optimal,1041026.0544696274,False,False,max_iterations,max_iterations,6.011868375684172,0.15860102563920164,False,5,5,0.0,8000,8000,6.636228135903366e-07,9.675858452240504e-07,10.0,0,0,0.006742556400332046,87.39097626199025,88.49695046222594,91.6417152448056,0.011192198561074394,0.01641054849661532,0.049931834889274294,87.39094180765682,88.4968102083971,91.64106817416597,0.01119219856107451,0.016410518704605803,0.04993102038306423,1.174525888175712,1.1745191551572718,58a74809b35d4690,6a326ee89b128b05,True,True,1.1924999998882413,4.965900006936863,6.158400006825104,1.1932000052183867,1512.811900000088,1514.0051000053063
nominal_heatup,76,97.99999999999997,97.99999999999997,97.96788820879362,97.96788820879364,-0.032111791206332896,2450260.8011193075,optimal,2464931.3309193403,False,False,max_iterations,max_iterations,10.12361801056206,0.2614019918173508,False,5,5,0.0,8000,8000,6.288368439300029e-07,9.113796410886721e-07,8.941254835685537,0,0,0.007767958615908234,88.34639752244581,89.44644927233456,92.51806012636227,0.015046914377712908,0.021955075656455367,0.06518310470964248,88.34628371114954,89.44615565759942,92.51703581101118,0.015046893805961373,0.02195492112249295,0.06518068603645356,1.179916220974422,1.1799045375924024,96afea71ad48c930,cd75646deac11cec,True,True,1.2156000011600554,4.665299988118932,5.880899989278987,1.2297000212129205,1528.9422999776434,1530.1719999988563
nominal_heatup,77,93.99999999999997,93.99999999999997,93.96788820879367,93.96788820879367,-0.032111791206304474,6584138.742838232,optimal,6623052.357455857,False,False,max_iterations,max_iterations,16.803753291847507,0.44409528755747457,False,5,5,0.0,8000,8000,6.551420312916889e-07,9.558872102743976e-07,69.82651010164071,0,0,0.008375625907754859,89.3434982819535,90.43545761777781,93.4143146726347,0.0202342045479066,0.029364713724122544,0.08472816533236233,89.34324754605372,90.43494684300369,93.41283964384237,0.020234089458015306,0.029364200422310513,0.084722426856482,1.18733571899914,1.1873171387143748,89c1175e5e6c3ecd,2daf3e643cdf7261,True,True,1.1823999811895192,4.8368000134360045,6.019199994625524,1.2378999963402748,1513.851199997589,1515.0890999939293
nominal_heatup,78,89.99999999999997,89.99999999999997,89.96788820879368,89.96788820879368,-0.03211179120629026,19281750.82400916,optimal,19381807.890647065,False,False,max_iterations,max_iterations,26.699252538646128,0.7574999166993359,False,5,5,2.81227451535341,8000,8000,6.704848374283756e-07,9.717405022868775e-07,231.9655854661425,0,0,0.008152974120384968,90.39749303663447,91.47995794305781,94.34409595782131,0.027240679233974545,0.039288969118057286,0.1095961816557526,90.39703901315984,91.4791558570703,94.34208749205763,0.02724027529078025,0.03928760061949943,0.1095842949578673,1.197507421333365,1.1974791842400665,cf890e9ad320f150,83e90841e8f9bca4,True,True,1.2731000024359673,5.356299981940538,6.629399984376505,1.2169999827165157,1488.675400003558,1489.8923999862745
nominal_heatup,79,85.99999999999997,85.99999999999997,85.96788820879368,85.96788820879368,-0.03211179120629026,29123274.774122797,optimal,29364255.803634875,False,False,max_iterations,max_iterations,25.425823421056034,0.8419370803010224,False,5,5,9.810994612219602,8000,8000,5.592809770860185e-07,8.123736519038971e-07,242.185303214621,0,0,0.0064423194492768355,91.5312477197182,92.60358108377882,95.3262446700373,0.03675770149285513,0.05263219708436957,0.1409943570841815,91.53050984730983,92.60239648893054,95.323598263072,0.036756571192075996,0.05262899244663724,0.14097190439757365,1.211449607796557,1.211407537177113,6fc621806300d5af,b8f53a9641f60d5f,True,True,1.177600002847612,4.7768999938853085,5.95449999673292,1.1688999948091805,157.03259999281727,158.20149998762645
nominal_heatup,80,89.99999999999997,89.99999999999997,89.96788857489248,89.96788820879368,-0.03211179120629026,37215226.29048412,optimal,37239484.50553918,False,False,max_iterations,max_iterations,6.012809242329303,0.8964381158590561,False,5,5,20.716636987353592,8000,8000,7.25120202105245e-07,8.745005670718342e-07,254.36432786057185,0,0,0.0013910874777237846,92.77918301577034,93.8411954200602,96.38516565731932,0.04979432686495195,0.0706834194599934,0.1803171229390338,92.77805623224349,93.83950545972408,96.38174166287138,0.049791552833940475,0.07067651094183752,0.18027747723559748,1.2305942947078155,1.2305318690773028,5a9342d2edbe5ead,06855bd5c886023f,True,True,1.2190999987069517,4.691699985414743,5.910799984121695,1.1803999950643629,412.0047999895178,413.18519998458214
nominal_heatup,81,85.99999999999996,85.99999999999996,85.96788820879368,85.96788820879368,-0.03211179120627605,28945494.373593204,optimal,28943998.663450856,True,True,converged(kkt(residual=4.26e-01<=tol=7.63e-01); obj_plateau(range=0.00e+00)),converged,0.4258370716528011,0.7627410508042589,False,5,5,38.79300857494791,301,8000,6.418854354706127e-07,9.356620784828351e-07,193.82822692664337,0,0,0.0001102132807065849,94.19397407046621,95.24459945055114,97.55153414032769,0.06787786085321222,0.09533850709855915,0.22913646123759837,94.19230714926897,95.24222463174169,97.5471417533376,0.06787157326486198,0.09532437837718206,0.22907003597490386,1.2569484829694733,1.2568554051476255,c6f07abc1fa66cde,b11d09cdb1c563fc,True,True,1.1639999866019934,4.341399995610118,5.505399982212111,1.4186000043991953,33.95110002020374,35.369700024602935
nominal_heatup,82,89.99999999999994,89.99999999999994,88.0753099664073,88.0753099664073,-1.9246900335926398,19058480.667238116,optimal,19055585.607151262,False,False,max_iterations,max_iterations,0.6863535882492203,0.6203552916916132,False,5,5,71.15188720944212,8000,8000,5.601802257615418e-07,8.120205743367137e-07,160.72046035456083,0,0,0.00021813916587757403,95.858730568924,96.89287306858856,98.86296864758168,0.093434544076487,0.12949984845345588,0.2891444295796589,95.8562835550169,96.88953084440917,98.85734930501548,0.09342091490375487,0.12947182092108803,0.2890379128969023,1.2932475687810614,1.293107790762791,db7fb067bdc77c98,c3b7d1d5c3351367,True,False,1.1572999937925488,4.410599998664111,5.56789999245666,1.1532999924384058,202.97720000962727,204.13050000206567
nominal_heatup,83,93.99999999999996,93.99999999999996,91.2864305030085,91.2864305030085,-2.713569496991454,9754971.395502498,optimal,9750567.021934241,False,False,max_iterations,max_iterations,0.7234029831807544,0.445778281908593,False,5,5,131.7484949081375,8000,8000,6.427189589430782e-07,9.5298307378755e-07,118.09014484016853,0,0,0.00032265497027116183,97.91166268800623,98.91229677898936,100.3642131751305,0.13057060913306123,0.17783706478818284,0.3619811355652087,97.90801599333501,98.90750955417157,100.35703031359752,0.13054153135168856,0.17778210397889083,0.3618171383577616,1.3427927434850884,1.3425829699818155,60063e4050f90a4d,99caa2a4744d6c79,True,False,1.2381999986246228,4.503100004512817,5.7413000031374395,1.1817999766208231,420.6370000028983,421.8187999795191
nominal_heatup,84,97.99999999999996,97.99999999999996,95.28643084808984,95.2864305030085,-2.713569496991454,1517974.071616123,optimal,1526316.2679778845,False,False,max_iterations,max_iterations,0.8616642098103235,0.18628977388293436,False,5,5,191.66006323184067,8000,8000,6.227348166021329e-07,9.025358993497434e-07,10.0,0,0,0.001026852171013806,100.60122716645787,101.51751077952161,102.10596203483205,0.18683678083586278,0.2483230429940918,0.44880864153102273,100.5955643498877,101.51040622254904,102.09681775968414,0.18677391832562415,0.24821456041227877,0.44856698827003555,1.4073030558181963,1.4069997011663442,1d0facda39874a5f,87ef0ed53f06f942,True,True,1.1775000020861626,4.877200000919402,6.054700003005564,1.1726999946404248,269.72310000564903,270.89580000028946
nominal_heatup,85,101.99999999999996,101.99999999999996,99.28643090819115,99.2864305030085,-2.713569496991454,1127324.4361516426,optimal,1141904.8116762913,False,False,max_iterations,max_iterations,0.2887876859480545,0.1636072192034618,False,5,5,121.45893713351816,8000,8000,6.850206233366407e-07,9.92807369648574e-07,10.0,0,0,0.0004142942966820298,104.42520608547386,105.10149658247683,104.17360819205444,0.2777205611545042,0.35548646637073705,0.5493805635896915,104.415711839244,105.0903361464115,104.16212809500313,0.2775778944660746,0.35526712485465695,0.5490441384100803,1.4735143937342212,1.4731661670494591,429765e7a0f0d28e,1530516419791c4e,True,True,1.25790000311099,6.408599991118535,7.666499994229525,1.1898999800905585,234.55680001643486,235.74669999652542
nominal_heatup,86,105.99999999999997,105.99999999999997,103.28643050300852,103.2864305030085,-2.713569496991468,-97586.30580706323,optimal,-95170.43459717727,False,False,max_iterations,max_iterations,0.004696459011755206,0.045823887693518396,False,5,5,86.03951552525754,8000,8000,6.689869707088292e-07,9.931771165483383e-07,10.0,0,0,3.213214007802787e-05,110.53204865106466,110.43552435292857,106.63850786674986,0.4397778836634213,0.5269747169049016,0.6608212000404559,110.51393068493226,110.41661619252383,106.6245018916665,0.4394216564112724,0.5265168582364741,0.660390867305665,1.4003586287754022,1.4008584001724984,5915968c94782f73,5563f88f5d07ee42,True,True,1.406199997290969,6.001000001560897,7.4071999988518655,1.44160000490956,238.5989000031259,240.04050000803545
nominal_heatup,87,109.99999999999997,109.99999999999997,107.28643050300849,107.28643050300849,-2.7135694969914823,-94935.13212969207,optimal,-93314.66226048178,True,True,converged(kkt(residual=5.45e-03<=tol=3.67e-02); obj_plateau(range=4.54e-14)),converged,0.005449061246978689,0.03665532333461812,False,5,5,32.62732549308978,251,8000,5.318654814345791e-07,7.708380680426785e-07,10.0,0,0,3.8275037288772895e-05,121.91163027337625,118.73923430696682,109.66087749686609,0.7709218610341926,0.8068696258089016,0.7749439106803413,121.87045022653112,118.70682221025864,109.63703974259113,0.7699157216985603,0.8059600861523784,0.7744650794668756,1.167786591758611,1.1672187062100186,2d06ec2416195ca0,033ae158ae7f4d4f,True,True,1.2092000106349587,4.665699991164729,5.874900001799688,1.2248999846633524,8.707100001629442,9.931999986292794
nominal_heatup,88,113.99999999999999,113.99999999999999,111.28643096364821,111.28643050300849,-2.7135694969914965,-88549.28648303205,optimal,-87252.33812960368,False,False,max_iterations,max_iterations,0.001875251858933118,0.03435602545768875,False,5,5,14.623551657482693,8000,8000,6.715797269407631e-07,9.733273431677958e-07,10.0,0,0,1.4598609644950736e-05,138.16696757212503,126.35259031999459,113.5631205821991,1.0,1.0,0.8778583383998092,138.14107705939125,126.34066765116891,113.51752540190856,1.0,1.0,0.8773319410006256,1.4822874390054606,1.476553536935666,c8df88971640ae4e,b50d3b3f6fc5837a,True,True,1.1512000055518001,4.701400001067668,5.852600006619468,1.1567000183276832,235.97429998335429,237.13100000168197
nominal_heatup,89,118.0,118.0,115.28643092586837,115.28643050300849,-2.7135694969915107,-92214.97917520048,optimal,-91022.87413896166,False,False,max_iterations,max_iterations,0.0022477098424728685,0.03468747332727088,False,5,5,2.4012130601445847,8000,8000,5.775127220886134e-07,8.765606480665156e-07,10.0,0,0,1.7293357042248653e-05,129.38480456385028,125.99017506210573,117.02799354494442,1.0,1.0,0.9536432687106603,129.36929698366194,125.96054577372115,116.96808392351736,1.0,1.0,0.9531088096720339,0.9818721950746225,0.9818659882135858,777d22aaf6ad0a02,cd67604b37f86d0f,True,True,1.1947000166401267,4.585999995470047,5.780700012110174,1.178500009700656,236.27379999379627,237.45230000349693
nominal_heatup,90,121.99989060622569,121.99989060622569,119.28643095790711,119.28643050300849,-2.7134601032172014,-95021.91631778015,optimal,-93988.86840366185,False,False,max_iterations,max_iterations,0.0013602302767491143,0.03499506371795163,False,5,5,0.0,8000,8000,4.989624926565739e-07,9.428722478332929e-07,10.0,0,0,1.031999000824694e-05,126.86142233211706,123.92086796648114,116.96799737242722,1.0,1.0,0.9837178061991776,126.83541744507217,123.88523295835523,116.8872744862616,1.0,1.0,0.9834461791751405,0.9822054609527281,0.9822023825051848,8613e12e84db9eb4,8bbb816bfaefe073,False,True,1.2070999946445227,4.489900020416826,5.697000015061349,1.1763999937102199,235.8138000126928,236.99020000640303
nominal_heatup,91,125.9999323827487,125.9999323827487,123.2864309554436,123.28643050300849,-2.713501879740207,-94409.6676698789,optimal,-93616.06265726397,True,True,converged(kkt(residual=2.65e-04<=tol=3.47e-02); obj_plateau(range=1.64e-08)),converged,0.0002646128258623456,0.03468257837333994,False,5,5,0.0,701,8000,5.213191798247863e-07,9.377326932735741e-07,10.0,0,0,1.3726266048355008e-07,124.67557476498848,122.42959955652924,116.19135351076761,1.0,1.0,0.9901910806349686,124.64241137171697,122.38078586810248,116.07792867203798,1.0,1.0,0.9900080506786831,0.9822752884721719,0.982273177808264,dfcaad7ce1fe7d6c,d5ec2c8f6884084d,True,True,1.1872000177390873,4.473499982850626,5.6607000005897135,1.1531999916769564,22.086999990278855,23.24019998195581
nominal_heatup,92,129.99996545298993,129.99996545298993,127.28643050300849,127.28643050300849,-2.7135349499814367,-91398.32380663985,optimal,-91305.78782531331,True,True,converged(kkt(residual=1.04e-03<=tol=3.41e-02); obj_plateau(range=2.37e-08)),converged,0.0010423521430966524,0.03409337929402239,False,5,5,0.0,501,8000,5.13424978976218e-07,7.441120546403113e-07,10.0,0,0,2.0312160689778135e-07,123.00603942069634,120.94578147123623,115.78044080548403,1.0,1.0,0.9929647141951886,122.96124245248068,120.87877036953263,115.63298513403136,1.0,1.0,0.992815506942166,0.982305024722138,0.9823032629986481,7e3efc0668688989,04168e3b8d2e910b,True,True,1.1337999894749373,4.352800024207681,5.486600013682619,1.1441000096965581,14.563700009603053,15.707800019299611
nominal_heatup,93,130.0,130.0,130.00000000000003,130.0,0.0,-86471.67047424342,optimal,-87288.19101012283,True,True,converged(kkt(residual=1.07e-02<=tol=3.34e-02); obj_plateau(range=2.93e-14)),converged,0.010733312187118284,0.033366188596943784,False,5,5,0.0,201,8000,5.590106297859165e-07,8.101798245618852e-07,10.0,0,0,9.109985344828331e-05,121.47455614695969,119.79170699118963,115.37313064417454,1.0,1.0,0.9945750327626356,121.41324640475558,119.70305322595944,115.19035417429454,1.0,1.0,0.9944440645426796,0.9823222188034351,0.98232062876052,79cbe36756cf194f,4306af47d7c09e56,False,False,1.135200000135228,5.126100004417822,6.26130000455305,1.2229999992996454,8.384199987631291,9.607199986930937
nominal_heatup,94,130.0,130.0,130.0,130.0,0.0,-80228.49414999815,optimal,-81904.3532521632,True,True,converged(kkt(residual=3.19e-02<=tol=3.25e-02); obj_plateau(range=1.01e-13)),converged,0.031949316950453305,0.0324918386419556,False,5,5,0.0,201,8000,5.69367088587569e-07,8.294493030192029e-07,10.0,0,0,0.00028776647090385704,120.2236179647,118.77491187677295,115.07336372836414,1.0,1.0,0.9956151744290439,120.14198216870632,118.6614382985733,114.8543923115667,1.0,1.0,0.9954954475438947,0.9823333141466939,0.9823318155961331,3138eccb7ab2066d,8b1755366fd326e5,False,False,1.1387999984435737,4.390900023281574,5.529700021725148,1.2012000079266727,8.612999983597547,9.81419999152422
nominal_heatup,95,130.00000000000003,130.00000000000003,130.0,130.0,-2.842170943040401e-14,-73927.0784403765,optimal,-75774.15180446347,False,False,max_iterations,max_iterations,0.04265757811622286,0.03141268313762157,False,5,5,0.0,8000,8000,5.464338670435609e-07,7.960397407913433e-07,10.0,0,0,0.0004127861847705492,119.14672895533973,117.93759198318818,114.833198394839,1.0,1.0,0.9963454776898754,119.04142669033226,117.79674097287229,114.57732460562328,1.0,1.0,0.9962334070272133,0.982341106031778,0.9823396568412448,bf4217e32d15046d,77fd0d70874954c5,False,False,1.1375999893061817,4.47000001440756,5.607600003713742,1.4539000112563372,332.598799985135,334.0526999963913
nominal_heatup,96,130.0,130.0,130.00000000000003,130.0,0.0,-67676.23016674028,optimal,-69720.31556723108,False,False,max_iterations,max_iterations,0.0426464753404533,0.030361936663712775,False,5,5,0.0,8000,8000,5.893307530868697e-07,8.585310107278588e-07,10.0,0,0,0.0004440551673082,118.24792254666069,117.23317683752498,114.675780606877,1.0,1.0,0.9968861620602439,118.1161952852801,117.06278749848343,114.38256440127722,1.0,1.0,0.9967796764480324,0.9823468982938492,0.9823454741393164,d20fd641bd440614,117cf0bbbd77337e,False,False,1.1881999962497503,5.1232000114396214,6.311400007689372,2.280800021253526,333.18069999222644,335.46150001347996
nominal_heatup,97,130.0,130.0,130.0,130.0,0.0,-61511.471627404826,optimal,-63778.43471953129,False,False,max_iterations,max_iterations,0.032319125089565116,0.029346717910028745,False,5,5,0.0,8000,8000,6.834439147951343e-07,9.929964388533108e-07,10.0,0,0,0.0003597469334476266,117.4936159895402,116.65981575146867,114.59312894017211,1.0,1.0,0.9973042677002986,117.33314945049723,116.45814465800713,114.26230590975632,1.0,1.0,0.9972021083696062,0.9823468807359166,0.9823469918302623,09b579dc052a8875,6ae509ae15cd1729,False,False,1.5266999835148454,4.595200007315725,6.1218999908305705,1.1737000022549182,329.30599999963306,330.479700001888
nominal_heatup,98,130.0,130.0,130.0,130.0,0.0,-56120.042169811684,optimal,-58392.25977220542,False,False,max_iterations,max_iterations,0.009881447470383763,0.028442321417400364,False,5,5,0.0,8000,8000,5.483452412136103e-07,7.947223368276468e-07,10.0,0,0,0.00011218856785911852,116.87381441635428,116.20158546875008,114.57345464351172,1.0,1.0,0.9976385776191159,116.68271866124137,115.9672267340741,114.21546098487694,1.0,1.0,0.9975399487705361,0.9823448904785007,0.9823450694846085,630b320342b0521f,6bbf385d7ab689cd,False,False,1.1837999918498099,4.55160002456978,5.7354000164195895,1.1691999970935285,293.8181999779772,294.98739997507073
nominal_heatup,99,130.0,130.0,130.0,130.0,0.0,-51595.08938924481,optimal,-53818.3631613627,True,True,converged(kkt(residual=1.19e-03<=tol=2.77e-02); obj_plateau(range=2.76e-08)),converged,0.0011857839291141126,0.027688282541843127,False,5,5,0.0,501,8000,5.473341389006237e-07,7.973499913660476e-07,10.0,0,0,2.4021701057079324e-07,116.37411611903806,115.84630283598223,114.60333650819395,1.0,1.0,0.9979128654985526,116.15086102698862,115.58207204364666,114.22557168903725,1.0,1.0,0.9978176451708335,0.9823424216412281,0.9823427058549832,e57caa8a25a31332,c36c22a59e4c91a6,False,False,1.1928000021725893,4.357199999503791,5.550000001676381,1.1632000096142292,20.334400003775954,21.497600013390183
nominal_heatup,100,130.0,130.0,129.86736831053275,129.86736831053275,-0.1326316894672459,-47738.34843876299,optimal,-49918.842862933445,True,True,converged(kkt(residual=1.77e-02<=tol=2.71e-02); obj_plateau(range=7.32e-13)),converged,0.017707771177033402,0.027051384005405545,False,5,5,0.0,201,8000,7.020856571671175e-07,9.432334993064728e-07,10.0,0,0,0.0002541059125311123,115.98176854194566,115.58049997220573,114.67273669299736,1.0,1.0,0.9981424059952555,115.72805435149337,115.2893012306656,114.28166036635055,1.0,1.0,0.9980506919237895,0.9823393266126954,0.9823397747845084,2385436888d7f5f1,bd3d47fc50608eb2,False,False,1.1706000077538192,4.424899991136044,5.5954999988898635,1.1584999738261104,11.488000018289313,12.646499992115423
nominal_heatup,101,130.0,130.0,129.69055095069072,129.69055095069072,-0.3094490493092792,-44385.1497578822,optimal,-46496.17668974741,False,False,max_iterations,max_iterations,0.0300713354860744,0.026496503663951936,False,5,5,0.0,8000,8000,5.967793299532786e-07,8.72675050445082e-07,10.0,0,0,0.0004591450141715733,115.68348739564843,115.39224971548659,114.7733761753729,1.0,1.0,0.9983375081799573,115.40190923649766,115.07786118646801,114.3734781032005,1.0,1.0,0.9982494724892059,0.9823353823124946,0.9823360877522107,960efab763600d9e,3bb52e86eb2a830f,False,False,1.2292999890632927,4.478299990296364,5.707599979359657,1.1833999888040125,436.924400011776,438.10780000058
nominal_heatup,102,130.0,130.0,129.53465676852272,129.53465676852272,-0.4653432314772772,-41432.17723552292,optimal,-43473.84947170732,False,False,max_iterations,max_iterations,0.030207691401095912,0.02601098911174984,False,5,5,0.0,8000,8000,6.316000167316815e-07,9.153843167908349e-07,10.0,0,0,0.00048607836880438875,115.46699720520087,115.27047641046813,114.89895015312577,1.0,1.0,0.9985053985467939,115.1610296084698,114.93650103737296,114.49365968360642,1.0,1.0,0.9984211924019711,0.9823302364063934,0.982331354547802,752d72eba460d21b,c1e22e33cd2dffaf,False,False,1.1722999915946275,4.623800021363422,5.79610001295805,1.1568999907467514,442.82349999411963,443.9803999848664
nominal_heatup,103,130.0,130.0,129.3956644120323,129.3956644120323,-0.6043355879677108,-38800.23811678493,optimal,-40787.604641314414,True,True,converged(kkt(residual=2.18e-02<=tol=2.56e-02); obj_plateau(range=2.06e-13)),converged,0.021816154488213606,0.02558481439631254,False,5,5,0.0,251,8000,5.96950314957212e-07,8.729245397631757e-07,10.0,0,0,0.00036168813572128717,115.32091437603208,115.20543165748722,115.0444056578174,1.0,1.0,0.9986513192830585,114.99412732751954,114.8553601357715,114.63621899082128,1.0,1.0,0.998571047716776,0.9823232979433136,0.9823251025604345,c3809cee8caabb49,b73e06692760ad5c,False,False,1.1993999942205846,4.515400010859594,5.714800005080178,1.177600002847612,13.922500016633421,15.100100019481033
nominal_heatup,104,127.51367053358437,127.51367053358437,129.4241011839244,129.4241011839244,1.9104306503400181,-36443.292764143975,optimal,-38375.374438356725,False,False,max_iterations,max_iterations,0.005225744902164574,0.025206448764335344,False,5,5,0.0,8000,8000,6.435373336444172e-07,9.371038123262565e-07,10.0,0,0,7.713255029316648e-05,115.23507082818729,115.18850446317832,115.20573477802238,1.0,1.0,0.9987791809052663,114.89097537358036,114.8254873314934,114.79655778548666,1.0,1.0,0.9987028950471173,0.9823134959856353,0.9823165100969992,3836dc8b90b1f759,835158ffe2b742ee,False,False,1.1566000175662339,4.466499987756833,5.623100005323067,1.1644999904092401,408.1084000063129,409.2728999967221
nominal_heatup,105,123.51367053358437,123.51367053358437,127.10147135972662,127.10147135972662,3.5878008261422423,-33820.55384922086,optimal,-36229.88763440728,True,True,converged(kkt(residual=1.03e-03<=tol=2.49e-02); obj_plateau(range=2.12e-08)),converged,0.0010339862760733948,0.02487748066632265,False,5,5,0.0,551,8000,6.268057006764138e-07,9.084358909561274e-07,10.0,0,0,1.743338516833709e-07,115.2004559348684,115.21221594749524,115.3796800548032,1.0,1.0,0.9988919729215745,114.84229513860677,114.83907512647667,114.97044844353695,1.0,1.0,0.9988196744475839,0.982298666550522,0.9823040080608247,b9e863dce0e3f4c6,3682c2327c177dbe,True,False,1.1851000017486513,4.642200015950948,5.827300017699599,1.180300023406744,29.42340000299737,30.603700026404113
nominal_heatup,106,119.51367053358439,119.51367053358439,123.10147135972665,123.10147135972665,3.5878008261422565,-31227.60853450666,optimal,-33801.93156695315,True,True,converged(kkt(residual=5.54e-07<=tol=2.44e-02); obj_plateau(range=8.61e-16)),converged,5.536338070129491e-07,0.024422339261291705,False,5,5,0.0,251,8000,6.353953097004705e-07,9.256357760278888e-07,10.0,0,0,-1.1075356633614097e-08,115.20919768618243,115.27008690892484,115.56358384887575,1.0,1.0,0.9989920290559345,114.83990155739536,114.88909979267578,115.15438245006519,1.0,1.0,0.9989236700548213,0.9822736572301737,0.9822841769585211,1d658153d96f751b,19283f26089efad0,True,True,1.1651999957393855,4.415900009917095,5.581100005656481,1.3328999921213835,22.508800000650808,23.84169999277219
nominal_heatup,107,115.5136705335844,115.5136705335844,119.1014713597266,119.10147135972665,3.5878008261422423,-29009.267881303444,optimal,-31326.00768427004,True,True,converged(kkt(residual=5.08e-07<=tol=2.39e-02); obj_plateau(range=4.65e-16)),converged,5.078418688708003e-07,0.0238980035536737,False,5,5,0.0,201,8000,5.747700839719982e-07,8.330201355377653e-07,10.0,0,0,-1.0553376170733254e-08,115.25445940994148,115.35654084745721,115.75525258296665,1.0,1.0,0.999081204933543,114.87647283937929,114.9694124734888,115.34557390608065,1.0,1.0,0.9990166924757865,0.9822221567850624,0.9822477915021454,29589345bbac3496,f334722b529816e9,True,True,1.1935000075027347,4.6458999859169126,5.839399993419647,1.2106000212952495,24.87470000050962,26.08530002180487
nominal_heatup,108,111.51367053358442,111.51367053358442,115.10147135972665,115.10147135972665,3.587800826142228,-27125.599879863737,optimal,-29195.908022588406,True,True,converged(kkt(residual=5.50e-07<=tol=2.34e-02); obj_plateau(range=6.23e-16)),converged,5.49691200704458e-07,0.023422934497114734,False,5,5,0.0,201,8000,6.424667731153022e-07,9.359372938888555e-07,10.0,0,0,-1.1781799590344041e-08,115.3303411771519,115.46679023151611,115.9528677325596,1.0,1.0,0.9991609999933642,114.94555908906139,115.07467828431773,115.54183067729322,1.0,1.0,0.9991002045820793,0.982036710211593,0.9821566902784711,d2fcd83312e011ad,119632df702f5b65,True,True,1.3131999876350164,4.512599989539012,5.825799977174029,1.1534999939613044,24.26860001287423,25.422100006835535
nominal_heatup,109,107.51367053358442,107.51367053358442,111.10147135972666,111.10147135972666,3.5878008261422423,-25540.180937504734,optimal,-27377.94253057285,True,True,converged(kkt(residual=5.10e-07<=tol=2.30e-02); obj_plateau(range=1.17e-08)),converged,5.09767918473462e-07,0.02299468989552743,False,5,5,0.0,301,8000,5.938431257845878e-07,8.606628769669555e-07,10.0,0,0,-1.1182458747899028e-08,115.43176995432552,115.5967375806459,116.14525789622697,1.0,1.0,0.9992326432739298,115.04153924916962,115.20031599594753,115.74201397758917,1.0,1.0,0.99917540842013,0.9823254247576341,0.9818397327016268,e56ea95d59172fbc,82bb05dc6f898282,True,True,1.171100011561066,4.348999995272607,5.5201000068336725,1.1842999956570566,17.170500010252,18.354800005909055
nominal_heatup,110,104.74732645273446,104.74732645273446,107.9926304761028,107.9926304761028,3.245304023368348,-24223.174938669166,optimal,-25842.429397348984,True,True,converged(kkt(residual=2.66e-03<=tol=2.26e-02); obj_plateau(range=2.25e-08)),converged,0.002658757327456907,0.022611090765917854,False,5,5,0.0,451,8000,6.877092033619192e-07,9.967039433789182e-07,10.0,0,0,1.853739815585095e-07,115.55439788083535,115.73929364464588,116.31852697790517,1.0,1.0,0.9992970722803753,115.15956521383701,115.34263736558623,115.93598296767684,1.0,1.0,0.999243311569661,0.9840832867415834,0.9831555516623995,d37f4e1d6900c9bc,741954abb81eea59,False,False,1.2212999863550067,4.40490001346916,5.626199999824166,1.1699000024236739,23.251500009791926,24.4214000122156
nominal_heatup,111,102.99720704232483,102.99720704232483,105.76095676776366,105.76095676776366,2.763749725438828,-23375.343443056317,optimal,-24730.77678072323,True,True,converged(kkt(residual=2.13e-03<=tol=2.23e-02); obj_plateau(range=1.87e-08)),converged,0.0021304845379171563,0.02232488319763606,False,5,5,0.0,601,8000,6.829974239508374e-07,9.987507514352956e-07,10.0,0,0,1.5100811996036414e-07,115.6918392967196,115.88585815419552,116.46170220621867,1.0,1.0,0.9993549982502702,115.29565105608039,115.49512480703032,116.11001915895336,1.0,1.0,0.9993046917181206,0.9857126246133833,0.9848240342145318,de4bbd2e642e5619,3167a77bdd9cd4ce,False,False,1.189300004625693,4.3917000002693385,5.5810000048950315,1.1679000162985176,30.951699998695403,32.11960001499392
nominal_heatup,112,101.9945929818776,101.9945929818776,104.23359337870224,104.23359337870224,2.239000396824636,-22894.09715508341,optimal,-23985.0820318643,True,True,converged(kkt(residual=2.05e-03<=tol=2.21e-02); obj_plateau(range=2.19e-08)),converged,0.002051133590273819,0.022126979985927282,False,5,5,0.0,651,8000,6.744161140659344e-07,9.798792248716381e-07,10.0,0,0,1.78992950140565e-07,115.83606232233235,116.02777215556937,116.56643901890706,1.0,1.0,0.9994069989253009,115.44392895167564,115.64952530385226,116.25334317045504,1.0,1.0,0.9993601366977265,0.9871591657204184,0.9863073594138306,8fd324a4fbc00f23,e759a3ae4abcf292,False,False,1.186500012408942,4.4806999794673175,5.6671999918762594,1.1818000057246536,33.33129998645745,34.513099992182106
nominal_heatup,113,101.56047175339587,101.56047175339587,103.29327367928552,103.29327367928552,1.732801925889646,-22684.395465026417,optimal,-23527.32119361722,True,True,converged(kkt(residual=1.72e-03<=tol=2.20e-02); obj_plateau(range=1.92e-08)),converged,0.001716026988563526,0.021999479968590974,False,5,5,0.0,701,8000,6.62243863303047e-07,9.621937868686814e-07,10.0,0,0,1.55180448890227e-07,115.97856894539393,116.15672661208384,116.6267112405808,1.0,1.0,0.9994535758332341,115.59675805474124,115.79753336972226,116.35769390267403,1.0,1.0,0.9994101256329943,0.9884511640664929,0.9876362317403867,4beeb90b0d1c897d,17414abcdb74ff5d,False,False,1.1644000187516212,4.349299997556955,5.513700016308576,1.1514000070746988,35.73669999605045,36.888100003125146
nominal_heatup,114,101.5632870298841,101.5632870298841,102.8218278937246,102.8218278937246,1.2585408638405085,-22680.832001042647,optimal,-23301.229437768772,True,True,converged(kkt(residual=1.82e-03<=tol=2.19e-02); obj_plateau(range=2.63e-08)),converged,0.001819976886933084,0.021929503757368768,False,5,5,0.0,701,8000,6.560256764487349e-07,9.531591871336786e-07,10.0,0,0,2.1682879988717972e-07,116.1110016277651,116.26519072720836,116.6381452594568,1.0,1.0,0.9994951875011794,115.74600346197445,115.93110704439117,116.4171340623011,1.0,1.0,0.9994550785252588,0.9896100026653915,0.9888331841714052,efbf8aa587e21c00,0abbe2c08064ea32,False,False,1.180699997348711,4.337899998063222,5.5185999954119325,1.1571999930310994,35.713600023882464,36.87080001691356
nominal_heatup,115,101.89932466346525,101.89932466346525,102.74782138879769,102.74782138879769,0.8484967253324385,-22834.512446000794,optimal,-23257.7966038828,True,True,converged(kkt(residual=1.37e-03<=tol=2.19e-02); obj_plateau(range=1.79e-08)),converged,0.0013673406998110245,0.021905213025561626,False,5,5,0.0,751,8000,6.542778550056028e-07,9.50619751804993e-07,10.0,0,0,1.440033598244039e-07,116.22561738588013,116.3464998665083,116.60239153238048,1.0,1.0,0.999532264842335,115.88359935886407,116.04295207046036,116.43081734475795,1.0,1.0,0.999495385582176,0.9906503725100121,0.9899136644785015,cec857976e7b6bd2,5240d50b7288fea0,False,False,1.1597000120673329,4.338300001109019,5.498000013176352,1.1683999910019338,38.629099988611415,39.79749997961335
nominal_heatup,116,102.4832393027911,102.4832393027911,102.97191804339795,102.97191804339795,0.4886787406068436,-23106.561158298326,optimal,-23362.06212778299,True,True,converged(kkt(residual=1.37e-03<=tol=2.19e-02); obj_plateau(range=2.08e-08)),converged,0.0013659797132299614,0.021918467892399086,False,5,5,0.0,751,8000,6.564826122712475e-07,9.538230596461972e-07,10.0,0,0,1.690796951356408e-07,116.31547482204162,116.39667909505009,116.52449439697672,1.0,1.0,0.9995652378889345,116.00205346433094,116.12788395185595,116.40149123882213,1.0,1.0,0.9995314366584226,0.9915835509944596,0.9908889507928592,69b0988ebff18984,b7e85e6acb29af98,False,False,1.207799999974668,4.348299989942461,5.556099989917129,1.1713999847415835,38.44160001608543,39.613000000827014
nominal_heatup,117,103.24342370186113,103.24342370186113,103.4275794089062,103.4275794089062,0.1841557070450648,-23464.82535102443,optimal,-23577.29736010576,True,True,converged(kkt(residual=1.35e-03<=tol=2.20e-02); obj_plateau(range=2.30e-08)),converged,0.0013495280799297766,0.02195998041440231,False,5,5,0.0,751,8000,6.615272951648876e-07,9.611526223807232e-07,10.0,0,0,1.8859681145707098e-07,116.37583764500803,116.4140031420653,116.41140792188651,1.0,1.0,0.9995945347488367,116.09558897866845,116.18280855405195,116.3341528476135,1.0,1.0,0.9995636267541061,0.9924189315068681,0.9917679811023955,cf725ed5208c0672,737896cd8fdbf8b5,False,False,1.1618999997153878,4.634100012481213,5.7960000121966,1.2104999914299697,38.379999983590096,39.590499975020066
nominal_heatup,118,104.11961742004993,104.11961742004993,104.05449239406092,104.05449239406092,-0.06512502598901904,-23882.164048204708,optimal,-23876.024429501467,True,True,converged(kkt(residual=1.33e-03<=tol=2.20e-02); obj_plateau(range=2.46e-08)),converged,0.0013269324420446356,0.022023002199975873,False,5,5,0.0,751,8000,6.686907596531455e-07,9.715606656968134e-07,10.0,0,0,2.022729454911903e-07,116.40420779176192,116.39885349619477,116.27060070145656,1.0,1.0,0.9996205719083455,116.16042324899719,116.20664196125915,116.23490690824515,1.0,1.0,0.9995923494503173,0.993165035931697,0.9925585271918229,d16f771a63e9fc16,c7342c30c92f7c56,False,False,1.2676999904215336,4.500700015341863,5.768400005763397,1.1931000044569373,38.400799996452406,39.59390000090934
nominal_heatup,119,105.06153534219862,105.06153534219862,104.79950284949534,104.79950284949534,-0.262032492703284,-24335.55092785534,optimal,-24234.02709012374,True,True,converged(kkt(residual=1.30e-03<=tol=2.21e-02); obj_plateau(range=2.56e-08)),converged,0.0013039191786398555,0.022101536249059993,False,5,5,0.0,751,8000,6.773348246724709e-07,9.841198664872763e-07,10.0,0,0,2.104394815643196e-07,116.40022770077094,116.35317547905689,116.10939553935793,1.0,1.0,0.9996437425862514,116.19477971624508,116.1999690368256,116.11018579493074,1.0,1.0,0.9996179862589352,0.9938298762655099,0.9932677906692743,a7de96f8b79b7a3f,57cf71d3c5659e62,False,False,1.1743000068236142,4.390899994177744,5.565200001001358,1.1578999983612448,38.56059999088757,39.71849998924881
nominal_heatup,120,106.02790906395208,106.02790906395208,105.61690409052305,105.61690409052305,-0.41100497342903,-24805.58351194551,optimal,-24630.23214789896,True,True,converged(kkt(residual=1.28e-03<=tol=2.22e-02); obj_plateau(range=2.60e-08)),converged,0.0012836295744435846,0.022190349024509008,False,5,5,0.0,751,8000,6.86908251168461e-07,9.980293507183546e-07,10.0,0,0,2.1380105542314768e-07,116.36525164810428,116.28005715674846,115.93454903578908,1.0,1.0,0.9996644084291715,116.19863717383829,116.16467032800784,115.96635434997383,1.0,1.0,0.9996408969355499,0.9944210915739062,0.9939026323228243,7d08b173cb3a959a,d0fd0921e8f84acf,False,False,1.1708999809343368,4.292800003895536,5.463699984829873,1.196700002765283,38.52919998462312,39.7258999873884
nominal_heatup,121,106.98566515475855,106.98566515475855,106.46834521110623,106.46834521110623,-0.5173199436523248,-25276.182069612656,optimal,-25046.586959693876,True,True,converged(kkt(residual=1.27e-03<=tol=2.23e-02); obj_plateau(range=2.59e-08)),converged,0.0012672510499859666,0.02228495871514356,False,5,5,0.0,751,8000,5.324768608261365e-07,7.786433648959701e-07,10.0,0,0,2.159359123985441e-07,116.30192271467624,116.18330568692207,115.75206712542303,1.0,1.0,0.9996828950043061,116.1733880751686,116.10358624213188,115.80932603565843,1.0,1.0,0.9996614130163896,0.9949459457145879,0.9944696727631979,38be05e66f5ea195,a0d0af55d9903e6c,False,False,1.1813999735750258,4.324200010159984,5.50559998373501,1.2738000077661127,38.89490000437945,40.168700012145564
nominal_heatup,122,107.90912287613187,107.90912287613187,107.32250152828148,107.32250152828148,-0.5866213478503965,-25734.359342976328,optimal,-25467.937723322917,True,True,converged(kkt(residual=1.26e-03<=tol=2.24e-02); obj_plateau(range=2.55e-08)),converged,0.0012551285338154889,0.02238161007158674,False,5,5,0.0,751,8000,5.402102232210382e-07,7.899518790210891e-07,10.0,0,0,2.1239780556801855e-07,116.21374929249215,116.06711279707892,115.56711798939725,1.0,1.0,0.9996994906389256,116.12150120352716,116.0201611922107,115.64442949364421,1.0,1.0,0.9996798341573856,0.9954112906030395,0.9949752666780308,da566a5423edd9e6,25f952bf5d00cb27,False,False,1.1758000182453543,4.611899988958612,5.787700007203966,1.2040000001434237,38.990700006252155,40.19470000639558
nominal_heatup,123,108.77917600381197,108.77917600381197,108.15457691672434,108.15457691672434,-0.6245990870876312,-26169.999394577793,optimal,-25881.892824341336,True,True,converged(kkt(residual=1.25e-03<=tol=2.25e-02); obj_plateau(range=2.49e-08)),converged,0.0012466160112639202,0.02247723854446044,False,5,5,0.0,751,8000,5.477759543737193e-07,8.010152701132256e-07,10.0,0,0,2.06714111318096e-07,116.10474772785624,115.93577915873118,115.38401963783674,1.0,1.0,0.9997144475588827,116.04617057207292,115.91817729267378,115.47631745724946,1.0,1.0,0.9996964271986608,0.9958235229889992,0.9954254613360846,c664b2888f500a1e,e688f8134071d99b,False,False,1.1944000143557787,4.499000002397224,5.693400016753003,1.1906000145245343,38.85670000454411,40.04730001906864
nominal_heatup,124,109.58246049014228,109.58246049014228,108.94569989414154,108.94569989414154,-0.636760596000741,-26575.61715013931,optimal,-26278.659047607645,True,True,converged(kkt(residual=1.24e-03<=tol=2.26e-02); obj_plateau(range=2.41e-08)),converged,0.001240907902468629,0.02256942422546408,False,5,5,0.0,751,8000,5.549960349071625e-07,8.115732237357065e-07,10.0,0,0,1.996334471601927e-07,115.97914571890874,115.79350621176205,115.2062655489022,1.0,1.0,0.9997279844333167,115.95102735634022,115.80152166203689,115.3089404853054,1.0,1.0,0.9997114270540738,0.9961885537467053,0.9958259486861326,21073f3056478132,40ae02bf97262011,False,False,1.1732999992091209,4.398399993078783,5.571699992287904,1.1764000228140503,38.92869999981485,40.1051000226289
nominal_heatup,125,110.31052517466726,110.31052517466726,109.68225371763,109.68225371763,-0.6282714570372576,-26946.090440136664,optimal,-26650.84488091042,True,True,converged(kkt(residual=1.24e-03<=tol=2.27e-02); obj_plateau(range=2.32e-08)),converged,0.001237168859227912,0.0226563371454973,False,5,5,0.0,751,8000,5.61741074989186e-07,8.214364628500448e-07,10.0,0,0,1.9177381081122858e-07,115.84115144483526,115.64424202548645,115.03657726202401,1.0,1.0,0.9997402896215947,115.83989298590183,115.67400987082998,115.14554951299637,1.0,1.0,0.9997250387671653,0.9965117926350437,0.9961820299358725,c42593406137b413,55e8f9b48a43f51a,False,False,1.1765999952331185,4.466099984711036,5.642699979944155,1.1941000120714307,38.831999991089106,40.026100003160536
nominal_heatup,126,110.95902649535982,110.95902649535982,110.35517778946289,110.35517778946289,-0.6038487058969366,-27278.3679729518,optimal,-26993.231860970438,True,True,converged(kkt(residual=1.23e-03<=tol=2.27e-02); obj_plateau(range=2.22e-08)),converged,0.0012346697874599584,0.022736675609506374,False,5,5,0.0,751,8000,5.679228820554272e-07,8.304761252020398e-07,10.0,0,0,1.8362138281701562e-07,115.694779733345,115.49157547728242,114.87697229839662,1.0,1.0,0.99975152465246,115.71658453503797,115.53924980768528,114.98872618541293,1.0,1.0,0.9997374401780659,0.996798148453726,0.99649859351992,e82a54e80e50bfc9,eaca2bd0f8101930,False,False,1.2741000100504607,4.515299980994314,5.789399991044775,1.1756000167224556,38.732899993192405,39.90850000991486
nominal_heatup,127,111.52696651172452,111.52696651172452,110.95927008658596,110.95927008658596,-0.5676964251385641,-27571.162744372035,optimal,-27302.520564777264,True,True,converged(kkt(residual=1.23e-03<=tol=2.28e-02); obj_plateau(range=2.13e-08)),converged,0.0012328478762916393,0.022809600045259688,False,5,5,0.0,751,8000,5.734901264986547e-07,8.386171668206543e-07,10.0,0,0,1.7554150059400074e-07,115.543728783927,115.33866972844109,114.72884152044904,1.0,1.0,0.9997618276398987,115.58476358083927,115.40054568312081,114.84042982518486,1.0,1.0,0.9997487848310675,0.997052041800417,0.9967801072806326,d6fb6a52c88100c8,0d908bfcc068b8c0,False,False,1.181900006486103,4.349499999079853,5.531400005565956,1.1712000123225152,38.740099989809096,39.91130000213161
nominal_heatup,128,112.0159895249631,112.0159895249631,111.4925143285773,111.4925143285773,-0.5234751963858031,-27824.64266955732,optimal,-27577.06095155734,True,True,converged(kkt(residual=1.23e-03<=tol=2.29e-02); obj_plateau(range=2.04e-08)),converged,0.0012313546706147753,0.022874664986391364,False,5,5,0.0,751,8000,6.165910519939644e-07,8.958634110101116e-07,10.0,0,0,1.6693603666568592e-07,115.39129907788596,115.18822808424062,114.59303068633844,1.0,1.0,0.9997713164704534,115.44782605359775,115.26083467293985,114.70205663420856,1.0,1.0,0.999759204875936,0.9972774273965833,0.997030622493045,a02519e4e7f07226,de1add751010fe9d,False,False,1.1851000017486513,4.364099993836135,5.549199995584786,1.1788999836426228,38.4978000074625,39.676699991105124
nominal_heatup,129,112.4297478990441,112.4297478990441,111.95544917614087,111.95544917614087,-0.47429872290322805,-28040.130057284372,optimal,-27816.577786116228,True,True,converged(kkt(residual=1.23e-03<=tol=2.29e-02); obj_plateau(range=1.96e-08)),converged,0.001229881598054254,0.022931751710750844,False,5,5,0.0,751,8000,6.211470378048034e-07,9.024829443760041e-07,10.0,0,0,1.5969566749675432e-07,115.24034718847308,115.04248540443025,114.46992261042787,1.0,1.0,0.9997800916818668,115.30882687056558,115.1226517215315,114.57450559899681,1.0,1.0,0.9997688138173827,0.9974778229709623,0.9972537873475891,0944496ab5e902c4,7274e26d49562df1,False,False,1.1837999918498099,4.5514999947045,5.73529998655431,1.1670000094454736,38.30129999550991,39.46830000495538
nominal_heatup,130,112.77334317050997,112.77334317050997,112.35059272028222,112.35059272028222,-0.4227504502277526,-28219.819899470218,optimal,-28021.90188664386,True,True,converged(kkt(residual=1.23e-03<=tol=2.30e-02); obj_plateau(range=1.88e-08)),converged,0.0012283593152196087,0.022981003694689184,False,5,5,0.0,751,8000,6.250499779980601e-07,9.08153602985351e-07,10.0,0,0,1.5307236443501143e-07,115.09326754106645,114.90321926798465,114.35951700640007,1.0,1.0,0.9997882390070991,115.17043442955797,114.98811699212064,114.45824746160324,1.0,1.0,0.9997777090342013,0.9976563421371002,0.9974528672757393,19212ae04d9168c8,ed24f578832d0cef,False,False,1.2288000143598765,4.397199983941391,5.625999998301268,1.1698000016622245,38.338899990776554,39.50869999243878
nominal_heatup,131,113.05284459187672,113.05284459187672,112.68192888472149,112.68192888472149,-0.37091570715523403,-28366.524556881413,optimal,-28194.71594691871,True,True,converged(kkt(residual=1.23e-03<=tol=2.30e-02); obj_plateau(range=1.81e-08)),converged,0.0012267666849217114,0.02302276667762485,False,5,5,0.0,751,8000,6.283353286562487e-07,9.129270166496894e-07,10.0,0,0,1.4712162607789517e-07,114.95199603110646,114.77177573485226,114.2615058944809,1.0,1.0,0.9997958315894138,115.03490960072817,114.85894136694134,114.35339352832601,1.0,1.0,0.9997859740352883,0.9978157291728691,0.9976307698505692,c796fea6ac8e4159,3aef7a54461bdc8d,False,False,1.1857000063173473,4.3876999989151955,5.573400005232543,1.1645000195130706,38.531299971509725,39.695799991022795
nominal_heatup,132,113.27488403338852,113.27488403338852,112.9544600149656,112.9544600149656,-0.3204240184229121,-28483.449808384306,optimal,-28337.322083287658,True,True,converged(kkt(residual=1.23e-03<=tol=2.31e-02); obj_plateau(range=1.75e-08)),converged,0.0012251360429337342,0.023057534511783523,False,5,5,0.0,751,8000,6.310503124495881e-07,9.168716781360331e-07,10.0,0,0,1.4186031846726545e-07,114.81803010253256,114.64910532932069,114.17534303006282,1.0,1.0,0.9998029318913931,114.90410442323856,114.7364456250145,114.25976198539571,1.0,1.0,0.9997936804479138,0.9979583940981399,0.9977900723308223,6fd6106820bb5826,bfd7795e336763c3,False,False,1.1835999903269112,4.396200005430728,5.579799995757639,1.2462000013329089,39.27829998428933,40.52449998562224
nominal_heatup,133,113.44632369352553,113.44632369352553,113.17382594915337,113.17382594915337,-0.2724977443721599,-28574.004750094653,optimal,-28452.435884999577,True,True,converged(kkt(residual=1.22e-03<=tol=2.31e-02); obj_plateau(range=1.70e-08)),converged,0.0012235261736732266,0.023085901598576763,False,5,5,0.0,751,8000,6.332473532211225e-07,9.20063849996211e-07,10.0,0,0,1.3727761160649882e-07,114.69246064907576,114.53580554264373,114.10030635670321,1.0,1.0,0.9998095933286212,114.77947602646803,114.62158952753187,114.17693995034013,1.0,1.0,0.9998008897502647,0.998086446878372,0.9979330503219003,64869f7732d5e695,10977ca42231ac99,False,False,1.266500010387972,4.570199991576374,5.836700001964346,1.1784999805968255,38.47900000982918,39.657499990426004
nominal_heatup,134,113.57399129119314,113.57399129119314,113.34598759585437,113.34598759585437,-0.22800369533877074,-28641.645894218684,optimal,-28543.009599595454,True,True,converged(kkt(residual=1.22e-03<=tol=2.31e-02); obj_plateau(range=1.66e-08)),converged,0.0012220041528348945,0.02310852223522466,False,5,5,0.0,751,8000,6.4990368286999e-07,9.46770914111994e-07,10.0,0,0,1.3329139847846028e-07,114.57601179600425,114.43216681045011,114.03555293008307,1.0,1.0,0.9998158616610835,114.66211182344047,114.51500751968456,114.10434006593033,1.0,1.0,0.999807654769008,0.9982017299509353,0.9980617063914651,c8dba90f89492983,bf00829d214f0953,False,False,1.2408999900799245,4.601399996317923,5.8422999863978475,1.208700006827712,38.77210000064224,39.98080000746995
nominal_heatup,135,113.66447624966304,113.66447624966304,113.47697079946371,113.47697079946371,-0.18750545019932474,-28689.75412762738,optimal,-28612.0852120524,True,True,converged(kkt(residual=1.22e-03<=tol=2.31e-02); obj_plateau(range=1.62e-08)),converged,0.0012206249452502136,0.023126076854734296,False,5,5,0.0,751,8000,6.512404553404849e-07,9.487183039169622e-07,10.0,0,0,1.2996360501514596e-07,114.46908528738683,114.33821951258183,113.98016613596978,1.0,1.0,0.9998217761744693,114.552762515624,114.41704829183604,114.0412508969202,1.0,1.0,0.9998140209663502,0.9983058485695412,0.9981777978028321,b96e4f99370dfe85,4734df8e40f3aa65,False,False,1.1735000007320195,4.504200012888759,5.677700013620779,1.1743999784812331,38.633699994534254,39.80809997301549
nominal_heatup,136,113.72397973718785,113.72397973718785,113.55816100221993,113.55816100221993,-0.16581873496791388,-28721.541969420578,optimal,-28662.673306072033,True,True,converged(kkt(residual=1.66e-03<=tol=2.31e-02); obj_plateau(range=2.91e-08)),converged,0.001658465266439379,0.02313924484007153,False,5,5,0.0,701,8000,6.523855802242906e-07,9.503865259219424e-07,10.0,0,0,2.4190751354374905e-07,114.37180681540183,114.25378008298055,113.93319532330759,1.0,1.0,0.9998273706810459,114.4518799713805,114.32781593115413,113.98688077743715,1.0,1.0,0.999820027541725,0.9984001986945633,0.9982828628007834,4ef9265ee5c2a8bb,41e3f6528673b33e,False,False,1.1794999882113189,4.412400012370199,5.591900000581518,1.3331999944057316,36.274699989007786,37.60789998341352
nominal_heatup,137,113.7582112037024,113.7582112037024,113.61886363696684,113.61886363696684,-0.13934756673556592,-28739.987784314428,optimal,-28694.825069805476,True,True,converged(kkt(residual=1.66e-03<=tol=2.31e-02); obj_plateau(range=2.88e-08)),converged,0.0016572487091861894,0.023147768469151356,False,5,5,0.0,701,8000,6.530195975074093e-07,9.513101488778375e-07,10.0,0,0,2.3895196137482725e-07,114.28407218653929,114.17849479387917,113.89368820396355,1.0,1.0,0.999832674366553,114.35965753752038,114.24721085863044,113.94039506435865,1.0,1.0,0.9998257083721379,0.9984859923298628,0.9983782451013176,5a7bd9475aa551ab,41b3ce566b89c056,False,False,1.1924999998882413,4.708699998445809,5.90119999833405,1.1870000162161887,36.56139998929575,37.74840000551194
nominal_heatup,138,113.77232415358681,113.77232415358681,113.659462595007,113.659462595007,-0.11286155857980873,-28747.793202897083,optimal,-28716.402608654706,True,True,converged(kkt(residual=1.66e-03<=tol=2.32e-02); obj_plateau(range=2.85e-08)),converged,0.0016562868367781488,0.02315384026927159,False,5,5,0.0,701,8000,6.534555154757982e-07,9.519451964479231e-07,10.0,0,0,2.3615944448443488e-07,114.20559171714658,114.11188019403404,113.86071653728332,1.0,1.0,0.9998377125061872,114.27607081579346,114.17496916452211,113.90094699236357,1.0,1.0,0.9998310928131853,0.9985642803294829,0.9984651164043757,b8fcf5999b83fbb6,a9bab5bb1169a60a,False,False,1.271499990252778,4.470399988349527,5.741899978602305,1.1944000143557787,36.1585000064224,37.35290002077818
nominal_heatup,139,113.7708842372533,113.7708842372533,113.68236629212521,113.68236629212521,-0.08851794512808908,-28747.359895550035,optimal,-28728.66078143672,True,True,converged(kkt(residual=1.66e-03<=tol=2.32e-02); obj_plateau(range=2.82e-08)),converged,0.0016555838733599568,0.02315768434921542,False,5,5,0.0,701,8000,6.537158583341807e-07,9.523244557385624e-07,10.0,0,0,2.3377459480245852e-07,114.13593168732321,114.0533595342438,113.83339572920826,1.0,1.0,0.9998425070695166,114.20091736818279,114.11069932746264,113.867702503962,1.0,1.0,0.9998362063803886,0.9986359727793921,0.9985444968718592,efe543e9e397ff5b,4fdb82437ca0e3fc,False,False,1.190800016047433,4.466499987756833,5.6573000038042665,1.200400001835078,36.14189999643713,37.34229999827221
nominal_heatup,140,113.7578632559269,113.7578632559269,113.69066549730559,113.69066549730559,-0.06719775862131883,-28740.7819672037,optimal,-28733.219331020442,True,True,converged(kkt(residual=1.66e-03<=tol=2.32e-02); obj_plateau(range=2.80e-08)),converged,0.0016551309652233,0.023159646384744673,False,5,5,0.0,701,8000,6.538297299130136e-07,9.524902973012672e-07,10.0,0,0,2.3186352909481282e-07,114.07455205699551,114.00229480786403,113.8108990400568,1.0,1.0,0.9998470772312388,114.13385420243289,114.05391562460846,113.83985955032617,1.0,1.0,0.9998410713280502,0.9987018571094549,0.998617273600071,a7f0f7760974e652,3cd920bd9a3d1af2,False,False,1.2092999822925776,4.383699997561052,5.59299997985363,1.177600002847612,36.1026999889873,37.28029999183491
nominal_heatup,141,113.73665329309821,113.73665329309821,113.68750486737613,113.68750486737613,-0.04914842572208045,-28729.850514628622,optimal,-28731.73061417563,True,True,converged(kkt(residual=1.65e-03<=tol=2.32e-02); obj_plateau(range=2.78e-08)),converged,0.0016549059042710592,0.02316009840102999,False,5,5,0.0,701,8000,6.538278825019006e-07,9.524876416477923e-07,10.0,0,0,2.3041264067380836e-07,114.02083996308995,113.95801427283261,113.79246712067858,1.0,1.0,0.9998514398021315,114.07443222816191,114.00406781244628,113.81660610712994,1.0,1.0,0.9998457071405331,0.9987626141171188,0.9986842204924059,836de39bfef9fec6,e442d35bd788e2da,False,False,1.1632000096142292,4.337999998824671,5.5012000084389,1.1659000010695308,36.30110001540743,37.46700001647696
nominal_heatup,142,113.71009586257428,113.71009586257428,113.67579748983408,113.67579748983408,-0.03429837274019576,-28716.06725654893,optimal,-28725.727612826617,True,True,converged(kkt(residual=1.65e-03<=tol=2.32e-02); obj_plateau(range=2.77e-08)),converged,0.0016548768859307454,0.023159394673359496,False,5,5,0.0,701,8000,6.537386099125797e-07,9.523575741354762e-07,10.0,0,0,2.2937491074166673e-07,113.9741387751075,113.91983550963702,113.77741359142007,1.0,1.0,0.9998556095923388,114.02212716327284,113.96054594653857,113.79723918492373,1.0,1.0,0.9998501309152755,0.9988188320937121,0.9987460068773272,c6282ed14446704b,f68d0cfce0ce836f,False,False,1.1870000162161887,4.426300001796335,5.613300018012524,1.185600005555898,36.424299993086606,37.609899998642504
nominal_heatup,143,113.68052165718375,113.68052165718375,113.6581053064906,113.6581053064906,-0.022416350693148956,-28700.664561456713,optimal,-28716.55965923553,True,True,converged(kkt(residual=1.66e-03<=tol=2.32e-02); obj_plateau(range=2.76e-08)),converged,0.0016550070775341698,0.023157852358531166,False,5,5,0.0,701,8000,6.535875201052477e-07,9.521374764176471e-07,10.0,0,0,2.2869150194053298e-07,113.93377269240456,113.88708421196073,113.76512734954758,1.0,1.0,0.9998595997172738,113.97635104896172,113.92273733851034,113.78113018826303,1.0,1.0,0.9998543577528208,0.9988710192424183,0.9988032127580849,658649813bf6b296,368332624d83348c,False,False,1.1962999997194856,4.43450000602752,5.630800005747005,1.2654000020120293,36.368100001709536,37.633500003721565
nominal_heatup,144,113.64979716414678,113.64979716414678,113.63660190563787,113.63660190563787,-0.01319525850890102,-28684.629622660956,optimal,-28705.37201476676,True,True,converged(kkt(residual=1.66e-03<=tol=2.32e-02); obj_plateau(range=2.75e-08)),converged,0.0016552585484085752,0.023155744351034784,False,5,5,0.0,701,8000,6.533954319820623e-07,9.518576424838443e-07,10.0,0,0,2.2830193807131135e-07,113.89906702513865,113.859109009133,113.75507224495482,1.0,1.0,0.9998634218548534,113.93649754381167,113.89003257906958,113.76772658663027,1.0,1.0,0.999858401061068,0.9989196145677641,0.9988563401693192,eae9cf077879da71,1fac131bd0d5a57b,False,False,1.1941000120714307,4.619499988621101,5.8136000006925315,1.1866000131703913,36.33770000305958,37.52430001622997
nominal_heatup,145,113.61937506080056,113.61937506080056,113.61307660588804,113.61307660588804,-0.006298454912524676,-28668.730939394118,optimal,-28693.107587501258,True,True,converged(kkt(residual=1.66e-03<=tol=2.32e-02); obj_plateau(range=2.75e-08)),converged,0.0016555951468757801,0.023153298284664194,False,5,5,0.0,701,8000,6.531805780696232e-07,9.515446670604888e-07,10.0,0,0,2.281488485981675e-07,113.86936441766642,113.8352926877219,113.74678470676345,1.0,1.0,0.9998670864614674,113.90195802591494,113.86184453945742,113.75654076310927,1.0,1.0,0.9998622728108602,0.9989649974036772,0.9989058241496972,df8868bc7556d08f,bee4815e4690adaa,False,False,1.279799995245412,4.4507000129669905,5.7305000082124025,1.1678999871946871,36.355000018374994,37.52290000556968
nominal_heatup,146,113.59034590302828,113.59034590302828,113.58895941207109,113.58895941207109,-0.0013864909571879025,-28653.545640494147,optimal,-28680.519911087395,True,True,converged(kkt(residual=1.66e-03<=tol=2.32e-02); obj_plateau(range=2.75e-08)),converged,0.0016559843743595092,0.02315069866305387,False,5,5,0.0,701,8000,6.529573965963209e-07,9.512195360272813e-07,10.0,0,0,2.2818011853945617e-07,113.84403735387279,113.81506021927429,113.73986983951177,1.0,1.0,0.9998706029529907,113.87213985019716,113.83761508833366,113.74714774592874,1.0,1.0,0.9998659837451933,0.9990074957324242,0.9989520418669382,f7698cc753d53d8e,9c79ee4c2c7e06c9,False,False,1.2049999786540866,4.449400003068149,5.654399981722236,1.1759999906644225,36.12010000506416,37.29609999572858
nominal_heatup,147,113.56348915898766,113.56348915898766,113.56535610504228,113.56535610504228,0.001866946054619234,-28639.486523982287,optimal,-28668.191617825927,True,True,converged(kkt(residual=1.66e-03<=tol=2.31e-02); obj_plateau(range=2.76e-08)),converged,0.0016563984250466278,0.023148090556014675,False,5,5,0.0,701,8000,6.527369720288334e-07,9.508984142314603e-07,10.0,0,0,2.2834975025471723e-07,113.82249733410485,113.7978840176214,113.73399644085418,1.0,1.0,0.9998739798562251,113.84647602720959,113.81682275832195,113.73918082055356,1.0,1.0,0.9998695435550277,0.999047393431808,0.9989953206876921,a1ae2110ce96decf,2f6f2059df0f9fc6,False,False,1.2122999760322273,4.514100000960752,5.72639997699298,1.177300000563264,36.083899991353974,37.26119999191724
nominal_heatup,148,113.53932211789949,113.53932211789949,113.5430876065088,113.5430876065088,0.003765488609317913,-28626.827977859393,optimal,-28656.555237310175,True,True,converged(kkt(residual=1.66e-03<=tol=2.31e-02); obj_plateau(range=2.76e-08)),converged,0.0016568145931037145,0.023145584016145093,False,5,5,0.0,701,8000,6.525271487589634e-07,9.5059272542386e-07,10.0,0,0,2.2861806872261392e-07,113.80420113846806,113.78328684722128,113.72889132607375,1.0,1.0,0.9998772249353763,113.82443340612666,113.79898668014081,113.73232818351133,1.0,1.0,0.9998729610264853,0.9990849365738712,0.9990359450990922,459dc2d47da4626a,f403e03629196509,False,False,1.1983000149484724,4.4006999814882874,5.59899999643676,1.1721000191755593,36.378699995111674,37.55080001428723
nominal_heatup,149,113.51814561654147,113.51814561654147,113.52273022544813,113.52273022544813,0.004584608906654353,-28615.730194431548,optimal,-28645.9144787762,True,True,converged(kkt(residual=1.66e-03<=tol=2.31e-02); obj_plateau(range=2.76e-08)),converged,0.00165721522531848,0.023143258732698332,False,5,5,0.0,701,8000,6.523343927256064e-07,9.503119660081438e-07,10.0,0,0,2.2895155641281255e-07,113.78865459623294,113.77084278807068,113.72433328053036,1.0,1.0,0.9998803452975145,113.80551769936824,113.78366939003199,113.7263286474298,1.0,1.0,0.9998762441648081,0.9991203388851797,0.999074162730802,95cc424a94946f50,7849d72f197c5f4a,False,False,1.1584000021684915,4.428299987921491,5.586699990089983,1.1719999893102795,36.25070000998676,37.42269999929704
nominal_heatup,150,113.50008587609571,113.50008587609571,113.50465475517183,113.50465475517183,0.004568879076117582,-28606.261294665375,optimal,-28636.4648961591,True,True,converged(kkt(residual=1.66e-03<=tol=2.31e-02); obj_plateau(range=2.77e-08)),converged,0.0016575873613395252,0.023141168635131746,False,5,5,0.0,701,8000,6.521625692812449e-07,9.500616382496219e-07,10.0,0,0,2.2932250776020707e-07,113.7754142705336,113.76017663662985,113.72014690106863,1.0,1.0,0.9998833474803936,113.7892768590809,113.77047782149435,113.72096714490444,1.0,1.0,0.9998794002985351,0.9991537864670087,0.9991101895572833,a8e8e99ff43a02da,dfe80aeb412378bd,False,False,1.1781999783124775,4.464800003916025,5.642999982228503,1.3026000233367085,35.90799999074079,37.2106000140775
nominal_heatup,151,113.48513203241419,113.48513203241419,113.48906317918741,113.48906317918741,0.003931146773226146,-28598.41714412823,optimal,-28628.313268134752,True,True,converged(kkt(residual=1.66e-03<=tol=2.31e-02); obj_plateau(range=2.77e-08)),converged,0.001657922208573319,0.02313934627056839,False,5,5,0.0,701,8000,6.520136821563938e-07,9.498447601785642e-07,10.0,0,0,2.2970855909489945e-07,113.76408744543336,113.75096208924292,113.71619653249708,1.0,1.0,0.9998862375255227,113.77530268092826,113.7590631436733,113.71606986658156,1.0,1.0,0.9998824361670758,0.9991854418633387,0.9991442144013495,a9363ee02a4d38f8,9aa4f0b3029bb1f1,False,False,1.1834999895654619,4.449400003068149,5.632899992633611,1.189300004625693,36.28859997843392,37.477899983059615
nominal_heatup,152,113.47316917822694,113.47316917822694,113.47602224853996,113.47602224853996,0.002853070313022954,-28592.138772400853,optimal,-28621.49530130369,True,True,converged(kkt(residual=1.66e-03<=tol=2.31e-02); obj_plateau(range=2.78e-08)),converged,0.0016582145072086944,0.0231378068486834,False,5,5,0.0,701,8000,6.518886550566094e-07,9.496625548166548e-07,10.0,0,0,2.3009215088493953e-07,113.75433077225912,113.74291901745194,113.71238045617496,1.0,1.0,0.999889021038952,113.76323109557862,113.74911950892584,113.71149934190976,1.0,1.0,0.9998853579942416,0.9992154475552942,0.9991764028206273,daf7bbffaa42f0f5,9cc0a212954bdbd6,False,False,1.2209999840706587,4.569800017634407,5.790800001705065,1.2169000110588968,37.09820000221953,38.315100013278425
nominal_heatup,153,113.4640069215914,113.4640069215914,113.46549352922814,113.46549352922814,0.0014866076367354708,-28587.327408037185,optimal,-28615.991449416462,True,True,converged(kkt(residual=1.66e-03<=tol=2.31e-02); obj_plateau(range=2.78e-08)),converged,0.0016584618933349177,0.023136551893445642,False,5,5,0.0,701,8000,6.517875874578749e-07,9.495153703298342e-07,10.0,0,0,2.3045997323546314e-07,113.74584789679406,113.73581010562947,113.70862544479455,1.0,1.0,0.9998917032418746,113.75274131252486,113.74038201136513,113.70714956799152,1.0,1.0,0.9998881715499784,0.9992439289525826,0.9992069004563366,e78a7880cc99ff79,af61fd7cfb402844,False,False,1.4493000053334981,4.464700003154576,5.914000008488074,1.2950999953318387,36.304599983850494,37.59969997918233
nominal_heatup,154,113.45740360680242,113.45740360680242,113.45735975862537,113.45735975862537,-4.384817704305988e-05,-28583.857215725984,optimal,-28611.74076998816,True,True,converged(kkt(residual=1.66e-03<=tol=2.31e-02); obj_plateau(range=2.78e-08)),converged,0.0016586642767055571,0.023135572472919683,False,5,5,0.0,701,8000,6.517093282809583e-07,9.494013379907074e-07,10.0,0,0,2.3080240361955257e-07,113.73838635088528,113.72943708226511,113.70488176063328,1.0,1.0,0.9998942890128181,113.74355408283542,113.73262403421978,113.70294134242957,1.0,1.0,0.9998908822022134,0.999270996945029,0.9992358359104032,93ac24892389c878,0d48e04d1f1854d3,False,False,1.2101000174880028,4.419399978360161,5.629499995848164,1.1681999894790351,35.96579999430105,37.133999983780086
nominal_heatup,155,113.45308644775567,113.45308644775567,113.45144752051472,113.45144752051472,-0.0016389272409469413,-28581.585875432866,optimal,-28608.65283103881,True,True,converged(kkt(residual=1.66e-03<=tol=2.31e-02); obj_plateau(range=2.79e-08)),converged,0.001658823279591823,0.023134852001192335,False,5,5,0.0,701,8000,6.516522148558579e-07,9.49318121001852e-07,10.0,0,0,2.3111294668154402e-07,113.7317339532049,113.72363673839004,113.70111864366245,1.0,1.0,0.999896782922927,113.73542928145297,113.72565418867987,113.69881788785119,1.0,1.0,0.9998934949604559,0.9992967500710052,0.9992633232103956,b919ac0c8e851805,d6128aa3c9085f34,False,False,1.199400023324415,4.3941999902017415,5.5936000135261565,1.1795000173151493,36.01290000369772,37.19240002101287
nominal_heatup,156,113.45076789512922,113.45076789512922,113.44754637198909,113.44754637198909,-0.003221523140126692,-28580.363178798158,optimal,-28606.617744704497,True,True,converged(kkt(residual=1.66e-03<=tol=2.31e-02); obj_plateau(range=2.79e-08)),converged,0.0016589417451519457,0.023134368622758583,False,5,5,0.0,701,8000,6.516143997714607e-07,9.492630619334363e-07,10.0,0,0,2.3138772167411467e-07,113.72571492580299,113.71827689100184,113.69732031057988,1.0,1.0,0.9998991892655904,113.72816301118561,113.71931300339924,113.69474083911481,1.0,1.0,0.9998960145125523,0.9993212763534489,0.9992894639146731,7dddb46244ef34d0,b2dddfb5eee2edc5,False,False,1.1664000048767775,4.365200002212077,5.531600007088855,1.170699979411438,35.91870001400821,37.08939999341965
nominal_heatup,157,113.45015860308406,113.45015860308406,113.44542464142015,113.44542464142015,-0.004733961663916375,-28580.03783927906,optimal,-28605.514448493694,True,True,converged(kkt(residual=1.66e-03<=tol=2.31e-02); obj_plateau(range=2.79e-08)),converged,0.0016590233236459249,0.023134097201235163,False,5,5,0.0,701,8000,6.515939503515256e-07,9.492332333493891e-07,10.0,0,0,2.316249720662094e-07,113.72018589683337,113.71325241663713,113.69348246561685,1.0,1.0,0.9999015120814607,113.72158439858964,113.7134695070278,113.69068663091393,1.0,1.0,0.9998984452557811,0.9993446548488655,0.9993143489046655,23ce4458c4ee78e7,0a04d11be30842dd,False,False,1.1661000025924295,4.346900008386001,5.5130000109784305,1.2021999864373356,36.311800009571016,37.51399999600835
nominal_heatup,158,113.45097738339712,113.45097738339712,113.44484217363122,113.44484217363122,-0.006135209765901095,-28580.462722362252,optimal,-28605.217383287836,True,True,converged(kkt(residual=1.66e-03<=tol=2.31e-02); obj_plateau(range=2.80e-08)),converged,0.0016590721353547174,0.023134010942029562,False,5,5,0.0,701,8000,6.515883228530583e-07,9.492250407916458e-07,10.0,0,0,2.3182462544564223e-07,113.71503192620939,113.70848145085444,113.68960930833097,1.0,1.0,0.9999037551797316,113.71555223125914,113.70801781759087,113.68664330407586,1.0,1.0,0.9999007913232861,0.9993669569496768,0.999338059905875,a440b2143956b14d,ca5db9a85dc5fb26,False,False,1.1876000207848847,4.4169999891892076,5.604600009974092,1.170800009276718,36.21590000693686,37.38670001621358
nominal_heatup,159,113.45295853963182,113.45295853963182,113.4455603324227,113.4455603324227,-0.00739820720912121,-28581.49870317679,optimal,-28605.60173339903,True,True,converged(kkt(residual=1.66e-03<=tol=2.31e-02); obj_plateau(range=2.80e-08)),converged,0.0016590924954887132,0.023134082683415057,False,5,5,0.0,701,8000,6.515953145935782e-07,9.492352495144019e-07,10.0,0,0,2.31987895628928e-07,113.71016266047315,113.70390182353688,113.68571101198117,1.0,1.0,0.9999059221563856,113.7099515595018,113.70287383029849,113.68260773027153,1.0,1.0,0.9999030566066824,0.9993882474757403,0.999360670774824,c4599959ccca8ab5,4649212a7f0d97ad,False,False,1.1845999979414046,4.416800016770139,5.601400014711544,1.1796999897342175,36.236500018276274,37.41620000801049
disturbance_step60,0,32.0,32.0,32.0,32.0,0.0,-95998.82400512494,optimal,-95995.60480396192,False,False,max_iterations,max_iterations,0.01313055188238663,0.07645254018157442,False,5,5,0.0,8000,8000,6.865136228384472e-07,9.949711854417842e-07,10.0,0,0,3.353375623490067e-05,28.0,28.0,28.0,1e-05,1e-05,1e-05,28.0,28.0,28.0,1e-05,1e-05,1e-05,1.0000008521941652,1.0000008521941652,2dff947584e37cd8,2dff947584e37cd8,True,True,1.1792999866884202,4.91150000016205,6.09079998685047,1.2336999934632331,293.7351000146009,294.96880000806414
disturbance_step60,1,36.0,36.0,36.0,36.0,0.0,-106602.11835414612,optimal,-106599.55482178649,True,True,converged(kkt(residual=9.46e-03<=tol=7.67e-02); obj_plateau(range=1.17e-10)),converged,0.009461928775984105,0.0767245418445375,False,5,5,0.0,351,8000,6.114478665608658e-07,8.86975977998361e-07,10.0,0,0,2.4047668088202733e-05,28.000000056399145,28.000000056399145,28.000000056399145,1.0001630922571259e-05,1.0001630922571259e-05,1.0001630922571259e-05,28.000000056399145,28.000000056399145,28.000000056399145,1.0001630922571259e-05,1.0001630922571259e-05,1.0001630922571259e-05,1.0000008522669996,1.0000008522669996,c625caa6b8e2e8f4,c625caa6b8e2e8f4,True,True,1.1984000157099217,4.792499996256083,5.990900011966005,1.1842999956570566,12.673199991695583,13.85749998735264
disturbance_step60,2,40.0,40.0,40.0,40.0,0.0,-117129.27118088401,optimal,-117127.3295911753,False,False,max_iterations,max_iterations,0.006558336307772783,0.0769651717983787,False,5,5,0.0,8000,8000,6.750023686663553e-07,9.791691546467973e-07,10.0,0,0,1.6576468795170985e-05,28.000000112803107,28.000000112803107,28.000000091841084,1.0003261984532805e-05,1.0003261984532805e-05,1.0003261984532805e-05,28.000000112803107,28.000000112803107,28.000000091841084,1.0003261984532805e-05,1.0003261984532805e-05,1.0003261984532805e-05,1.0000008523398338,1.0000008523398338,d809b50db00d9fe7,d809b50db00d9fe7,True,True,1.1966000020038337,4.574899998260662,5.771500000264496,1.1636000126600266,287.4026999925263,288.56630000518635
disturbance_step60,3,44.0,44.0,44.0,44.0,0.0,-127560.7145561694,optimal,-127560.03202485747,True,True,converged(kkt(residual=2.13e-03<=tol=7.72e-02); obj_plateau(range=4.56e-16)),converged,0.002129028583334732,0.0771717920400987,False,5,5,0.0,501,8000,7.615793435888918e-07,9.623328613983517e-07,10.0,0,0,5.350638825661914e-06,28.00000016921189,28.00000016142088,28.000000128607986,1.0004893185885736e-05,1.0004893185885736e-05,1.0004893185878145e-05,28.00000016921189,28.00000016142088,28.000000128607986,1.0004893185885736e-05,1.0004893185885736e-05,1.0004893185878145e-05,1.000000852412668,1.000000852412668,f6b418e2ce9e1469,f6b418e2ce9e1469,True,True,1.1987999896518886,4.583500005537644,5.782299995189533,1.179100014269352,17.176599998492748,18.3557000127621
disturbance_step60,4,48.0,48.0,48.0,48.0,0.0,-137877.66921696722,optimal,-137877.6503267312,True,True,converged(kkt(residual=1.07e-03<=tol=7.73e-02); obj_plateau(range=2.01e-08)),converged,0.0010711691966070285,0.07734236187885482,False,5,5,0.0,551,8000,5.533117857225989e-07,8.043588097805809e-07,10.0,0,0,1.3700721870182556e-07,28.00000021983408,28.000000208534534,28.00000016274716,1.0006524526631151e-05,1.0006524526628329e-05,1.0006524526608854e-05,28.00000021983408,28.000000208534534,28.00000016274716,1.0006524526631151e-05,1.0006524526628329e-05,1.0006524526608854e-05,1.000000852485502,1.000000852485502,ffd5fee53ada9566,ffd5fee53ada9566,True,True,1.2312000035308301,4.507800011197105,5.739000014727935,1.2040000001434237,17.55229997797869,18.756299978122115
disturbance_step60,5,52.0,52.0,52.0,52.0,0.0,-148066.0687411123,optimal,-148066.0464742435,True,True,converged(kkt(residual=2.82e-03<=tol=7.75e-02); obj_plateau(range=2.19e-08)),converged,0.002823883056173691,0.07747532436381872,False,5,5,0.0,501,8000,6.522267312902841e-07,9.45448449307662e-07,10.0,0,0,1.5038468307669126e-07,28.00000026785304,28.000000252134775,28.015534364180088,1.0008156006768049e-05,1.0008156006761134e-05,1.0008156006725072e-05,28.00000026785304,28.000000252134775,28.015534364180088,1.0008156006768049e-05,1.0008156006761134e-05,1.0008156006725072e-05,1.0000008535389835,1.0000008535389835,69a48d8a2773a3b9,69a48d8a2773a3b9,True,True,1.1792999866884202,4.4892999867442995,5.66859997343272,1.2126999790780246,15.862900007050484,17.07559998612851
disturbance_step60,6,56.0,56.0,56.0,56.0,0.0,-158106.71652818128,optimal,-158106.697659675,True,True,converged(kkt(residual=4.01e-03<=tol=7.76e-02); obj_plateau(range=1.77e-08)),converged,0.004007279020327481,0.07756951146797195,False,5,5,0.0,451,8000,6.325447259314387e-07,9.19042980385143e-07,10.0,0,0,1.1934032119204157e-07,28.000000312592185,28.00577391978186,28.057459750004423,1.000978762629658e-05,1.000978762628397e-05,1.0009793262776227e-05,28.000000312592185,28.00577391978186,28.057459750004423,1.000978762629658e-05,1.000978762628397e-05,1.0009793262776227e-05,1.0000008566302483,1.0000008566302483,ff8d739282d50479,ff8d739282d50479,True,True,1.2805000005755574,4.51600001542829,5.796500016003847,1.1505000002216548,14.572799991583452,15.723299991805106
disturbance_step60,7,60.0,60.0,60.0,60.0,0.0,-167979.73365905497,optimal,-167979.71126977514,True,True,converged(kkt(residual=5.72e-03<=tol=7.76e-02); obj_plateau(range=1.95e-08)),converged,0.005715923162980142,0.07762407336772807,False,5,5,0.0,301,8000,6.204440978763159e-07,9.01461598701303e-07,10.0,0,0,1.3328560088156034e-07,28.004292153377847,28.022838296226645,28.135109522234508,1.001141938521665e-05,1.0011421478125678e-05,1.0011445967490528e-05,28.004292153377847,28.022838296226645,28.135109522234508,1.001141938521665e-05,1.0011421478125678e-05,1.0011445967490528e-05,1.0000008630022164,1.0000008630022164,ec67dd0c19443881,ec67dd0c19443881,True,True,1.1805999965872616,4.67589998152107,5.856499978108332,1.1698000016622245,10.154499992495403,11.324299994157627
disturbance_step60,8,64.0,64.0,64.0,64.0,0.0,-177665.4000009005,optimal,-177664.62206776062,False,False,max_iterations,max_iterations,0.006731265540179127,0.07763842166301675,False,5,5,0.0,8000,8000,6.111416155363258e-07,8.879457302768401e-07,10.0,0,0,4.378641761041395e-06,28.01807839987666,28.057673407757182,28.254795432951447,1.0013052839181873e-05,1.0013061671269752e-05,1.0013127537634136e-05,28.01807839987666,28.057673407757182,28.254795432951447,1.0013052839181873e-05,1.0013061671269752e-05,1.0013127537634136e-05,1.0000008738881738,1.0000008738881738,490cda6d4683143d,490cda6d4683143d,True,True,1.15709999226965,4.417900025146082,5.575000017415732,1.2849000049754977,241.29419997916557,242.57909998414107
disturbance_step60,9,67.99999999999999,67.99999999999999,68.0,68.0,1.4210854715202004e-14,-187142.34151269242,optimal,-187135.54167295562,False,False,max_iterations,max_iterations,0.020657770230065185,0.07761218467420897,False,5,5,0.0,8000,8000,6.305568547304574e-07,9.140364349846664e-07,10.0,0,0,3.633512160797393e-05,28.047511223592842,28.11622195693027,28.42117301871507,1.0014691440074805e-05,1.0014714737108251e-05,1.0014854481868797e-05,28.047511223592842,28.11622195693027,28.42117301871507,1.0014691440074805e-05,1.0014714737108251e-05,1.0014854481868797e-05,1.0000008905547881,1.0000008905547881,f5eff710e3f6e1e3,f5eff710e3f6e1e3,True,True,1.1961000273004174,4.708999971626326,5.905099998926744,1.181300001917407,237.11329998332076,238.29459998523816
disturbance_step60,10,71.99999999999997,71.99999999999997,72.0,72.0,2.842170943040401e-14,-196384.77843366645,optimal,-196371.79536646046,False,False,max_iterations,max_iterations,0.0322680106289989,0.07754517109882873,False,5,5,0.0,8000,8000,6.510454682029376e-07,9.437361265796085e-07,10.0,0,0,6.61103539164274e-05,28.098587088330618,28.204026095810903,28.637444447596287,1.0016340922523065e-05,1.0016389563010768e-05,1.0016646422525322e-05,28.098587088330618,28.204026095810903,28.637444447596287,1.0016340922523065e-05,1.0016389563010768e-05,1.0016646422525322e-05,1.0000009143124624,1.0000009143124624,f4bd316394bce69d,f4bd316394bce69d,True,True,1.1955000227317214,4.495999979553744,5.691500002285466,1.1817000049632043,236.88949999632314,238.07120000128634
disturbance_step60,11,75.99999999999996,75.99999999999996,76.0,76.0,4.263256414560601e-14,-205373.05636583164,optimal,-205353.13712272828,False,False,max_iterations,max_iterations,0.044681866846975754,0.077437340407211,False,5,5,0.0,8000,8000,5.271957377317449e-07,7.663932732882017e-07,10.0,0,0,9.699053739520188e-05,28.17696474743232,28.325927123648107,28.905878723964744,1.001800935059378e-05,1.0018097472067574e-05,1.0018526362451092e-05,28.17696474743232,28.325927123648107,28.905878723964744,1.001800935059378e-05,1.0018097472067574e-05,1.0018526362451092e-05,1.0000009465851527,1.0000009465851527,26f252582edd1021,26f252582edd1021,True,True,1.2185000232420862,4.7620999976061285,5.980600020848215,1.1816999758593738,236.84700002195314,238.0286999978125
disturbance_step60,12,79.99999999999994,79.99999999999994,80.0,80.0,5.684341886080802e-14,-214088.40650828427,optimal,-214063.13107200584,False,False,max_iterations,max_iterations,0.052332375088041075,0.07728877837544057,False,5,5,0.0,8000,8000,5.292319400496126e-07,7.548051019767854e-07,10.0,0,0,0.00011806074271284776,28.287695303581557,28.48611411336325,29.228022559149494,1.0019707186055292e-05,1.0019852307914455e-05,1.0020521334415317e-05,28.287695303581557,28.48611411336325,29.228022559149494,1.0019707186055292e-05,1.0019852307914455e-05,1.0020521334415317e-05,1.000000988985778,1.000000988985778,2c81db30a4bb22b4,2c81db30a4bb22b4,True,True,1.1900000099558383,4.820800008019432,6.010800017975271,1.1628000065684319,236.3502999942284,237.51310000079684
disturbance_step60,13,83.99999999999996,83.99999999999996,84.00000000000001,84.0,4.263256414560601e-14,-222512.4286454731,optimal,-222480.51993459422,False,False,max_iterations,max_iterations,0.06202510356984311,0.07709967677558853,False,5,5,0.0,8000,8000,5.2256444860177e-07,7.480033348272741e-07,10.0,0,0,0.00014340192623484146,28.435189073687383,28.68811443723295,29.60491107244096,1.0021447366458453e-05,1.0021670668093506e-05,1.002266335713411e-05,28.435189073687383,28.68811443723295,29.60491107244096,1.0021447366458453e-05,1.0021670668093506e-05,1.002266335713411e-05,1.0000010434153785,1.0000010434153785,e65ab9dfd8e36261,e65ab9dfd8e36261,True,True,1.1992000218015164,4.588299983879551,5.787500005681068,1.1539999977685511,236.99370000394993,238.14770000171848
disturbance_step60,14,87.99999999999994,87.99999999999994,87.99999999999999,87.99999999999999,4.263256414560601e-14,-230627.10644297558,optimal,-230592.75653999174,True,True,converged(kkt(residual=6.28e-02<=tol=7.69e-02); obj_plateau(range=3.59e-12)),converged,0.06284742157755369,0.07687031640850747,False,5,5,0.0,201,8000,5.843702126639982e-07,8.495087904236698e-07,10.0,0,0,0.0001489413083906157,28.623200041918288,28.934857331659494,30.037186768688905,1.0023245495954168e-05,1.0023572281445382e-05,1.0024990765584491e-05,28.623200041918288,28.934857331659494,30.037186768688905,1.0023245495954168e-05,1.0023572281445382e-05,1.0024990765584491e-05,1.0000011121797336,1.0000011121797336,5c3dada42f494c80,5c3dada42f494c80,True,True,1.1597999837249517,4.862800007686019,6.022599991410971,1.1684999917633832,7.118100009392947,8.28660000115633
disturbance_step60,15,91.99999999999993,91.99999999999993,91.99999999999999,91.99999999999999,5.684341886080802e-14,-238414.81741380476,optimal,-238380.6350597686,True,True,converged(kkt(residual=5.92e-02<=tol=7.66e-02); obj_plateau(range=3.00e-12)),converged,0.05916822710439215,0.07660105289289544,False,5,5,0.0,201,8000,5.896290673490512e-07,8.164697193890902e-07,10.0,0,0,0.00014337344636181575,28.854869120086413,29.22872865371056,30.525195733226727,1.0025120171607514e-05,1.0025580580941484e-05,1.0027549973976509e-05,28.854869120086413,29.22872865371056,30.525195733226727,1.0025120171607514e-05,1.0025580580941484e-05,1.0027549973976509e-05,1.0000011981334345,1.0000011981334345,0f3ee33e6d52efef,0f3ee33e6d52efef,True,True,1.1909999884665012,4.660300008254126,5.851299996720627,1.1588000052142888,7.425699994200841,8.58449999941513
disturbance_step60,16,95.99999999999993,95.99999999999993,95.99999999999999,95.99999999999999,5.684341886080802e-14,-245858.33859190316,optimal,-245826.03206303006,True,True,converged(kkt(residual=5.32e-02<=tol=7.63e-02); obj_plateau(range=1.08e-12)),converged,0.05315918080376378,0.07629230473777615,False,5,5,0.0,201,8000,6.278478821286626e-07,8.693919655300419e-07,10.0,0,0,0.0001314030228069714,29.132775953652295,29.571636766375924,31.069051976588753,1.0027093488534011e-05,1.0027723503453636e-05,1.0030397793205575e-05,29.132775953652295,29.571636766375924,31.069051976588753,1.0027093488534011e-05,1.0027723503453636e-05,1.0030397793205575e-05,1.0000013048593073,1.0000013048593073,0b9f8f456b1cef0e,0b9f8f456b1cef0e,True,True,1.1687999940477312,4.501599993091077,5.670399987138808,1.155899983132258,7.177499996032566,8.333399979164824
disturbance_step60,17,99.99999999999993,99.99999999999993,99.99999999999999,99.99999999999999,5.684341886080802e-14,-252940.84878196247,optimal,-252907.01079877315,False,False,max_iterations,max_iterations,0.05326826557756159,0.0759445433296222,False,5,5,0.0,8000,8000,6.361106414942697e-07,8.808334941434737e-07,10.0,0,0,0.0001337782463863624,29.459001193484145,29.965072618383886,31.66868726952701,1.0029191757879237e-05,1.0030034571632905e-05,1.0033604465787608e-05,29.459001193484145,29.965072618383886,31.66868726952701,1.0029191757879237e-05,1.0030034571632905e-05,1.0033604465787608e-05,1.0000014368973875,1.0000014368973875,734bd2d1eb417da7,734bd2d1eb417da7,True,True,1.1449000157881528,4.586299997754395,5.731200013542548,1.144199981354177,237.68530000234023,238.8294999836944
disturbance_step60,18,103.99999999999993,103.99999999999993,103.99999999999999,103.99999999999999,5.684341886080802e-14,-259645.92809471049,optimal,-259612.1820624324,True,True,converged(kkt(residual=5.09e-02<=tol=7.56e-02); obj_plateau(range=2.58e-13)),converged,0.05092638791288817,0.07555828453379654,False,5,5,0.0,201,8000,6.768046461047561e-07,9.810758436756828e-07,10.0,0,0,0.0001299694261559515,29.83518713825559,30.410166831002797,32.32388788410938,1.0031446486637145e-05,1.003255432719756e-05,1.0037257650833878e-05,29.83518713825559,30.410166831002797,32.32388788410938,1.0031446486637145e-05,1.003255432719756e-05,1.0037257650833878e-05,1.0000016000414043,1.0000016000414043,c57a447deba633b1,c57a447deba633b1,True,True,1.197600009618327,4.9056000134442,6.103200023062527,1.1879999947268516,7.113500003470108,8.30149999819696
disturbance_step60,19,107.99999999999994,107.99999999999994,107.99999999999999,107.99999999999999,4.263256414560601e-14,-265957.55535151646,optimal,-265928.5514953351,True,True,converged(kkt(residual=4.20e-02<=tol=7.51e-02); obj_plateau(range=2.99e-13)),converged,0.04199558836803634,0.07513408166643742,False,5,5,0.0,201,8000,6.510827148531462e-07,9.116204946479911e-07,10.0,0,0,0.00010905445473523043,30.26259573381852,30.907740544433675,33.03432342597463,1.0033895682563044e-05,1.0035332213742204e-05,1.0041467676231376e-05,30.26259573381852,30.907740544433675,33.03432342597463,1.0033895682563044e-05,1.0035332213742204e-05,1.0041467676231376e-05,1.0000018017276073,1.0000018017276073,d6935a4d57fdc5d4,d6935a4d57fdc5d4,True,True,1.189300004625693,4.623599990736693,5.812899995362386,1.1834999895654619,7.052300003124401,8.235799992689863
disturbance_step60,20,111.99999999999994,111.99999999999994,111.99999999999999,111.99999999999999,4.263256414560601e-14,-271860.1038329801,optimal,-271837.459974518,True,True,converged(kkt(residual=3.15e-02<=tol=7.47e-02); obj_plateau(range=3.00e-13)),converged,0.03152322187145396,0.0746725196353254,False,5,5,0.0,201,8000,6.837688744099069e-07,9.468268560297588e-07,10.0,0,0,8.329231889066706e-05,30.742161255455276,31.45835074073644,33.799569377951165,1.0036585572181912e-05,1.0038429042220354e-05,1.0046374493864521e-05,30.742161255455276,31.45835074073644,33.799569377951165,1.0036585572181912e-05,1.0038429042220354e-05,1.0046374493864521e-05,1.000002051549314,1.000002051549314,857027a74eaa6b83,857027a74eaa6b83,True,True,1.1597000120673329,4.800199996680021,5.959900008747354,1.1667000071611255,7.22719999612309,8.393900003284216
disturbance_step60,21,115.99999999999996,115.99999999999996,115.99999999999999,115.99999999999999,2.842170943040401e-14,-277338.3357562195,optimal,-277322.4097101143,False,False,max_iterations,max_iterations,0.02136268562861171,0.07417421008288368,False,5,5,0.0,8000,8000,7.106024355607587e-07,9.839836936365032e-07,10.0,0,0,5.742461121326382e-05,31.274537519628144,32.06232983559645,34.619125239305966,1.0039572851893256e-05,1.0041920221372836e-05,1.0052156935043224e-05,31.274537519628144,32.06232983559645,34.619125239305966,1.0039572851893256e-05,1.0041920221372836e-05,1.0052156935043224e-05,1.000002361942879,1.000002361942879,2e7906eeca422a63,2e7906eeca422a63,True,True,1.1577999975997955,4.825500014703721,5.983300012303516,1.1661000025924295,237.3338000033982,238.49990000599064
disturbance_step60,22,119.99999999999996,119.99999999999996,120.0,119.99999999999999,2.842170943040401e-14,-282249.26060176594,optimal,-282197.0763839434,False,False,max_iterations,max_iterations,0.06976883828142798,0.07363978739219358,False,5,5,0.0,8000,8000,6.560766223628889e-07,9.55763558074807e-07,10.0,0,0,0.0001848869956695825,31.860139431473698,32.71982012895055,35.492429218553006,1.0042927636276365e-05,1.0045900001126806e-05,1.0059045087611502e-05,31.860139431473698,32.71982012895055,35.492429218553006,1.0042927636276365e-05,1.0045900001126806e-05,1.0059045087611502e-05,1.0000027491075865,1.0000027491075865,b44b4f7bd6f28b46,b44b4f7bd6f28b46,True,True,1.1834999895654619,4.99739998485893,6.180899974424392,1.2273000029381365,209.24140000715852,210.46870001009665
disturbance_step60,23,123.99999999999997,123.99999999999997,124.0000004330801,123.99999999999999,1.4210854715202004e-14,-285922.71963817347,optimal,-285869.86301016615,False,False,max_iterations,max_iterations,0.07005100531542736,0.07306990543981288,False,5,5,0.0,8000,8000,6.280502589106618e-07,9.073958553429406e-07,10.0,0,0,0.00018486333675827568,32.499179256904526,33.43080354993059,36.418870302862096,1.0046737327042226e-05,1.0050487067028725e-05,1.0067336928314506e-05,32.499179256904526,33.43080354993059,36.4188703028621,1.0046737327042226e-05,1.0050487067028725e-05,1.0067336928314506e-05,1.0000032342458494,1.0000032342458494,949823b715d589cd,949823b715d589cd,True,True,1.1682000185828656,4.595699982019141,5.763900000602007,1.1539999977685511,166.758800012758,167.91280001052655
disturbance_step60,24,127.99999999999997,127.99999999999997,127.99999999999997,127.99999999999997,0.0,-287335.8756926245,optimal,-287286.219136647,False,False,max_iterations,max_iterations,0.06552642881908058,0.0724652349980616,False,5,5,0.0,8000,8000,6.228404885177952e-07,8.99869019299615e-07,10.0,0,0,0.00017281711118661392,33.19169804282029,34.19512725832241,37.397798234444124,1.005111170702066e-05,1.0055831947088486e-05,1.0077420781319361e-05,33.19169804282029,34.195127258322415,37.39779823444413,1.005111170702066e-05,1.0055831947088486e-05,1.0077420781319361e-05,1.0000038452434135,1.0000038452434135,741bd084326d10b1,741bd084326d10b1,True,True,1.1744000075850636,4.433299996890128,5.607700004475191,1.1693000269588083,143.11529998667538,144.2846000136342
disturbance_step60,25,130.0,130.0,130.0,130.0,0.0,-285421.34361368243,optimal,-285377.56691740005,False,False,max_iterations,max_iterations,0.057657870715883706,0.07182646170509674,False,5,5,0.0,8000,8000,5.973794969804658e-07,8.630835965917072e-07,10.0,0,0,0.00015337569267991552,33.93759271203294,35.01252560136735,38.42853181431628,1.005618967429849e-05,1.0062126862556018e-05,1.0089805789359043e-05,33.937592712032945,35.01252560136736,38.42853181431629,1.005618967429849e-05,1.0062126862556018e-05,1.0089805789359043e-05,1.0000046189564815,1.000004618956481,fc3b5ac021805915,fc3b5ac021805915,False,False,1.1956999951507896,4.591400007484481,5.78710000263527,1.182200008770451,140.09839997743256,141.28059998620301
disturbance_step60,26,130.0,130.0,130.0,130.0,0.0,-281039.45613230206,optimal,-281001.29474642174,False,False,max_iterations,max_iterations,0.050257745858787506,0.07100872565768025,False,5,5,0.0,8000,8000,5.907820366246597e-07,8.251905798672965e-07,10.0,0,0,0.00013578657746338255,34.73663933886756,35.88263890591761,39.51036584016605,1.0062148184087887e-05,1.0069618889944927e-05,1.0105163455459045e-05,34.73663933886757,35.88263890591762,39.51036584016606,1.0062148184087887e-05,1.0069618889944927e-05,1.0105163455459045e-05,1.0000056043396808,1.000005604339681,e5980b92603c97c8,e5980b92603c97c8,False,False,1.187799993203953,4.584600013913587,5.77240000711754,1.1693000269588083,144.03759999549948,145.20690002245829
disturbance_step60,27,130.0,130.0,130.0,130.0,0.0,-276121.9701329737,optimal,-276086.8455933054,False,False,max_iterations,max_iterations,0.04632589416462514,0.07002782566253117,False,5,5,0.0,8000,8000,6.886175754061696e-07,9.98919578165669e-07,10.0,0,0,0.00012720660964171378,35.588513092118,36.80502953120534,40.64257692132613,1.0069214176848358e-05,1.007862763007317e-05,1.0124384554526784e-05,35.588513092118006,36.80502953120535,40.64257692132614,1.0069214176848358e-05,1.007862763007317e-05,1.0124384554526784e-05,1.0000068667446973,1.0000068667446973,55c41df516218fce,55c41df516218fce,False,False,1.2126000074204057,4.498299997067079,5.710900004487485,1.1984999873675406,143.58450000872836,144.7829999960959
disturbance_step60,28,130.0,130.0,130.0,130.0,0.0,-271205.59466745873,optimal,-271172.8413230776,False,False,max_iterations,max_iterations,0.04329331366787285,0.06904684436760199,False,5,5,0.0,8000,8000,5.629278376773073e-07,8.133082873840181e-07,10.0,0,0,0.0001207694274198668,36.49280528639047,37.779195562592335,41.82442836075675,1.00776805645182e-05,1.0089569039656567e-05,1.0148657494724979e-05,36.49280528639048,37.77919556259234,41.824428360756755,1.00776805645182e-05,1.0089569039656569e-05,1.0148657494724979e-05,1.0000084938573894,1.0000084938573894,23ea22a2e480351b,23ea22a2e480351b,False,False,1.2008000048808753,4.606600006809458,5.8074000116903335,1.1912999907508492,145.97410001442768,147.16540000517853
disturbance_step60,29,130.0,130.0,130.0,130.0,0.0,-266303.80327160936,optimal,-266272.99317817076,False,False,max_iterations,max_iterations,0.040847768945857975,0.06806870209385167,False,5,5,0.0,8000,8000,5.667615994298103e-07,8.188474511783284e-07,10.0,0,0,0.00011569528132941508,37.44903793778677,38.804582478445084,43.05517425772096,1.008792775660128e-05,1.0102987727945596e-05,1.0179576783908196e-05,37.44903793778678,38.80458247844509,43.055174257720964,1.008792775660128e-05,1.0102987727945598e-05,1.0179576783908196e-05,1.000010603941939,1.000010603941939,fd22a99e5d500abb,fd22a99e5d500abb,False,False,1.1821000080090016,4.664000007323921,5.846100015332922,1.3177999935578555,144.90929999738,146.22709999093786
disturbance_step60,30,130.0,130.0,130.0,130.0,0.0,-261427.5052721412,optimal,-261400.2390278176,False,False,max_iterations,max_iterations,0.036218760152021724,0.06709577259640181,False,5,5,0.0,8000,8000,5.538213656564039e-07,8.001513664979143e-07,10.0,0,0,0.00010429753477990843,38.456676172467965,39.88059307969842,44.326295872218694,1.0100452783556139e-05,1.0119600936431951e-05,1.0219294017606023e-05,38.45667617246797,39.88059307969843,44.3262958722187,1.0100452783556139e-05,1.0119600936431953e-05,1.0219294017606023e-05,1.0000133502968045,1.0000133502968045,c9ce0c2a8f826f50,c9ce0c2a8f826f50,False,False,1.1868999863509089,4.725500009953976,5.9123999963048846,1.2021999864373356,144.65890001156367,145.861099998001
disturbance_step60,31,130.0,130.0,130.0,130.0,0.0,-256585.55014345836,optimal,-256564.02872625447,False,False,max_iterations,max_iterations,0.028561413439777545,0.06612998760060436,False,5,5,0.0,8000,8000,5.940060532338975e-07,8.616746134393338e-07,10.0,0,0,8.387618551303116e-05,39.51513879282676,41.00370911940793,45.62384309440204,1.0115908887980325e-05,1.0140358723565775e-05,1.027064961864798e-05,39.51513879282677,41.00370911940794,45.62384309440205,1.0115908887980325e-05,1.0140358723565776e-05,1.027064961864798e-05,1.0000169276166246,1.0000169276166246,bcc444b2ad985300,bcc444b2ad985300,False,False,1.191700022900477,4.530199978034943,5.72190000093542,1.1986000172328204,142.49050000216812,143.68910001940094
disturbance_step60,32,130.0,130.0,129.99999999999997,129.99999999999997,-2.842170943040401e-14,-251785.12089130838,optimal,-251766.1222347287,False,False,max_iterations,max_iterations,0.025296168442286698,0.06517292003746414,False,5,5,0.0,8000,8000,5.815409735987487e-07,8.435925673566658e-07,10.0,0,0,7.54558351671923e-05,40.62166136640787,42.16762674340835,46.9369658648656,1.0135159609374298e-05,1.0166511340095577e-05,1.0337306087914461e-05,40.62166136640788,42.167626743408356,46.936965864865606,1.0135159609374298e-05,1.0166511340095578e-05,1.0337306087914461e-05,1.0000215859513406,1.0000215859513406,ffee3187d5cdd4c6,ffee3187d5cdd4c6,False,False,1.2272000021766871,4.448899999260902,5.6761000014375895,1.203199994051829,142.6711999811232,143.87439997517504
disturbance_step60,33,130.0,130.0,130.0,130.0,0.0,-247032.0355594463,optimal,-247016.3893892971,False,False,max_iterations,max_iterations,0.02087809176450811,0.06422584802798516,False,5,5,0.0,8000,8000,5.690581303952058e-07,8.254847498889717e-07,10.0,0,0,6.333660374719501e-05,41.77084845737515,43.36566791672193,48.25708836034171,1.0159342426202962e-05,1.0199689056691246e-05,1.0423972055584554e-05,41.77084845737516,43.36566791672194,48.25708836034172,1.0159342426202962e-05,1.0199689056691248e-05,1.0423972055584554e-05,1.0000276448036494,1.00002764480365,4263c1a4a3afded0,4263c1a4a3afded0,False,False,1.190800016047433,4.606399976182729,5.797199992230162,1.1622000019997358,142.98100001178682,144.14320001378655
disturbance_step60,34,130.0,130.0,129.99999999999997,129.99999999999997,-2.842170943040401e-14,-242330.98488116497,optimal,-242317.98814503,False,False,max_iterations,max_iterations,0.01741305872577375,0.06328980575395214,False,5,5,0.0,8000,8000,5.56824574005077e-07,8.077386182137047e-07,10.0,0,0,5.3632168173795444e-05,42.95635122779743,44.590925972232014,49.57797689401694,1.018994412676557e-05,1.0242010082863204e-05,1.053668028779401e-05,42.956351227797434,44.59092597223202,49.57797689401695,1.018994412676557e-05,1.0242010082863206e-05,1.053668028779401e-05,1.0000355128009815,1.0000355128009815,5fd701c541207425,5fd701c541207425,False,False,1.2390000047162175,4.803699994226918,6.042699998943135,1.1836999910883605,141.72300000791438,142.90669999900274
disturbance_step60,35,130.0,130.0,130.0,130.0,0.0,-237685.7207438046,optimal,-237674.90426950995,False,False,max_iterations,max_iterations,0.014589144100984481,0.062365623944923045,False,5,5,0.0,8000,8000,5.44834080073997e-07,7.903449992241462e-07,10.0,0,0,4.550746364035806e-05,44.171406195469075,45.83695172260524,50.8949572932192,1.0228899307463622e-05,1.0296214244032104e-05,1.0683152902901279e-05,44.17140619546908,45.83695172260525,50.89495729321921,1.0228899307463622e-05,1.0296214244032106e-05,1.0683152902901279e-05,1.0000457117886863,1.0000457117886863,12db584ad9cbc4b2,12db584ad9cbc4b2,False,False,1.2017000117339194,4.411200003232807,5.612900014966726,1.20009999955073,141.57939999131486,142.7794999908656
disturbance_step60,36,130.0,130.0,130.0,130.0,0.0,-233099.2079554046,optimal,-233090.17327209245,False,False,max_iterations,max_iterations,0.012326457386565775,0.06145396265258743,False,5,5,0.0,8000,8000,6.873502798043774e-07,9.96183769252923e-07,10.0,0,0,3.875896186552448e-05,45.40948352759254,47.0978389175981,52.20455455144949,1.0278713971231812e-05,1.0365834296490869e-05,1.0873268743414286e-05,45.40948352759255,47.097838917598104,52.2045545514495,1.0278713971231812e-05,1.036583429649087e-05,1.0873268743414286e-05,1.0000589086745004,1.000058908674502,fb0a8e50d240957c,fb0a8e50d240957c,False,False,1.1845999979414046,4.49370002024807,5.678300018189475,1.1758999899029732,141.6836999997031,142.85959998960607
disturbance_step60,37,130.0,130.0,130.0,130.0,0.0,-228573.74701395683,optimal,-228566.9945560652,False,False,max_iterations,max_iterations,0.009340409624690156,0.060555337872889234,False,5,5,0.0,8000,8000,6.722444538809214e-07,9.742907254306488e-07,10.0,0,0,2.954170362858637e-05,46.664516953800415,48.3683532001705,53.504128266444766,1.0342623010345865e-05,1.045541181963181e-05,1.1119674734577008e-05,46.66451695380042,48.36835320017051,53.50412826644477,1.0342623010345865e-05,1.0455411819631811e-05,1.1119674734577008e-05,1.0000759571416176,1.0000759571416173,dccf7c89e5d0cee1,dccf7c89e5d0cee1,False,False,1.1769999982789159,4.505300021264702,5.682300019543618,1.1834999895654619,139.57580001442693,140.7593000039924
disturbance_step60,38,130.0,130.0,130.0,130.0,0.0,-224111.0735988821,optimal,-224106.02917668296,False,False,max_iterations,max_iterations,0.007197694360526231,0.059670143240500025,False,5,5,0.0,8000,8000,6.576610900310698e-07,9.531548927910194e-07,10.0,0,0,2.2508580759344416e-05,47.93105863475706,49.643915160377404,54.791662659233666,1.0424789135198688e-05,1.057077204438009e-05,1.1438591403752979e-05,47.931058634757065,49.64391516037741,54.79166265923367,1.0424789135198688e-05,1.0570772044380092e-05,1.1438591403752979e-05,1.0000979538377246,1.0000979538377246,a577dd728364da27,a577dd728364da27,False,False,1.195199991343543,4.933599993819371,6.128799985162914,1.1820999789051712,139.64740000665188,140.82949998555705
disturbance_step60,39,130.0,130.0,130.0,130.0,0.0,-219712.43848034053,optimal,-219709.87241184583,False,False,max_iterations,max_iterations,0.0038254948324219365,0.05879866758337711,False,5,5,0.0,8000,8000,6.425930649811562e-07,9.313166744462364e-07,10.0,0,0,1.1679213577714909e-05,49.20430631494216,50.92057550494544,56.065602396874425,1.0530555493521728e-05,1.0719374634412517e-05,1.1850890373346329e-05,49.204306314942166,50.92057550494545,56.06560239687443,1.0530555493521728e-05,1.0719374634412519e-05,1.1850890373346329e-05,1.0001263149983302,1.0001263149983302,474b2b4fe7a04db1,474b2b4fe7a04db1,False,False,1.2046000047121197,4.482999996980652,5.687600001692772,1.1727999954018742,141.3786000048276,142.55140000022948
disturbance_step60,40,130.0,130.0,130.0,130.0,0.0,-215378.67026079042,optimal,-215377.6730099853,False,False,max_iterations,max_iterations,0.0019174837320604643,0.057941108879194105,False,5,5,0.0,8000,8000,6.286498859253697e-07,9.11108696932672e-07,10.0,0,0,4.630220828769376e-06,50.480091836351285,52.19495775967505,57.32474554955665,1.0666767540547945e-05,1.0910765749966644e-05,1.238355239644559e-05,50.48009183635129,52.194957759675056,57.32474554955666,1.0666767540547945e-05,1.0910765749966646e-05,1.2383552396445595e-05,1.0001628826826376,1.0001628826826376,a44f9ccf1a3ca0ea,a44f9ccf1a3ca0ea,False,False,1.181900006486103,4.417799995280802,5.599700001766905,1.1977999820373952,143.8796000147704,145.0773999968078
disturbance_step60,41,130.0,130.0,130.0,130.0,0.0,-211111.1450099574,optimal,-211111.11690629888,True,True,converged(kkt(residual=4.91e-04<=tol=5.71e-02); obj_plateau(range=1.66e-08)),converged,0.000490667729020843,0.0570975849135654,False,5,5,0.0,501,8000,6.800672167628363e-07,9.86516296208606e-07,10.0,0,0,1.3312257176091696e-07,51.75483560174434,53.4641995143953,58.568163767464874,1.0842186462087133e-05,1.1157166424599133e-05,1.3071662770483212e-05,51.75483560174435,53.464199514395304,58.56816376746488,1.0842186462087133e-05,1.1157166424599135e-05,1.3071662770483217e-05,1.000210073755604,1.000210073755604,c55fce8fe600d884,c55fce8fe600d884,False,False,1.1783000081777573,4.337799997301772,5.5161000054795295,1.184699998702854,10.132299998076633,11.316999996779487
disturbance_step60,42,130.0,130.0,130.0,130.0,0.0,-206912.3233302201,optimal,-206912.2944317979,True,True,converged(kkt(residual=1.08e-03<=tol=5.63e-02); obj_plateau(range=1.74e-08)),converged,0.001077787792359494,0.056268140734693016,False,5,5,0.0,451,8000,6.726167072201861e-07,9.757084997730203e-07,10.0,0,0,1.3966506042517293e-07,53.02549121637783,54.725890756821585,59.79514556110168,1.1068025253675922e-05,1.1474247701261863e-05,1.3961166177047799e-05,53.02549121637784,54.72589075682159,59.79514556110168,1.1068025253675922e-05,1.1474247701261865e-05,1.3961166177047804e-05,1.0002710907268957,1.0002710907268957,3245cd5746b06302,3245cd5746b06302,False,False,1.184099994134158,4.499900009250268,5.684000003384426,1.1591000074986368,9.226199996192008,10.385300003690645
disturbance_step60,43,130.0,130.0,130.0,130.0,0.0,-202781.95236352086,optimal,-202781.91242131617,True,True,converged(kkt(residual=1.96e-03<=tol=5.55e-02); obj_plateau(range=2.45e-08)),converged,0.001958182554445776,0.055452752776152844,False,5,5,0.0,351,8000,6.654500452896173e-07,9.653124513064881e-07,10.0,0,0,1.969712006741839e-07,54.28948544658737,55.978016398292105,61.00515332643331,1.1358651936153698e-05,1.1882164517023142e-05,1.5112695179349733e-05,54.28948544658738,55.97801639829211,61.005153326433316,1.1358651936153698e-05,1.1882164517023144e-05,1.5112695179349738e-05,1.0003502217184121,1.0003502217184117,fca4e23c2e5fe731,fca4e23c2e5fe731,False,False,1.1598000128287822,4.361500003142282,5.521300015971065,1.1878999939654022,7.579400000395253,8.767299994360656
disturbance_step60,44,130.0,130.0,130.0,130.0,0.0,-198719.31852875996,optimal,-198719.2969586252,True,True,converged(kkt(residual=1.92e-03<=tol=5.47e-02); obj_plateau(range=1.36e-08)),converged,0.001916045033909527,0.05465132926034461,False,5,5,0.0,201,8000,6.579059430578127e-07,9.543687999880035e-07,10.0,0,0,1.0854573623256533e-07,55.54466009462919,57.218903246915346,62.19779083408778,1.1732523445269194e-05,1.2406951562850738e-05,1.660691317248316e-05,55.544660094629194,57.21890324691535,62.19779083408779,1.1732523445269194e-05,1.240695156285074e-05,1.6606913172483163e-05,1.0004532681750724,1.0004532681750724,7ed7a61c19fb42a8,7ed7a61c19fb42a8,False,False,1.137999992351979,4.36619998072274,5.504199973074719,1.2203000078443438,5.165400012629107,6.38570002047345
disturbance_step60,45,130.0,130.0,130.0,130.0,0.0,-194722.70294223801,optimal,-194717.53441824578,True,True,converged(kkt(residual=6.79e-03<=tol=5.39e-02); obj_plateau(range=1.79e-15)),converged,0.006792379481273256,0.053863706153796154,False,5,5,0.0,201,8000,5.547262276195397e-07,8.039703915940777e-07,10.0,0,0,2.6542996343431713e-05,56.789217674450455,58.44717272868526,63.3727778009778,1.221344127067576e-05,1.3082428465613037e-05,1.8551986542778224e-05,56.78921767445046,58.44717272868527,63.372777800977815,1.221344127067576e-05,1.3082428465613039e-05,1.8551986542778255e-05,1.0005881542511206,1.000588154251119,03c77da99c0ada25,03c77da99c0ada25,False,False,1.262200006749481,4.560899978969246,5.823099985718727,1.1659000010695308,6.232000014279038,7.397900015348569
disturbance_step60,46,130.0,130.0,130.0,130.0,0.0,-190788.46036723867,optimal,-190775.97906810985,True,True,converged(kkt(residual=1.64e-02<=tol=5.31e-02); obj_plateau(range=1.68e-15)),converged,0.016412359272359574,0.053089637459727966,False,5,5,0.0,201,8000,6.665247980208733e-07,9.661745119515786e-07,10.0,0,0,6.541957047458769e-05,58.021672340212916,59.66169913612939,64.52992981579378,1.283225903535136e-05,1.3952823801894357e-05,2.1094037516679103e-05,58.02167234021292,59.6616991361294,64.52992981579379,1.283225903535136e-05,1.3952823801894359e-05,2.1094037516679137e-05,1.0007657922929525,1.0007657922929523,56f953d3e97aed76,56f953d3e97aed76,False,False,1.1447000142652541,4.572899983031675,5.717599997296929,1.1814000026788563,6.2679999973624945,7.449400000041351
disturbance_step60,47,130.00000000000003,130.00000000000003,130.0,130.0,-2.842170943040401e-14,-186914.54264864302,optimal,-186895.47756665765,True,True,converged(kkt(residual=2.51e-02<=tol=5.23e-02); obj_plateau(range=1.87e-15)),converged,0.025085424988886273,0.05232877789162333,False,5,5,0.0,201,8000,5.445832158557096e-07,7.912411650323747e-07,10.0,0,0,0.00010199892269017848,59.24080627823816,60.86157324805601,65.66914222531284,1.3629227439716847e-05,1.5076414058007537e-05,2.4431749600808593e-05,59.24080627823817,60.861573248056025,65.66914222531285,1.3629227439716847e-05,1.5076414058007539e-05,2.4431749600808675e-05,1.0010013058592755,1.0010013058592766,49801c3050122b0e,49801c3050122b0e,False,False,1.2841999996453524,4.590600001392886,5.874800001038238,1.1832999880425632,6.4211999997496605,7.604499987792224
disturbance_step60,48,130.0,130.0,130.0,130.0,0.0,-183098.4095507756,optimal,-183073.45639019343,True,True,converged(kkt(residual=3.29e-02<=tol=5.16e-02); obj_plateau(range=1.91e-15)),converged,0.032854556331693006,0.05158065477464443,False,5,5,0.0,201,8000,5.492567680676075e-07,7.980315031019813e-07,10.0,0,0,0.00013628278171996547,60.445631502829244,62.046070844933716,66.79037712551896,1.4657239205824328e-05,1.6530593465596096e-05,2.8836727925755446e-05,60.44563150282925,62.04607084493373,66.79037712551897,1.4657239205824328e-05,1.6530593465596096e-05,2.8836727925755534e-05,1.0013157471013447,1.0013157471013459,31f3b98efc777687,31f3b98efc777687,False,False,1.139200001489371,4.456399998161942,5.595599999651313,1.1599000135902315,6.7983999906573445,7.958300004247576
disturbance_step60,49,130.0,130.0,130.0,130.0,0.0,-179336.59056007024,optimal,-179306.41250622238,True,True,converged(kkt(residual=3.98e-02<=tol=5.08e-02); obj_plateau(range=1.62e-15)),converged,0.039761585368374375,0.0508446239963693,False,5,5,0.0,201,8000,6.12646928743743e-07,8.901329966448657e-07,10.0,0,0,0.00016827605428150794,61.63535669095368,63.21462566327623,67.89365282436218,1.5986343757010025e-05,1.841895514025872e-05,3.468179049773312e-05,61.63535669095369,63.214625663276244,67.89365282436219,1.5986343757010025e-05,1.8418955140258733e-05,3.468179049773321e-05,1.0017384914685052,1.0017384914685026,e0ec5458b0069c7e,e0ec5458b0069c7e,False,False,1.1593000090215355,4.449900006875396,5.609200015896931,1.1464999988675117,6.513500004075468,7.660000002942979
disturbance_step60,50,130.0,130.0,130.0,130.0,0.0,-175624.29736141698,optimal,-175589.5259482531,True,True,converged(kkt(residual=4.58e-02<=tol=5.01e-02); obj_plateau(range=1.66e-15)),converged,0.045846958760086515,0.050119801260219664,False,5,5,0.0,201,8000,5.614897986561118e-07,8.158053264040177e-07,10.0,0,0,0.00019798748627681355,62.80935862777153,64.36680630859729,68.97903535661555,1.771004879334599e-05,2.0881188322763476e-05,4.248012413352573e-05,62.809358627771545,64.3668063085973,68.97903535661558,1.771004879334599e-05,2.088118832276349e-05,4.248012413352589e-05,1.0023105527641403,1.00231055276414,d657848dce19ac74,d657848dce19ac74,False,False,1.1494999926071614,4.393499984871596,5.5429999774787575,1.1789000127464533,6.426599982660264,7.605499995406717
disturbance_step60,51,130.0,130.0,129.99999999999997,129.99999999999997,-2.842170943040401e-14,-171954.81030175835,optimal,-171916.04692455503,False,False,max_iterations,max_iterations,0.051149949760595795,0.04940495338325208,False,5,5,0.0,8000,8000,6.77250937997087e-07,9.824310414074944e-07,10.0,0,0,0.00022542769891230753,63.96715780299739,65.50229669912929,70.04663175947263,1.9954127492003092e-05,2.4106900556497137e-05,5.293923003597164e-05,63.967157802997406,65.50229669912932,70.04663175947266,1.9954127492003092e-05,2.4106900556497154e-05,5.2939230035971814e-05,1.0030891393708201,1.0030891393708201,1063ee05dea192b4,1063ee05dea192b4,False,False,1.1478000087663531,4.726899991510436,5.874700000276789,1.1727999954018742,242.07269999897107,243.24549999437295
disturbance_step60,52,130.0,130.0,130.0,130.0,0.0,-168318.48079948733,optimal,-168276.29806939472,False,False,max_iterations,max_iterations,0.055707414531386085,0.04869832210301325,False,5,5,0.0,8000,8000,5.388206574252763e-07,7.828687857980299e-07,10.0,0,0,0.000250612588065801,65.10839773149326,66.62087966539485,71.09658492755244,2.288892387473418e-05,2.8354882832899212e-05,6.703486721298806e-05,65.10839773149327,66.62087966539488,71.09658492755247,2.288892387473418e-05,2.835488283289929e-05,6.703486721298836e-05,1.0041538720862668,1.0041538720862666,c776b99c3ed66c8e,c776b99c3ed66c8e,False,False,1.2578000023495406,4.6418999845627695,5.89969998691231,1.1859999794978648,249.39320000703447,250.57919998653233
disturbance_step60,53,130.0,130.0,130.0,130.0,0.0,-164701.05308826873,optimal,-164655.99765105738,False,False,max_iterations,max_iterations,0.05955364954378415,0.047997328947520616,False,5,5,0.0,8000,8000,5.226776238487219e-07,7.594141626654505e-07,10.0,0,0,0.0002735588896761877,66.23282762269274,67.72242340235863,72.1290699518052,2.6746518406205812e-05,3.397988237098335e-05,8.611184642383605e-05,66.23282762269277,67.72242340235866,72.12906995180523,2.6746518406205812e-05,3.397988237098351e-05,8.611184642383666e-05,1.0056152093333455,1.0056152093333455,5cffea7bb815f59a,5cffea7bb815f59a,False,False,1.3402000186033547,4.458899988094345,5.799100006697699,1.1647999926935881,248.0300999886822,249.19489998137578
disturbance_step60,54,130.0,130.0,130.0,130.0,0.0,-161080.72767843746,optimal,-161033.32403058233,False,False,max_iterations,max_iterations,0.06271765991941633,0.04729806150483579,False,5,5,0.0,8000,8000,5.324480127910647e-07,7.736100720023842e-07,10.0,0,0,0.00029428503669068714,67.34028809419578,68.80687054634413,73.14429192629686,3.1844611049781495e-05,4.1469671910037346e-05,0.0001120206141967142,67.34028809419581,68.80687054634416,73.14429192629689,3.1844611049781495e-05,4.146967191003758e-05,0.00011202061419671508,1.0076257803464348,1.0076257803464352,d9fc5f47a4bee28e,d9fc5f47a4bee28e,False,False,1.1663000041153282,4.701900004874915,5.868200008990243,1.1696999717969447,249.405000009574,250.57469998137094
disturbance_step60,55,130.0,130.0,130.0,130.0,0.0,-157422.79585869357,optimal,-157373.55399927552,False,False,max_iterations,max_iterations,0.0652193817102677,0.04659434033519819,False,5,5,0.0,8000,8000,6.854934184730155e-07,9.93670838944638e-07,10.0,0,0,0.00031280005636588414,68.43069970476232,69.87422973194204,74.14248528314019,3.8619637364567744e-05,5.1496155359949186e-05,0.00014730119077533435,68.43069970476235,69.87422973194207,74.1424852831402,3.8619637364567744e-05,5.1496155359949457e-05,0.00014730119077533538,1.010395516954784,1.0103955169547845,ca6305f4e0a22c19,ca6305f4e0a22c19,False,False,1.2026999902445823,4.6144000079948455,5.817099998239428,1.1765999952331185,252.98920000204816,254.16579999728128
disturbance_step60,56,130.0,130.0,130.0,130.0,0.0,-153676.14409928268,optimal,-153625.5801899521,False,False,max_iterations,max_iterations,0.06705182049737848,0.045877056997793215,False,5,5,0.0,8000,8000,6.316018072993757e-07,9.176742121752568e-07,10.0,0,0,0.000329029008548359,69.5040541714148,70.924569573403,75.12391479571387,4.767250118687801e-05,6.498548706359931e-05,0.00019542929915612015,69.50405417141482,70.92456957340303,75.12391479571389,4.767250118687801e-05,6.498548706359971e-05,0.00019542929915612135,1.014211710750462,1.0142117107504625,6336b5e0f2cece1d,6336b5e0f2cece1d,False,False,1.2027999910060316,4.525399999693036,5.728199990699068,1.2664999812841415,251.67680002050474,252.94330000178888
disturbance_step60,57,130.0,130.0,130.0,130.0,0.0,-149803.8058766293,optimal,-149752.49798274424,False,False,max_iterations,max_iterations,0.06813447571447487,0.04513912203320477,False,5,5,0.0,8000,8000,5.111149619096977e-07,7.407641193779568e-07,10.0,0,0,0.00034250060327041954,70.56040823389365,71.95801511327056,76.0888784775621,5.983144181865124e-05,8.321377814266961e-05,0.0002611435762269537,70.56040823389368,71.95801511327059,76.08887847756213,5.983144181865133e-05,8.321377814267008e-05,0.0002611435762269551,1.0194654224269877,1.0194654224269861,b74d0aabe9de8c95,b74d0aabe9de8c95,False,False,1.1992999934591353,4.592200013576075,5.791500007035211,1.1715999862644821,251.27659999998286,252.44819998624735
disturbance_step60,58,130.0,130.0,130.0,130.0,0.0,-145749.94356051218,optimal,-145698.54142665435,False,False,max_iterations,max_iterations,0.06837540372795853,0.04437063831671657,False,5,5,0.0,8000,8000,5.17276106393183e-07,7.496935383599634e-07,10.0,0,0,0.0003526734391930989,71.59988023965894,72.97474689074429,77.03771270348125,7.623802393224706e-05,0.00010793700677174436,0.0003508777483324809,71.59988023965897,72.97474689074431,77.03771270348128,7.623802393224716e-05,0.00010793700677174491,0.0003508777483324832,1.0266860520935506,1.026686052093552,9e4e64c88590bd46,9e4e64c88590bd46,False,False,1.195799995912239,4.537700006039813,5.733500001952052,1.1715999862644821,247.20569999772124,248.37729998398572
disturbance_step60,59,130.0,130.0,130.0,130.0,0.0,-141440.57772832442,optimal,-141389.8562983079,False,False,max_iterations,max_iterations,0.0676129897160145,0.043558765888782304,False,5,5,0.0,8000,8000,5.44042350725249e-07,7.90457932886568e-07,10.0,0,0,0.00035860593071016173,72.62264964699986,73.9750029073809,77.9707999945643,9.846413029699062e-05,0.0001415663492820105,0.0004733277732075414,72.62264964699989,73.97500290738093,77.97079999456433,9.846413029699087e-05,0.00014156634928201114,0.00047332777320754406,1.0365863512084827,1.036586351208483,0528ae0c793230b6,0528ae0c793230b6,False,False,1.1889000015798956,4.606000002240762,5.794900003820658,1.2172999850008637,251.0422000195831,252.25950000458397
disturbance_step60,60,130.0,130.0,130.0,130.0,0.0,-197715.38647193366,optimal,-197715.36798600253,True,True,converged(kkt(residual=1.79e-03<=tol=5.44e-02); obj_plateau(range=1.17e-08)),converged,0.0017883665153060832,0.054415809852390654,False,5,5,0.0,201,8000,6.575696005484133e-07,9.538809768727674e-07,10.0,0,0,9.349768587764397e-08,58.62895978704016,59.95908391297361,63.88858004554173,0.00012867025852995718,0.00018740344468097736,0.0006401914369111129,58.62895978704019,59.95908391297364,63.888580045541744,0.00012867025852995748,0.00018740344468097845,0.0006401914369111172,1.003738322704595,1.0037383227045942,6bc4fe7be4bc2f11,6bc4fe7be4bc2f11,False,False,1.1867999855894595,4.47149999672547,5.658299982314929,1.2450000212993473,5.020699987653643,6.26570000895299
disturbance_step60,61,130.0,130.0,130.0,130.0,0.0,-194104.60861135166,optimal,-194099.6509755362,True,True,converged(kkt(residual=6.52e-03<=tol=5.37e-02); obj_plateau(range=1.65e-15)),converged,0.0065151450018531894,0.05371025755901865,False,5,5,0.0,201,8000,5.472042232668173e-07,7.930686480861482e-07,10.0,0,0,2.5541051553795143e-05,59.617804514945526,60.925359455789945,64.78433259412324,0.00013165092344799627,0.00019202816826026023,0.0006579915215409055,59.617804514945554,60.92535945578997,64.78433259412327,0.00013165092344799657,0.00019202816826026137,0.00065799152154091,1.0044980070258664,1.004498007025866,4cb08ab7fb15ba5d,4cb08ab7fb15ba5d,False,False,1.182500011054799,4.569899989292026,5.7524000003468245,1.1702000047080219,6.236900022486225,7.407100027194247
disturbance_step60,62,130.0,130.0,130.0,130.0,0.0,-190479.5096181155,optimal,-190467.58497500652,True,True,converged(kkt(residual=1.57e-02<=tol=5.30e-02); obj_plateau(range=1.68e-15)),converged,0.015679662047921473,0.053002212369854126,False,5,5,0.0,201,8000,6.567123591594282e-07,9.519506969368763e-07,10.0,0,0,6.260328542869839e-05,60.58989440225476,61.87384487761886,65.66784275654052,0.00013526370675729537,0.00019760719214877428,0.0006791469975475745,60.589894402254785,61.873844877618886,65.66784275654054,0.00013526370675729567,0.00019760719214877547,0.0006791469975475791,1.005403863798956,1.005403863798955,62137be98365a1bd,62137be98365a1bd,False,False,1.144199981354177,4.508200014242902,5.652399995597079,1.1563999869395047,6.2827999936416745,7.439199980581179
disturbance_step60,63,130.0,130.0,130.00000000000003,130.0,0.0,-186849.8751003287,optimal,-186831.5645562759,True,True,converged(kkt(residual=2.41e-02<=tol=5.23e-02); obj_plateau(range=1.71e-15)),converged,0.02409097601841014,0.05229382119119562,False,5,5,0.0,201,8000,6.878525056208673e-07,9.969116492314356e-07,10.0,0,0,9.799601976153662e-05,61.5444642245246,62.80699325747213,66.53568085720023,0.0001396342976870587,0.0002043241993671914,0.0007042708242781398,61.54446422452463,62.80699325747215,66.53568085720025,0.00013963429768705906,0.00020432419936719263,0.0007042708242781449,1.0064836358861171,1.0064836358861171,ba05f8417051067b,ba05f8417051067b,False,False,1.1690000246744603,4.375499993329868,5.544500018004328,1.1646999919321388,6.328099989332259,7.4927999812643975
disturbance_step60,64,130.00000000000003,130.00000000000003,130.0,130.0,-2.842170943040401e-14,-183221.65975007895,optimal,-183197.54508044504,True,True,converged(kkt(residual=3.17e-02<=tol=5.16e-02); obj_plateau(range=1.75e-15)),converged,0.03174755402000771,0.05158643639126026,False,5,5,0.0,201,8000,5.43104917483106e-07,7.890935815879629e-07,10.0,0,0,0.00013161473194134331,62.4831419089163,63.72387640132329,67.38883755124013,0.00014491269146478026,0.00021240167424555823,0.0007340746906852151,62.48314190891632,63.72387640132331,67.38883755124014,0.0001449126914647806,0.00021240167424555948,0.0007340746906852203,1.0077721104828512,1.0077721104828514,5be9c19226617378,5be9c19226617378,False,False,1.1978000111412257,4.594800004269928,5.792600015411153,1.174200006062165,6.631199998082593,7.805400004144758
disturbance_step60,65,130.0,130.0,130.0,130.0,0.0,-179597.19022175574,optimal,-179567.84675276116,True,True,converged(kkt(residual=3.87e-02<=tol=5.09e-02); obj_plateau(range=1.62e-15)),converged,0.03865766247470301,0.05088071269471967,False,5,5,0.0,201,8000,6.075317315890061e-07,8.827013955325924e-07,10.0,0,0,0.00016338490016637209,63.40565640577899,64.62523083478906,68.28537300921911,0.0001512808117099384,0.00022210534219837985,0.0007694075747355301,63.40565640577901,64.62523083478908,68.28537300921913,0.00015128081170993874,0.00022210534219838112,0.0007694075747355354,1.0093430235759835,1.0093430235759828,f938754c34be3c9b,f938754c34be3c9b,False,False,1.2168000102974474,4.550699988612905,5.767499998910353,1.1640999873634428,6.544600008055568,7.7086999954190105
disturbance_step60,66,130.0,130.0,130.0,130.0,0.0,-175974.89154070063,optimal,-175940.88301425218,True,True,converged(kkt(residual=4.48e-02<=tol=5.02e-02); obj_plateau(range=2.15e-15)),converged,0.04483559339830384,0.05017655478103222,False,5,5,0.0,201,8000,5.569065848476384e-07,8.091466563442395e-07,10.0,0,0,0.0001932578344026286,64.31248693928103,65.53272614573089,69.20816389265492,0.00015895809894429417,0.00023375634956334233,0.000811701664730124,64.31248693928104,65.5327261457309,69.20816389265494,0.00015895809894429458,0.00023375634956334363,0.0008117016647301294,1.011271328609491,1.0112713286094912,9e96199d139f5b31,9e96199d139f5b31,False,False,1.1827999842353165,4.516600019996986,5.699400004232302,1.1711999832186848,6.454200018197298,7.625400001415983
disturbance_step60,67,130.0,130.0,130.0,130.0,0.0,-172348.51657355993,optimal,-172310.39245414233,False,False,max_iterations,max_iterations,0.050300103616661124,0.04947299576407875,False,5,5,0.0,8000,8000,6.73517618565711e-07,9.770155422472726e-07,10.0,0,0,0.00022120364117723956,65.21986612539649,66.44574192786797,70.15168242962642,0.0001682111982516161,0.0002477960608959799,0.0008626888748955432,65.2198661253965,66.44574192786799,70.15168242962643,0.00016821119825161655,0.0002477960608959814,0.0008626888748955491,1.013659680905474,1.0136596809054748,6e1b703b603f596f,6e1b703b603f596f,False,False,1.1366000107955188,4.694899980677292,5.8314999914728105,1.1728999961633235,252.20810002065264,253.38100001681596
disturbance_step60,68,130.0,130.0,130.0,130.0,0.0,-168711.95460450946,optimal,-168670.26055215404,False,False,max_iterations,max_iterations,0.05505538986711625,0.048768979410501394,False,5,5,0.0,8000,8000,5.36393031325133e-07,7.79342229861868e-07,10.0,0,0,0.00024713158266171585,66.13150206350883,67.36810159590945,71.10489859034305,0.0001793963993580977,0.0002647799645724335,0.0009245603135961777,66.13150206350885,67.36810159590947,71.10489859034307,0.00017939639935809815,0.0002647799645724351,0.0009245603135961839,1.016633567134259,1.0166335671342595,9ba991610986e240,9ba991610986e240,False,False,1.177300000563264,4.44190000416711,5.619200004730374,1.318400027230382,244.4340999936685,245.75250002089888
disturbance_step60,69,130.00000000000003,130.00000000000003,130.0,130.0,-2.842170943040401e-14,-165054.7080640166,optimal,-165009.98340894136,False,False,max_iterations,max_iterations,0.05911006904854774,0.04806270495352193,False,5,5,0.0,8000,8000,5.215320442175653e-07,7.577504046452077e-07,10.0,0,0,0.00027096867214370453,67.05119206327696,68.29807074175987,72.06186457118348,0.0001929709475826723,0.00028542712346317267,0.0010000246155650757,67.05119206327697,68.29807074175989,72.06186457118349,0.00019297094758267277,0.00028542712346317435,0.0010000246155650822,1.0203561178925005,1.0203561178925011,f7e5fe1d381a40cf,f7e5fe1d381a40cf,False,False,1.2863999872934073,4.321200016420335,5.607600003713742,1.1593000090215355,247.30360001558438,248.46290002460591
disturbance_step60,70,130.0,130.0,130.0,130.0,0.0,-161360.71688258415,optimal,-161313.49748322132,False,False,max_iterations,max_iterations,0.06246862646029415,0.04735139939922434,False,5,5,0.0,8000,8000,5.316356777029796e-07,7.72430587048234e-07,10.0,0,0,0.00029263255812834,67.97862616760467,69.23441179319113,73.01742295359622,0.00020952829556562647,0.00031065472826406824,0.0010924865329780163,67.97862616760469,69.23441179319114,73.01742295359624,0.00020952829556562696,0.00031065472826407003,0.001092486532978023,1.025036548155856,1.025036548155856,694e7a59970898aa,694e7a59970898aa,False,False,1.1793000157922506,4.503699979977682,5.682999995769933,1.2706999841611832,246.30850000539795,247.57919998955913
disturbance_step60,71,130.0,130.0,130.0,130.0,0.0,-157607.1553075408,optimal,-157557.98407336642,False,False,max_iterations,max_iterations,0.06512240411628954,0.04663108665827322,False,5,5,0.0,8000,8000,6.849322602420216e-07,9.928574096207399e-07,10.0,0,0,0.0003119860521460537,68.91281079442136,70.17478407721799,73.96837113486994,0.00022983289871541943,0.0003416410916242353,0.0012062362148036899,68.91281079442138,70.174784077218,73.96837113486995,0.00022983289871542024,0.0003416410916242371,0.001206236214803697,1.0309467390097358,1.030946739009736,791decd631f5a0bd,791decd631f5a0bd,False,False,1.2801999982912093,4.954900010488927,6.235100008780137,1.2687999987974763,259.28749999729916,260.55629999609664
disturbance_step60,72,130.0,130.0,130.0,130.0,0.0,-153762.8870253915,optimal,-153712.32907865834,False,False,max_iterations,max_iterations,0.06704267234323609,0.045896310348712235,False,5,5,0.0,8000,8000,6.315258218592135e-07,9.175650985682182e-07,10.0,0,0,0.0003288046141114971,69.85175874812633,71.1170388702028,74.91231789863814,0.00025487304282852764,0.000379900784106299,0.0013467181170469065,69.85175874812636,71.11703887020282,74.91231789863815,0.0002548730428285285,0.00037990078410630123,0.001346718117046914,1.0384399266623487,1.0384399266623487,745370c1f2c39496,745370c1f2c39496,False,False,1.203799998620525,4.390200017951429,5.594000016571954,1.1659000010695308,249.07019999227487,250.2360999933444
disturbance_step60,73,130.0,130.0,130.0,130.0,0.0,-149786.13273186798,optimal,-149734.79946770988,False,False,max_iterations,max_iterations,0.06817009248790444,0.045139730840733736,False,5,5,0.0,8000,8000,5.112523950856485e-07,7.409632987176451e-07,10.0,0,0,0.0003427103912879624,70.79337283151318,72.05901258555055,75.84768275534985,0.00028592819904410137,0.0004273887727824974,0.0015208666521763828,70.7933728315132,72.05901258555058,75.84768275534987,0.0002859281990441025,0.0004273887727824998,0.001520866652176391,1.0479764651395789,1.0479764651395782,bd25d404eb985654,bd25d404eb985654,False,False,1.180999999633059,4.541899979813024,5.722899979446083,1.1820000072475523,247.41260000155307,248.59460000880063
disturbance_step60,74,130.0,130.0,130.0,130.0,0.0,-145621.3180504865,optimal,-145569.90334812584,False,False,max_iterations,max_iterations,0.06839847653012625,0.044351610763956995,False,5,5,0.0,8000,8000,5.176267023898617e-07,7.502016332594508e-07,10.0,0,0,0.0003530712607807146,71.73551972893111,72.99880294447458,76.77336161284563,0.00032466046922720266,0.0004866358136696428,0.0017375453938515105,71.73551972893112,72.99880294447459,76.77336161284565,0.0003246604692272039,0.0004866358136696462,0.0017375453938515194,1.0601564322801702,1.0601564322801706,a88042b3db4e9cfb,a88042b3db4e9cfb,False,False,1.285300008021295,4.754900000989437,6.040200009010732,1.1950999905820936,246.9414999941364,248.1365999847185
disturbance_step60,75,130.0,130.0,130.0,130.0,0.0,-141194.54944369706,optimal,-141143.8855880887,False,False,max_iterations,max_iterations,0.06754864037836697,0.043519004474219,False,5,5,0.0,8000,8000,5.445406259241281e-07,7.911836243934545e-07,10.0,0,0,0.0003588230268652437,72.67625526899548,73.93474459335145,77.68864963979864,0.0003732352377011828,0.0005609283084167881,0.0020081092765721125,72.67625526899549,73.93474459335147,77.68864963979865,0.0003732352377011845,0.0005609283084167929,0.002008109276572122,1.0757621475863735,1.0757621475863723,b975c9becaf966cc,b975c9becaf966cc,False,False,1.1879999947268516,4.630399984307587,5.818399979034439,1.3509999844245613,250.33090001670644,251.681900001131
disturbance_step60,76,130.0,130.0,130.0,130.0,0.0,-136407.90258642886,optimal,-136359.04793724144,False,False,max_iterations,max_iterations,0.06532758665022,0.04262500647606079,False,5,5,0.0,8000,8000,5.510784859552587e-07,8.00683957358217e-07,10.0,0,0,0.00035815116471299175,73.61386548933405,74.86545984639139,78.5931344417454,0.00043448157769852326,0.0006545444385531403,0.0023471282542447012,73.61386548933406,74.8654598463914,78.59313444174542,0.0004344815776985251,0.0006545444385531455,0.0023471282542447116,1.0836785482033264,1.0836785482033269,160fcf518df00a4a,160fcf518df00a4a,False,False,1.2952000251971185,5.100999987917021,6.396200013114139,1.2523999903351068,250.87479999638163,252.12719998671673
disturbance_step60,77,129.99999999999997,129.99999999999997,130.0,130.0,2.842170943040401e-14,-131130.71105643897,optimal,-131085.0883924764,False,False,max_iterations,max_iterations,0.06126181741224794,0.04164727984443391,False,5,5,0.0,8000,8000,5.201066386462116e-07,7.537958426340197e-07,10.0,0,0,0.000347917460333706,74.54691667660828,75.78984983922196,79.48665703201614,0.0005121041666726825,0.0007730646510376052,0.0027733131750708444,74.54691667660829,75.78984983922197,79.48665703201615,0.0005121041666726845,0.0007730646510376109,0.0027733131750708557,1.08999176131445,1.089991761314452,02698210abdb329f,02698210abdb329f,False,False,1.2255000183358788,4.662399995140731,5.88790001347661,1.1966999736614525,252.8234000201337,254.02009999379516
disturbance_step60,78,130.0,130.0,130.0,130.0,0.0,-125191.4695577288,optimal,-125151.08443952748,False,False,max_iterations,max_iterations,0.05459239597170808,0.040556980057794324,False,5,5,0.0,8000,8000,5.243932292842146e-07,7.60008430411574e-07,10.0,0,0,0.0003225868211620199,75.47426398047558,76.7070996790227,80.36928281199523,0.0006109630682109459,0.0009237783852600327,0.0033106985694120795,75.4742639804756,76.70709967902272,80.36928281199523,0.0006109630682109495,0.0009237783852600391,0.0033106985694120955,1.0961009031063653,1.0961009031063647,6f87ac79b484ca03,6f87ac79b484ca03,False,False,1.177300000563264,4.337699996540323,5.514999997103587,1.2650999997276813,247.25709998165257,248.52219998138025
disturbance_step60,79,130.0,130.0,130.0,130.0,0.0,-118362.2568578245,optimal,-118334.71870598919,False,False,max_iterations,max_iterations,0.03749629522833745,0.03931661872749604,False,5,5,0.0,8000,8000,4.913249540550169e-07,7.120822376194269e-07,10.0,0,0,0.00023265990837218137,76.39506051628614,77.61667651527145,81.2412973750337,0.0007374421043111854,0.0011162161056939065,0.003990148572089675,76.39506051628615,77.61667651527145,81.2412973750337,0.0007374421043111894,0.0011162161056939136,0.003990148572089693,1.1019364098637237,1.101936409863724,3192fcddea5ebd10,3192fcddea5ebd10,False,False,1.1868999863509089,4.588700016029179,5.775600002380088,1.218899997184053,209.10380000714213,210.32270000432618
disturbance_step60,80,130.0,130.0,130.0,130.0,0.0,-110337.16541699605,optimal,-110323.06672794826,False,False,max_iterations,max_iterations,0.019645400434023,0.037877454206385726,False,5,5,0.0,8000,8000,6.683034854404468e-07,9.69455927979368e-07,10.0,0,0,0.000127778242213281,77.30876227454941,78.51833648953126,82.10321542494485,0.00089993310934672,0.001362843888124316,0.004851269817928865,77.30876227454941,78.51833648953128,82.10321542494485,0.0008999331093467245,0.001362843888124324,0.004851269817928886,1.107447829742061,1.1074478297420607,e4ffc46efd6db982,e4ffc46efd6db982,False,False,1.2263000244274735,4.531899990979582,5.758200015407056,1.1799000203609467,209.1208999918308,210.30080001219176
disturbance_step60,81,130.0,130.0,130.0,130.0,0.0,-100701.33887803444,optimal,-100701.32256193832,True,True,converged(kkt(residual=2.73e-04<=tol=3.62e-02); obj_plateau(range=1.90e-08)),converged,0.0002726795132993682,0.036176406654031296,False,5,5,0.0,601,8000,5.223961636602326e-07,7.571140772100193e-07,10.0,0,0,1.620246188660457e-07,78.21513978309747,79.41213896531704,82.95580553864035,0.00110947159706889,0.0016799692972920117,0.0059448359778406165,78.21513978309748,79.41213896531704,82.95580553864035,0.001109471597068895,0.0016799692972920206,0.005944835977840639,1.112606856447124,1.1126068564471225,84f331767fe42531,84f331767fe42531,False,False,1.1816999758593738,4.267500014975667,5.449199990835041,1.4869000006001443,17.096600000513718,18.583500001113862
disturbance_step60,82,130.0,130.0,130.0,130.0,0.0,-88968.05440992702,optimal,-88945.73596353884,True,True,converged(kkt(residual=3.02e-02<=tol=3.41e-02); obj_plateau(range=9.82e-16)),converged,0.030200351880400076,0.034132977950645016,False,5,5,0.0,201,8000,5.381108536539614e-07,7.798895298449793e-07,10.0,0,0,0.0002508591037109026,79.11429853506885,80.29847323522542,83.80012970776376,0.0013805707187173357,0.002088922468561391,0.007335856553785984,79.11429853506885,80.29847323522542,83.80012970776376,0.0013805707187173413,0.0020889224685614015,0.007335856553786009,1.117409263811668,1.117409263811668,cb63228b9aff46a2,cb63228b9aff46a2,False,False,1.1706000077538192,4.388700006529689,5.559300014283508,1.1349999986123294,8.784699981333688,9.919699979946017
disturbance_step60,83,130.0,130.0,130.0,130.0,0.0,-74297.53260929478,optimal,-74260.30485171467,False,False,max_iterations,max_iterations,0.051330862042349025,0.03164858722437462,False,5,5,0.0,8000,8000,6.800031968623443e-07,9.907221398819388e-07,10.0,0,0,0.0005010631749491079,80.00671309778389,81.17810012307744,84.63760020807078,0.0017323158637796352,0.0026175974602227025,0.009107459150643125,80.00671309778389,81.17810012307744,84.63760020807078,0.0017323158637796417,0.0026175974602227143,0.009107459150643153,1.1218760638489564,1.1218760638489584,3a6195e56de15c9b,3a6195e56de15c9b,False,False,1.1486999865155667,4.714300011983141,5.862999998498708,1.1553999793250114,331.1744000238832,332.3298000032082
disturbance_step60,84,130.0,130.0,129.91626191776442,129.91626191776442,-0.08373808223558399,-55580.27238075794,optimal,-55568.75971580264,True,True,converged(kkt(residual=1.60e-02<=tol=2.86e-02); obj_plateau(range=3.05e-14)),converged,0.01603013691777903,0.028617726460076633,False,5,5,0.0,201,8000,5.852168669662206e-07,8.559919049133669e-07,10.0,0,0,0.00020713581387963938,80.89327871821037,82.0522129087193,85.47005678585818,0.002189804145517443,0.0033024688154309834,0.011365804379491537,80.89327871821037,82.0522129087193,85.47005678585818,0.0021898041455174506,0.003302468815430997,0.011365804379491569,1.1260543570119657,1.126054357011966,ca5f93fafd604acb,ca5f93fafd604acb,False,False,1.1980000126641244,4.513399995630607,5.711400008294731,1.352099992800504,10.99800001247786,12.350100005278364
disturbance_step60,85,126.0,126.0,125.91626191776444,125.91626191776444,-0.08373808223555557,-31625.053015989113,optimal,-31622.897529341688,True,True,converged(kkt(residual=6.98e-07<=tol=2.50e-02); obj_plateau(range=6.90e-16)),converged,6.981255814621446e-07,0.024984396576375176,False,5,5,0.0,201,8000,6.734527744356456e-07,9.760419574789125e-07,10.0,0,0,-1.532189961620796e-08,81.77538579070459,82.92252274661578,86.2998692503646,0.0027860446808960055,0.004191241808834706,0.014246321778364632,81.77538579070459,82.92252274661578,86.2998692503646,0.0027860446808960137,0.0041912418088347215,0.014246321778364667,1.130018458111644,1.130018458111644,31f5ae0ac68d1f58,cdb3f0378cc1b031,True,True,1.1609999928623438,4.517099994700402,5.678099987562746,1.145999995060265,35.357899992959574,36.50389998801984
disturbance_step60,86,122.0,122.0,121.91626191776444,121.91626191776444,-0.08373808223555557,-1365.7622112256868,optimal,-1402.3696563753547,True,True,converged(kkt(residual=9.10e-07<=tol=2.09e-02); obj_plateau(range=5.19e-15)),converged,9.101669036623361e-07,0.020870830546835483,False,5,5,0.0,201,8000,6.536087653330469e-07,9.472818307543207e-07,10.0,0,0,-4.34081426833997e-07,82.6550240402027,83.79137604139085,87.13007264658518,0.0035644827710387345,0.005346359925044506,0.01792165356002709,82.6550240402027,83.79137604139085,87.13007264658518,0.003564482771038744,0.005346359925044524,0.017921653560027128,1.1338719836240558,1.1338719836240567,c48a55f905c82da6,7bc5ecbc3450f01a,True,True,1.202500017825514,4.558399989036843,5.760900006862357,1.1716000153683126,38.227699988055974,39.39930000342429
disturbance_step60,87,118.0,118.0,117.91626191776444,117.91626191776444,-0.08373808223555557,40191.56646558365,optimal,40160.82561703847,False,False,max_iterations,max_iterations,0.1046890212547393,0.021767793213151997,False,5,5,0.0,8000,8000,6.362031399476109e-07,9.270824161689006e-07,10.0,0,0,0.0016791307998762649,83.53492622739988,84.66191436559458,87.96454548405339,0.0045823833802913876,0.0068496930591620915,0.02261183563591431,83.53492622739988,84.66191436559458,87.96454548405339,0.004582383380291399,0.006849693059162111,0.022611835635914353,1.1377517327885673,1.1377517327885658,16e27b6a3ffd9d43,a709a98706510a44,True,True,1.1636000126600266,4.459199990378693,5.622800003038719,1.1603999882936478,1532.592100003967,1533.7524999922607
disturbance_step60,88,114.0,114.0,113.91626191776444,113.91626191776444,-0.08373808223555557,105857.8979068661,optimal,105935.87043547857,False,False,max_iterations,max_iterations,0.4627341933505767,0.03510183676035304,False,5,5,0.0,8000,8000,6.892139197134384e-07,9.988847695652225e-07,10.0,0,0,0.0027656488507803254,84.41876569862092,85.53829262116562,88.80824626426839,0.005915423168626318,0.008808887426151775,0.028597455867751347,84.41876569862092,85.53829262116562,88.80824626426839,0.005915423168626331,0.0088088874261518,0.028597455867751396,1.141834454642398,1.1418344546423982,77a3ccad8bee4c38,04c3785a2621b473,True,True,1.1823999811895192,4.492900014156476,5.675299995345995,1.1656999995466322,1521.9310999964364,1523.096799995983
disturbance_step60,89,110.0,110.0,109.91626191776444,109.91626191776444,-0.08373808223555557,221529.706047075,optimal,221931.80593705247,False,False,max_iterations,max_iterations,1.3227492004622288,0.057706740531406175,False,5,5,0.0,8000,8000,6.023238512398166e-07,8.729540725838092e-07,10.0,0,0,0.003953433021394901,85.31142950104572,86.425979271221,89.66753088100468,0.007664024625163804,0.01136611287505479,0.0362368447748384,85.31142950104572,86.425979271221,89.66720568065136,0.0076640246251638185,0.011366112875054818,0.036236844774838455,1.1463480708360265,1.1463455546207744,d5463fc93ddce477,57cdd818a7b120b5,True,True,1.1789999844040722,4.556400002911687,5.735399987315759,1.1638000141829252,1539.749599993229,1540.9134000074118
disturbance_step60,90,106.00000000000001,106.00000000000001,105.91626191776446,105.91626191776446,-0.08373808223555557,449227.41934841324,optimal,450467.78890171036,False,False,max_iterations,max_iterations,3.0123781372826186,0.09334385022439935,False,5,5,0.0,8000,8000,6.631059221717805e-07,9.61046180414371e-07,10.0,0,0,0.0053010675647361255,86.21940095981533,87.33217585033769,90.53505065461766,0.009962272676885745,0.014710366359779698,0.04598883177392084,86.21940095981533,87.332054982244,90.53415619325261,0.009962272676885762,0.01471036635977973,0.045988346705929946,1.1514652988878278,1.151457616058658,f32f1f4c759e0712,c2acd32c82c321d0,True,True,1.9128999847453088,5.6579000083729625,7.570799993118271,1.2236000038683414,1567.972999997437,1569.1966000013053
disturbance_step60,91,102.00000000000003,102.00000000000003,101.91626191776446,101.91626191776446,-0.08373808223556978,944236.1275264446,optimal,947328.9853268728,False,False,max_iterations,max_iterations,5.592115031917119,0.1496700092504478,False,5,5,0.0,8000,8000,6.734450437306805e-07,9.819042068315298e-07,10.0,0,0,0.006563769672469623,87.15130627932051,88.26064189347113,91.40954521793115,0.012990780563354455,0.019095213479631647,0.05841391447147193,87.1512164325788,88.26027558550348,91.40785479927325,0.012990780563354476,0.019095131361312877,0.05841167834999099,1.157440229576797,1.15742404278662,5ac627583a0091a6,f78f8f025494ad78,True,True,1.5420000127051026,5.525299988221377,7.06730000092648,1.2697000056505203,1559.7562000039034,1561.0259000095539
disturbance_step60,92,98.00000000000001,98.00000000000001,97.91626191776449,97.91626191776449,-0.08373808223552714,2155398.3212510054,optimal,2162115.635120455,False,False,max_iterations,max_iterations,9.34581771406122,0.24255893091541042,False,5,5,0.0,8000,8000,6.032459083371577e-07,8.742904471503721e-07,9.077229414681735,0,0,0.007596681734930908,88.11442409430185,89.2180461338794,92.29338601897717,0.01699580561326554,0.024859993515115565,0.07418988908903486,88.11412681137782,89.2172787622196,92.29070971536385,0.01699574980244452,0.0248595736118121,0.07418335221333801,1.1646148296889096,1.164586258645015,2435e5898d15d1f0,cb412a2f27bda8c3,True,True,1.271400018595159,5.020199983846396,6.291600002441555,1.20160001097247,1590.20349997445,1591.4050999854226
disturbance_step60,93,94.00000000000001,94.00000000000001,93.91626191776449,93.91626191776449,-0.08373808223552714,5515396.146691049,optimal,5526829.687292177,False,False,max_iterations,max_iterations,15.230072258357046,0.4033450243494387,False,5,5,0.0,8000,8000,6.546852517885782e-07,9.551844737387682e-07,49.136650041804444,0,0,0.008233263221484044,89.11874413569336,90.21378984289167,93.1942197234305,0.022315113552254937,0.03246269537141045,0.09412335791790752,89.11808867712176,90.21245459903753,93.19036755767094,0.022314805079140437,0.03246131848808779,0.09410806718150842,1.173474806729158,1.1734288068152168,fde2ec1b4064b785,14bf0c300db217f8,True,True,1.2178999895695597,4.741199983982369,5.959099973551929,1.2156000011600554,1541.3595999998506,1542.5752000010107
disturbance_step60,94,90.00000000000001,90.00000000000001,89.91626191776449,89.91626191776449,-0.08373808223552714,15452607.596143007,optimal,15460932.478446161,False,False,max_iterations,max_iterations,24.174651921876446,0.6775522308214459,False,5,5,2.5095635895263104,8000,8000,6.758947819207606e-07,9.79581199267443e-07,188.68426776353562,0,0,0.008204288109755075,90.17837426183029,91.26258505593385,94.12417801417772,0.029418205428307483,0.04252741556662693,0.11916289087737086,90.17718712343948,91.26048913227665,94.1189390911393,0.02941713455801246,0.042523786984903826,0.11913162625061624,1.1846935476802478,1.1846231002594254,733335ca62c628f4,337aeb9828a23fa7,True,True,1.206299988552928,5.877899995539337,7.084199984092265,1.1953999928664416,1515.7629000023007,1516.9582999951672
disturbance_step60,95,86.0,86.0,85.91626191776446,85.91626191776449,-0.08373808223551293,29274516.992029402,optimal,29480617.813701924,False,False,max_iterations,max_iterations,29.51963301094249,0.8747974169957244,False,5,5,9.108298353930131,8000,8000,6.123374518551827e-07,8.874668937508545e-07,278.1917463618785,0,0,0.007441383699640375,91.31460960125548,92.38626872237381,95.10012240338645,0.03896943301259937,0.05591851220002912,0.15040764612575833,91.31268135921437,92.38317715648377,95.09323468488124,0.038966466244065766,0.05591010512078122,0.15034930023528115,1.1992038402850915,1.1990985483992658,353068d4e8b8d20c,db9e7f031be17e9a,True,True,1.2067000207025558,4.624699999112636,5.831400019815192,1.2214999878779054,1218.858000007458,1220.079499995336
disturbance_step60,96,90.0,90.0,89.91626191776449,89.91626191776449,-0.08373808223551293,28769251.762275405,optimal,28483155.77352012,False,False,max_iterations,max_iterations,7.237068833793085,0.787451900370443,False,5,5,19.209385745556688,8000,8000,6.721502927575784e-07,9.832520380115284e-07,244.40593755383514,0,0,0.0019151401007058632,92.55952897123377,93.61705125150074,96.14379483118616,0.05193333864494486,0.07385961660931029,0.18910813508058197,92.55658912893996,93.61265145812784,96.13491408676839,0.05192612537481274,0.07384167609619464,0.1890062897083714,1.2182934895422,1.2181374419833277,0a2f0b3123ba9da8,92fb2e0d53e60d60,True,True,1.1915999930351973,4.798299982212484,5.989899975247681,1.209900015965104,444.51229998958297,445.7222000055481
disturbance_step60,97,86.0,86.0,85.91626191776447,85.91626191776449,-0.08373808223551293,24462021.514351923,optimal,24296746.8963387,False,False,max_iterations,max_iterations,1.6726120904119968,0.6998001874296569,False,5,5,35.55931590765415,8000,8000,6.876323723759015e-07,9.965926013322246e-07,208.72312870967113,0,0,0.00047184648698631076,93.96208159718171,95.00256585968972,97.28227683765596,0.06975948613301695,0.0981342770914498,0.23664673288563678,93.95774580611416,94.99640779376588,97.27094070507496,0.06974328816911828,0.0980979609683732,0.23647799613366016,1.2437293021134286,1.2434978507418764,2c349446eaefad86,f543b62b68402e32,True,True,1.2175999872852117,4.642500018235296,5.860100005520508,1.199199992697686,1473.059900017688,1474.2591000103857
disturbance_step60,98,90.0,90.0,87.2367150935362,87.2367150935362,-2.763284906463795,16246791.909400584,optimal,16150968.6780654,False,False,max_iterations,max_iterations,1.3025372149047107,0.5728183412862788,False,5,5,63.95342297413873,8000,8000,6.801271652534524e-07,9.857152294401317e-07,165.3743270936726,0,0,0.00044997313202088695,95.59896541450802,96.61491377300024,98.54842224200523,0.09472815130293401,0.1314403377814648,0.2944731554687175,95.59263309068065,96.60630048615599,98.53401468827468,0.09469338965567987,0.13136909033134697,0.29420556410126764,1.277860091376956,1.2775155364664352,db78494b9f9d0056,5522b44b6ca57d94,True,False,1.5360999968834221,5.861000012373552,7.397100009256974,1.5949000080581754,207.1808000036981,208.77570001175627
disturbance_step60,99,94.0,94.0,89.33048423973258,89.33048423973258,-4.669515760267416,8805831.502406009,optimal,8770430.375677845,False,False,max_iterations,max_iterations,0.9589306906987223,0.4242110444429418,False,5,5,115.75274345721972,8000,8000,6.298210593058684e-07,9.128060698415652e-07,113.82912710841117,0,0,0.0004509989710309699,97.59626286504347,98.56774639640253,99.98102891770884,0.13064649620729796,0.17804959078003788,0.36394220369712244,97.58690253707199,98.55552168343732,99.96275971663567,0.13057320311756224,0.17791167034769503,0.3635346733526057,1.3234365451019612,1.3229250313179093,fba3df08d5165833,2bde95aecbda2b66,True,False,1.1993999942205846,4.728100000647828,5.927499994868413,1.2055000115651637,443.0911999952514,444.29670000681654
disturbance_step60,100,97.99999999999999,97.99999999999999,93.33048423973258,93.33048423973258,-4.669515760267402,1842020.7862332012,optimal,1844783.3482962365,False,False,max_iterations,max_iterations,0.9001063979584186,0.20410698361985843,False,5,5,181.89242055743534,8000,8000,6.637568077394462e-07,9.82928657577986e-07,10.0,0,0,0.0009809026422339926,100.176706841667,101.050750393485,101.62448228852615,0.18438378668118946,0.2451034856975038,0.44595311804428706,100.16235624020557,101.03284995381759,101.60142018340788,0.1842277592742467,0.24483561666744483,0.4453584980025113,1.3818261615953389,1.3810921521930106,080a2cea79c7f05a,df2b0c52531498b3,True,True,1.2968000082764775,4.985500010661781,6.282300018938258,1.517600001534447,246.20120000327006,247.7188000048045
disturbance_step60,101,101.99999999999999,101.99999999999999,97.33048463653805,97.33048423973258,-4.669515760267402,1305011.8031520732,optimal,1287583.1049885263,False,False,max_iterations,max_iterations,0.3708729607442216,0.17315498278522468,False,5,5,111.92624872930521,8000,8000,6.61770030774278e-07,9.59110036724553e-07,10.0,0,0,0.0004973489195154502,103.77521534296085,104.40285942844847,103.56019073339628,0.2696555043101241,0.3452658229319564,0.5402287394257231,103.75164417261088,104.37528508303723,103.53141675267126,0.2693091472864658,0.34473553234751947,0.5394060481194477,1.4429157972701145,1.4420433170407143,427beb1c88b2f199,ea5812c8ff5dcc8b,True,True,1.490800001192838,5.275100003927946,6.765900005120784,1.263700018171221,247.59469999116845,248.85840000933968
disturbance_step60,102,105.99999999999999,105.99999999999999,101.33048423973258,101.33048423973258,-4.669515760267402,-125343.13878399729,optimal,-121559.19783484681,True,True,converged(kkt(residual=2.28e-04<=tol=4.78e-02); obj_plateau(range=7.18e-16)),converged,0.00022834591185601517,0.04778761298353853,False,5,5,77.9084124943508,251,8000,6.74246578569182e-07,9.780817613602721e-07,10.0,0,0,1.166985658797799e-06,109.35837850916717,109.27317359572893,105.86088152957133,0.4176150130485716,0.5019058600247122,0.6445498540424125,109.31490110334045,109.22768527686068,105.8257339798961,0.4167790683707655,0.5008274099864407,0.6434934618530731,1.4072165416667362,1.4077512261295821,30a5ae2422856611,bf122c9e9b47d9ef,True,True,1.291799999307841,4.902199987554923,6.193999986862764,1.2414999946486205,7.8357000020332634,9.077199996681884
disturbance_step60,103,110.0,110.0,105.33048465157017,105.33048423973258,-4.669515760267416,-98771.61597521462,optimal,-95909.19001162614,False,False,max_iterations,max_iterations,0.004935117870954399,0.03752291352190196,False,5,5,25.663092037533715,8000,8000,6.752615746563606e-07,9.788390835652194e-07,10.0,0,0,3.3200001643722146e-05,119.34186871504478,116.71731822936393,108.69006691187425,0.7081441903864624,0.7529309831638686,0.7528166741251181,119.24762114756292,116.64005362277565,108.63774092933754,0.7058833252252569,0.7508008881349587,0.7516081312843959,1.1240971624385345,1.1218351910847917,fdf25c2aac3f3192,c7d466aeaa912ec0,True,True,1.2531999964267015,4.751000000396743,6.004199996823445,1.2494999973569065,245.69209999754094,246.94159999489784
disturbance_step60,104,114.0,114.0,109.33048423973258,109.33048423973258,-4.669515760267416,-92461.05607333509,optimal,-90118.7292184425,False,False,max_iterations,max_iterations,0.0019572706799998395,0.03519921392529872,False,5,5,13.224844167866323,8000,8000,6.588822571984565e-07,9.64230731703708e-07,10.0,0,0,1.4558308440369249e-05,135.6228224750851,125.13288560216714,112.35910340882178,1.0,1.0,0.8546576806648303,135.49372694691505,125.06847521909,112.26888277904872,1.0,1.0,0.8533605799906454,1.1009739445592754,1.0798032552344954,8947dfbe9040ad39,1e0553447c820517,True,True,1.2348000018391758,5.135099985636771,6.3698999874759465,1.2812000059057027,237.0416999910958,238.3228999970015
disturbance_step60,105,118.00000000000001,118.00000000000001,113.33048458085206,113.33048423973258,-4.66951576026743,-95044.99552770444,optimal,-92902.42225717739,False,False,max_iterations,max_iterations,0.002466477973939632,0.03521764761719722,False,5,5,1.5851030186679793,8000,8000,6.109691668143569e-07,8.85642735148906e-07,10.0,0,0,1.8425253627741514e-05,127.82517613296706,124.28404264321803,116.2811357179379,1.0,1.0,0.9367581163654881,127.74416400998179,124.18599759344511,116.15906099131381,1.0,1.0,0.9354685865978467,0.9816713534760246,0.9816556816202289,1333d70e99a3d209,2cbe625499a85ec6,True,True,1.2186000240035355,4.764099983731285,5.98270000773482,1.1873999901581556,242.07760000717826,243.26499999733642
disturbance_step60,106,122.0000549545589,122.0000549545589,117.33048423973258,117.33048423973258,-4.669570714826321,-97481.43249639406,optimal,-95562.21369488785,True,True,converged(kkt(residual=2.00e-03<=tol=3.54e-02); obj_plateau(range=1.86e-13)),converged,0.0020001531703537014,0.03542868616272812,False,5,5,0.0,301,8000,5.689456230584256e-07,8.266419166957917e-07,10.0,0,0,1.5001948178954696e-05,125.19289083537096,122.62572325910668,116.33002554156599,1.0,1.0,0.9794409571625183,125.0992173645749,122.52507770833931,116.17174387731475,1.0,1.0,0.9787038464270224,0.9821557478686489,0.9821472418715093,3ceb2e4db730c18f,9acd395294ab8394,True,True,1.3029999972786754,5.07450001896359,6.377500016242266,1.286200014874339,12.139400001615286,13.425600016489625
disturbance_step60,107,126.00002515945589,126.00002515945589,121.33048423973258,121.33048423973258,-4.669540919723303,-97103.89395692843,optimal,-95532.75426046041,False,False,max_iterations,max_iterations,0.0007164733225065974,0.035141574511113494,False,5,5,0.0,8000,8000,5.343235471855223e-07,7.744005587895231e-07,10.0,0,0,5.363254319060763e-06,123.2845986213023,121.23993039067383,115.39609288272536,1.0,1.0,0.9878147249731322,123.18574248691694,121.12045440172642,115.18352139770774,1.0,1.0,0.9873376474474004,0.9822472726507961,0.9822416940250942,b28d30e8cebd8542,65ed81a1b6d8cfa3,False,True,1.1935000075027347,4.69809997593984,5.891599983442575,1.2073000252712518,235.58279999997467,236.79010002524592
disturbance_step60,108,130.00001163909045,130.00001163909045,125.3304846755678,125.33048423973258,-4.669527399357861,-94765.82222779746,optimal,-94252.86666839384,False,False,max_iterations,max_iterations,0.0020940981470039975,0.034671724042845325,False,5,5,0.0,8000,8000,5.294364484598191e-07,9.033184937834449e-07,10.0,0,0,1.0312869449968016e-05,121.76470389337817,119.82788288375014,114.9583670434866,1.0,1.0,0.9912470885422089,121.65052008491348,119.68146967736541,114.68621908942923,1.0,1.0,0.990867709284385,0.9822844639049492,0.9822799317392882,ea6714f2e558c3d3,4b8f0285227eaec9,False,True,1.2315000058151782,4.864699993049726,6.096199998864904,1.2401000130921602,242.14829999255016,243.38840000564232
disturbance_step60,109,130.0,130.0,129.33048423973258,129.33048423973258,-0.6695157602674158,-90705.38774444824,optimal,-91724.60239539016,True,True,converged(kkt(residual=1.00e-03<=tol=3.41e-02); obj_plateau(range=1.74e-08)),converged,0.001003497423215036,0.03411857745138101,False,5,5,0.0,501,8000,5.117858847825119e-07,7.417364829009898e-07,10.0,0,0,1.481164039298487e-07,120.32497690130693,118.7378802747882,114.54858005621644,1.0,1.0,0.9932374145731057,120.18683551808803,118.55671368250134,114.21614166927378,1.0,1.0,0.9929105080557529,0.9823059209797554,0.9823019128260703,44dd533653b73b76,f919b8a95d744d3c,False,True,1.2147999950684607,4.480800009332597,5.695600004401058,1.202800020109862,14.572599990060553,15.775400010170415
disturbance_step60,110,130.0,130.0,130.0,130.0,0.0,-85414.94337242634,optimal,-87924.74651454986,True,True,converged(kkt(residual=9.55e-03<=tol=3.35e-02); obj_plateau(range=3.51e-14)),converged,0.009550162441552377,0.033531568808932474,False,5,5,0.0,201,8000,5.753672951414046e-07,8.338856902767589e-07,10.0,0,0,8.048335709667784e-05,119.14521592139941,117.77071223713277,114.26028215989604,1.0,1.0,0.9945262442987204,118.97509194684827,117.54931334400457,113.86590318308158,1.0,1.0,0.9942318818149509,0.9823198004830529,0.982316085442199,a6d1ff0cfce7d913,e3adc6358005f8f1,False,False,1.1748999822884798,4.5205000205896795,5.695400002878159,1.1696000001393259,8.477199997287244,9.64679999742657
disturbance_step60,111,130.0,130.0,130.0,130.0,0.0,-80064.23878577795,optimal,-83027.85792717166,True,True,converged(kkt(residual=2.85e-02<=tol=3.27e-02); obj_plateau(range=1.01e-13)),converged,0.028481304087979924,0.032683135375245115,False,5,5,0.0,201,8000,7.503047356749448e-07,9.429544585159988e-07,10.0,0,0,0.0002533008691512145,118.12348492762003,116.97684670548331,114.03455217755376,1.0,1.0,0.9954344183172226,117.91524597810492,116.71021332491121,113.57726218588112,1.0,1.0,0.9951622996230095,0.9823295845929232,0.9823260413673989,d98101fc29bd35b1,c1509b040f3647aa,False,False,1.1940000113099813,4.550599987851456,5.744599999161437,1.2170000118203461,8.789999992586672,10.007000004407018
disturbance_step60,112,130.0,130.0,130.0,130.0,0.0,-74735.28456502953,optimal,-78004.99693963102,False,False,max_iterations,max_iterations,0.039883676125932764,0.0317991621226297,False,5,5,0.0,8000,8000,5.185405314023228e-07,7.515260564971982e-07,10.0,0,0,0.0003758649101606886,117.27113667739744,116.30945027621044,113.89358971606039,1.0,1.0,0.996108829218977,117.01949049605167,115.99365865393911,113.37257697716869,1.0,1.0,0.9958529652418916,0.9823368838889062,0.9823334422441655,63eca292eea0423f,1bc98a66af84bfd2,False,False,1.4136999961920083,4.923800006508827,6.3375000027008355,1.18530000327155,351.87990000122227,353.0652000044938
disturbance_step60,113,130.00000000000003,130.00000000000003,130.0,130.0,-2.842170943040401e-14,-69449.3928231509,optimal,-73056.89767125156,False,False,max_iterations,max_iterations,0.043948007717450416,0.030937364479763276,False,5,5,0.0,8000,8000,5.592652598807035e-07,8.147319885409843e-07,10.0,0,0,0.00043945543237100467,116.55627151287577,115.768973438799,113.82753233351153,1.0,1.0,0.9966317014578499,116.25694311295649,115.40074783909432,113.24235720359047,1.0,1.0,0.9963883986806583,0.9823425933889542,0.9823392111667009,f4a2499e94756538,7f5b71cd4a7cc7fe,False,False,1.1946999875362962,4.748000006657094,5.94269999419339,1.1854000040329993,340.4822000011336,341.6676000051666
disturbance_step60,114,130.00000000000003,130.00000000000003,130.0,130.0,-2.842170943040401e-14,-64207.5111569567,optimal,-68183.30120779717,False,False,max_iterations,max_iterations,0.040973426138199445,0.0300981632349764,False,5,5,0.0,8000,8000,5.936393847605359e-07,8.64807525147171e-07,10.0,0,0,0.000434561335005827,115.97103710948001,115.34000998102856,113.82437930748432,1.0,1.0,0.9970506473158496,115.62049429288719,114.91675737178068,113.19036090253213,1.0,1.0,0.9968175273754161,0.9823464521910771,0.9823438885035172,792587cbf306eaaa,3a10ab1edad8d275,False,False,1.2292999890632927,4.774900007760152,6.004199996823445,1.205600012326613,338.9665000140667,340.1721000263933
disturbance_step60,115,130.0,130.0,129.99999999999997,129.99999999999997,-2.842170943040401e-14,-59094.9175794781,optimal,-63369.96939450375,False,False,max_iterations,max_iterations,0.031215115719532137,0.02927968068733678,False,5,5,0.0,8000,8000,6.84127385852662e-07,9.939894649590997e-07,10.0,0,0,0.00034869865625700245,115.50196599498645,115.0112269920944,113.87033625990956,1.0,1.0,0.9973949401927016,115.0973746883406,114.53666273530153,113.20096684023149,1.0,1.0,0.9971711625724193,0.9823446577744988,0.9823450216486621,99f2119ccc520619,f1d3b99bba872071,False,False,1.197999983560294,4.663200001232326,5.86119998479262,1.1870999878738075,341.32569999201223,342.51279997988604
disturbance_step60,116,130.0,130.0,130.0,130.0,0.0,-54654.18149191373,optimal,-58899.66867368623,False,False,max_iterations,max_iterations,0.01195314688457306,0.02852998726141668,False,5,5,0.0,8000,8000,5.544390546674549e-07,8.0355412723776e-07,10.0,0,0,0.00013653579173780536,115.13717741358754,114.76958334279703,113.95531917616829,1.0,1.0,0.9976834231630138,114.6805720361831,114.24862236032179,113.26194013702012,1.0,1.0,0.9974688429918822,0.9823424834854954,0.9823430370606742,5cc516e2cc6c91ee,13ee1f60d04e7165,False,False,1.2152999988757074,5.012799985706806,6.228099984582514,1.2648999982047826,301.6197000106331,302.8846000088379
disturbance_step60,117,130.0,130.0,130.0,130.0,0.0,-50811.46391790768,optimal,-54959.865417646004,True,True,converged(kkt(residual=6.31e-04<=tol=2.79e-02); obj_plateau(range=2.63e-08)),converged,0.0006314924292041976,0.027879958063650016,False,5,5,0.0,601,8000,6.797166065553029e-07,9.87580768274654e-07,10.0,0,0,2.2758508257101775e-07,114.8639280512502,114.60356826181315,114.07099257682265,1.0,1.0,0.997928844888593,114.35948423072121,114.04244341607239,113.36180855771711,1.0,1.0,0.9977235935584824,0.982339823581907,0.9823406560908787,69fc3134f5b0aeca,6a377603fcd250db,False,False,1.1915999930351973,4.456299997400492,5.64789999043569,1.3450999977067113,23.836800013668835,25.181900011375546
disturbance_step60,118,130.0,130.0,129.94716436919052,129.94716436919052,-0.052835630809482836,-47418.800885408724,optimal,-51486.20632216506,True,True,converged(kkt(residual=7.93e-03<=tol=2.73e-02); obj_plateau(range=2.62e-13)),converged,0.007929532545714074,0.027310509367636397,False,5,5,0.0,201,8000,6.750466496896479e-07,9.069072008927037e-07,10.0,0,0,0.00011064507251342768,114.67039079889744,114.50239304465293,114.2110656297953,1.0,1.0,0.9981401612247123,114.12381339889467,113.90730543577419,113.49222782456151,1.0,1.0,0.9979444053038862,0.9823365246583283,0.9823377695128009,c6564b111ca648f8,30a1ecfae222669d,False,False,1.3877000019419938,4.751700005726889,6.139400007668883,1.246800005901605,11.096799978986382,12.343599984887987
disturbance_step60,119,130.0,130.0,129.78497631524536,129.78497631524536,-0.21502368475464095,-44386.21281657781,optimal,-48360.29062236347,True,True,converged(kkt(residual=2.52e-02<=tol=2.68e-02); obj_plateau(range=7.52e-15)),converged,0.025155766634639535,0.02680280723781526,False,5,5,0.0,251,8000,5.766108301941131e-07,8.358378957851187e-07,10.0,0,0,0.0003712749233223743,114.54551044072763,114.4565547765773,114.37050277210336,1.0,1.0,0.9983238839857186,113.96287320000516,113.83350251832769,113.64652462948568,1.0,1.0,0.9981377351323429,0.9823323553384912,0.9823342181397293,d399f655f2fd0444,0415a58c21de87ca,False,False,1.2289999867789447,4.672000010032207,5.9009999968111515,1.1998999980278313,14.012699975864962,15.212599973892793
disturbance_step60,120,130.0,130.0,129.63820023986108,129.63820023986108,-0.361799760138922,-41650.89250150756,optimal,-45510.1963794815,False,False,max_iterations,max_iterations,0.03135625451044173,0.02634144837022376,False,5,5,0.0,8000,8000,6.815858171194122e-07,9.929258411034425e-07,10.0,0,0,0.00048728774864791795,114.47938565679654,114.45763398761206,114.54532796143657,1.0,1.0,0.9984848817450722,113.86670609862212,113.81209149204278,113.81962179941945,1.0,1.0,0.998308363104584,0.9823269508781381,0.9823297625692861,3ab21bdea5300a13,8bc34fa79805f496,False,False,1.25940001453273,5.02270000288263,6.28210001741536,1.2156000011600554,451.03240001481026,452.2480000159703
disturbance_step60,121,130.0,130.0,129.504380353489,129.504380353489,-0.49561964651098833,-39163.175313871834,optimal,-42918.50442973575,False,False,max_iterations,max_iterations,0.02922404428904882,0.025926500971115925,False,5,5,0.0,8000,8000,5.899680957099918e-07,8.627144634232309e-07,10.0,0,0,0.0004742297886544394,114.46321665352167,114.4983119453638,114.73231572880638,1.0,1.0,0.9986268849422998,113.82610858193743,113.83518906006731,114.00747760824996,1.0,1.0,0.9984599291223635,0.9823197019548683,0.9823240263919906,084408e8045f2a63,7b0fc27b7434beba,False,False,1.3806000060867518,4.705700004706159,6.086300010792911,1.2308000004850328,465.76950000599027,467.0003000064753
disturbance_step60,122,128.2774257062818,128.2774257062818,129.38154481220815,129.38154481220815,1.104119105926344,-36890.739193425565,optimal,-40544.893240574645,True,True,converged(kkt(residual=2.07e-02<=tol=2.56e-02); obj_plateau(range=2.29e-13)),converged,0.02070898166941441,0.025550494205002487,False,5,5,0.0,251,8000,6.400219092483894e-07,9.275902757011067e-07,10.0,0,0,0.0003432677698536535,114.48930457734558,114.57224080169223,114.92884138958443,1.0,1.0,0.998752812247328,113.83285851360355,113.89584904429165,114.20688511903072,1.0,1.0,0.998595270205507,0.9823095094230201,0.9823163838237319,32516508c1fce429,63bf64f21c180c6f,False,False,1.20900000911206,5.850399989867583,7.059399998979643,1.3095999893266708,14.4649000139907,15.774500003317371
disturbance_step60,123,124.2774257062818,124.2774257062818,129.4188969862457,129.4188969862457,5.141471279963895,-34470.61530266752,optimal,-38358.412526085885,False,False,max_iterations,max_iterations,0.005175265790633665,0.025207538134440093,False,5,5,0.0,8000,8000,6.43248185383527e-07,9.366829267776211e-07,10.0,0,0,7.585033991649752e-05,114.55095483837579,114.6739543748634,115.13274212610786,1.0,1.0,0.9988649895427316,113.87968223496227,113.9880408016244,114.41503847000284,1.0,1.0,0.9987166438787333,0.9822941654379631,0.9823057120545695,e6f86af9d6181191,7f7efb197e3d88e5,True,False,1.2722999963443726,4.905200010398403,6.177500006742775,1.3713999942410737,411.9374000001699,413.30879999441095
disturbance_step60,124,120.2774257062818,120.2774257062818,127.33513145526982,127.33513145526982,7.057705748988013,-31853.784711146545,optimal,-36372.03110989026,True,True,converged(kkt(residual=1.10e-03<=tol=2.49e-02); obj_plateau(range=2.86e-08)),converged,0.0011042218575196144,0.024903106722696675,False,5,5,0.0,551,8000,6.287438480967467e-07,9.112448653425531e-07,10.0,0,0,2.384161696758803e-07,114.64238597827625,114.79875768761187,115.34222795135676,1.0,1.0,0.9989653003065517,113.96023007726163,114.10647025720904,114.62924921760049,1.0,1.0,0.998825875895934,0.9822684556162721,0.9822897710833055,0cde9de7af897ae7,0da64958cac68ec6,True,False,1.2183999933768064,4.719599994132295,5.937999987509102,1.229399989824742,30.45120000024326,31.680599990068004
disturbance_step60,125,116.27742570628179,116.27742570628179,123.48524707084874,123.48524707084874,7.2078213645669535,-29595.373476130426,optimal,-34098.899075416804,True,True,converged(kkt(residual=3.12e-05<=tol=2.45e-02); obj_plateau(range=6.95e-09)),converged,3.119887840451879e-05,0.02448016711672875,False,5,5,0.0,201,8000,5.984775697243094e-07,8.673796516589505e-07,10.0,0,0,5.132452298295595e-08,114.75862416941919,114.94263165288908,115.55580899704685,1.0,1.0,0.9990552915621469,114.06893704261827,114.24641944277445,114.847410030538,1.0,1.0,0.998924462025658,0.9822160865160909,0.9822633311715434,7f15baee0ef40d4d,9da2a87aabc5b4ec,True,False,1.2103999906685203,4.497000016272068,5.707400006940588,1.1915000213775784,11.736999993445352,12.92850001482293
disturbance_step60,126,112.2774257062818,112.2774257062818,119.48524707084879,119.48524707084879,7.207821364566982,-27662.547559838087,optimal,-31708.668296613778,True,True,converged(kkt(residual=5.24e-07<=tol=2.40e-02); obj_plateau(range=1.03e-15)),converged,5.237728451142477e-07,0.02397485993495126,False,5,5,0.0,201,8000,5.933368214527945e-07,8.599290994837361e-07,10.0,0,0,-1.0793046175899219e-08,114.8954052861965,115.1021423742062,115.77224209545764,1.0,1.0,0.9991362500005673,114.20086776871645,114.40382587476545,115.06782879596811,1.0,1.0,0.9990136485520892,0.9820332406681013,0.9822103631303687,db2a641d6406f5e4,da593e1d45840701,True,True,1.3642999983858317,4.76929999422282,6.1335999926086515,1.2038999993819743,20.77500001178123,21.978900011163205
disturbance_step60,127,108.38717392606966,108.38717392606966,115.4852470708488,115.4852470708488,7.098073144779136,-26023.857321148433,optimal,-29600.173165463566,True,True,converged(kkt(residual=5.02e-07<=tol=2.35e-02); obj_plateau(range=4.92e-16)),converged,5.015559864492855e-07,0.02350400156870151,False,5,5,0.0,251,8000,5.75213590536805e-07,8.336628924965339e-07,10.0,0,0,-1.0644249643222562e-08,115.04908234999856,115.27436161565367,115.98379811454909,1.0,1.0,0.9992092577220097,114.35173574365365,114.57518364650366,115.28918325255614,1.0,1.0,0.9990944886301567,0.9822736822175492,0.9820340090520789,5478fbeb089a3c7f,8ad7faccabb6b9c3,False,True,1.2240000069141388,4.643099993700162,5.8671000006143,1.1849000002257526,23.50250000017695,24.687400000402704
disturbance_step60,128,105.67477430071813,105.67477430071813,111.8108627770596,111.8108627770596,6.13608847634147,-24673.686293970506,optimal,-27785.702564801737,True,True,converged(kkt(residual=2.61e-03<=tol=2.31e-02); obj_plateau(range=1.88e-08)),converged,0.0026071548230734497,0.023077060319622623,False,5,5,0.0,201,8000,6.137337322797976e-07,8.940793181366757e-07,10.0,0,0,1.5252398272968454e-07,115.21654265629705,115.45430964224919,116.17608547901658,1.0,1.0,0.99927517506368,114.51783471483151,114.75750832302158,115.51100887916003,1.0,1.0,0.9991678834613033,0.9839021943871328,0.9822058322125191,bbf286904cdfd5ce,c3c470a812545b81,False,False,1.2110000243410468,4.380899976240471,5.591900000581518,1.1842000239994377,12.707999994745478,13.892200018744916
disturbance_step60,129,103.84430372970492,103.84430372970492,108.91959728386252,108.91959728386252,5.0752935541575965,-23780.75026143503,optimal,-26304.8473427458,True,True,converged(kkt(residual=2.45e-03<=tol=2.27e-02); obj_plateau(range=2.04e-08)),converged,0.002451206921457206,0.02271306701726394,False,5,5,0.0,501,8000,5.957351163488056e-07,8.678591640887134e-07,10.0,0,0,1.671616439893498e-07,115.39328565206023,115.634202519148,116.33817269850704,1.0,1.0,0.9993346477816337,114.69599498946867,114.94848377262106,115.7246142750851,1.0,1.0,0.9992346174293083,0.9854825927534767,0.9836646927852288,494f37e735dff4c4,556c2e8ceb3cb748,False,False,1.1841999948956072,4.327600006945431,5.5118000018410385,1.2179000186733902,26.216099999146536,27.434000017819926
disturbance_step60,130,102.70348378892233,102.70348378892233,106.7339049972904,106.7339049972904,4.030421208368068,-23230.46045536692,optimal,-25208.89896455626,True,True,converged(kkt(residual=2.15e-03<=tol=2.24e-02); obj_plateau(range=1.95e-08)),converged,0.002154523710481211,0.0224363888864374,False,5,5,0.0,601,8000,6.728308505898895e-07,9.751406055968914e-07,10.0,0,0,1.590023892215502e-07,115.57237009748253,115.8063067944349,116.46141833466994,1.0,1.0,0.9993882025788244,114.88368136549035,115.143107104803,115.91702033251715,1.0,1.0,0.9992953097129716,0.9869009966263922,0.9851653454062769,105bca4704971d63,19393088f84ed89d,False,False,1.2516000133473426,4.627499991329387,5.879100004676729,1.2159000034444034,31.27809998113662,32.49399998458102
disturbance_step60,131,102.11225058056374,102.11225058056374,105.16524598308398,105.16524598308398,3.0529954025202386,-22945.424477043896,optimal,-24435.877557415555,True,True,converged(kkt(residual=2.01e-03<=tol=2.22e-02); obj_plateau(range=2.08e-08)),converged,0.002007520798893685,0.022235334482169966,False,5,5,0.0,651,8000,6.856223251361371e-07,9.961610505371254e-07,10.0,0,0,1.6857905695163287e-07,115.74626586552927,115.96284598603833,116.53971652064762,1.0,1.0,0.9994362999335624,115.07652429597786,115.33432805925682,116.07754623623956,1.0,1.0,0.999350429591472,0.9881798993353078,0.9865232503451244,5085fda05cb6079e,6bc0829eb0e5eb00,False,False,1.1956999951507896,4.767400008859113,5.9631000040099025,1.3598000223282725,33.47579998080619,34.83560000313446
disturbance_step60,132,101.95931030715023,101.95931030715023,104.13493607675622,104.13493607675622,2.175625769605986,-22868.562477181724,optimal,-23930.88330710715,True,True,converged(kkt(residual=1.68e-03<=tol=2.21e-02); obj_plateau(range=1.77e-08)),converged,0.0016757940849685706,0.022098519287041974,False,5,5,0.0,701,8000,6.724301186977755e-07,9.769937134862516e-07,10.0,0,0,1.420733230024038e-07,115.9072597022818,116.09675609739763,116.56904292846176,1.0,1.0,0.9994793680386622,115.26816153803853,115.51474334551087,116.19800352545741,1.0,1.0,0.9994003618202665,0.9893361994266968,0.9877590227070692,ad81924d47c7fe38,40e0bf93ae380cb7,False,False,1.1742999777197838,4.341699997894466,5.51599997561425,1.2282999814487994,35.93350001028739,37.16179999173619
disturbance_step60,133,102.15148996707563,102.15148996707563,103.54923426479698,103.54923426479698,1.3977442977213457,-22954.93721625566,optimal,-23648.365233553723,True,True,converged(kkt(residual=1.79e-03<=tol=2.20e-02); obj_plateau(range=2.41e-08)),converged,0.0017870437791845323,0.022016107005121462,False,5,5,0.0,701,8000,6.648759978133967e-07,9.660181019555125e-07,10.0,0,0,1.9815607968310098e-07,116.0481209762933,116.20186158254842,116.55112140198172,1.0,1.0,0.9995178189520129,115.4514569908485,115.67704477568422,116.273770904102,1.0,1.0,0.9994454508781049,0.9903812936466436,0.9888870156147418,bd5380b424a5a00d,bc90a3cca910b77a,False,False,1.199400023324415,4.616099991835654,5.815500015160069,1.1888000008184463,35.916499997256324,37.10529999807477
disturbance_step60,134,102.60867270909651,102.60867270909651,103.35109500958615,103.35109500958615,0.7424223004896362,-23167.4969003214,optimal,-23545.655317581764,True,True,converged(kkt(residual=1.35e-03<=tol=2.20e-02); obj_plateau(range=1.65e-08)),converged,0.001352377493554701,0.021978118937329906,False,5,5,0.0,751,8000,6.616714784968281e-07,9.613621720916399e-07,10.0,0,0,1.3195150517429613e-07,116.16240334905908,116.27453073661114,116.49058633899274,1.0,1.0,0.9995520722360755,115.61914663346133,115.81498676629447,116.30454248351136,1.0,1.0,0.9994860336798551,0.9913241361467324,0.9899168436266067,8522b4e53db125e3,df4f4daee7da23ce,False,False,1.2117000005673617,4.422199999680743,5.633900000248104,1.1863000108860433,38.1751999957487,39.36150000663474
disturbance_step60,135,103.26143526071233,103.26143526071233,103.45141718920183,103.45141718920183,0.18998192848950168,-23474.81705121918,optimal,-23591.43520964377,True,True,converged(kkt(residual=1.36e-03<=tol=2.20e-02); obj_plateau(range=1.93e-08)),converged,0.001359613028325734,0.02197750001021874,False,5,5,0.0,751,8000,6.624020016943177e-07,9.624235275396131e-07,10.0,0,0,1.564171003563091e-07,116.24575272703807,116.31315801692875,116.39387121168397,1.0,1.0,0.999582550394803,115.76472349573672,115.92415283087327,116.29294742628849,1.0,1.0,0.9995224595172616,0.9921724072546092,0.9908555223389174,da846f6c16947f40,9cf4a32d11f12f0a,False,False,1.2307999713812023,4.57520000054501,5.805999971926212,1.1910999892279506,38.2056999951601,39.39679998438805
disturbance_step60,136,104.04987818863208,104.04987818863208,103.7896203597658,103.7896203597658,-0.2602578288662727,-23849.878009961605,optimal,-23751.37316285854,True,True,converged(kkt(residual=1.35e-03<=tol=2.20e-02); obj_plateau(range=2.16e-08)),converged,0.0013499522493679403,0.022005695586257167,False,5,5,0.0,751,8000,6.66040151031666e-07,9.677094832127864e-07,10.0,0,0,1.762521371161498e-07,116.29585813935113,116.31810420187463,116.26797057592255,1.0,1.0,0.9996096680643946,115.88323455895993,116.00196818266025,116.24352531030127,1.0,1.0,0.9995550904001297,0.992933357710489,0.9917087906966595,c61cd5314b94fef0,25a46c80c80cbdf0,False,False,1.193000003695488,4.336300014983863,5.529300018679351,1.1781000066548586,38.52129998267628,39.69939998933114
disturbance_step60,137,104.92295735392463,104.92295735392463,104.30913553734457,104.30913553734457,-0.6138218165800566,-24269.40597955585,optimal,-23999.37819109769,True,True,converged(kkt(residual=1.33e-03<=tol=2.21e-02); obj_plateau(range=2.33e-08)),converged,0.00133191524768436,0.022056382614710057,False,5,5,0.0,751,8000,6.719115077657989e-07,9.76240189132227e-07,10.0,0,0,1.9092557656185545e-07,116.31239464764136,116.29120264756011,116.11987015538388,1.0,1.0,0.9996338196802699,115.97149465220448,116.0476183261183,116.16184490376848,1.0,1.0,0.9995842926640958,0.9936140503764734,0.9924819394050898,fa5bc66df01e2e1e,3625fe297d92cc82,False,False,1.1921999976038933,4.338600003393367,5.53080000099726,1.2049000069964677,38.5064999863971,39.71139999339357
disturbance_step60,138,105.8379593677759,105.8379593677759,104.95898707018785,104.95898707018785,-0.8789722975880494,-24713.507059341588,optimal,-24312.072483757027,True,True,converged(kkt(residual=1.31e-03<=tol=2.21e-02); obj_plateau(range=2.44e-08)),converged,0.001311414308961324,0.022123823447153093,False,5,5,0.0,751,8000,6.794056730541342e-07,9.87128631280143e-07,10.0,0,0,2.0051547212960984e-07,116.29664167182105,116.23539952533109,115.95613438991647,1.0,1.0,0.9996553705909271,116.0280808351943,116.0617801352666,116.0538491820464,1.0,1.0,0.9996104258966904,0.9942214263264961,0.9931802147381331,c0692c9b5ed5b554,e5df8b76a38355a4,False,False,1.1827999842353165,4.464199999347329,5.646999983582646,1.1811000003945082,38.532900012796745,39.71400001319125
disturbance_step60,139,106.75996717587675,106.75996717587675,105.69450761457135,105.69450761457135,-1.0654595613054028,-25165.441628890057,optimal,-24668.83405410058,True,True,converged(kkt(residual=1.29e-03<=tol=2.22e-02); obj_plateau(range=2.50e-08)),converged,0.0012920379637400194,0.022202927071269137,False,5,5,0.0,751,8000,6.879854197450186e-07,9.99594424122563e-07,10.0,0,0,2.0550509373909539e-07,116.25111760381701,116.15436633215359,115.78270767207495,1.0,1.0,0.999674651881148,116.05313105495483,116.04630730658134,115.9255152136367,1.0,1.0,0.9996338329596562,0.9947622469512856,0.9938089256739836,6c3ecfe43f3de977,5af0b69272135bf2,False,False,1.3535000034607947,4.6070000098552555,5.96050001331605,1.2959000014234334,38.88609999557957,40.181999997003004
disturbance_step60,140,107.6612576738664,107.6612576738664,106.47754921605065,106.47754921605065,-1.1837084578157544,-25611.448570750534,optimal,-25051.768454108962,True,True,converged(kkt(residual=1.28e-03<=tol=2.23e-02); obj_plateau(range=2.52e-08)),converged,0.0012754885483896763,0.022289267835665538,False,5,5,0.0,751,8000,5.326622698476058e-07,7.789144840231188e-07,10.0,0,0,2.0930628466730858e-07,116.17919799088499,116.05219076057168,115.60479973349409,1.0,1.0,0.9996919585588534,116.04805865297675,116.0039483841241,115.78248514623502,1.0,1.0,0.99965483304928,0.9952430146067612,0.9943734623508902,491ea3c336c2755c,fd231598b09e6a28,False,False,1.2034000246785581,4.44039999274537,5.643800017423928,1.1820000072475523,38.72030001366511,39.90230002091266
disturbance_step60,141,108.52062632624998,108.52062632624998,107.27638416441792,107.27638416441792,-1.2442421618320623,-26040.569345230055,optimal,-25445.649462655903,True,True,converged(kkt(residual=1.26e-03<=tol=2.24e-02); obj_plateau(range=2.49e-08)),converged,0.001262554743706644,0.022379081163721056,False,5,5,0.0,751,8000,5.398773197384799e-07,7.894650533302183e-07,10.0,0,0,2.0734376974533872e-07,116.08478775020642,115.9331128494661,115.42684622110075,1.0,1.0,0.9997075501204801,116.01526948744262,115.93803112708888,115.62992499306938,1.0,1.0,0.999673717369144,0.9956698943799208,0.9948792089465551,e2b2f2eb0c11823c,69b86f1612c9984f,False,False,1.1756999883800745,4.361100000096485,5.5367999884765595,1.2494999973569065,38.74950000317767,39.99900000053458
disturbance_step60,142,109.32265691625044,109.32265691625044,108.06538727589435,108.06538727589435,-1.2572696403560855,-26444.447339670307,optimal,-25837.830828169932,True,True,converged(kkt(residual=1.25e-03<=tol=2.25e-02); obj_plateau(range=2.44e-08)),converged,0.001252945400039034,0.02246924368824177,False,5,5,0.0,751,8000,5.470363078075025e-07,7.999336499864285e-07,10.0,0,0,2.0307669133184578e-07,115.97204091013703,115.8013207843013,115.25250972336933,1.0,1.0,0.9997216526461689,115.95785470741296,115.85222387807266,115.47241805693294,1.0,1.0,0.9996907474493727,0.9960486552657081,0.9953314531552311,7ebcafee1b2eea4d,774a4ed5bdef4115,False,False,1.1966000020038337,4.865399998379871,6.062000000383705,1.3134999899193645,41.387900011613965,42.70140000153333
disturbance_step60,143,110.05696355884781,110.05696355884781,108.82457684747375,108.82457684747375,-1.2323867113740619,-26817.094841088205,optimal,-26218.124238670855,True,True,converged(kkt(residual=1.25e-03<=tol=2.26e-02); obj_plateau(range=2.38e-08)),converged,0.0012460977374623866,0.022557240287816034,False,5,5,0.0,751,8000,5.539519918329461e-07,8.100464796712004e-07,10.0,0,0,1.9721631608333048e-07,115.84513688956224,115.66079470522389,115.08471210659913,1.0,1.0,0.9997344617236188,115.87933451610974,115.75032051831916,115.31392086845356,1.0,1.0,0.9997061553137412,0.9963846323177321,0.9957352979005404,31b88633ddb65673,a9010a166b226724,False,False,1.2975000136066228,4.433399997651577,5.7309000112582,1.2009000056423247,39.50430001714267,40.70520002278499
disturbance_step60,144,110.7174326692705,110.7174326692705,109.53906040830364,109.53906040830364,-1.178372260966853,-27154.630487089824,optimal,-26578.64122178446,True,True,converged(kkt(residual=1.24e-03<=tol=2.26e-02); obj_plateau(range=2.30e-08)),converged,0.0012413230200381713,0.022641120666107198,False,5,5,0.0,751,8000,5.604830590755228e-07,8.195969281032944e-07,10.0,0,0,1.9036998674394084e-07,115.70810697443329,115.51519548734841,114.9256862100107,1.0,1.0,0.9997461457161229,115.78343255405399,115.63607366275845,115.15774854545764,1.0,1.0,0.9997201448988892,0.9966827089088937,0.9960955924423859,810766ebfc1f65a1,9b11f2c104f9e5f7,False,False,1.209300011396408,6.525999982841313,7.735299994237721,1.4964000147301704,40.70409998530522,42.20050000003539
disturbance_step60,145,111.3014892934214,111.3014892934214,110.19842747277235,110.19842747277235,-1.103061820649046,-27454.996051145354,optimal,-26913.60015919744,True,True,converged(kkt(residual=1.24e-03<=tol=2.27e-02); obj_plateau(range=2.22e-08)),converged,0.0012379634277659573,0.02271944739796673,False,5,5,0.0,751,8000,5.665303177693204e-07,8.284397736701976e-07,10.0,0,0,1.8303088928474914e-07,115.56470710750907,115.36779091542762,114.77704075397796,1.0,1.0,0.9997568490559999,115.67389399976051,115.51306255159355,115.00658956727702,1.0,1.0,0.9997328941955534,0.9969473154423184,0.9964168826658844,6871edae9cc36bbc,5fdd513aa9a4c238,False,False,1.2219000200275332,4.597999999532476,5.819900019560009,1.4094999933149666,40.18740000901744,41.596900002332404
disturbance_step60,146,111.8094071989541,111.8094071989541,110.79612246096096,110.79612246096096,-1.0132847379931462,-27717.664047889586,optimal,-27219.10455201537,True,True,converged(kkt(residual=1.24e-03<=tol=2.28e-02); obj_plateau(range=2.13e-08)),converged,0.0012354746981292108,0.022791238021240615,False,5,5,0.0,751,8000,5.720290658928207e-07,8.364806305394268e-07,10.0,0,0,1.7558187989323965e-07,115.41833036153913,115.22141358028014,114.63983262921562,1.0,1.0,0.9997666953748647,115.55434068226302,115.38459702826904,114.8625392530017,1.0,1.0,0.9997445577428847,0.9971824407874765,0.9967033805264521,07f3d7d8a7a126b5,a951530792be1b2a,False,False,1.2293000181671232,4.3839999998454005,5.613300018012524,1.1769999982789159,38.808500015875325,39.98550001415424
disturbance_step60,147,112.24367676727294,112.24367676727294,111.32882447819601,111.32882447819601,-0.9148522890769328,-27943.34793104515,optimal,-27492.901460255314,True,True,converged(kkt(residual=1.23e-03<=tol=2.29e-02); obj_plateau(range=2.05e-08)),converged,0.0012334941881953579,0.022855903807713025,False,5,5,0.0,751,8000,6.150273463845224e-07,8.935914443952697e-07,10.0,0,0,1.6744859010064618e-07,115.27195317760679,115.07844440930391,114.51464248158665,1.0,1.0,0.9997757903703431,115.42816251754202,115.25365148720881,114.72714759086209,1.0,1.0,0.9997552692171803,0.9973916528192281,0.996958949527307,7fd4ed04022c492d,62d7834622ac1196,False,False,1.361399976303801,4.586499999277294,5.947899975581095,1.2066000199411064,39.25069997785613,40.457299997797236
disturbance_step60,148,112.60843967247749,112.60843967247749,111.79585396437597,111.79585396437597,-0.8125857081015226,-28133.725408313236,optimal,-27734.130225781977,True,True,converged(kkt(residual=1.23e-03<=tol=2.29e-02); obj_plateau(range=1.97e-08)),converged,0.0012316824004946945,0.02291318776420369,False,5,5,0.0,751,8000,6.196146529191537e-07,9.002565199978108e-07,10.0,0,0,1.605441521492233e-07,115.12810932443544,114.94081655057612,114.4016501788065,1.0,1.0,0.9997842243673358,115.29844054553949,115.12282534795872,114.60147581187806,1.0,1.0,0.9997651439526245,0.9975781249953853,0.9971871031777588,6eef8e2725300c6d,9dd35c0551c3e0a5,False,False,1.2106999929528683,4.42110002040863,5.631800013361499,1.1650999949779361,39.26550000323914,40.430599998217076
disturbance_step60,149,112.90899492734691,112.90899492734691,112.19862197240617,112.19862197240617,-0.7103729549407376,-28291.183286032214,optimal,-27943.071919780337,True,True,converged(kkt(residual=1.23e-03<=tol=2.30e-02); obj_plateau(range=1.89e-08)),converged,0.0012299327514988252,0.022963104098628107,False,5,5,0.0,751,8000,6.235845120272643e-07,9.060244359204717e-07,10.0,0,0,1.541451524901674e-07,114.98888610215279,114.81003474002411,114.3007076215206,1.0,1.0,0.9997920745677185,115.16789779589041,114.99432533253402,114.48615791108371,1.0,1.0,0.9997742812981385,0.9977446664625469,0.9973910132304467,c20c8cc6fe28d1bd,0df2cd1878bf517d,False,False,1.216100004967302,4.505399992922321,5.721499997889623,1.184300024760887,38.191899977391586,39.37620000215247
disturbance_step60,150,113.1513772422461,113.1513772422461,112.54013097204016,112.54013097204016,-0.6112462702059389,-28418.589792407638,optimal,-28120.908308557548,True,True,converged(kkt(residual=1.23e-03<=tol=2.30e-02); obj_plateau(range=1.83e-08)),converged,0.0012281886782949368,0.023005881063013118,False,5,5,0.0,751,8000,6.269632422117866e-07,9.109334930812452e-07,10.0,0,0,1.4832886682515464e-07,114.85593776446679,114.68720592303153,114.21140698439545,1.0,1.0,0.999799407003048,115.0388735033346,114.86996552071246,114.3814637021696,1.0,1.0,0.9997827667618944,0.9978937537431655,0.9975735249227923,640c3edb8f12f076,da9870e3f2f19a06,False,False,1.2407999893184751,4.55160002456978,5.792400013888255,1.1836999910883605,39.6185000136029,40.80220000469126
disturbance_step60,151,113.34200579556605,113.34200579556605,112.82453358705817,112.82453358705817,-0.5174722085078827,-28519.097881066846,optimal,-28269.497822457288,True,True,converged(kkt(residual=1.23e-03<=tol=2.30e-02); obj_plateau(range=1.77e-08)),converged,0.0012264524078933082,0.02304190849816998,False,5,5,0.0,751,8000,6.297885875028442e-07,9.150384849831994e-07,10.0,0,0,1.4313131854020466e-07,114.73051172595903,114.57307746562134,114.13314307204031,1.0,1.0,0.9998062782154467,114.91331653108547,114.75118121648731,114.28736087263987,1.0,1.0,0.9997906739257799,0.9980275625485721,0.9977371768587536,ee13a584650271a4,facbb4620797412e,False,False,1.2134999851696193,4.477100010262802,5.690599995432422,1.3006000081077218,38.89539997908287,40.19599998719059
disturbance_step60,152,113.48739940265634,113.48739940265634,113.05675138799666,113.05675138799666,-0.43064801465968117,-28595.98082529573,optimal,-28391.173875042696,True,True,converged(kkt(residual=1.22e-03<=tol=2.31e-02); obj_plateau(range=1.72e-08)),converged,0.0012247596722162774,0.02307169105519444,False,5,5,0.0,751,8000,6.321069179193728e-07,9.184068741063811e-07,10.0,0,0,1.3855805492134222e-07,114.61348369241428,114.46807987806102,114.06516896307618,1.0,1.0,0.9998127366961695,114.79279399047148,114.63905312680973,114.2035740642946,1.0,1.0,0.9997980661314592,0.9981479986838631,0.9978842236381062,d421eddb95aec781,72d23916ffd6689e,False,False,1.2211000139359385,4.670299997087568,5.8914000110235065,1.2138999882154167,38.76880000461824,39.98269999283366
disturbance_step60,153,113.59395261174933,113.59395261174933,113.24215333723227,113.24215333723227,-0.35179927451706305,-28652.499609723756,optimal,-28488.568842453355,True,True,converged(kkt(residual=1.22e-03<=tol=2.31e-02); obj_plateau(range=1.67e-08)),converged,0.0012231597860494197,0.02309580759118859,False,5,5,0.0,751,8000,6.339682130374058e-07,9.211111944296135e-07,10.0,0,0,1.3459283870279506e-07,114.50539843557647,114.37237151843813,114.00664453475055,1.0,1.0,0.9998188241119235,114.67851142636367,114.53433872946212,114.12963958634856,1.0,1.0,0.9998049979508083,0.9982567273525081,0.9980166597624053,4a658085a8c3a55d,d2d83fe1a377018c,False,False,1.203499996336177,4.353399999672547,5.556899996008724,1.2287000135984272,38.461799995275214,39.69050000887364
disturbance_step60,154,113.6677663533924,113.6677663533924,113.38629144661992,113.38629144661992,-0.28147490677247333,-28691.80025987501,optimal,-28564.46519685639,True,True,converged(kkt(residual=1.22e-03<=tol=2.31e-02); obj_plateau(range=1.63e-08)),converged,0.0012217036694844535,0.023114876888952786,False,5,5,0.0,751,8000,6.503481984054815e-07,9.474185018731873e-07,10.0,0,0,1.3115224060622236e-07,114.40651348837483,114.28588325617686,113.95667779660754,1.0,1.0,0.9998245763474626,114.57134131502296,114.43750816151204,114.06495483186995,1.0,1.0,0.9998115164592656,0.9983552004383127,0.9981362437232574,01d98ec43e99c8f0,41d3b95fe4fc51e2,False,False,1.1866999848280102,4.55450001754798,5.74120000237599,1.2519999872893095,38.66690001450479,39.9189000017941
disturbance_step60,155,113.7145263250152,113.7145263250152,113.48013667285798,113.48013667285798,-0.23438965215721907,-28716.83831192534,optimal,-28621.67042692754,True,True,converged(kkt(residual=1.66e-03<=tol=2.31e-02); obj_plateau(range=2.93e-08)),converged,0.0016598575864243165,0.023129529562215995,False,5,5,0.0,701,8000,6.516162471825737e-07,9.492657726539733e-07,10.0,0,0,2.4393419658789297e-07,114.31684355992408,114.20836153805443,113.91435922685177,1.0,1.0,0.9998300243904054,114.47185705572082,114.34878238886203,114.008821869411,1.0,1.0,0.9998176623328832,0.9984446815468871,0.9982445214926523,d8e01c8c8c82c78b,688cfd6340a14042,False,False,1.2123000051360577,4.538499983027577,5.750799988163635,1.2073999969288707,36.097000003792346,37.304400000721216
disturbance_step60,156,113.73942220967058,113.73942220967058,113.55280263384508,113.55280263384508,-0.18661957582550315,-28730.327069563784,optimal,-28660.07591810481,True,True,converged(kkt(residual=1.66e-03<=tol=2.31e-02); obj_plateau(range=2.90e-08)),converged,0.0016584876414624358,0.02313946805338816,False,5,5,0.0,701,8000,6.523656423951252e-07,9.503574673885851e-07,10.0,0,0,2.408173354804622e-07,114.23620394776385,114.13940871102452,113.87878950268939,1.0,1.0,0.9998351950812374,114.38037006800438,114.26817183821662,113.96048500566057,1.0,1.0,0.9998234707900018,0.9985262687377767,0.9983428488901535,d4e50091d9607675,c3f3afc4ac582c28,False,False,1.186200010124594,4.396100004669279,5.582300014793873,1.1965999729000032,36.30110001540743,37.49769998830743
disturbance_step60,157,113.74710102099547,113.74710102099547,113.604467816385,113.604467816385,-0.14263320461047613,-28734.7060568653,optimal,-28687.450823740903,True,True,converged(kkt(residual=1.66e-03<=tol=2.31e-02); obj_plateau(range=2.86e-08)),converged,0.001657378357294535,0.023146862823996334,False,5,5,0.0,701,8000,6.529090370577251e-07,9.511491017022422e-07,10.0,0,0,2.378445452909741e-07,114.1642516535948,114.07851981301012,113.84910115508809,1.0,1.0,0.9998401117484726,114.29696802977521,114.19551406120762,113.91916237314827,1.0,1.0,0.9998289723973741,0.9986009149824419,0.9984324125008102,b8933da78935eb0f,f5b17648c3989eac,False,False,1.19420001283288,4.6353999932762235,5.829600006109104,1.253900001756847,36.11379998619668,37.36769998795353
disturbance_step60,158,113.74164825889828,113.74164825889828,113.63741341583126,113.63741341583126,-0.1042348430670188,-28732.126084141346,optimal,-28704.97844760323,True,True,converged(kkt(residual=1.66e-03<=tol=2.32e-02); obj_plateau(range=2.84e-08)),converged,0.0016565302311363013,0.023151919066776598,False,5,5,0.0,701,8000,6.532668663794539e-07,9.516703887157973e-07,10.0,0,0,2.3527199219437097e-07,114.1005232840882,114.02511534550976,113.8244747668229,1.0,1.0,0.9998447947461461,114.22155268872231,114.13050935340235,113.88407179301133,1.0,1.0,0.9998341937588601,0.9986694464507387,0.998514248969142,2e9833e50c06fa7d,a5687db01e96d7c8,False,False,1.200400001835078,4.541799979051575,5.742199980886653,1.20900000911206,36.01729997899383,37.22629998810589
disturbance_step60,159,113.72659108760615,113.72659108760615,113.65466505361584,113.65466505361584,-0.07192603399030872,-28724.44752902824,optimal,-28714.240424196436,True,True,converged(kkt(residual=1.66e-03<=tol=2.32e-02); obj_plateau(range=2.81e-08)),converged,0.001655935330337233,0.023154971485276267,False,5,5,0.0,701,8000,6.534685326187173e-07,9.519641439581505e-07,10.0,0,0,2.3317371694477395e-07,114.044469139669,113.97856979190513,113.80415037900094,1.0,1.0,0.999849261908302,114.1538760440263,114.0727535620477,113.85445130517758,1.0,1.0,0.999839158102868,0.998732578769269,0.9985892626039677,12fad630b4360c7d,6ac5accdd19b0a92,False,False,1.21339998440817,4.670299997087568,5.883699981495738,1.2279000075068325,36.237799999071285,37.46570000657812
