scenario,step,Ta_cvx_raw,Ta_cvx_applied,Ta_snn_raw,Ta_snn_applied,control_diff_e_u,cvxpy_objective,cvxpy_status,snn_objective,snn_converged,snn_verified_converged,snn_iterations,snn_max_iterations,snn_constraint_residual,snn_constraint_residual_scaled,snn_bound_violation,snn_clipped,cvxpy_clipped,objective_gap_snn_vs_reference,Tc1_cvx,Tc2_cvx,Tc3_cvx,alpha1_cvx,alpha2_cvx,alpha3_cvx,Tc1_snn,Tc2_snn,Tc3_snn,alpha1_snn,alpha2_snn,alpha3_snn,rho_Ap_cvx,rho_Ap_snn,qp_fingerprint_cvx,qp_fingerprint_snn,slew_saturated_cvx,slew_saturated_snn,build_ms_cvx,solve_ms_cvx,total_ms_cvx,build_ms_snn,solve_ms_snn,total_ms_snn
nominal_heatup,0,32.0,32.0,32.0,32.0,0.0,-95998.82400563429,optimal,-95995.60480447102,False,False,8000,8000,6.865136157330198e-07,9.949711712309295e-07,10.0,0,0,3.353375623760284e-05,28.0,28.0,28.0,1e-05,1e-05,1e-05,28.0,28.0,28.0,1e-05,1e-05,1e-05,1.0000008521941652,1.0000008521941652,d66d433b3ecc2bc7,d66d433b3ecc2bc7,True,True,4.095199998118915,22.438500003772788,26.533700001891702,2.212799998233095,297.65169999882346,299.86449999705656
nominal_heatup,1,36.0,36.0,36.0,36.0,0.0,-106602.11836433184,optimal,-106599.55483196842,True,True,351,8000,6.114478381391564e-07,8.869759433594027e-07,10.0,0,0,2.4047668121260274e-05,28.000000056399145,28.000000056399145,28.000000056399145,1.0001630922571259e-05,1.0001630922571259e-05,1.0001630922571259e-05,28.000000056399145,28.000000056399145,28.000000056399145,1.0001630922571259e-05,1.0001630922571259e-05,1.0001630922571259e-05,1.0000008522669996,1.0000008522669996,82e9f287618b328d,82e9f287618b328d,True,True,0.8627000061096624,4.966199994669296,5.828900000778958,0.8760999990045093,12.816200003726408,13.692300002730917
nominal_heatup,2,40.00000000000001,40.00000000000001,40.00000000000001,40.0,-7.105427357601002e-15,-117129.27120926857,optimal,-117127.32961954929,False,False,8000,8000,6.750023899826374e-07,9.791691724103657e-07,10.0,0,0,1.657646888110229e-05,28.000000112803107,28.000000112803107,28.000000091841084,1.0003261984532805e-05,1.0003261984532805e-05,1.0003261984532805e-05,28.000000112803107,28.000000112803107,28.000000091841084,1.0003261984532805e-05,1.0003261984532805e-05,1.0003261984532805e-05,1.0000008523398338,1.0000008523398338,af56523fe75d9dab,af56523fe75d9dab,True,True,0.7943999953567982,4.63560000207508,5.429999997431878,0.7554999974672683,296.19519999687327,296.95069999434054
nominal_heatup,3,44.00000000000001,44.00000000000001,44.0,44.0,-7.105427357601002e-15,-127560.71461505513,optimal,-127560.03208372105,True,True,501,8000,7.615793364834644e-07,9.623328169894307e-07,10.0,0,0,5.350638996819145e-06,28.00000016921189,28.00000016142088,28.000000128607986,1.0004893185885736e-05,1.0004893185885736e-05,1.0004893185878145e-05,28.00000016921189,28.00000016142088,28.000000128607986,1.0004893185885736e-05,1.0004893185885736e-05,1.0004893185878145e-05,1.000000852412668,1.000000852412668,93392764ca1685f2,93392764ca1685f2,True,True,0.7846000007702969,5.861999998160172,6.646599998930469,0.8862999966368079,16.946600000665057,17.832899997301865
nominal_heatup,4,48.00000000000001,48.00000000000001,47.99999999999999,47.99999999999999,-1.4210854715202004e-14,-137877.66932309937,optimal,-137877.65043286313,True,True,551,8000,5.533118496714451e-07,8.043588053396888e-07,10.0,0,0,1.3700722070720777e-07,28.00000021983408,28.000000208534534,28.00000016274716,1.0006524526631151e-05,1.0006524526628329e-05,1.0006524526608854e-05,28.00000021983408,28.000000208534534,28.00000016274716,1.0006524526631151e-05,1.0006524526628329e-05,1.0006524526608854e-05,1.000000852485502,1.000000852485502,c77fd0f1b15a80dd,c77fd0f1b15a80dd,True,True,0.7975999978953041,4.755100002512336,5.55270000040764,0.782199997047428,17.53150000149617,18.313699998543598
nominal_heatup,5,52.000000000000014,52.000000000000014,51.999999999999986,51.999999999999986,-2.842170943040401e-14,-148066.0689152449,optimal,-148066.0466483758,True,True,501,8000,6.522266886577199e-07,9.454483782533885e-07,10.0,0,0,1.5038468466886973e-07,28.00000026785304,28.000000252134775,28.015534364180088,1.0008156006768049e-05,1.0008156006761134e-05,1.0008156006725072e-05,28.00000026785304,28.000000252134775,28.015534364180088,1.0008156006768049e-05,1.0008156006761134e-05,1.0008156006725072e-05,1.0000008535389835,1.0000008535389835,83e0349061bd5b68,83e0349061bd5b68,True,True,0.775400003476534,4.692599999543745,5.468000003020279,0.7924000019556843,16.390599994338118,17.182999996293802
nominal_heatup,6,56.000000000000014,56.000000000000014,55.99999999999999,55.999999999999986,-2.842170943040401e-14,-158106.7167959717,optimal,-158106.6979274649,True,True,451,8000,6.325447401422934e-07,9.190429883787488e-07,10.0,0,0,1.193403233829138e-07,28.000000312592185,28.00577391978186,28.057459750004423,1.000978762629658e-05,1.000978762628397e-05,1.0009793262776227e-05,28.000000312592185,28.00577391978186,28.057459750004423,1.000978762629658e-05,1.000978762628397e-05,1.0009793262776227e-05,1.0000008566302483,1.0000008566302483,b1b073f8a21e2c7b,b1b073f8a21e2c7b,True,True,0.8116999961202964,4.7590000031050295,5.570699999225326,0.8605000039096922,14.592300001822878,15.45280000573257
nominal_heatup,7,60.00000000000002,60.00000000000002,60.0,59.999999999999986,-3.552713678800501e-14,-167979.734052102,optimal,-167979.71166282005,True,True,301,8000,6.204440836654612e-07,9.014615676150584e-07,10.0,0,0,1.332856132175253e-07,28.004292153377847,28.022838296226645,28.135109522234508,1.001141938521665e-05,1.0011421478125678e-05,1.0011445967490528e-05,28.004292153377847,28.022838296226645,28.135109522234508,1.001141938521665e-05,1.0011421478125678e-05,1.0011445967490528e-05,1.0000008630022164,1.0000008630022164,4e886cc67c45b669,4e886cc67c45b669,True,True,0.788499994087033,4.689700006565545,5.478200000652578,0.7639999967068434,10.272300001815893,11.036299998522736
nominal_heatup,8,64.00000000000003,64.00000000000003,63.999999999999986,63.999999999999986,-4.263256414560601e-14,-177665.40055867797,optimal,-177664.62262563463,False,False,8000,8000,6.111417434340183e-07,8.879459256760924e-07,10.0,0,0,4.3786412029454735e-06,28.01807839987666,28.057673407757182,28.254795432951447,1.0013052839181873e-05,1.0013061671269752e-05,1.0013127537634136e-05,28.01807839987666,28.057673407757182,28.254795432951447,1.0013052839181873e-05,1.0013061671269752e-05,1.0013127537634136e-05,1.0000008738881738,1.0000008738881738,a57c6f366ee02b99,a57c6f366ee02b99,True,True,0.7809999951859936,4.959400001098402,5.7403999962843955,0.8195999980671331,261.50670000060927,262.3262999986764
nominal_heatup,9,68.00000000000003,68.00000000000003,67.99999999999997,67.99999999999997,-5.684341886080802e-14,-187142.3422856822,optimal,-187135.5424461591,False,False,8000,8000,6.305568547304574e-07,9.140364207738116e-07,10.0,0,0,3.6335120315152566e-05,28.047511223592842,28.11622195693027,28.42117301871507,1.0014691440074805e-05,1.0014714737108251e-05,1.0014854481868797e-05,28.047511223592842,28.11622195693027,28.42117301871507,1.0014691440074805e-05,1.0014714737108251e-05,1.0014854481868797e-05,1.0000008905547881,1.0000008905547881,0b6ea4586a87b064,0b6ea4586a87b064,True,True,0.8030000026337802,5.425700001069345,6.228700003703125,1.0886999953072518,282.43169999768725,283.5203999929945
nominal_heatup,10,72.00000000000003,72.00000000000003,71.99999999999997,71.99999999999997,-5.684341886080802e-14,-196384.77948680348,optimal,-196371.79641973716,False,False,8000,8000,6.510454966246471e-07,9.437361692121726e-07,10.0,0,0,6.611035284951499e-05,28.098587088330618,28.204026095810903,28.637444447596287,1.0016340922523065e-05,1.0016389563010768e-05,1.0016646422525322e-05,28.098587088330618,28.204026095810903,28.637444447596287,1.0016340922523065e-05,1.0016389563010768e-05,1.0016646422525322e-05,1.0000009143124624,1.0000009143124624,b48efd5d8b20c9bc,b48efd5d8b20c9bc,True,True,0.8499000032315962,5.798300000606105,6.648200003837701,1.0087999980896711,279.36260000569746,280.37140000378713
nominal_heatup,11,76.00000000000003,76.00000000000003,75.99999999999996,75.99999999999996,-7.105427357601002e-14,-205373.0577834574,optimal,-205353.13854044597,False,False,8000,8000,5.271957235208902e-07,7.663936454349596e-07,10.0,0,0,9.699053627704648e-05,28.17696474743232,28.325927123648107,28.905878723964744,1.001800935059378e-05,1.0018097472067574e-05,1.0018526362451092e-05,28.17696474743232,28.325927123648107,28.905878723964744,1.001800935059378e-05,1.0018097472067574e-05,1.0018526362451092e-05,1.0000009465851527,1.0000009465851527,68c07f2784c3169c,68c07f2784c3169c,True,True,0.7775999984005466,7.907200000772718,8.684799999173265,0.8071999982348643,256.75279999995837,257.55999999819323
nominal_heatup,12,80.00000000000001,80.00000000000001,79.99999999999996,79.99999999999996,-5.684341886080802e-14,-214088.4084013906,optimal,-214063.13296501804,False,False,8000,8000,5.29231968471322e-07,7.548049199002094e-07,10.0,0,0,0.00011806074210756765,28.287695303581557,28.48611411336325,29.228022559149494,1.0019707186055292e-05,1.0019852307914455e-05,1.0020521334415317e-05,28.287695303581557,28.48611411336325,29.228022559149494,1.0019707186055292e-05,1.0019852307914455e-05,1.0020521334415317e-05,1.000000988985778,1.000000988985778,81e0a1c316d71321,81e0a1c316d71321,True,True,1.0114999968209304,6.2249000038718805,7.236400000692811,0.7943000018713064,253.42100000125356,254.21530000312487
nominal_heatup,13,84.00000000000001,84.00000000000001,83.99999999999996,83.99999999999996,-5.684341886080802e-14,-222512.43116136317,optimal,-222480.5224502195,False,False,8000,8000,5.225644201800606e-07,7.48003628814331e-07,10.0,0,0,0.00014340192580276527,28.435189073687383,28.68811443723295,29.60491107244096,1.0021447366458453e-05,1.0021670668093506e-05,1.002266335713411e-05,28.435189073687383,28.68811443723295,29.60491107244096,1.0021447366458453e-05,1.0021670668093506e-05,1.002266335713411e-05,1.0000010434153785,1.0000010434153785,e6546ce430837a0e,e6546ce430837a0e,True,True,1.261799996427726,8.171000001311768,9.432799997739494,1.3361999954213388,252.2804000036558,253.61659999907715
nominal_heatup,14,88.0,88.0,87.99999999999996,87.99999999999996,-4.263256414560601e-14,-230627.10977855095,optimal,-230592.7598747538,True,True,201,8000,5.843701416097247e-07,8.495088668070139e-07,10.0,0,0,0.00014894130976183216,28.623200041918288,28.934857331659494,30.03718676868891,1.0023245495954168e-05,1.0023572281445382e-05,1.0024990765584491e-05,28.623200041918288,28.934857331659494,30.037186768688905,1.0023245495954168e-05,1.0023572281445382e-05,1.0024990765584491e-05,1.0000011121797336,1.0000011121797336,4c29988740cb797f,4c29988740cb797f,True,True,0.7673000000067987,4.923599997709971,5.69089999771677,0.7733000020380132,7.293899994692765,8.067199996730778
nominal_heatup,15,91.99999999999999,91.99999999999999,91.99999999999996,91.99999999999996,-2.842170943040401e-14,-238414.82183393004,optimal,-238380.63947815166,True,True,201,8000,5.896290815599059e-07,8.164699183410562e-07,10.0,0,0,0.00014337345101035731,28.854869120086413,29.22872865371056,30.525195733226727,1.0025120171607514e-05,1.0025580580941484e-05,1.0027549973976509e-05,28.854869120086413,29.22872865371056,30.525195733226727,1.0025120171607514e-05,1.0025580580941484e-05,1.0027549973976509e-05,1.0000011981334345,1.0000011981334345,8989260ddb4a45fa,8989260ddb4a45fa,True,True,0.9289000008720905,5.124600000272039,6.05350000114413,0.7790999952703714,6.978099998377729,7.757199993648101
nominal_heatup,16,96.0,96.0,95.99999999999997,95.99999999999996,-4.263256414560601e-14,-245858.3444549164,optimal,-245826.0379229176,True,True,201,8000,6.278478537069532e-07,8.693920507951702e-07,10.0,0,0,0.00013140303238571327,29.132775953652295,29.571636766375924,31.069051976588753,1.0027093488534011e-05,1.0027723503453636e-05,1.0030397793205575e-05,29.132775953652295,29.571636766375924,31.069051976588753,1.0027093488534011e-05,1.0027723503453636e-05,1.0030397793205575e-05,1.0000013048593073,1.0000013048593073,c5de90832dce029b,c5de90832dce029b,True,True,0.7827000008546747,4.579399996146094,5.362099997000769,0.7513000018661842,7.294800001545809,8.046100003411993
nominal_heatup,17,100.0,100.0,99.99999999999996,99.99999999999996,-4.263256414560601e-14,-252940.8565752806,optimal,-252907.01858764654,False,False,8000,8000,6.361106699159791e-07,8.808336646737303e-07,10.0,0,0,0.00013377825983551612,29.459001193484145,29.965072618383886,31.66868726952701,1.0029191757879237e-05,1.0030034571632905e-05,1.0033604465787608e-05,29.459001193484145,29.965072618383886,31.66868726952701,1.0029191757879237e-05,1.0030034571632905e-05,1.0033604465787608e-05,1.0000014368973875,1.0000014368973875,caa1d0adbd2a2802,caa1d0adbd2a2802,True,True,0.8078999962890521,4.822000002604909,5.629899998893961,0.7761000015307218,239.60739999893121,240.38350000046194
nominal_heatup,18,104.00000000000001,104.00000000000001,103.99999999999994,103.99999999999994,-7.105427357601002e-14,-259645.93848475258,optimal,-259612.19244598865,True,True,201,8000,6.76804603472192e-07,9.81075786832264e-07,10.0,0,0,0.00012996944593386656,29.83518713825559,30.410166831002797,32.32388788410938,1.0031446486637145e-05,1.003255432719756e-05,1.0037257650833878e-05,29.83518713825559,30.410166831002797,32.32388788410938,1.0031446486637145e-05,1.003255432719756e-05,1.0037257650833878e-05,1.0000016000414043,1.0000016000414043,f10d65b8bf41f975,f10d65b8bf41f975,True,True,0.8243000047514215,4.9154999942402355,5.739799998991657,1.3450000042212196,7.262599996465724,8.607600000686944
nominal_heatup,19,108.00000000000001,108.00000000000001,107.99999999999994,107.99999999999994,-7.105427357601002e-14,-265957.5692540158,optimal,-265928.56538774783,True,True,201,8000,6.510826864314367e-07,9.116207602133386e-07,10.0,0,0,0.00010905448695920687,30.26259573381852,30.907740544433675,33.03432342597463,1.0033895682563044e-05,1.0035332213742204e-05,1.0041467676231376e-05,30.26259573381852,30.907740544433675,33.03432342597463,1.0033895682563044e-05,1.0035332213742204e-05,1.0041467676231376e-05,1.0000018017276073,1.0000018017276073,4f6d213fbb2c2241,4f6d213fbb2c2241,True,True,0.774300002376549,4.94339999568183,5.717699998058379,0.7725999967078678,7.016400006250478,7.789000002958346
nominal_heatup,20,112.0,112.0,111.99999999999994,111.99999999999994,-5.684341886080802e-14,-271860.1225124427,optimal,-271837.4786386589,True,True,201,8000,6.83768817566488e-07,9.468268560297588e-07,10.0,0,0,8.329236952582845e-05,30.742161255455276,31.45835074073644,33.799569377951165,1.0036585572181912e-05,1.0038429042220354e-05,1.0046374493864521e-05,30.742161255455276,31.45835074073644,33.799569377951165,1.0036585572181912e-05,1.0038429042220354e-05,1.0046374493864521e-05,1.000002051549314,1.000002051549314,6fb1816fc6a0837b,6fb1816fc6a0837b,True,True,0.8228000006056391,4.939000005833805,5.761800006439444,0.7742999951005913,7.429400000546593,8.203699995647185
nominal_heatup,21,116.0,116.0,115.99999999999994,115.99999999999994,-5.684341886080802e-14,-277338.3609672305,optimal,-277322.43489832553,False,False,8000,8000,7.106024071390493e-07,9.839838641667598e-07,10.0,0,0,5.7424688201114875e-05,31.274537519628144,32.06232983559645,34.619125239305966,1.0039572851893256e-05,1.0041920221372836e-05,1.0052156935043224e-05,31.274537519628144,32.06232983559645,34.619125239305966,1.0039572851893256e-05,1.0041920221372836e-05,1.0052156935043224e-05,1.000002361942879,1.000002361942879,b958803f4158b4c8,b958803f4158b4c8,True,True,0.7895999951870181,4.845499999646563,5.635099994833581,0.7610999964526854,234.19860000285553,234.9596999993082
nominal_heatup,22,119.99999999999999,119.99999999999999,119.99999999999993,119.99999999999993,-5.684341886080802e-14,-282249.2947156021,optimal,-282197.1104831328,False,False,8000,8000,6.560768213148549e-07,9.557638476209718e-07,10.0,0,0,0.0001848870252158545,31.860139431473698,32.71982012895055,35.49242921855301,1.0042927636276365e-05,1.0045900001126806e-05,1.0059045087611502e-05,31.860139431473698,32.71982012895055,35.492429218553006,1.0042927636276365e-05,1.0045900001126806e-05,1.0059045087611502e-05,1.0000027491075865,1.0000027491075865,98fe3ed374dadc9b,98fe3ed374dadc9b,True,True,0.7859000033931807,4.764400000567548,5.550300003960729,0.7805999994161539,229.16390000318643,229.94450000260258
nominal_heatup,23,123.99999999999999,123.99999999999999,124.00000043308006,123.99999999999993,-5.684341886080802e-14,-285922.765800926,optimal,-285869.90915312816,False,False,8000,8000,6.280501878563882e-07,9.073958269212312e-07,10.0,0,0,0.0001848633761279558,32.499179256904526,33.43080354993059,36.4188703028621,1.0046737327042226e-05,1.0050487067028725e-05,1.0067336928314506e-05,32.499179256904526,33.43080354993059,36.418870302862096,1.0046737327042226e-05,1.0050487067028725e-05,1.0067336928314506e-05,1.0000032342458494,1.0000032342458494,0a3d437625b4fbea,0a3d437625b4fbea,True,True,0.8067000017035753,4.869599993980955,5.676299995684531,0.9074999979929999,181.1576000036439,182.0651000016369
nominal_heatup,24,127.99999999999997,127.99999999999997,127.99999999999991,127.99999999999991,-5.684341886080802e-14,-287335.9380485216,optimal,-287286.2814661956,False,False,8000,8000,6.228402611441197e-07,8.998689908779056e-07,10.0,0,0,0.00017281716538181948,33.19169804282029,34.195127258322415,37.39779823444413,1.005111170702066e-05,1.0055831947088486e-05,1.0077420781319361e-05,33.19169804282029,34.19512725832241,37.397798234444124,1.005111170702066e-05,1.0055831947088486e-05,1.0077420781319361e-05,1.0000038452434135,1.0000038452434135,31f896bf4e7d06cd,31f896bf4e7d06cd,True,True,0.8708000023034401,4.706200001237448,5.577000003540888,0.7737999985693023,145.4650000014226,146.2387999999919
nominal_heatup,25,130.0,130.0,130.0,130.0,0.0,-285421.42745096504,optimal,-285377.6507268042,False,False,8000,8000,5.973793548719186e-07,8.63083255531194e-07,10.0,0,0,0.0001533757453032999,33.937592712032945,35.01252560136736,38.428531814316294,1.005618967429849e-05,1.0062126862556018e-05,1.0089805789359043e-05,33.93759271203294,35.01252560136735,38.42853181431628,1.005618967429849e-05,1.0062126862556018e-05,1.0089805789359043e-05,1.000004618956481,1.0000046189564815,b9dc957af8db9463,b9dc957af8db9463,False,False,0.8372000011149794,4.880300002696458,5.717500003811438,0.771099999838043,143.9925000013318,144.76360000116983
nominal_heatup,26,130.0,130.0,130.0,130.0,0.0,-281039.56816845876,optimal,-281001.4067554634,False,False,8000,8000,5.907816813532918e-07,8.251903240719116e-07,10.0,0,0,0.00013578661981303002,34.73663933886757,35.88263890591762,39.51036584016606,1.0062148184087887e-05,1.0069618889944927e-05,1.0105163455459045e-05,34.73663933886756,35.88263890591761,39.51036584016605,1.0062148184087887e-05,1.0069618889944927e-05,1.0105163455459045e-05,1.000005604339681,1.0000056043396808,ff711dcc0119e78f,ff711dcc0119e78f,False,False,0.7992000028025359,4.651499999454245,5.450700002256781,0.7734000027994625,143.4064999994007,144.17990000220016
nominal_heatup,27,130.0,130.0,130.0,130.0,0.0,-276122.11941677064,optimal,-276086.99484195595,False,False,8000,8000,6.88617205923947e-07,9.989190337122977e-07,10.0,0,0,0.00012720666815443522,35.588513092118006,36.80502953120535,40.64257692132614,1.0069214176848358e-05,1.007862763007317e-05,1.0124384554526784e-05,35.588513092118,36.80502953120534,40.64257692132613,1.0069214176848358e-05,1.007862763007317e-05,1.0124384554526784e-05,1.0000068667446973,1.0000068667446973,eec988a9473d57ce,eec988a9473d57ce,False,False,0.8158999989973381,4.622599997674115,5.438499996671453,0.7508999988203868,142.75560000533005,143.50650000415044
nominal_heatup,28,130.0,130.0,130.0,130.0,0.0,-271205.79345906223,optimal,-271173.0400641594,False,False,8000,8000,5.629272976648281e-07,8.133073210458974e-07,10.0,0,0,0.00012076952518316632,36.49280528639048,37.77919556259234,41.82442836075676,1.00776805645182e-05,1.0089569039656569e-05,1.0148657494724979e-05,36.49280528639047,37.779195562592335,41.82442836075675,1.00776805645182e-05,1.0089569039656567e-05,1.0148657494724979e-05,1.0000084938573894,1.0000084938573894,60f17c944ab33996,60f17c944ab33996,False,False,0.7732999947620556,4.544300005363766,5.317600000125822,0.7839999962016009,143.1252000038512,143.9092000000528
nominal_heatup,29,130.0,130.0,130.0,130.0,0.0,-266304.06758369354,optimal,-266273.25741258945,False,False,8000,8000,5.667608462545104e-07,8.18845973249438e-07,10.0,0,0,0.00011569545814170306,37.44903793778678,38.80458247844509,43.055174257720964,1.008792775660128e-05,1.0102987727945598e-05,1.0179576783908196e-05,37.44903793778677,38.804582478445084,43.05517425772096,1.008792775660128e-05,1.0102987727945596e-05,1.0179576783908196e-05,1.000010603941939,1.000010603941939,ce8d91ab62b988b9,ce8d91ab62b988b9,False,False,1.5330000023823231,5.220200000621844,6.753200003004167,0.7695999956922606,143.5821000050055,144.35170000069775
nominal_heatup,30,130.0,130.0,130.0,130.0,0.0,-261427.8559712686,optimal,-261400.58963517947,False,False,8000,8000,5.538200440469154e-07,8.00149433821673e-07,10.0,0,0,0.00010429774588421153,38.45667617246797,39.88059307969843,44.3262958722187,1.0100452783556139e-05,1.0119600936431953e-05,1.0219294017606023e-05,38.456676172467965,39.88059307969842,44.326295872218694,1.0100452783556139e-05,1.0119600936431951e-05,1.0219294017606023e-05,1.0000133502968045,1.0000133502968045,591b3ecde4db138c,591b3ecde4db138c,False,False,0.7961000010254793,5.025999998906627,5.822099999932107,0.7849000030546449,145.98699999623932,146.77189999929396
nominal_heatup,31,130.00000000000003,130.00000000000003,130.0,130.0,-2.842170943040401e-14,-256586.0144209544,optimal,-256564.4929557194,False,False,8000,8000,5.940073748433861e-07,8.616765434510398e-07,10.0,0,0,8.387622093725752e-05,39.51513879282677,41.00370911940794,45.62384309440205,1.0115908887980325e-05,1.0140358723565776e-05,1.027064961864798e-05,39.51513879282676,41.00370911940793,45.62384309440204,1.0115908887980325e-05,1.0140358723565775e-05,1.027064961864798e-05,1.0000169276166246,1.0000169276166246,e63e390328138908,e63e390328138908,False,False,0.814499995613005,4.648200003430247,5.462699999043252,0.7485999958589673,143.22480000555515,143.97340000141412
nominal_heatup,32,130.0,130.0,130.0,130.0,0.0,-251785.73418807375,optimal,-251766.73547062627,False,False,8000,8000,5.815429346966994e-07,8.43595407751252e-07,10.0,0,0,7.545589311802635e-05,40.62166136640788,42.167626743408356,46.936965864865606,1.0135159609374298e-05,1.0166511340095578e-05,1.0337306087914461e-05,40.62166136640787,42.16762674340835,46.9369658648656,1.0135159609374298e-05,1.0166511340095577e-05,1.0337306087914461e-05,1.0000215859513406,1.0000215859513406,89c675b2b6a81172,89c675b2b6a81172,False,False,0.9422999937669374,5.244800006039441,6.187099999806378,0.7994000043254346,143.6360000006971,144.43540000502253
nominal_heatup,33,130.0,130.0,130.0,130.0,0.0,-247032.84415578097,optimal,-247017.19795643416,False,False,8000,8000,5.690607025599093e-07,8.254885299763259e-07,10.0,0,0,6.33365146253363e-05,41.77084845737516,43.36566791672194,48.25708836034172,1.0159342426202962e-05,1.0199689056691248e-05,1.0423972055584554e-05,41.77084845737515,43.36566791672193,48.25708836034171,1.0159342426202962e-05,1.0199689056691246e-05,1.0423972055584554e-05,1.00002764480365,1.0000276448036494,bbf453807b0dc39d,bbf453807b0dc39d,False,False,0.8094999939203262,4.749500003526919,5.558999997447245,0.7775999984005466,140.2897000007215,141.06729999912204
nominal_heatup,34,130.0,130.0,130.0,130.0,0.0,-242332.04941107583,optimal,-242319.05266855494,False,False,8000,8000,5.568277430256785e-07,8.077431603581431e-07,10.0,0,0,5.363195892785565e-05,42.956351227797434,44.59092597223202,49.57797689401695,1.018994412676557e-05,1.0242010082863206e-05,1.053668028779401e-05,42.95635122779743,44.590925972232014,49.57797689401694,1.018994412676557e-05,1.0242010082863204e-05,1.053668028779401e-05,1.0000355128009815,1.0000355128009815,3ff630098949810a,3ff630098949810a,False,False,0.8385999972233549,5.048300001362804,5.886899998586159,0.7753000027150847,143.76099999935832,144.5363000020734
nominal_heatup,35,130.0,130.0,130.0,130.0,0.0,-237687.12104444238,optimal,-237676.30456377688,False,False,8000,8000,5.44838371752121e-07,7.903511862750179e-07,10.0,0,0,4.550722234312911e-05,44.17140619546908,45.83695172260525,50.89495729321921,1.0228899307463622e-05,1.0296214244032106e-05,1.0683152902901279e-05,44.171406195469075,45.83695172260524,50.8949572932192,1.0228899307463622e-05,1.0296214244032104e-05,1.0683152902901279e-05,1.0000457117886863,1.0000457117886863,d5b486206146ccbd,d5b486206146ccbd,False,False,0.7725000032223761,5.083099997136742,5.855600000359118,0.7595999995828606,155.91310000309022,156.67270000267308
nominal_heatup,36,130.0,130.0,130.0,130.0,0.0,-233101.04983733257,optimal,-233092.0150784694,False,False,8000,8000,6.87357584183701e-07,9.96194342128831e-07,10.0,0,0,3.87589797192662e-05,45.40948352759255,47.097838917598104,52.2045545514495,1.0278713971231812e-05,1.036583429649087e-05,1.0873268743414286e-05,45.40948352759254,47.0978389175981,52.20455455144949,1.0278713971231812e-05,1.0365834296490869e-05,1.0873268743414286e-05,1.000058908674502,1.0000589086745004,71538bf87cc44566,71538bf87cc44566,False,False,0.8017000000108965,4.7008999972604215,5.502599997271318,0.891099996806588,158.76569999818457,159.65679999499116
nominal_heatup,37,130.0,130.0,130.0,130.0,0.0,-228576.1718164679,optimal,-228569.41929935792,False,False,8000,8000,6.722538330450334e-07,9.74304339429466e-07,10.0,0,0,2.9541649316887568e-05,46.66451695380042,48.36835320017051,53.50412826644477,1.0342623010345865e-05,1.0455411819631811e-05,1.1119674734577008e-05,46.664516953800415,48.3683532001705,53.504128266444766,1.0342623010345865e-05,1.045541181963181e-05,1.1119674734577008e-05,1.0000759571416173,1.0000759571416176,cb0492bcb6ecfd41,cb0492bcb6ecfd41,False,False,0.804000002972316,4.928800000925548,5.732800003897864,1.0561000017332844,138.95109999430133,140.00719999603461
nominal_heatup,38,130.0,130.0,130.0,130.0,0.0,-224114.2717785217,optimal,-224109.22706943154,False,False,8000,8000,6.576731834684324e-07,9.531724574074474e-07,10.0,0,0,2.2509539665622575e-05,47.931058634757065,49.64391516037741,54.79166265923367,1.0424789135198688e-05,1.0570772044380092e-05,1.1438591403752979e-05,47.93105863475706,49.643915160377404,54.791662659233666,1.0424789135198688e-05,1.057077204438009e-05,1.1438591403752979e-05,1.0000979538377246,1.0000979538377246,d116fbd2c82231e0,d116fbd2c82231e0,False,False,0.8304999937536195,4.678800003603101,5.50929999735672,0.7647000020369887,142.91830000001937,143.68300000205636
nominal_heatup,39,130.0,130.0,130.0,130.0,0.0,-219716.66903214433,optimal,-219714.10290492116,False,False,8000,8000,6.426081711197185e-07,9.313385591624979e-07,10.0,0,0,1.1679255991493251e-05,49.204306314942166,50.92057550494545,56.06560239687443,1.0530555493521728e-05,1.0719374634412519e-05,1.1850890373346329e-05,49.20430631494216,50.92057550494544,56.065602396874425,1.0530555493521728e-05,1.0719374634412517e-05,1.1850890373346329e-05,1.0001263149983302,1.0001263149983302,554bfff5912951c9,554bfff5912951c9,False,False,0.8129000052576885,4.879299995081965,5.692200000339653,0.763099997129757,140.12730000104057,140.89039999817032
nominal_heatup,40,130.0,130.0,130.0,130.0,0.0,-215384.28854110668,optimal,-215383.2251877513,False,False,8000,8000,6.288320832936733e-07,9.113727346132805e-07,10.0,0,0,4.93700521357734e-06,50.48009183635129,52.194957759675056,57.32474554955666,1.0666767540547945e-05,1.0910765749966646e-05,1.2383552396445595e-05,50.480091836351285,52.19495775967505,57.32474554955665,1.0666767540547945e-05,1.0910765749966644e-05,1.238355239644559e-05,1.0001628826826376,1.0001628826826376,745e727b153020ac,745e727b153020ac,False,False,0.8253000050899573,4.483799995796289,5.309100000886247,0.7419000030495226,145.00229999976,145.74420000280952
nominal_heatup,41,130.0,130.0,130.0,130.0,0.0,-211118.63702029595,optimal,-211118.60870145916,True,True,501,8000,6.800879077673017e-07,9.865463468372582e-07,10.0,0,0,1.341370766217776e-07,51.75483560174435,53.464199514395304,58.56816376746488,1.0842186462087133e-05,1.1157166424599135e-05,1.3071662770483217e-05,51.75483560174434,53.4641995143953,58.568163767464874,1.0842186462087133e-05,1.1157166424599133e-05,1.3071662770483212e-05,1.000210073755604,1.000210073755604,e135c5551350051a,e135c5551350051a,False,False,0.9286999993491918,5.390800004533958,6.3195000038831495,0.8206999991671182,9.998800000175834,10.819499999342952
nominal_heatup,42,130.0,130.0,130.0,130.0,0.0,-206922.3674493509,optimal,-206922.3384882019,True,True,451,8000,6.726402403955944e-07,9.757426111534073e-07,10.0,0,0,1.3996142279839477e-07,53.02549121637784,54.72589075682159,59.79514556110168,1.1068025253675922e-05,1.1474247701261865e-05,1.3961166177047804e-05,53.02549121637783,54.725890756821585,59.79514556110168,1.1068025253675922e-05,1.1474247701261863e-05,1.3961166177047799e-05,1.0002710907268957,1.0002710907268957,ab3f82d369ade95a,ab3f82d369ade95a,False,False,0.778300003730692,4.4679999991785735,5.2463000029092655,0.7411000042338856,9.560400001646485,10.30150000588037
nominal_heatup,43,130.00000000000003,130.00000000000003,129.99999999999997,129.99999999999997,-5.684341886080802e-14,-202795.50063490056,optimal,-202795.46046358295,True,True,351,8000,6.654838955455489e-07,9.653614716498282e-07,10.0,0,0,1.9808781499042523e-07,54.28948544658738,55.97801639829211,61.005153326433316,1.1358651936153698e-05,1.1882164517023144e-05,1.5112695179349738e-05,54.28948544658737,55.978016398292105,61.00515332643331,1.1358651936153698e-05,1.1882164517023142e-05,1.5112695179349733e-05,1.0003502217184117,1.0003502217184121,e84c57c34fe4b214,e84c57c34fe4b214,False,False,0.7796999998390675,4.859200002101716,5.638900001940783,0.7908000043244101,7.396699998935219,8.187500003259629
nominal_heatup,44,130.0,130.0,130.00000000000003,130.0,0.0,-198737.70980015665,optimal,-198737.68754416984,True,True,201,8000,6.579607827461587e-07,9.544483461354503e-07,10.0,0,0,1.1198673313238819e-07,55.544660094629194,57.21890324691535,62.19779083408779,1.1732523445269194e-05,1.240695156285074e-05,1.6606913172483163e-05,55.54466009462919,57.218903246915346,62.19779083408778,1.1732523445269194e-05,1.2406951562850738e-05,1.660691317248316e-05,1.0004532681750724,1.0004532681750724,4271feefd431c0e7,4271feefd431c0e7,False,False,0.8405999979004264,4.9959000025410205,5.836500000441447,0.7769000003463589,5.073899999842979,5.850800000189338
nominal_heatup,45,130.0,130.0,130.0,130.0,0.0,-194747.84178402944,optimal,-194742.73473700345,True,True,201,8000,5.523933737094922e-07,8.005893450402368e-07,10.0,0,0,2.6223895367333e-05,56.78921767445046,58.44717272868527,63.372777800977815,1.221344127067576e-05,1.3082428465613039e-05,1.8551986542778255e-05,56.789217674450455,58.44717272868526,63.3727778009778,1.221344127067576e-05,1.3082428465613037e-05,1.8551986542778224e-05,1.000588154251119,1.0005881542511206,6b0ead50b8dcd789,6b0ead50b8dcd789,False,False,0.7762000022921711,4.550099998596124,5.3263000008882955,0.7696000029682182,6.33199999720091,7.101600000169128
nominal_heatup,46,130.0,130.0,130.0,130.0,0.0,-190823.04102907216,optimal,-190810.6376267796,True,True,201,8000,6.650845278954876e-07,9.640867384419494e-07,10.0,0,0,6.499950019498646e-05,58.02167234021292,59.6616991361294,64.52992981579379,1.283225903535136e-05,1.3952823801894359e-05,2.1094037516679137e-05,58.021672340212916,59.66169913612939,64.52992981579378,1.283225903535136e-05,1.3952823801894357e-05,2.1094037516679103e-05,1.0007657922929523,1.0007657922929525,d12d3036b408ec7e,d12d3036b408ec7e,False,False,0.7492000004276633,4.497100002481602,5.2463000029092655,0.7710000063525513,7.2650999936740845,8.036100000026636
nominal_heatup,47,130.0,130.0,130.0,130.0,0.0,-186962.37696064464,optimal,-186943.41054137188,True,True,201,8000,5.436540959635749e-07,7.898911640324968e-07,10.0,0,0,0.00010144511201211173,59.24080627823817,60.861573248056025,65.66914222531285,1.3629227439716847e-05,1.5076414058007539e-05,2.4431749600808675e-05,59.24080627823816,60.86157324805601,65.66914222531284,1.3629227439716847e-05,1.5076414058007537e-05,2.4431749600808593e-05,1.0010013058592766,1.0010013058592755,0a7901a01dce5c8f,0a7901a01dce5c8f,False,False,0.8084000000962988,4.99120000313269,5.7996000032289885,0.7764999973005615,6.315300001006108,7.091799998306669
nominal_heatup,48,130.0,130.0,130.0,130.0,0.0,-183164.91513296505,optimal,-183140.08669744004,True,True,201,8000,5.483017133656176e-07,7.966438717588176e-07,10.0,0,0,0.00013555235459249035,60.44563150282925,62.04607084493373,66.79037712551897,1.4657239205824328e-05,1.6530593465596096e-05,2.8836727925755534e-05,60.445631502829244,62.046070844933716,66.79037712551896,1.4657239205824328e-05,1.6530593465596096e-05,2.8836727925755446e-05,1.0013157471013459,1.0013157471013447,7e4a74f1b45b0a6e,7e4a74f1b45b0a6e,False,False,0.7912000000942498,5.193400000280235,5.984600000374485,0.8203999968827702,6.529500002216082,7.349899999098852
nominal_heatup,49,130.0,130.0,129.99999999999997,129.99999999999997,-2.842170943040401e-14,-179429.4913597434,optimal,-179399.47040565708,True,True,201,8000,6.11644779269227e-07,8.886768654292609e-07,10.0,0,0,0.00016731337674121848,61.63535669095369,63.214625663276244,67.89365282436219,1.5986343757010025e-05,1.8418955140258733e-05,3.468179049773321e-05,61.63535669095368,63.21462566327623,67.89365282436218,1.5986343757010025e-05,1.841895514025872e-05,3.468179049773312e-05,1.0017384914685026,1.0017384914685052,242a86f2ee712d6a,242a86f2ee712d6a,False,False,0.7980000009411015,4.600499996740837,5.398499997681938,0.7493000011891127,6.286000003456138,7.035300004645251
nominal_heatup,50,130.0,130.0,130.0,130.0,0.0,-175754.6587114928,optimal,-175720.08407784073,True,True,201,8000,5.602647092928237e-07,8.14025252537931e-07,10.0,0,0,0.00019672100816893242,62.809358627771545,64.3668063085973,68.97903535661558,1.771004879334599e-05,2.088118832276349e-05,4.248012413352589e-05,62.80935862777153,64.36680630859729,68.97903535661555,1.771004879334599e-05,2.0881188322763476e-05,4.248012413352573e-05,1.00231055276414,1.0023105527641403,346c6454228a1637,346c6454228a1637,False,False,0.756499997805804,4.440600001544226,5.19709999935003,0.7469000047422014,6.554699997650459,7.301600002392661
nominal_heatup,51,130.0,130.0,130.0,130.0,0.0,-172138.6026112616,optimal,-172100.08379857035,False,False,8000,8000,6.757813508784238e-07,9.802991769447544e-07,10.0,0,0,0.0002237662680362557,63.967157802997406,65.50229669912932,70.04663175947266,1.9954127492003092e-05,2.4106900556497154e-05,5.2939230035971814e-05,63.96715780299739,65.50229669912929,70.04663175947263,1.9954127492003092e-05,2.4106900556497137e-05,5.293923003597164e-05,1.0030891393708201,1.0030891393708201,fa14867ca843d76f,fa14867ca843d76f,False,False,0.7715000028838404,4.599399995640852,5.370899998524692,0.7631999978912063,240.9138000002713,241.6769999981625
nominal_heatup,52,130.0,130.0,130.0,130.0,0.0,-168579.00984923483,optimal,-168537.12785959907,False,False,8000,8000,5.373015596887853e-07,7.806614643612875e-07,10.0,0,0,0.00024844130757010883,65.10839773149327,66.62087966539488,71.09658492755247,2.288892387473418e-05,2.835488283289929e-05,6.703486721298836e-05,65.10839773149326,66.62087966539485,71.09658492755244,2.288892387473418e-05,2.8354882832899212e-05,6.703486721298806e-05,1.0041538720862666,1.0041538720862668,cd259a7de56f3efc,cd259a7de56f3efc,False,False,0.8009000011952594,4.764299999806099,5.565200001001358,0.7733000020380132,246.57599999773083,247.34929999976885
nominal_heatup,53,130.0,130.0,130.0,130.0,0.0,-165072.8686270707,optimal,-165028.17762950255,False,False,8000,8000,5.214190252900153e-07,7.575852762897739e-07,10.0,0,0,0.0002707349665628999,66.23282762269277,67.72242340235866,72.12906995180523,2.6746518406205812e-05,3.397988237098351e-05,8.611184642383666e-05,66.23282762269274,67.72242340235863,72.1290699518052,2.6746518406205812e-05,3.397988237098335e-05,8.611184642383605e-05,1.0056152093333455,1.0056152093333455,756ff508bc947822,756ff508bc947822,False,False,0.8804000026430003,5.033200002799276,5.913600005442277,0.7683000003453344,259.262999999919,260.0313000002643
nominal_heatup,54,130.0,130.0,130.0,130.0,0.0,-161616.161465562,optimal,-161569.19011905746,False,False,8000,8000,5.306293360263226e-07,7.70967285568247e-07,10.0,0,0,0.0002906352067682656,67.34028809419581,68.80687054634416,73.14429192629689,3.1844611049781495e-05,4.146967191003758e-05,0.00011202061419671508,67.34028809419578,68.80687054634413,73.14429192629686,3.1844611049781495e-05,4.1469671910037346e-05,0.0001120206141967142,1.0076257803464352,1.0076257803464348,575036af481c50f6,575036af481c50f6,False,False,1.083300005120691,6.557099994097371,7.640399999218062,1.0712000002968125,271.01479999691946,272.0859999972163
nominal_heatup,55,130.0,130.0,130.0,130.0,0.0,-158203.38502878798,optimal,-158154.63863351315,False,False,8000,8000,6.88228951162273e-07,9.974572323656616e-07,10.0,0,0,0.0003081248562793971,68.43069970476235,69.87422973194207,74.1424852831402,3.8619637364567744e-05,5.1496155359949457e-05,0.00014730119077533538,68.43069970476232,69.87422973194204,74.14248528314019,3.8619637364567744e-05,5.1496155359949186e-05,0.00014730119077533435,1.0103955169547845,1.010395516954784,1fdfd39b7c32edf0,1fdfd39b7c32edf0,False,False,0.9219999992637895,5.2940000023227185,6.216000001586508,0.7900999989942648,264.2734000037308,265.06350000272505
nominal_heatup,56,130.0,130.0,130.0,130.0,0.0,-154826.77862143036,optimal,-154776.7415855105,False,False,8000,8000,5.329182926061549e-07,7.742931762422245e-07,10.0,0,0,0.00032318075959118173,69.50405417141482,70.92456957340303,75.12391479571389,4.767250118687801e-05,6.498548706359971e-05,0.00019542929915612135,69.5040541714148,70.924569573403,75.12391479571387,4.767250118687801e-05,6.498548706359931e-05,0.00019542929915612015,1.0142117107504625,1.014211710750462,ec85f7bcd56ae152,ec85f7bcd56ae152,False,False,0.764199998229742,4.860599998210091,5.624799996439833,0.7513000018661842,252.17820000398206,252.92950000584824
nominal_heatup,57,130.0,130.0,130.0,130.0,0.0,-151475.04120218026,optimal,-151424.18155768933,False,False,8000,8000,6.350218910711192e-07,9.226427168940177e-07,10.0,0,0,0.0003357625394083053,70.56040823389368,71.95801511327059,76.08887847756213,5.983144181865133e-05,8.321377814267008e-05,0.0002611435762269551,70.56040823389365,71.95801511327056,76.0888784775621,5.983144181865124e-05,8.321377814266961e-05,0.0002611435762269537,1.0194654224269861,1.0194654224269877,3e93027f37c0e0f3,3e93027f37c0e0f3,False,False,0.7658999966224656,5.224900000030175,5.99079999665264,0.7897999967099167,254.05370000225957,254.8434999989695
nominal_heatup,58,130.0,130.0,130.0,130.0,0.0,-148131.11077336658,optimal,-148079.88602470327,False,False,8000,8000,5.12887424974906e-07,7.43332958741405e-07,10.0,0,0,0.00034580682205065475,71.59988023965897,72.97474689074431,77.03771270348128,7.623802393224716e-05,0.00010793700677174491,0.0003508777483324832,71.59988023965894,72.97474689074429,77.03771270348125,7.623802393224706e-05,0.00010793700677174436,0.0003508777483324809,1.026686052093552,1.0266860520935506,2010a0faa6c5d033,2010a0faa6c5d033,False,False,0.8060999971348792,5.1925000007031485,5.998599997838028,0.8022999973036349,254.48180000239518,255.2840999996988
nominal_heatup,59,130.0,130.0,130.0,130.0,0.0,-144768.1465422684,optimal,-144717.01502231663,False,False,8000,8000,5.178071518230354e-07,7.504631982513388e-07,10.0,0,0,0.00035319592861472103,72.62264964699989,73.97500290738093,77.97079999456433,9.846413029699087e-05,0.00014156634928201114,0.00047332777320754406,72.62264964699986,73.9750029073809,77.9707999945643,9.846413029699062e-05,0.0001415663492820105,0.0004733277732075414,1.036586351208483,1.0365863512084827,abbec4cfbdd5f7a8,abbec4cfbdd5f7a8,False,False,0.7745999973849393,5.363100004615262,6.1377000020002015,0.8048000017879531,250.77069999679225,251.5754999985802
nominal_heatup,60,130.0,130.0,130.0,130.0,0.0,-141341.89930840454,optimal,-141291.34024897066,False,False,8000,8000,5.431145524426029e-07,7.891085331834802e-07,10.0,0,0,0.00035770751405900974,73.62895978704019,74.95908391297364,78.88858004554176,0.00012867025852995748,0.00018740344468097845,0.0006401914369111172,73.62895978704016,74.95908391297361,78.88858004554173,0.00012867025852995718,0.00018740344468097736,0.0006401914369111129,1.0501207185103965,1.050120718510396,c911e31ecde878a2,c911e31ecde878a2,False,False,0.8237000001827255,4.666299995733425,5.4899999959161505,0.9591000052751042,250.5313000001479,251.490400005423
nominal_heatup,61,130.0,130.0,130.0,130.0,0.0,-137775.43898188515,optimal,-137725.9935698678,False,False,8000,8000,5.477241984408465e-07,7.958065308955042e-07,10.0,0,0,0.0003588840825533943,74.6191243932407,75.92736260605592,79.79156473703163,0.00016981851204121614,0.00024995427820754916,0.0008671270578939291,74.61912439324067,75.9273626060559,79.7915647370316,0.00016981851204121582,0.000249954278207547,0.000867127057893924,1.0685602951995172,1.0685602951995168,43c62b5eea523fa5,43c62b5eea523fa5,False,False,0.8193000030587427,5.11259999620961,5.931899999268353,0.771099999838043,277.4323999983608,278.2034999981988
nominal_heatup,62,130.0,130.0,130.0,130.0,0.0,-133926.7504196622,optimal,-133879.11237246028,False,False,8000,8000,5.172032331302034e-07,7.495879232877201e-07,10.0,0,0,0.0003557022555443232,75.59353860711929,76.88029754981154,80.68035807598112,0.0002259576169972283,0.00033534566642785715,0.0011749892088737384,75.59353860711926,76.88029754981152,80.68035807598109,0.00022595761699722793,0.00033534566642785455,0.0011749892088737301,1.093589235840848,1.0935892358408452,8c552c5f618ea7cb,8c552c5f618ea7cb,False,False,0.789700003224425,4.880299995420501,5.669999998644926,0.7700999994995072,252.20390000322368,252.9740000027232
nominal_heatup,63,130.0,130.0,130.0,130.0,0.0,-129515.35288948531,optimal,-129470.59136167262,False,False,8000,8000,5.202341952781353e-07,7.539807258538644e-07,10.0,0,0,0.00034560788983177207,76.55269541198888,77.81845285698668,81.55568225699334,0.00030260234746778145,0.00045187509501607115,0.0015914133079866686,76.55269541198885,77.81845285698665,81.55568225699331,0.000302602347467781,0.00045187509501606806,0.0015914133079866558,1.1274277236504189,1.1274277236504153,39cab7540d5e416b,39cab7540d5e416b,False,False,0.8010000019567087,4.946499997458886,5.747499999415595,1.0892999998759478,248.14139999944018,249.23069999931613
nominal_heatup,64,130.0,130.0,130.0,130.0,0.0,-124216.83828132741,optimal,-124176.72838063215,False,False,8000,8000,5.239600824324953e-07,7.593806801153846e-07,10.0,0,0,0.0003229022832193548,77.49720874793377,78.74252501387187,82.4184113536539,0.00040723626907685016,0.0006107334110202738,0.0021528384063738727,77.49720874793374,78.74252501387184,82.41841135365388,0.0004072362690768489,0.000610733411020268,0.0021528384063738536,1.1637021882955476,1.1637021882955467,7162944b830e7f46,7162944b830e7f46,False,False,0.8308000033139251,4.48820000019623,5.319000003510155,0.7482999935746193,252.13220000296133,252.88049999653595
nominal_heatup,65,130.0,130.0,130.0,130.0,0.0,-119052.34513866666,optimal,-119019.00915769694,False,False,8000,8000,6.470508253642038e-07,9.377773269036993e-07,10.0,0,0,0.000280011123938698,78.42784494406877,79.65337861958594,83.26961456008874,0.000549975270075777,0.0008269513780813502,0.002907079780448615,78.42784494406874,79.65337861958591,83.26961456008871,0.0005499752700757756,0.0008269513780813432,0.0029070797804485924,1.1641786564642524,1.1641786564642513,5e52ee8941866f46,5e52ee8941866f46,False,False,0.8894999991753139,4.885200003627688,5.7747000028030016,0.7566999993287027,227.08869999769377,227.84539999702247
nominal_heatup,66,129.99999999999997,129.99999999999997,130.0,130.0,2.842170943040401e-14,-113135.16826231335,optimal,-113113.52276181057,False,False,8000,8000,4.995238072069696e-07,7.239649564283468e-07,10.0,0,0,0.00019132424369301625,79.34556460405537,80.55209335323582,84.11061145147471,0.0007444407920444479,0.0011206365717723007,0.003916591951351909,79.34556460405534,80.55209335323579,84.11061145147468,0.0007444407920444463,0.0011206365717722903,0.003916591951351883,1.1643772541985693,1.164377254198572,48ef351163a64a69,48ef351163a64a69,False,False,0.7794999983161688,5.013200003304519,5.7927000016206875,0.7681000060983934,214.0393999943626,214.807500000461
nominal_heatup,67,130.0,130.0,130.0,130.0,0.0,-106202.57688179998,optimal,-106192.36915326511,False,False,8000,8000,6.604198290460772e-07,9.58018062213739e-07,10.0,0,0,9.611563894831214e-05,80.25157775443299,81.44002521218516,84.94304248452003,0.0010089073546693866,0.0015185884408711794,0.005262601461617026,80.25157775443296,81.44002521218513,84.94304248452,0.001008907354669381,0.001518588440871167,0.005262601461616995,1.1644013940425086,1.1644013940425086,2d2b73f616c8aeb4,2d2b73f616c8aeb4,False,False,0.9308000007877126,4.967900000337977,5.89870000112569,0.7848999957786873,211.9760999994469,212.76099999522557
nominal_heatup,68,130.00000000000003,130.00000000000003,130.0,130.0,-2.842170943040401e-14,-97907.02784237463,optimal,-97907.00741032911,True,True,551,8000,5.186582114902194e-07,7.5169661517549e-07,10.0,0,0,2.0868824292572437e-07,81.14741600362292,82.3188860926227,85.76895901918328,0.001367811079314047,0.0020564096870771863,0.007050341719914168,81.1474160036229,82.31888609262268,85.76895901918326,0.0013678110793140352,0.002056409687077168,0.0070503417199141195,1.1643596554689397,1.1643596554689415,7f6b78253f528d54,7f6b78253f528d54,False,False,0.7861999984015711,4.865499999141321,5.651699997542892,0.840600005176384,15.876699995715171,16.717300000891555
nominal_heatup,69,130.0,130.0,130.0,130.0,0.0,-87848.69748249013,optimal,-87830.01065123467,True,True,201,8000,5.82676136673399e-07,8.444784613814704e-07,10.0,0,0,0.00021271608789920617,82.0350268109892,83.19084727609177,86.59093867531232,0.0018537380486049937,0.002781276491450212,0.009415696603958888,82.03502681098917,83.19084727609174,86.59093867531229,0.0018537380486049763,0.002781276491450175,0.009415696603958829,1.1643695061459753,1.1643695061459762,69d079f89eb31c6f,69d079f89eb31c6f,False,False,0.8035999999265186,4.696099997090641,5.49969999701716,0.7614999994984828,8.519800001522526,9.281300001021009
nominal_heatup,70,130.0,130.0,130.0,130.0,0.0,-75350.03095418382,optimal,-75314.22600362886,False,False,8000,8000,6.395749636567416e-07,9.271088439177788e-07,10.0,0,0,0.00047518163034222403,82.91689697522982,84.05867461721587,87.41223410291703,0.002510059480288654,0.0037555969502026144,0.012533666425099232,82.91689697522979,84.05867461721584,87.412234102917,0.0025100594802886338,0.00375559695020257,0.01253366642509912,1.1645625162363435,1.1645625162363449,6d25d3e9ce6a7154,6d25d3e9ce6a7154,False,False,0.7727000047452748,4.803399999218527,5.576100003963802,0.7628999956068583,363.65010000008624,364.4129999956931
nominal_heatup,71,130.0,130.0,130.0,130.0,0.0,-59511.584281523705,optimal,-59509.67157560668,False,False,8000,8000,6.277215760519539e-07,9.099264994816281e-07,10.0,0,0,3.214006046666418e-05,83.7962155297241,84.92590665561906,88.23696665853339,0.0033944549666518613,0.0050618905306662266,0.0166292267963619,83.79621552972407,84.92590665561903,88.23696665853336,0.003394454966651837,0.0050618905306661745,0.01662922679636177,1.1650915837151175,1.1650915837151197,9a86cfd521e409a5,9a86cfd521e409a5,False,False,0.7857999953557737,4.985400002624374,5.771199997980148,0.7876000017859042,297.51089999626856,298.29849999805447
nominal_heatup,72,130.0,130.0,129.34487407323866,129.34487407323866,-0.6551259267613432,-39405.549286765745,optimal,-39398.598041431105,False,False,8000,8000,6.209367739984373e-07,9.043198323510637e-07,10.0,0,0,0.00017640270116334216,84.6770910770563,85.79709227301235,89.07038171308204,0.004583682868340464,0.006809385686102616,0.021991385533526666,84.67709107705628,85.79709227301232,89.070381713082,0.004583682868340428,0.006809385686102542,0.021991385533526475,1.1661410862828379,1.1661410862828399,2532a796fe3ca8ed,2532a796fe3ca8ed,False,False,0.7796999998390675,4.558199994789902,5.33789999462897,0.8570999998482876,407.32580000621965,408.18290000606794
nominal_heatup,73,126.0,126.0,125.34485645971444,125.34487407323866,-0.6551259267613432,-13787.632240829153,optimal,-13716.521944504035,False,False,1,8000,2.799983722923116e-05,4.058773025494844e-05,10.0,1,0,0.003586721290744515,85.56484641891113,86.67811322409727,89.9191904596178,0.006180149049943068,0.009143100525628278,0.028991598833990044,85.5648464189111,86.67811322409723,89.91919045961777,0.006180149049943025,0.009143100525628176,0.02899159883398972,1.1679415077127353,1.167941507712736,8b85673b2f5b8436,9520dfddd97e608d,True,True,0.7768000068608671,4.476199996133801,5.253000002994668,0.7619000025442801,0.7018000032985583,1.4637000058428384
nominal_heatup,74,122.0,122.0,121.34487307026708,121.34487407323866,-0.6551259267613432,19527.601613097868,optimal,19497.470028209813,False,False,1,8000,1.7970246801723988e-06,2.604446149412354e-06,10.0,1,0,0.008109295262067443,86.46642630771656,87.57663126830747,90.79203593339747,0.008321147062830138,0.012256619320811159,0.03810825559328096,86.46642630771652,87.57663126830742,90.79203593339743,0.008321147062830056,0.012256619320811018,0.038108255593280585,1.1707911326094782,1.1707911326094775,057cbeb345a45b2d,a2d31f3cb00cc3ab,True,True,0.7714999956078827,4.464999998162966,5.236499993770849,0.7400999966193922,0.7516000041505322,1.4917000007699244
nominal_heatup,75,118.0,118.0,117.34487334568018,117.34487407323866,-0.6551259267613432,66911.49085732593,optimal,66695.47219201134,False,False,19,8000,1.69825274554114e-06,2.4635744901857493e-06,10.0,0,0,0.00278396849405782,87.39097626199029,88.50272408829731,91.70014145855633,0.01119219856107451,0.016410548496615482,0.0499597892382184,87.39097626199025,88.50272408829727,91.70014145855629,0.011192198561074394,0.01641054849661532,0.04995978923821789,1.1750891879995868,1.1750891879995848,75f66df4193d1c6d,015fadd6bfab8816,True,True,0.7512000011047348,4.526199998508673,5.277399999613408,0.7670999984839,2.0941999973729253,2.8612999958568253
nominal_heatup,76,114.0,114.0,113.34487407323866,113.34487407323866,-0.6551259267613432,150699.73736174084,optimal,150487.77623110177,False,False,14,8000,1.8886824477704067e-06,2.737286689757923e-06,10.0,0,0,0.002671140140867506,88.35068932083905,89.46981702470539,92.65823275589248,0.015046914377713098,0.021960005976080575,0.06535030444463608,88.35068932083901,89.46981702470535,92.65823275589243,0.015046914377712908,0.021960005976080346,0.06535030444463538,1.181387929029987,1.1813879290299873,2b26f7f62bd3fbe1,ff2cb22370be005d,True,True,0.7656999950995669,4.528000004938804,5.2937000000383705,0.7366999998339452,1.5682999946875498,2.304999994521495
nominal_heatup,77,110.00000000000001,110.00000000000001,109.34487343059624,109.34487407323866,-0.6551259267613574,312983.29721065157,optimal,312991.89150052203,False,False,10,8000,1.131330463977065e-06,1.6411984029574e-06,10.0,0,0,0.003362406805908422,89.3620887604584,90.49609543290775,93.68587825189827,0.02023763582494402,0.029397025738530307,0.0853336712419667,89.36208876045836,90.49609543290771,93.68333404289362,0.020237635824943798,0.029397025738529984,0.08533367124196575,1.190476719727846,1.1904511144890528,53d93ba84430f66e,bcf6cb36e1c8cc94,True,True,0.7318999996641651,5.830599999171682,6.562499998835847,0.7866000014473684,1.2035999970976263,1.9901999985449947
nominal_heatup,78,106.00000000000003,106.00000000000003,105.34487279658404,105.34487407323866,-0.6551259267613716,661150.3088423824,optimal,661558.9477335839,False,False,14,8000,1.2766546149123315e-06,2.6545705793523666e-06,6.693854950725635,1,0,0.004025536336055078,90.44805069111254,91.60672970793601,94.79394286055808,0.027264684785215862,0.03941863042598115,0.11130516953259115,90.4480506911125,91.60578409490327,94.78673443335555,0.0272646847852156,0.039418630425980775,0.11129528463976442,1.2033535536692284,1.203270043836762,9055a7d4aa5fb190,49ac27b085e4e520,True,True,0.785099997301586,6.383100000675768,7.168199997977354,0.9303000042564236,1.9192999970982783,2.849600001354702
nominal_heatup,79,102.00000000000001,102.00000000000001,101.3448728938223,101.34487407323866,-0.6551259267613574,1489608.7653315868,optimal,1489567.0940033193,False,False,21,8000,1.4434029083076894e-06,2.4555476727528003e-06,0.0,1,0,0.004642605915805879,91.6411440825098,92.83176426774756,96.00509291482985,0.0368593592166733,0.0530411990208073,0.1450560716331245,91.64044116540978,92.82877498680413,95.99100186314276,0.036859359216672924,0.0530392497090105,0.14500900664108324,1.22154728965334,1.2213553499116538,bb8e45232e953824,44d98346d7a1e9f4,True,True,0.8355000027222559,5.11739999637939,5.952899999101646,0.7581000027130358,1.6611999963060953,2.419299999019131
nominal_heatup,80,98.00000000000001,98.00000000000001,97.34487295926621,97.34487407323866,-0.6551259267613574,3733844.880578438,optimal,3725482.6552399453,False,False,35,8000,1.9650167359941406e-06,2.8484297454056673e-06,0.0,1,0,0.005245165611688745,92.98516090743061,94.21692421728005,97.35420969246937,0.05013176533163734,0.0717867219016961,0.18887975998293477,92.9827096201751,94.21035675100354,97.3308557022357,0.05013035380729143,0.07177604704360184,0.18873766456260913,1.2473827208725377,1.247002910797904,63fd95102849e2af,568024192866b6bb,True,True,0.7489999989047647,5.88380000408506,6.632800002989825,0.7862999991630204,2.228999997896608,3.0152999970596284
nominal_heatup,81,94.00000000000001,94.00000000000001,93.34487407323866,93.34487407323866,-0.6551259267613574,10932370.228277566,optimal,10858926.591017509,False,False,68,8000,2.646506942483029e-06,3.896702454042611e-06,84.05461182418159,0,0,0.0057613011398986716,94.547743234672,95.83272151109642,98.89266203433954,0.06884014061886648,0.09803128813303755,0.24567458237823664,94.54198592905544,95.82050073595937,98.85696887085159,0.0688316074180235,0.09799331261792348,0.24533057230575317,1.2844366531935776,1.2837335736167497,f1fb6495f749cb3f,bdbe8d861eb6cccd,True,True,0.7565999985672534,4.840000001422595,5.596599999989849,0.7615999929839745,4.063600004883483,4.825199997867458
nominal_heatup,82,90.0,90.0,89.34487407323866,89.34487407323866,-0.6551259267613432,39659914.68713498,optimal,39097829.11621558,False,False,100,8000,1.6498186923286084e-06,2.3910990281095224e-06,305.2573704413463,0,0,0.006383241448304655,96.44002981095657,97.79449948163439,100.69009531948463,0.09593884782488064,0.13568399078352672,0.31899050582830313,96.42861662126718,97.77342265851779,100.6377292614921,0.09590569733263021,0.13557272971446335,0.3182623113927936,1.3380406536726697,1.3367797024735144,ecfa265c30624b25,360b8fa352672dfa,True,True,0.7639000032213517,4.791999999724794,5.555900002946146,0.8439000012003817,6.018799998855684,6.862700000056066
nominal_heatup,83,86.0,86.0,85.34487186063335,85.34487407323866,-0.6551259267613432,190593637.2537301,optimal,185683716.58501738,False,False,101,8000,3.7874464879905645e-06,5.495911463704317e-06,875.2111873668249,1,0,0.006968571936283598,98.85990120910847,100.30195133157588,102.83181825515443,0.13680022648500176,0.1916294556898257,0.41276680522062237,98.8387502338587,100.26641640386923,102.75665345633344,0.13669321003817397,0.19133253096196978,0.41136905167987714,1.4150098144544943,1.4128122685208966,6d797b388a9f2d77,e9d7104d1388dfd1,True,True,0.8606000046711415,4.854499995417427,5.715100000088569,0.753100001020357,7.80289999966044,8.556000000680797
nominal_heatup,84,81.99616193501582,81.99616193501582,81.3448740732386,81.34487407323866,-0.6512878617771634,1230082590.7087083,optimal,1180602373.8410063,False,False,77,8000,1.0487056428587493e-05,1.5198997641796552e-05,2527.2258473895267,0,0,0.007925874927690995,102.1972794171331,103.73004863276122,105.39573807146766,0.20231101118225653,0.2790697909824402,0.5299903780445322,102.15796229801005,103.66884258213292,105.29044759122219,0.20198786821723785,0.27830186068783846,0.5275450761946259,1.5166375629343285,1.5131546819029131,6497ca9b80f953f0,30bb3373643eb347,True,True,0.8331999997608364,5.548600005568005,6.3818000053288415,0.814300001366064,8.714200004760642,9.528500006126706
nominal_heatup,85,77.96187281136501,77.96187281136501,77.34487407323859,77.34487407323866,-0.6169987381263553,6433944061.178505,optimal,6194715050.065211,False,False,9,8000,2.3662595566520395e-05,3.429444064995124e-05,6032.168924152455,0,0,0.010205336336345325,107.34166377192071,108.85747411406278,108.37271637299347,0.31812583710014675,0.42591354209319443,0.6682489341334628,107.26267714860923,108.74478556473608,108.23424790791515,0.3171260688066375,0.42389542016141274,0.6644878270725046,1.5791502002271889,1.5765485430089803,82fea48f7d07c83d,27f0f1474bc9da23,True,True,0.8130999995046295,7.472600002074614,8.285700001579244,0.7859000033931807,1.5754999985801987,2.3614000019733794
nominal_heatup,86,73.96187281136501,73.96187281136501,73.34487407323873,73.34487407323873,-0.6169987381262843,57865102.824255005,optimal,68993281.62642887,False,False,85,8000,3.0428575144014758e-06,4.410835630075383e-06,386.3299928775597,0,0,0.00480760811278761,116.78670944844671,117.38928447616905,111.53267945874894,0.5586696056105463,0.6941340207481568,0.8096260453942002,116.59599708019432,117.16100402397743,111.37761019674375,0.5551634537391642,0.6886881247063517,0.8050924693456175,1.2819000257067925,1.272557697409216,d90ede0f9a8389f6,5fb239611244b2d4,True,True,0.9263000029022805,5.144299997482449,6.070600000384729,0.8825000040815212,7.152599995606579,8.0350999996881
nominal_heatup,87,77.96187281136501,77.96187281136501,77.34487446177751,77.34487407323873,-0.6169987381262843,4947043.53806299,optimal,3902695.6211582636,False,False,8000,8000,6.624119066600542e-07,9.626734138734605e-07,85.25544459813807,0,0,0.019393265461025714,138.41680063965288,129.94923717800268,114.75655190636891,1.0,1.0,0.9158708069046665,137.84348569674734,129.63947780893176,114.61192659139708,1.0,1.0,0.912478801752195,1.721716640187799,1.6429483424633733,6df497385cabccb0,dbb6d4e27bb56d18,True,True,0.7746999981463887,4.801499999302905,5.576199997449294,0.7576999996672384,623.4320000003208,624.1896999999881
nominal_heatup,88,81.96187281136501,81.96187281136501,81.34487407323873,81.34487407323873,-0.6169987381262843,-61021.2738409707,optimal,-61087.03084961264,False,False,8000,8000,5.024660936214786e-07,7.350093200741981e-07,10.0,0,0,1.2589884773256502e-05,132.12247627399802,127.44969299021533,118.90327453677568,1.0,1.0,0.9683283808196973,131.74507415508305,127.10335302906607,118.75309560508221,1.0,1.0,0.9669157565155729,0.9820424087355757,0.9820261392914502,18cba9db627fafc6,eaa5635b63b23b51,True,True,0.778800000261981,4.569600001559593,5.348400001821574,0.8768000043346547,245.53609999566106,246.41289999999572
nominal_heatup,89,85.96187281136501,85.96187281136501,85.34487446553966,85.34487407323873,-0.6169987381262843,-69079.13393703187,optimal,-69281.98537527915,False,False,8000,8000,6.146267423901008e-07,8.90784787266341e-07,10.0,0,0,7.284110215191465e-06,128.64898430529345,126.0099685439531,118.53653228134452,1.0,1.0,0.9904431184999237,128.2946720985309,125.7249913263798,118.33404168564938,1.0,1.0,0.9900243827729532,0.9822813130549686,0.9822765101543333,c73e9cd8835f2142,ce3ddd02f49f3fb4,True,True,0.7906999962870032,4.792500003532041,5.583199999819044,0.7587000000057742,224.80429999995977,225.56299999996554
nominal_heatup,90,89.96187281136501,89.96187281136501,89.34487407323871,89.34487407323871,-0.6169987381262985,-75278.47604423964,optimal,-75493.78448348146,False,False,8000,8000,6.838069026571247e-07,9.96179985612855e-07,10.0,0,0,4.741382973409708e-06,126.68728407320394,124.21314641839304,117.94702881682919,1.0,1.0,0.9940813834120809,126.38451171185534,123.93305730366401,117.72071929943469,1.0,1.0,0.9937978375127752,0.9823198719101719,0.9823165777908327,6991c008cbff2cf0,37ca90eab1a1b039,True,True,0.7942000011098571,4.784999997355044,5.579199998464901,0.7482000000891276,198.92519999848446,199.6733999985736
nominal_heatup,91,93.96187281136503,93.96187281136503,93.3448740732387,93.3448740732387,-0.6169987381263269,-79889.39268553512,optimal,-80079.28926621401,False,False,8000,8000,5.561421119182341e-07,8.067492984764613e-07,10.0,0,0,4.956781754070859e-06,124.84814522349929,122.8037709893797,117.2569060324376,1.0,1.0,0.9957445219942607,124.56223434922858,122.53523953931268,117.0151851777952,1.0,1.0,0.9955273144873312,0.9823373750041194,0.9823348037835241,dced545ab0128cfd,74bd30ed54ed3779,True,True,0.7912000000942498,5.145700000866782,5.936900000961032,0.931099995796103,199.19810000283178,200.12919999862788
nominal_heatup,92,97.96187281136504,97.96187281136504,97.34487446758158,97.3448740732387,-0.6169987381263411,-82449.2427588651,optimal,-82629.36198707312,False,False,8000,8000,6.451226255421716e-07,9.358256756186734e-07,10.0,0,0,3.427917917523779e-06,123.32846903652825,121.50199080214001,116.57638037932075,1.0,1.0,0.996678456049728,123.05547707732936,121.23696466095443,116.32695973748936,1.0,1.0,0.9965007367405562,0.9823471225700661,0.9823449728008609,95aa12fc121dd8a7,0fd04369a4c39b58,True,True,0.7934999957797118,4.658600002585445,5.452099998365156,0.7868000029702671,208.2271999970544,209.01400000002468
nominal_heatup,93,101.96187281136504,101.96187281136504,101.34487407323869,101.34487407323869,-0.6169987381263553,-81468.05593239452,optimal,-82759.93629258631,False,False,8000,8000,6.442402735729047e-07,9.420846751595491e-07,10.0,0,0,7.767697576450648e-06,121.97076483907927,120.35012797085601,115.87695496910787,1.0,1.0,0.997270820262908,121.703694234074,120.0879412906693,115.62042607732614,1.0,1.0,0.9971195948281077,0.9823496551318885,0.9823497724255088,c021747095508f51,d76f8c8968e6aeaf,True,True,0.8369999995920807,4.856100000324659,5.69309999991674,0.7884000006015413,232.22539999551373,233.01379999611527
nominal_heatup,94,105.96187281136504,105.96187281136504,105.34487407323869,105.34487407323869,-0.6169987381263553,-76753.57693523934,optimal,-78453.99848684171,False,False,8000,8000,6.437300896777742e-07,9.352956400476842e-07,10.0,0,0,2.0100464683537e-05,120.76607187471755,119.2899181613592,115.21027951773226,1.0,1.0,0.9976749027344713,120.50263171277005,119.02801910514188,114.94807158751888,1.0,1.0,0.997542432601517,0.9823477394800706,0.9823479617760889,6051c9a606ffe8ad,4058a37191390aa8,True,True,0.7753000027150847,4.851400000916328,5.626700003631413,0.8200000011129305,236.16230000334326,236.9823000044562
nominal_heatup,95,109.96187281136504,109.96187281136504,109.34487448027234,109.34487407323869,-0.6169987381263553,-71691.1427250072,optimal,-73584.2671745346,True,True,751,8000,6.458741239612209e-07,9.384104835419294e-07,10.0,0,0,1.4756055252945705e-07,119.66877979919614,118.32227388526829,114.58298506382359,1.0,1.0,0.9979668200600963,119.40648521110722,118.05968724208928,114.31525737459458,1.0,1.0,0.9978483020663688,0.9823452023394494,0.9823455836024626,f038c31e8b56e856,401f719573a3d7cb,True,True,1.0885000010603108,5.081799994513858,6.170299995574169,0.8116999961202964,25.83010000671493,26.641800002835225
nominal_heatup,96,113.96187281136505,113.96187281136505,113.34487407323869,113.34487407323869,-0.6169987381263695,-67336.50678888691,optimal,-69260.87039497135,True,True,451,8000,6.5397860282701e-07,9.56319781586501e-07,10.0,0,0,1.7820668995379985e-07,118.66786081926531,117.43294179908332,114.01126499237178,1.0,1.0,0.9981870614776296,118.40534913336803,117.16855291833704,113.73831100533054,1.0,1.0,0.9980792991159193,0.982341819325331,0.9823424446417605,da6c6aa3d9ba6d47,d71236203a5a13a0,True,True,0.7594999988214113,4.433699999935925,5.193199998757336,0.7491000069421716,14.275499997893348,15.02460000483552
nominal_heatup,97,117.96187281136505,117.96187281136505,117.34487407323869,117.34487407323869,-0.6169987381263695,-63817.312434548316,optimal,-65738.53779994915,False,False,8000,8000,6.541433492657234e-07,8.221010014963781e-07,10.0,0,0,0.00018594649640116034,117.74988944372781,116.62018362609314,113.5003144394177,1.0,1.0,0.9983593085031238,117.4859823536708,116.35330903123558,113.22217566692133,1.0,1.0,0.9982601021405652,0.9823372335122487,0.9823382442716959,903aa5d2d8f803b6,67e500cc729b2270,True,True,0.80080000043381,4.559100001642946,5.359900002076756,0.7463000001735054,285.2539999948931,286.0002999950666
nominal_heatup,98,121.96187281136504,121.96187281136504,121.34487407323869,121.34487407323869,-0.6169987381263553,-60990.20520893986,optimal,-62895.72928749483,False,False,8000,8000,6.616436678541504e-07,9.589268872289836e-07,10.0,0,0,0.00025875517980153873,116.9101278185372,115.88049423125595,113.05536633169353,1.0,1.0,0.998498096043839,116.6440148474312,115.61053598959514,112.77209848487524,1.0,1.0,0.9984058763539737,0.9823308532092176,0.9823325001586312,26e13bca4c5be365,04ea949c19c6c93b,True,True,0.8842000024742447,5.166399998415727,6.050600000889972,0.782499999331776,311.39700000494486,312.17950000427663
nominal_heatup,99,125.96187281136505,125.96187281136505,125.3448740732387,125.34487407323869,-0.6169987381263695,-58694.264477918296,optimal,-60588.702070843894,False,False,8000,8000,5.239300122639179e-07,7.593371096348278e-07,10.0,0,0,0.00017812262818564948,116.14475442565117,115.21315801054911,112.67857166808422,1.0,1.0,0.998612824333072,115.87578309035867,114.93968213408318,112.39018198326575,1.0,1.0,0.9985264435014777,0.9823216090586036,0.9823243758022677,132c88f52f23b3c1,9a5975f0ed4309c6,True,True,0.7801999963703565,4.846800002269447,5.626999998639803,0.8277000015368685,312.5233000027947,313.3510000043316
nominal_heatup,100,129.96187281136505,129.96187281136505,129.34487407323869,129.34487407323869,-0.6169987381263695,-56760.19737909149,optimal,-58610.675096393585,False,False,8000,8000,5.700329950286687e-07,8.261546442511758e-07,10.0,0,0,0.00019992219852905775,115.45225651393302,114.61737041454255,112.37140034657892,1.0,1.0,0.9987097965198172,115.17993674867098,114.34002569762855,112.07790105939745,1.0,1.0,0.9986283960049385,0.9823073523342344,0.982312285851724,f5e1701c8b93fd9a,d3d3e0ff7a23138b,True,True,0.796199994510971,4.681200000050012,5.477399994560983,1.0758999997051433,298.77870000200346,299.8546000017086
nominal_heatup,101,130.00000000000003,130.00000000000003,130.0,130.0,-2.842170943040401e-14,-54692.15913123271,optimal,-56551.22018988772,False,False,8000,8000,5.327804899479816e-07,7.721641965829917e-07,10.0,0,0,5.911640108435404e-05,114.83164777072841,114.09290902458066,112.13431472192481,1.0,1.0,0.9987933870063774,114.55559273076044,113.81142773225454,111.83571431100562,1.0,1.0,0.9987163135074059,0.9822829975545643,0.9822927967581313,c8283e00cbc7296e,dd4429d81f9c2138,False,False,0.789700003224425,4.608199997164775,5.3979000003892,0.753700005589053,302.19089999445714,302.9446000000462
nominal_heatup,102,130.0,130.0,130.0,130.0,0.0,-52046.184385787914,optimal,-53955.4604589085,True,True,551,8000,6.7422472227463e-07,9.796013289431471e-07,10.0,0,0,2.3870204911738183e-07,114.2825097204746,113.63952201504226,111.96736060807628,1.0,1.0,0.9988667169460771,114.0024211007659,113.35369480353997,111.66367469568462,1.0,1.0,0.9987934662802218,0.9822326212013578,0.9822567300601258,2a563f5aa2624f71,a30ab9ed68809406,False,False,0.8068000024650246,4.621699998097029,5.428500000562053,0.7462999928975478,22.719400003552437,23.465699996449985
nominal_heatup,103,130.00000000000003,130.00000000000003,129.96677058486495,129.96677058486495,-0.03322941513508226,-49732.58592630399,optimal,-51552.53146010235,True,True,201,8000,6.502892659909776e-07,9.424708879990362e-07,10.0,0,0,6.98771160397305e-05,113.80454776607661,113.25700624557722,111.87020581402389,1.0,1.0,0.9989320703341705,113.520193390544,112.96667432039067,111.56145580012156,1.0,1.0,0.9988622493127091,0.9820554117612609,0.9821668254039552,00c1465dc1383f23,acd474919187d708,False,False,0.8304000002681278,4.810799997358117,5.641199997626245,0.7452999998349696,11.055900002247654,11.801200002082624
nominal_heatup,104,130.00000000000003,130.00000000000003,129.85246441881017,129.85246441881017,-0.14753558118985666,-47672.56757872353,optimal,-49407.053554228376,True,True,251,8000,5.395218352077791e-07,7.889459459065051e-07,10.0,0,0,0.00027387399804574815,113.39753529439028,112.94507661925292,111.84231147566645,1.0,1.0,0.998991155569544,113.10873753480699,112.65012088531114,111.52852623508642,1.0,1.0,0.9989244553473949,0.9823099952781321,0.9818169412651069,995b3d2bdbc3c608,8241565a20524945,False,False,0.8051000040723011,5.081700001028366,5.8868000051006675,0.7896999959484674,13.625899999169633,14.4155999951181
nominal_heatup,105,130.0,130.0,129.74976330085337,129.74976330085337,-0.25023669914662605,-45812.29720022848,optimal,-47457.043560196966,False,False,8000,8000,6.416614013460276e-07,9.299664158746168e-07,10.0,0,0,0.00040350778561905825,113.0612022186162,112.70337545763537,111.88298089452914,1.0,1.0,0.9990452761506116,112.76782695710769,112.40371006106515,111.56419597198412,1.0,1.0,0.9989814532684943,0.9839852925210408,0.9830910930599921,eb50d83af9e7bc6e,8effb295433b0c68,False,False,0.7904000012786128,4.482899996219203,5.273299997497816,0.7456999956048094,452.5867000047583,453.3324000003631
nominal_heatup,106,130.0,130.0,129.65611505945438,129.65611505945438,-0.343884940545621,-44104.905806519484,optimal,-45678.14852192632,False,False,8000,8000,6.769461435851554e-07,9.86166366345742e-07,10.0,0,0,0.000471677303460569,112.79521334111612,112.53145163321577,111.97603264861424,1.0,1.0,0.9990954443999447,112.49716233663132,112.22701790227246,111.65468604059531,1.0,1.0,0.9990343070344178,0.9854400080783304,0.9846200448324182,9a1d75545aafed31,1b158386f82afd04,False,False,0.8097000027191825,4.637499994714744,5.447199997433927,0.7765999980620109,459.803900004772,460.580500002834
nominal_heatup,107,130.0,130.0,129.56957306232428,129.56957306232428,-0.43042693767571905,-42516.16040015559,optimal,-44033.03493773766,False,False,8000,8000,5.813280381516961e-07,8.500791608412328e-07,10.0,0,0,0.00048690692505651484,112.59914728831556,112.42305058541288,112.1096957715733,1.0,1.0,0.999142360993353,112.2963517134654,112.11470308494758,111.78750986785988,1.0,1.0,0.9990837694815292,0.9866440945797729,0.9858839557548325,40c345ebfca8d6bf,c60645e065048357,False,False,0.7939999995869584,4.822800001420546,5.616800001007505,0.8415000047534704,460.56749999843305,461.4090000031865
nominal_heatup,108,130.0,130.0,129.48864260118185,129.48864260118185,-0.5113573988181486,-41019.92114061417,optimal,-42493.232793996875,False,False,8000,8000,5.914558727226904e-07,8.648890501561368e-07,10.0,0,0,0.00045461665459659354,112.46824661389938,112.37203549258443,112.27370768119503,1.0,1.0,0.9991865255239221,112.16132404067076,112.06060813459536,111.95204522822708,1.0,1.0,0.9991303736200425,0.9876566035991914,0.9869452510014136,0799f6c7a86a1c67,bf4e64fb370ccbb2,False,False,1.1339999982737936,6.616300001041964,7.750299999315757,0.930599999264814,485.8059999969555,486.7365999962203
nominal_heatup,109,130.0,130.0,129.4121992008712,129.4121992008712,-0.5878007991287859,-39596.99724960637,optimal,-41037.45845842275,True,True,251,8000,5.955335211638157e-07,8.708518013378352e-07,10.0,0,0,0.0003779845254093735,112.39672851924531,112.37124877666724,112.46078104086502,1.0,1.0,0.9992282943641893,112.08645733497785,112.05769161880163,112.1401374717589,1.0,1.0,0.9991744978123754,0.9885211459734551,0.9878504945022802,a9e2bddf4e25bb9c,c92f7c49210aecc8,False,False,0.8196999988285825,4.796599998371676,5.616299997200258,0.7968999998411164,13.976399997773115,14.773299997614231
nominal_heatup,110,130.0,130.0,129.3773768274221,129.3773768274221,-0.622623172577903,-38233.08296126801,optimal,-39650.47557216888,False,False,8000,8000,6.290488840932085e-07,9.11686965032743e-07,10.0,0,0,0.00024230991112638708,112.37778826975487,112.41399559987505,112.66527778468792,1.0,1.0,0.9992679294295672,112.06507447212202,112.09902592308586,112.34564351350988,1.0,1.0,0.9992164150719297,0.9892705404136594,0.9886346463149648,04d69a61c00d1945,940d8ad7adeec8f0,False,False,0.9149000034085475,5.152999998244923,6.06790000165347,0.8189000000129454,420.7089000046835,421.5278000046965
nominal_heatup,111,128.3399171400642,128.3399171400642,129.41675133300848,129.41675133300848,1.0768341929442897,-36924.10668590941,optimal,-38327.96093203737,False,False,8000,8000,6.422732923283547e-07,9.352628502767857e-07,10.0,0,0,7.30109424593254e-05,112.40470282211966,112.4939330520396,112.88300255563074,1.0,1.0,0.9993056266753647,112.0903121270884,112.17806812155396,112.56397131895747,1.0,1.0,0.9992563264109638,0.9899294992129899,0.9893240567416677,6a2a99632309272b,0b1e26cdd49ed297,False,False,0.772000006691087,5.096299995784648,5.868300002475735,0.7742000016150996,499.1472999972757,499.9214999988908
nominal_heatup,112,125.5891382896879,125.5891382896879,128.53395636964228,128.53395636964228,2.9448180799543877,-35316.58293381004,optimal,-37066.94251700147,True,True,651,8000,6.371788572323567e-07,9.234698099547245e-07,10.0,0,0,1.9437260385854236e-07,112.47103170325315,112.60537512475605,113.11069154188215,1.0,1.0,0.9993415364262338,112.15554514207535,112.28888129777067,112.79162770445073,1.0,1.0,0.9992943833957278,0.9905168094820357,0.9899387023779809,985a92a17400b288,a0e087ac055e9b2f,False,False,1.0679999977583066,8.20219999877736,9.270199996535666,1.7386999970767647,37.86970000510337,39.60840000218013
nominal_heatup,113,122.61163380968154,122.61163380968154,126.12742739666302,126.12742739666302,3.515793586981488,-33608.872888350306,optimal,-35656.49086833012,True,True,551,8000,6.192308177332961e-07,8.974575225195736e-07,10.0,0,0,1.5651255693680817e-07,112.57089526792095,112.74325566004383,113.34580295446715,1.0,1.0,0.9993757765053803,112.25465996033645,112.42618100353768,113.02592052496703,1.0,1.0,0.9993307031604732,0.9910468036062243,0.9904937871426257,4611fc238ec25fcf,b1a5d0777de8c81a,False,False,1.266100000066217,7.740699998976197,9.006799999042414,0.8488999956171028,29.919900000095367,30.76879999571247
nominal_heatup,114,119.79593312516076,119.79593312516076,123.27612211361713,123.27612211361713,3.4801889884563764,-32029.071986356197,optimal,-34012.1769365973,True,True,501,8000,5.975043393391388e-07,8.65969110641629e-07,10.0,0,0,1.405843730569994e-07,112.6990185728984,112.90314438796412,113.58630976503775,1.0,1.0,0.9994084415377091,112.38215933915228,112.58533812196627,113.2647382343466,1.0,1.0,0.9993653787016741,0.9915304694391084,0.991000921010571,d49def55b38bbaa7,53e2eba0b9067843,False,False,0.8665999994263984,5.098800000268966,5.965399999695364,0.7865000006859191,27.256900000793394,28.043400001479313
nominal_heatup,115,117.30498463883556,117.30498463883556,120.47045726723017,120.47045726723017,3.1654726283946104,-30660.84837004837,optimal,-32430.73520962432,True,True,501,8000,5.760130790122275e-07,8.348216455900115e-07,10.0,0,0,1.6383752365675748e-07,112.85075455896408,113.08119031586978,113.83058249730013,1.0,1.0,0.9994396094129487,112.53319135314807,112.76233658980827,113.5065506983583,1.0,1.0,0.9993984860156444,0.9919762497401681,0.9914689282345058,fc42182a43c8e3f9,45766128509de2a1,False,False,1.0274000014760531,4.586900002323091,5.614300003799144,0.7752999954391271,28.60769999824697,29.3829999936861
nominal_heatup,116,115.19086071979217,115.19086071979217,117.93694031554179,117.93694031554179,2.7460795957496202,-29521.427153741955,optimal,-31029.47488652284,True,True,551,8000,6.696833736441477e-07,9.75585900064857e-07,10.0,0,0,1.461994199013503e-07,113.02204791932432,113.27407225188317,114.07084793313962,1.0,1.0,0.9994693459722735,112.70352541121758,112.95377362863353,113.75038909983301,1.0,1.0,0.999430089789442,0.9923928455484579,0.9919044698859552,7792981ef92936c0,630a6157b1176ed9,False,False,0.7861000049160793,4.52959999529412,5.3157000002101995,0.7435000006807968,29.988999995111953,30.73249999579275
nominal_heatup,117,113.45148562318062,113.45148562318062,115.75497633533193,115.75497633533193,2.3034907121513157,-28598.968637209822,optimal,-29845.723415492423,True,True,601,8000,6.492858659612466e-07,9.458710792387137e-07,10.0,0,0,1.3287133804527196e-07,113.2093890481328,113.47654145703646,114.29727764807936,1.0,1.0,0.9994976838650963,112.88954627300112,113.1568434215947,113.9918518606154,1.0,1.0,0.9994602478064365,0.9927879982207184,0.9923138947565229,9ba47f453cbedb4f,e0089a71fb77bf25,False,False,0.8546999961254187,4.965300002368167,5.819999998493586,0.7748000061837956,32.53539999423083,33.310200000414625
nominal_heatup,118,112.05959171116217,112.05959171116217,113.9258823848471,113.9258823848471,1.8662906736849294,-27870.419299951,optimal,-28876.10514931316,True,True,601,8000,6.323542862674003e-07,9.212053377893881e-07,10.0,0,0,2.103856348571389e-07,113.40797556293384,113.68229343658356,114.50126186992688,1.0,1.0,0.9995246235200765,113.08824037938516,113.3678462103058,114.2218388980929,1.0,1.0,0.9994889989274177,0.9931676929970371,0.9927038317537261,a957864fea99d2ed,0c91463ce3ec8cd4,False,False,0.8632999961264431,4.506199999013916,5.369499995140359,0.7503000015276484,32.57640000083484,33.326700002362486
nominal_heatup,119,110.9778398502162,110.9778398502162,112.45519931885578,112.45519931885578,1.4773594686395768,-27309.947564677448,optimal,-28099.552418354357,True,True,651,8000,6.288994853775876e-07,9.137467582576164e-07,10.0,0,0,1.6043722306523603e-07,113.6118884930073,113.8847251812155,114.6769097850018,1.0,1.0,0.999550146984092,113.29608408818211,113.58133012482622,114.43174470708738,1.0,1.0,0.9995163505537511,0.9935358148817482,0.9930796181531877,2cea19263b8daf12,7a44d9f58dcad40c,False,False,1.1079999967478216,4.80490000336431,5.912900000112131,0.7733999955235049,34.86520000296878,35.63859999849228
nominal_heatup,120,110.16653891205107,110.16653891205107,111.29068565715109,111.29068565715109,1.1241467451000204,-26892.687765008584,optimal,-27497.324391217222,True,True,651,8000,5.791347916783707e-07,8.468715728682241e-07,10.0,0,0,2.1444285505336338e-07,113.81470039069325,114.07775262376614,114.82112843011562,1.0,1.0,0.9995742341860792,113.50812041797013,113.79138784470577,114.61502598605296,1.0,1.0,0.9995422894497067,0.9938943277154008,0.9934449338706085,eaf674369b2e9b38,4bf82095c3c8f33b,False,False,0.782499999331776,4.60919999750331,5.3916999968350865,0.7654999935766682,34.97500000230502,35.74049999588169
nominal_heatup,121,109.58738629887766,109.58738629887766,110.4154091328209,110.4154091328209,0.828022833943237,-26596.183935001423,optimal,-27041.146248921417,True,True,701,8000,5.706540520122871e-07,8.344701223350626e-07,10.0,0,0,1.4221865381201742e-07,114.01023905864295,114.25627578360816,114.93317929685553,1.0,1.0,0.9995968752592551,113.71868595718027,113.99222888775613,114.76791942561309,1.0,1.0,0.9995667962259628,0.9942436761564231,0.993801676241736,dbb65685b8b646d5,9d86d51bc2d489e1,False,False,1.1277000012341887,4.635000004782341,5.76270000601653,0.7832000046619214,36.89709999889601,37.68030000355793
nominal_heatup,122,109.20505283616461,109.20505283616461,109.77186254375677,109.77186254375677,0.5668097075921565,-26400.726156393877,optimal,-26712.837549271288,True,True,701,8000,5.645603238235708e-07,8.255592067740736e-07,10.0,0,0,1.6954514914977037e-07,114.19312932687752,114.41641720658767,115.01405879031932,1.0,1.0,0.99961807752682,113.92202283688293,114.1788634452637,114.88906111693402,1.0,1.0,0.9995898586748365,0.9945832722411617,0.9941502837363534,ee25a80f116d2efb,9f03df099dab0bb4,False,False,0.7922000004327856,4.639499995391816,5.4316999958246015,0.7647999955224805,36.157500006083865,36.922300001606345
nominal_heatup,123,108.9876583776396,108.9876583776396,109.3299774709099,109.3299774709099,0.34231909327029086,-26289.20043108811,optimal,-26488.266413651145,True,True,701,8000,5.603225474715146e-07,8.193622687002744e-07,10.0,0,0,1.949971641721788e-07,114.35910934559014,114.5555542588972,115.065929553067,1.0,1.0,0.9996378676655945,114.11294412217858,114.34736388950182,114.97892010351364,1.0,1.0,0.9996114798931071,0.9949119460866566,0.9944901549023584,23684d8eec1b7e67,839a22b755fe3ed6,False,False,0.8094000004348345,4.504000004089903,5.313400004524738,0.763399999414105,36.95439999864902,37.71779999806313
nominal_heatup,124,108.90672303542543,108.90672303542543,109.06002969053593,109.06002969053593,0.153306655110498,-26246.764778715897,optimal,-26351.229283113487,True,True,701,8000,5.576727488687538e-07,8.154874446830718e-07,10.0,0,0,2.177451647643977e-07,114.50513576865005,114.67223361148386,115.09165620910167,1.0,1.0,0.9996562904831325,114.28719897836436,114.494968665315,115.03932150893381,1.0,1.0,0.9996316815386154,0.9952283122125072,0.9948200557682971,113c1f0cacdb2990,fe6727950a08d1c4,False,False,0.8159999997587875,4.681200000050012,5.4971999998087995,0.756800000090152,38.61550000146963,39.37230000155978
nominal_heatup,125,108.93691726905261,108.93691726905261,108.93418581068455,108.93418581068455,-0.0027314583680606574,-26260.50484132513,optimal,-26287.083739753205,True,True,701,8000,5.563586995549485e-07,8.135659195218636e-07,10.0,0,0,2.373495931470802e-07,114.62934718181049,114.76601583462798,115.09445967165736,1.0,1.0,0.9996734057400343,114.44164361984132,114.6200674362708,115.07287244529772,1.0,1.0,0.9996505036546279,0.9955310328493882,0.9951385068876244,4272c93e12d06f9e,1c333b04dadd615c,False,False,0.8031000033952296,4.367899993667379,5.170999997062609,0.7363999975495972,36.4802000040072,37.2166000015568
nominal_heatup,126,109.05577320971508,109.05577320971508,108.9412246094297,108.9412246094297,-0.1145486002853886,-26319.134574521628,optimal,-26282.809826597906,True,True,751,8000,5.56010789409811e-07,8.130570856579311e-07,10.0,0,0,1.3421970763946338e-07,114.73093919648466,114.83729343533211,115.07767179013715,1.0,1.0,0.9996892841800326,114.57427414339766,114.72204743523186,115.08269106860625,1.0,1.0,0.9996680019178611,0.9958189851417397,0.9954440344717261,76695fa609c72756,b3d370c213071080,False,False,0.7901999997557141,4.638600003090687,5.428800002846401,0.9141999980784021,38.71709999657469,39.63129999465309
nominal_heatup,127,109.24342714641973,109.24342714641973,109.03552678219154,109.03552678219154,-0.2079003642281947,-26412.761993339725,optimal,-26329.53627453133,True,True,751,8000,5.567468690514943e-07,8.141335046119025e-07,10.0,0,0,1.4061537140557472e-07,114.80999713091882,114.88710654051152,115.044569459435,1.0,1.0,0.9997040035497773,114.68412074042614,114.80116553003859,115.0720318182544,1.0,1.0,0.9996842440616696,0.9960913489990718,0.9957353744553582,ac7735738abc62a4,a75b3c824f693f6c,False,False,0.7887000028858893,4.830899997614324,5.619600000500213,0.7682999930693768,39.220100006787106,39.98839999985648
nominal_heatup,128,109.48241172936548,109.48241172936548,109.20101513947046,109.20101513947046,-0.28139658989502436,-26532.717011214267,optimal,-26412.328246122965,True,True,751,8000,5.581510578167581e-07,8.161868088052415e-07,10.0,0,0,1.4565765823390738e-07,114.86731605599317,114.91697174636072,114.99826693790178,1.0,1.0,0.9997176450598287,114.77112544661668,114.85833678189904,115.0441442506801,1.0,1.0,0.9996993058095351,0.9963476361149635,0.9960115627585464,83cf547ff59281b2,752421512840ed37,False,False,0.7966999983182177,4.467499995371327,5.2641999936895445,0.7584999984828755,39.368999998259824,40.1274999967427
nominal_heatup,129,109.75749182819003,109.75749182819003,109.42168698345431,109.42168698345431,-0.33580484473571914,-26671.42878550326,optimal,-26523.25999853832,True,True,751,8000,5.600774670710962e-07,8.190037847910503e-07,10.0,0,0,1.493255107431043e-07,114.90422738511275,114.92873128522072,114.9416496261233,1.0,1.0,0.9997302904883161,114.83595359170413,114.89498227314637,115.00214812584181,1.0,1.0,0.9997132672549114,0.9965876792565175,0.9962719753740943,9bd5c902826a79cb,1c72224ece450eb9,False,False,0.7770000011078082,4.390499998407904,5.167499999515712,0.7467999967047945,38.70110000571003,39.447900002414826
nominal_heatup,130,110.0555289228033,110.0555289228033,109.68267901204624,109.68267901204624,-0.3728499107570684,-26822.33752082201,optimal,-26654.96463638677,True,True,751,8000,5.623898289286444e-07,8.223851786226533e-07,10.0,0,0,1.5170865944103958e-07,114.92244224658992,114.92442524913805,114.87733648973672,1.0,1.0,0.9997420199671014,114.87983229064238,114.91287354560538,114.94896546804361,1.0,1.0,0.9997262098184582,0.9968115976699261,0.9965163219617797,08b2b793e571f024,3741f8d48155f71b,False,False,0.7599000018672086,4.344100001617335,5.104000003484543,0.7510000068577938,39.291599998250604,40.0426000051084
nominal_heatup,131,110.36535843395929,110.36535843395929,109.97072008417953,109.97072008417953,-0.3946383497797541,-26979.8269509195,optimal,-26800.838177231686,True,True,751,8000,5.649655321349201e-07,8.261516208918351e-07,10.0,0,0,1.5295308842318942e-07,114.9239163024163,114.90618661483062,114.80766209965434,1.0,1.0,0.9997529103982019,114.90439335559658,114.91400739542581,114.88732806797267,1.0,1.0,0.9997382138854761,0.9970197505161688,0.9967446071565154,803702a1072016e5,bedf90fb7f8dc3a1,False,False,0.7764000038150698,4.5985999968252145,5.375000000640284,0.7552000024588779,38.50650000094902,39.261700003407896
nominal_heatup,132,110.67766782431363,110.67766782431363,110.27427136733237,110.27427136733237,-0.40339645698125537,-27139.166581294474,optimal,-26955.100429182872,True,True,751,8000,5.676981800206704e-07,8.301475853400575e-07,10.0,0,0,1.5322774137007586e-07,114.91073702066997,114.87615738303178,114.73467205462511,1.0,1.0,0.999763034405705,114.91153990789861,114.90051814157896,114.81964838743191,1.0,1.0,0.9997493571538573,0.9972126866373154,0.9969571007489078,8a022cb771cd48b2,8d6f5afee61801d4,False,False,0.8138999983202666,4.565299997921102,5.379199996241368,0.759399998059962,38.6925999991945,39.45199999725446
nominal_heatup,133,110.98486790308927,110.98486790308927,110.58354134799849,110.58354134799849,-0.4013265550907761,-27296.45604023435,optimal,-27112.803091229365,True,True,751,8000,5.704963115249484e-07,8.342393007509941e-07,10.0,0,0,1.5270707137562072e-07,114.88503240602759,114.83642345618973,114.66012761449302,1.0,1.0,0.9997724597166664,114.9033469285826,114.87455755128252,114.74804669470312,1.0,1.0,0.999759713354428,0.9973910959685351,0.9971542814141948,d471d233132c479b,f24fa1d8195dca0a,False,False,0.8975000018835999,4.863699999987148,5.761200001870748,0.8091999989119358,57.59350000153063,58.402700000442564
nominal_heatup,134,111.28095407106488,111.28095407106488,110.8904268668445,110.8904268668445,-0.39052720422037623,-27448.566908318764,optimal,-27269.807254424526,True,True,751,8000,5.732846091177635e-07,8.383166241188178e-07,10.0,0,0,1.5155959221857454e-07,114.84889916666789,114.78896572420804,114.58551674319263,1.0,1.0,0.9997812488699104,114.88194647733914,114.83823714513136,114.6743521920277,1.0,1.0,0.9997693515044809,0.997555765657468,0.997336787292424,0b3b0a7d512a23d4,170a3b8b56bbf4d4,False,False,0.9919000003719702,8.88929999928223,9.8811999996542,0.9438999986741692,41.47660000307951,42.42050000175368
nominal_heatup,135,111.5613576088732,111.5613576088732,111.18841423422955,111.18841423422955,-0.3729433746436399,-27593.079881678714,optimal,-27422.74430119469,True,True,751,8000,5.760016676958912e-07,8.422897623816539e-07,10.0,0,0,1.4994114136431958e-07,114.80434791778725,114.73562491635514,114.51206965182391,1.0,1.0,0.9997894591650716,114.84945534621647,114.79357114751654,114.60012161572683,1.0,1.0,0.9997783355186567,0.997707542358514,0.9975053685090941,dbae6c863bb84fba,2b860a9cebf21590,False,False,0.8209000006900169,4.711300003691576,5.532200004381593,0.9516999998595566,39.545299994642846,40.4969999945024
nominal_heatup,136,111.8227893811577,111.8227893811577,111.4724532831412,111.4724532831412,-0.35033609801649845,-27728.21698109315,optimal,-27568.964258174667,True,True,751,8000,6.167888955133094e-07,8.961508957128217e-07,10.0,0,0,1.4713044257136278e-07,114.75326299065867,114.67807799092446,114.44077747816111,1.0,1.0,0.9997971427801339,114.80791408406648,114.74244186860071,114.52665317952254,1.0,1.0,0.999786724097055,0.9978473011136936,0.9976608471393367,eedd1aed0c130445,876cb7490142aae4,False,False,0.8404000036534853,5.1187999997637235,5.959200003417209,0.8296000014524907,39.2675999974017,40.097199998854194
nominal_heatup,137,112.06307959650843,112.06307959650843,111.73881423259878,111.73881423259878,-0.324265363909646,-27852.769771277253,optimal,-27706.47494418877,True,True,751,8000,6.193807706722509e-07,8.999166647427614e-07,10.0,0,0,1.449669647535284e-07,114.69737456680427,114.6178240803201,114.3724130700786,1.0,1.0,0.999804347001152,114.75924561373897,114.68657333884579,114.45500492660906,1.0,1.0,0.9997945707989364,0.9979759205819535,0.9978040836242031,937da0e0cc9265e0,b641e02f54576238,False,False,0.8432000031461939,4.7983999975258484,5.641600000672042,0.7819000020390376,40.87289999733912,41.654799999378156
nominal_heatup,138,112.28101772976385,112.28101772976385,111.98493516204022,111.98493516204022,-0.29608256772363006,-27966.02528456529,optimal,-27833.874573952064,True,True,751,8000,6.217829451315993e-07,9.034068444435661e-07,10.0,0,0,1.426935509578342e-07,114.63824107844664,114.55617825146305,114.3075530418999,1.0,1.0,0.9998111145213884,114.70522501234173,114.62751598229809,114.38601371030417,1.0,1.0,0.9998019242431969,0.9980942640180471,0.9979359499977518,31af7454b47c47f9,cdf88faee7152e54,False,False,0.8353000011993572,4.8786999977892265,5.713999998988584,0.8063999994192272,39.04830000101356,39.854700000432786
nominal_heatup,139,112.47619660407793,112.47619660407793,112.20926518576043,112.20926518576043,-0.26693141831749756,-28067.691656321895,optimal,-27950.280106139715,True,True,751,8000,6.239783942874055e-07,9.065966874999276e-07,10.0,0,0,1.4039308994002034e-07,114.57724005333041,114.49427156084181,114.24660040554515,1.0,1.0,0.9998174837783204,114.6474603621622,114.56663850565404,114.32031604849035,1.0,1.0,0.999808828387765,0.9982031652363657,0.9980573090826055,69e7eae760440972,4298d94f55daa96e,False,False,0.7771999953547493,5.248900000879075,6.026099996233825,0.7557999997516163,38.40389999822946,39.15969999798108
nominal_heatup,140,112.64886414931198,112.64886414931198,112.41110909779432,112.41110909779432,-0.2377550515176523,-28157.825483894372,optimal,-28055.25390370686,True,True,751,8000,6.259593590129953e-07,9.09474899835061e-07,10.0,0,0,1.3813122601087657e-07,114.51556580592526,114.43305607729118,114.18980717847913,1.0,1.0,0.9998234893058924,114.58738180674295,114.5051264503884,114.2583696641686,1.0,1.0,0.9998153228544865,0.9983034187543108,0.9981689989658978,9d365db6d86ea1d7,db8d335b5d378195,False,False,0.7915999958640896,4.499900001974311,5.2914999978384,0.8047000010265037,38.43439999764087,39.23909999866737
nominal_heatup,141,112.79978566797202,112.79978566797202,112.59047762852113,112.59047762852113,-0.20930803945088883,-28236.762716191395,optimal,-28148.731041608535,True,True,751,8000,6.277247877051195e-07,9.120399671047608e-07,10.0,0,0,1.3595810281200764e-07,114.45423257852198,114.37331371575185,114.13729645828707,1.0,1.0,0.9998291620862775,114.52623766580408,114.44398575962917,114.20047544309249,1.0,1.0,0.9998214432748235,0.9983957733432135,0.9982718218914997,603db1057b0282a0,f9981a6d4172d9be,False,False,0.8633999968878925,4.53189999825554,5.395299995143432,0.7810000024619512,39.57829999853857,40.35930000100052
nominal_heatup,142,112.93011867532461,112.93011867532461,112.74794672874162,112.74794672874162,-0.18217194658298297,-28305.05455125308,optimal,-28230.94929234548,True,True,751,8000,6.292791425721589e-07,9.142982788645782e-07,10.0,0,0,1.339102883728108e-07,114.39408191394392,114.31566787647223,114.08908353843566,1.0,1.0,0.9998345298906073,114.46509608954037,114.38405041068825,114.14679914818996,1.0,1.0,0.9998272216392873,0.9984809282884947,0.9983665367869748,09235f2ca770d5cf,4cbd195808d25308,False,False,0.7756000049994327,4.6065999995335005,5.382200004532933,0.7436000014422461,38.610900002822746,39.35450000426499
nominal_heatup,143,113.04130162446268,113.04130162446268,112.88452841545818,112.88452841545818,-0.15677320900449843,-28363.40943179772,optimal,-28302.3834819132,True,True,751,8000,6.306314617177122e-07,9.16263154238095e-07,10.0,0,0,1.3201274936830112e-07,114.33579319973437,114.26059702065072,114.04509572424826,1.0,1.0,0.9998396176019656,114.40485115681086,114.32599305950048,114.09739246923908,1.0,1.0,0.9998326866388805,0.9985595317518255,0.998453854694616,9d15c25660b8b831,18d47c215bc24623,False,False,0.9252000018022954,5.353100001229905,6.2783000030322,0.8086000016191974,38.56660000019474,39.37520000181394
nominal_heatup,144,113.1349571360089,113.1349571360089,113.00155486737312,113.00155486737312,-0.13340226863577698,-28412.641833696707,optimal,-28363.685494312445,True,True,751,8000,6.317941370070912e-07,9.179524651514726e-07,10.0,0,0,1.302807612702202e-07,114.27989646576196,114.20844943873028,114.0051905915857,1.0,1.0,0.9998444475167205,114.34623235276199,114.27033786268831,114.05221298751933,1.0,1.0,0.99983786399095,0.9986321807229239,0.9985344364755588,5e7b710dfda24c57,9c005ee7828731b8,False,False,0.8413999967160635,4.557400003250223,5.398799999966286,0.7632999986526556,40.04140000324696,40.80470000189962
nominal_heatup,145,113.21280975799407,113.21280975799407,113.08605912991197,113.08605912991197,-0.12675062808209248,-28453.628174365836,optimal,-28415.627493786797,True,True,701,8000,6.329329949039675e-07,9.196071024675234e-07,10.0,0,0,2.4463282793937995e-07,114.22678664672891,114.1594585835229,113.9691725109629,1.0,1.0,0.9998490396222444,114.28981653252595,114.21747471129319,114.0111427543328,1.0,1.0,0.9998427767448079,0.9986994221389119,0.9986088922482856,c2f9bd31279a3b67,c3a28a4f8f99f84e,False,False,0.8328999974764884,4.916800004139077,5.749700001615565,0.7705999960307963,37.9326000038418,38.703199999872595
nominal_heatup,146,113.27661779872318,113.27661779872318,113.16340596687633,113.16340596687633,-0.11321183184685424,-28487.269848866203,optimal,-28456.23294277459,True,True,701,8000,6.33701745300641e-07,9.207240463382504e-07,10.0,0,0,2.433193849051729e-07,114.17673864051682,114.11375844807459,113.93680733432487,1.0,1.0,0.9998534118504399,114.23604157233775,114.16767423563762,113.97400525406692,1.0,1.0,0.9998474455646293,0.9987617548303018,0.998677782116089,ec72f4752ce95711,b1fc6a2098211185,False,False,1.324400000157766,5.066899997473229,6.391299997630995,0.7793999975547194,38.84549999929732,39.62489999685204
nominal_heatup,147,113.3281184052655,113.3281184052655,113.23054109680749,113.23054109680749,-0.09757730845801404,-28514.46314171745,optimal,-28491.512799025237,True,True,701,8000,6.343730092339683e-07,9.216993408500684e-07,10.0,0,0,2.416596366831966e-07,114.12992260404563,114.0713985679148,113.90783520831174,1.0,1.0,0.9998575803074176,114.18522102695235,114.12110303484666,113.9405806095412,1.0,1.0,0.9998518889886366,0.9988196320235738,0.9987416178212221,ed8c1278281453e7,dfe4217f57820b42,False,False,0.8617000057711266,4.809899997781031,5.671600003552157,0.7906999962870032,37.51719999854686,38.30789999483386
nominal_heatup,148,113.36898479675982,113.36898479675982,113.28687990441009,113.28687990441009,-0.08210489234973295,-28536.075565367013,optimal,-28521.150582407707,True,True,701,8000,6.349398802285577e-07,9.225229726794737e-07,10.0,0,0,2.399818796319365e-07,114.08641903087926,114.03235831884685,113.88198153506947,1.0,1.0,0.9998615594802706,114.13755921233289,114.07783868474891,113.91061895805065,1.0,1.0,0.9998561236646182,0.9988734641898538,0.9988008650369901,1cc791543f7a597c,c0f3899bd98b522e,False,False,0.8521000054315664,4.600499996740837,5.452600002172403,0.764300006267149,36.74219999811612,37.50650000438327
nominal_heatup,149,113.40079439323243,113.40079439323243,113.3329666732056,113.3329666732056,-0.06782772002682691,-28552.928039079306,optimal,-28545.422398872284,True,True,701,8000,6.35406365745439e-07,9.232007354142979e-07,10.0,0,0,2.384300305173602e-07,114.04623324915924,113.99656026431002,113.8589661487396,1.0,1.0,0.999865362422262,114.09316623274626,114.0378841670569,113.88385199113671,1.0,1.0,0.9998601645625146,0.9989236220786838,0.9988559460710353,28a59a34fc7f7947,1f8ceee422290cb7,False,False,0.8228000006056391,4.798900001333095,5.621700001938734,0.8435999989160337,37.156700003833976,38.00030000275001
nominal_heatup,150,113.4250064935833,113.4250064935833,113.36982694794905,113.36982694794905,-0.0551795456342461,-28565.782238693057,optimal,-28564.8587691068,True,True,701,8000,6.507135452693547e-07,9.479506832832385e-07,10.0,0,0,2.3700671866897035e-07,114.00930906426623,113.96388238017838,113.83851081257072,1.0,1.0,0.9998690009179483,114.0520725634011,114.00118144686165,113.85994632394038,1.0,1.0,0.9998640251652418,0.9989704398158838,0.9989072455644284,8f3bb3e21033c816,1e0a41029f9159f0,False,False,0.8969999980763532,5.288400003337301,6.1854000014136545,0.8568999983253889,36.27509999932954,37.13199999765493
nominal_heatup,151,113.44294813606766,113.44294813606766,113.39865827286116,113.39865827286116,-0.04428986320650097,-28575.33241001834,optimal,-28580.08268412725,True,True,701,8000,6.510109074042703e-07,9.483839251700488e-07,10.0,0,0,2.3583322642789983e-07,113.97554134751984,113.93416904938805,113.82034516854965,1.0,1.0,0.9998724856298529,114.01424288591708,113.967603045989,113.83862048911693,1.0,1.0,0.9998677176111906,0.9990142179765406,0.9989551084889511,d53eefb2791f03f4,ca6ef42b082065eb,False,False,1.2600999980350025,7.10580000304617,8.365900001081172,1.273800000490155,60.29129999660654,61.565099997096695
nominal_heatup,152,113.45580680638294,113.45580680638294,113.42067559648831,113.42067559648831,-0.03513120989462948,-28582.200937576195,optimal,-28591.728004812176,True,True,701,8000,6.512407821901434e-07,9.487188004086988e-07,10.0,0,0,2.3485108553264458e-07,113.94478743993196,113.9072407739505,113.80421128935177,1.0,1.0,0.9998758262283213,113.9795733753549,113.93699850597332,113.81961062053651,1.0,1.0,0.9998712528767719,0.9990552265696633,0.9989998449233283,19f8838aa79669a4,b356d40464d51b0e,False,False,1.6948999982560053,7.833800002117641,9.528700000373647,1.4644000038970262,42.87749999639345,44.34190000029048
nominal_heatup,153,113.46462873014887,113.46462873014887,113.43703446499234,113.43703446499234,-0.02759426515653729,-28586.93698768113,optimal,-28600.398877021456,True,True,701,8000,6.514138561897198e-07,9.489709205112717e-07,10.0,0,0,2.3404596580469232e-07,113.91687729841291,113.8829025978848,113.78986699231781,1.0,1.0,0.9998790315061515,113.94792554195787,113.90919255022482,113.80267399988277,1.0,1.0,0.9998746409159764,0.999093707890351,0.9990417328374892,67d8befe415048d7,2673839903ca07a8,False,False,0.8439000012003817,4.6718000012333505,5.515700002433732,0.7626000005984679,37.30490000452846,38.06750000512693
nominal_heatup,154,113.47032158498476,113.47032158498476,113.44879297495083,113.44879297495083,-0.021528610033925588,-28590.01759180224,optimal,-28606.64933694258,True,True,701,8000,6.515408159657454e-07,9.49155870344498e-07,10.0,0,0,2.333994521262552e-07,113.89162236098983,113.86095127178447,113.77708807826617,1.0,1.0,0.9998821094795282,113.91913355064605,113.88399850856665,113.78758100316122,1.0,1.0,0.9998778907824386,0.9991298792109193,0.9990810215907701,3d25a3368fb7cbf6,63984a7b812b52f4,False,False,0.7916000031400472,4.437899995537009,5.229499998677056,0.750000006519258,36.898499995004386,37.648500001523644
nominal_heatup,155,113.47366058392879,113.47366058392879,113.45689482845285,113.45689482845285,-0.01676575547594439,-28591.8505964425,optimal,-28610.97409825575,True,True,701,8000,6.516307564652379e-07,9.492868908722585e-07,10.0,0,0,2.328918055384857e-07,113.86882314785363,113.84118121870168,113.7656696554823,1.0,1.0,0.9998850674766951,113.89301607866604,113.86122148989726,113.77411676523847,1.0,1.0,0.9998810107316332,0.9991639352936439,0.9991179347789931,7dd870d9456a9072,db2351a4acc90dde,False,False,0.7860999976401217,4.491799998504575,5.277899996144697,0.738800001272466,37.07819999544881,37.81699999672128
nominal_heatup,156,113.47529700728423,113.47529700728423,113.46216404825104,113.46216404825104,-0.013132959033185898,-28592.778973149,optimal,-28613.805534366657,True,True,701,8000,6.516918347188039e-07,9.493758454937051e-07,10.0,0,0,2.3250341018441454e-07,113.84827564691516,113.82338938251112,113.75542670238997,1.0,1.0,0.9998879122157084,113.86938171729518,113.84066422229738,113.76208129354136,1.0,1.0,0.9998840083105398,0.9991960507166732,0.9991526729529357,8d2ef16633212009,a44cf3aecb2a3539,False,False,0.7856000011088327,4.368000001704786,5.153600002813619,0.7517000049119815,37.7606999973068,38.51240000221878
nominal_heatup,157,113.47576838793564,113.47576838793564,113.46530664987914,113.46530664987914,-0.010461738056505965,-28593.08605233705,optimal,-28615.51437930457,True,True,701,8000,6.517309856235443e-07,9.494328834236399e-07,10.0,0,0,2.3221559900212472e-07,113.8297765566966,113.8073790547314,113.74619401232364,1.0,1.0,0.9998906498725008,113.84803469943061,113.82213060184506,113.75129092880496,1.0,1.0,0.9998868904359157,0.9992263820110494,0.99918541601865,b461d066b7d72ff2,d2d207d59f4037bc,False,False,0.7876000017859042,5.06929999392014,5.856899995706044,1.1448000004747882,38.99010000168346,40.13490000215825
nominal_heatup,158,113.47550968058287,113.47550968058287,113.46691648649707,113.46691648649707,-0.008593194085804612,-28593.00131385863,optimal,-28616.412673041817,True,True,701,8000,6.51754049840747e-07,9.494664920950413e-07,10.0,0,0,2.3201109567312517e-07,113.8131274765937,113.79296278480929,113.73782565149307,1.0,1.0,0.9998932861403887,113.82877900759654,113.8054292751441,113.74157895338394,1.0,1.0,0.9998896634633054,0.9992550696114728,0.9992163254320394,dc539e4f59dc1c51,8263414b028f5117,False,False,1.1045999999623746,6.382999999914318,7.487599999876693,0.7750000004307367,36.27520000009099,37.05020000052173
nominal_heatup,159,113.47486486423118,113.47486486423118,113.46748361980403,113.46748361980403,-0.007381244427151046,-28592.706433056745,optimal,-28616.758073496683,True,True,701,8000,6.517662711758021e-07,9.494842991841779e-07,10.0,0,0,2.318742576807455e-07,113.79813814567231,113.779964483004,113.73019404753234,1.0,1.0,0.999895826282046,113.81142209133928,113.7903763117233,113.73279591972624,1.0,1.0,0.9998923332477173,0.9992822396268206,0.9992455461739469,151f810288a26b8c,84e671bf7b90d684,False,False,0.7889999978942797,4.428500003996305,5.217500001890585,0.7545000044046901,36.073199997190386,36.827700001595076
disturbance_step60,0,32.0,32.0,32.0,32.0,0.0,-95998.82400563429,optimal,-95995.60480447102,False,False,8000,8000,6.865136157330198e-07,9.949711712309295e-07,10.0,0,0,3.353375623760284e-05,28.0,28.0,28.0,1e-05,1e-05,1e-05,28.0,28.0,28.0,1e-05,1e-05,1e-05,1.0000008521941652,1.0000008521941652,d66d433b3ecc2bc7,d66d433b3ecc2bc7,True,True,0.8024999988265336,5.056000001786742,5.858500000613276,0.7647999955224805,298.2516000047326,299.0164000002551
disturbance_step60,1,36.0,36.0,36.0,36.0,0.0,-106602.11836433184,optimal,-106599.55483196842,True,True,351,8000,6.114478381391564e-07,8.869759433594027e-07,10.0,0,0,2.4047668121260274e-05,28.000000056399145,28.000000056399145,28.000000056399145,1.0001630922571259e-05,1.0001630922571259e-05,1.0001630922571259e-05,28.000000056399145,28.000000056399145,28.000000056399145,1.0001630922571259e-05,1.0001630922571259e-05,1.0001630922571259e-05,1.0000008522669996,1.0000008522669996,82e9f287618b328d,82e9f287618b328d,True,True,0.7945000033942051,4.775000001245644,5.569500004639849,0.7464000009349547,12.843000004068017,13.589400005002972
disturbance_step60,2,40.00000000000001,40.00000000000001,40.00000000000001,40.0,-7.105427357601002e-15,-117129.27120926857,optimal,-117127.32961954929,False,False,8000,8000,6.750023899826374e-07,9.791691724103657e-07,10.0,0,0,1.657646888110229e-05,28.000000112803107,28.000000112803107,28.000000091841084,1.0003261984532805e-05,1.0003261984532805e-05,1.0003261984532805e-05,28.000000112803107,28.000000112803107,28.000000091841084,1.0003261984532805e-05,1.0003261984532805e-05,1.0003261984532805e-05,1.0000008523398338,1.0000008523398338,af56523fe75d9dab,af56523fe75d9dab,True,True,0.7658999966224656,5.041099997470155,5.806999994092621,0.8207999999285676,304.71459999535,305.53539999527857
disturbance_step60,3,44.00000000000001,44.00000000000001,44.0,44.0,-7.105427357601002e-15,-127560.71461505513,optimal,-127560.03208372105,True,True,501,8000,7.615793364834644e-07,9.623328169894307e-07,10.0,0,0,5.350638996819145e-06,28.00000016921189,28.00000016142088,28.000000128607986,1.0004893185885736e-05,1.0004893185885736e-05,1.0004893185878145e-05,28.00000016921189,28.00000016142088,28.000000128607986,1.0004893185885736e-05,1.0004893185885736e-05,1.0004893185878145e-05,1.000000852412668,1.000000852412668,93392764ca1685f2,93392764ca1685f2,True,True,0.9153999999398366,5.056299996795133,5.971699996734969,0.803899994934909,17.54860000073677,18.35249999567168
disturbance_step60,4,48.00000000000001,48.00000000000001,47.99999999999999,47.99999999999999,-1.4210854715202004e-14,-137877.66932309937,optimal,-137877.65043286313,True,True,551,8000,5.533118496714451e-07,8.043588053396888e-07,10.0,0,0,1.3700722070720777e-07,28.00000021983408,28.000000208534534,28.00000016274716,1.0006524526631151e-05,1.0006524526628329e-05,1.0006524526608854e-05,28.00000021983408,28.000000208534534,28.00000016274716,1.0006524526631151e-05,1.0006524526628329e-05,1.0006524526608854e-05,1.000000852485502,1.000000852485502,c77fd0f1b15a80dd,c77fd0f1b15a80dd,True,True,0.7773000033921562,4.857699997955933,5.635000001348089,0.8441000027232803,17.593500000657514,18.437600003380794
disturbance_step60,5,52.000000000000014,52.000000000000014,51.999999999999986,51.999999999999986,-2.842170943040401e-14,-148066.0689152449,optimal,-148066.0466483758,True,True,501,8000,6.522266886577199e-07,9.454483782533885e-07,10.0,0,0,1.5038468466886973e-07,28.00000026785304,28.000000252134775,28.015534364180088,1.0008156006768049e-05,1.0008156006761134e-05,1.0008156006725072e-05,28.00000026785304,28.000000252134775,28.015534364180088,1.0008156006768049e-05,1.0008156006761134e-05,1.0008156006725072e-05,1.0000008535389835,1.0000008535389835,83e0349061bd5b68,83e0349061bd5b68,True,True,0.7916999966255389,4.690000001573935,5.481699998199474,0.7840999969630502,16.165100001671817,16.949199998634867
disturbance_step60,6,56.000000000000014,56.000000000000014,55.99999999999999,55.999999999999986,-2.842170943040401e-14,-158106.7167959717,optimal,-158106.6979274649,True,True,451,8000,6.325447401422934e-07,9.190429883787488e-07,10.0,0,0,1.193403233829138e-07,28.000000312592185,28.00577391978186,28.057459750004423,1.000978762629658e-05,1.000978762628397e-05,1.0009793262776227e-05,28.000000312592185,28.00577391978186,28.057459750004423,1.000978762629658e-05,1.000978762628397e-05,1.0009793262776227e-05,1.0000008566302483,1.0000008566302483,b1b073f8a21e2c7b,b1b073f8a21e2c7b,True,True,0.7913000008556992,4.683399994974025,5.474699995829724,0.7636000009370036,14.486699998087715,15.250299999024719
disturbance_step60,7,60.00000000000002,60.00000000000002,60.0,59.999999999999986,-3.552713678800501e-14,-167979.734052102,optimal,-167979.71166282005,True,True,301,8000,6.204440836654612e-07,9.014615676150584e-07,10.0,0,0,1.332856132175253e-07,28.004292153377847,28.022838296226645,28.135109522234508,1.001141938521665e-05,1.0011421478125678e-05,1.0011445967490528e-05,28.004292153377847,28.022838296226645,28.135109522234508,1.001141938521665e-05,1.0011421478125678e-05,1.0011445967490528e-05,1.0000008630022164,1.0000008630022164,4e886cc67c45b669,4e886cc67c45b669,True,True,0.796300002548378,4.704200000560377,5.500500003108755,0.7647999955224805,10.43710000521969,11.201900000742171
disturbance_step60,8,64.00000000000003,64.00000000000003,63.999999999999986,63.999999999999986,-4.263256414560601e-14,-177665.40055867797,optimal,-177664.62262563463,False,False,8000,8000,6.111417434340183e-07,8.879459256760924e-07,10.0,0,0,4.3786412029454735e-06,28.01807839987666,28.057673407757182,28.254795432951447,1.0013052839181873e-05,1.0013061671269752e-05,1.0013127537634136e-05,28.01807839987666,28.057673407757182,28.254795432951447,1.0013052839181873e-05,1.0013061671269752e-05,1.0013127537634136e-05,1.0000008738881738,1.0000008738881738,a57c6f366ee02b99,a57c6f366ee02b99,True,True,0.7609000022057444,4.787500001839362,5.5484000040451065,0.7767999995849095,239.9340999982087,240.7108999977936
disturbance_step60,9,68.00000000000003,68.00000000000003,67.99999999999997,67.99999999999997,-5.684341886080802e-14,-187142.3422856822,optimal,-187135.5424461591,False,False,8000,8000,6.305568547304574e-07,9.140364207738116e-07,10.0,0,0,3.6335120315152566e-05,28.047511223592842,28.11622195693027,28.42117301871507,1.0014691440074805e-05,1.0014714737108251e-05,1.0014854481868797e-05,28.047511223592842,28.11622195693027,28.42117301871507,1.0014691440074805e-05,1.0014714737108251e-05,1.0014854481868797e-05,1.0000008905547881,1.0000008905547881,0b6ea4586a87b064,0b6ea4586a87b064,True,True,0.833400001283735,5.041299998993054,5.874700000276789,0.7728999989922158,253.81199999537785,254.58489999437006
disturbance_step60,10,72.00000000000003,72.00000000000003,71.99999999999997,71.99999999999997,-5.684341886080802e-14,-196384.77948680348,optimal,-196371.79641973716,False,False,8000,8000,6.510454966246471e-07,9.437361692121726e-07,10.0,0,0,6.611035284951499e-05,28.098587088330618,28.204026095810903,28.637444447596287,1.0016340922523065e-05,1.0016389563010768e-05,1.0016646422525322e-05,28.098587088330618,28.204026095810903,28.637444447596287,1.0016340922523065e-05,1.0016389563010768e-05,1.0016646422525322e-05,1.0000009143124624,1.0000009143124624,b48efd5d8b20c9bc,b48efd5d8b20c9bc,True,True,0.778000001446344,4.5439999958034605,5.321999997249804,0.7455000013578683,272.46549999836134,273.2109999997192
disturbance_step60,11,76.00000000000003,76.00000000000003,75.99999999999996,75.99999999999996,-7.105427357601002e-14,-205373.0577834574,optimal,-205353.13854044597,False,False,8000,8000,5.271957235208902e-07,7.663936454349596e-07,10.0,0,0,9.699053627704648e-05,28.17696474743232,28.325927123648107,28.905878723964744,1.001800935059378e-05,1.0018097472067574e-05,1.0018526362451092e-05,28.17696474743232,28.325927123648107,28.905878723964744,1.001800935059378e-05,1.0018097472067574e-05,1.0018526362451092e-05,1.0000009465851527,1.0000009465851527,68c07f2784c3169c,68c07f2784c3169c,True,True,1.367299999401439,9.185200004139915,10.552500003541354,1.6347999990102835,243.30870000267169,244.94350000168197
disturbance_step60,12,80.00000000000001,80.00000000000001,79.99999999999996,79.99999999999996,-5.684341886080802e-14,-214088.4084013906,optimal,-214063.13296501804,False,False,8000,8000,5.29231968471322e-07,7.548049199002094e-07,10.0,0,0,0.00011806074210756765,28.287695303581557,28.48611411336325,29.228022559149494,1.0019707186055292e-05,1.0019852307914455e-05,1.0020521334415317e-05,28.287695303581557,28.48611411336325,29.228022559149494,1.0019707186055292e-05,1.0019852307914455e-05,1.0020521334415317e-05,1.000000988985778,1.000000988985778,81e0a1c316d71321,81e0a1c316d71321,True,True,0.8145999963744543,4.842900001676753,5.6574999980512075,0.7589000015286729,243.09639999410138,243.85529999563005
disturbance_step60,13,84.00000000000001,84.00000000000001,83.99999999999996,83.99999999999996,-5.684341886080802e-14,-222512.43116136317,optimal,-222480.5224502195,False,False,8000,8000,5.225644201800606e-07,7.48003628814331e-07,10.0,0,0,0.00014340192580276527,28.435189073687383,28.68811443723295,29.60491107244096,1.0021447366458453e-05,1.0021670668093506e-05,1.002266335713411e-05,28.435189073687383,28.68811443723295,29.60491107244096,1.0021447366458453e-05,1.0021670668093506e-05,1.002266335713411e-05,1.0000010434153785,1.0000010434153785,e6546ce430837a0e,e6546ce430837a0e,True,True,0.8606999981566332,5.012000001443084,5.872699999599718,0.767400000768248,256.5764000028139,257.34380000358215
disturbance_step60,14,88.0,88.0,87.99999999999996,87.99999999999996,-4.263256414560601e-14,-230627.10977855095,optimal,-230592.7598747538,True,True,201,8000,5.843701416097247e-07,8.495088668070139e-07,10.0,0,0,0.00014894130976183216,28.623200041918288,28.934857331659494,30.03718676868891,1.0023245495954168e-05,1.0023572281445382e-05,1.0024990765584491e-05,28.623200041918288,28.934857331659494,30.037186768688905,1.0023245495954168e-05,1.0023572281445382e-05,1.0024990765584491e-05,1.0000011121797336,1.0000011121797336,4c29988740cb797f,4c29988740cb797f,True,True,0.8317999963765033,4.879100000835024,5.710899997211527,0.7543999963672832,7.130099998903461,7.884499995270744
disturbance_step60,15,91.99999999999999,91.99999999999999,91.99999999999996,91.99999999999996,-2.842170943040401e-14,-238414.82183393004,optimal,-238380.63947815166,True,True,201,8000,5.896290815599059e-07,8.164699183410562e-07,10.0,0,0,0.00014337345101035731,28.854869120086413,29.22872865371056,30.525195733226727,1.0025120171607514e-05,1.0025580580941484e-05,1.0027549973976509e-05,28.854869120086413,29.22872865371056,30.525195733226727,1.0025120171607514e-05,1.0025580580941484e-05,1.0027549973976509e-05,1.0000011981334345,1.0000011981334345,8989260ddb4a45fa,8989260ddb4a45fa,True,True,0.7848000022931956,4.968699999153614,5.75350000144681,0.7961000010254793,7.156799998483621,7.9528999995091
disturbance_step60,16,96.0,96.0,95.99999999999997,95.99999999999996,-4.263256414560601e-14,-245858.3444549164,optimal,-245826.0379229176,True,True,201,8000,6.278478537069532e-07,8.693920507951702e-07,10.0,0,0,0.00013140303238571327,29.132775953652295,29.571636766375924,31.069051976588753,1.0027093488534011e-05,1.0027723503453636e-05,1.0030397793205575e-05,29.132775953652295,29.571636766375924,31.069051976588753,1.0027093488534011e-05,1.0027723503453636e-05,1.0030397793205575e-05,1.0000013048593073,1.0000013048593073,c5de90832dce029b,c5de90832dce029b,True,True,0.8520999981556088,4.934100004902575,5.786200003058184,0.7751999946776778,7.507900001655798,8.283099996333476
disturbance_step60,17,100.0,100.0,99.99999999999996,99.99999999999996,-4.263256414560601e-14,-252940.8565752806,optimal,-252907.01858764654,False,False,8000,8000,6.361106699159791e-07,8.808336646737303e-07,10.0,0,0,0.00013377825983551612,29.459001193484145,29.965072618383886,31.66868726952701,1.0029191757879237e-05,1.0030034571632905e-05,1.0033604465787608e-05,29.459001193484145,29.965072618383886,31.66868726952701,1.0029191757879237e-05,1.0030034571632905e-05,1.0033604465787608e-05,1.0000014368973875,1.0000014368973875,caa1d0adbd2a2802,caa1d0adbd2a2802,True,True,0.8010000019567087,4.7374999994644895,5.538500001421198,0.8455999995931052,242.4481000052765,243.2937000048696
disturbance_step60,18,104.00000000000001,104.00000000000001,103.99999999999994,103.99999999999994,-7.105427357601002e-14,-259645.93848475258,optimal,-259612.19244598865,True,True,201,8000,6.76804603472192e-07,9.81075786832264e-07,10.0,0,0,0.00012996944593386656,29.83518713825559,30.410166831002797,32.32388788410938,1.0031446486637145e-05,1.003255432719756e-05,1.0037257650833878e-05,29.83518713825559,30.410166831002797,32.32388788410938,1.0031446486637145e-05,1.003255432719756e-05,1.0037257650833878e-05,1.0000016000414043,1.0000016000414043,f10d65b8bf41f975,f10d65b8bf41f975,True,True,0.8417999997618608,5.536699994991068,6.378499994752929,0.792799997725524,7.070499996189028,7.863299993914552
disturbance_step60,19,108.00000000000001,108.00000000000001,107.99999999999994,107.99999999999994,-7.105427357601002e-14,-265957.5692540158,optimal,-265928.56538774783,True,True,201,8000,6.510826864314367e-07,9.116207602133386e-07,10.0,0,0,0.00010905448695920687,30.26259573381852,30.907740544433675,33.03432342597463,1.0033895682563044e-05,1.0035332213742204e-05,1.0041467676231376e-05,30.26259573381852,30.907740544433675,33.03432342597463,1.0033895682563044e-05,1.0035332213742204e-05,1.0041467676231376e-05,1.0000018017276073,1.0000018017276073,4f6d213fbb2c2241,4f6d213fbb2c2241,True,True,0.8776000031502917,5.623899996862747,6.5015000000130385,0.7808000009390526,7.274600000528153,8.055400001467206
disturbance_step60,20,112.0,112.0,111.99999999999994,111.99999999999994,-5.684341886080802e-14,-271860.1225124427,optimal,-271837.4786386589,True,True,201,8000,6.83768817566488e-07,9.468268560297588e-07,10.0,0,0,8.329236952582845e-05,30.742161255455276,31.45835074073644,33.799569377951165,1.0036585572181912e-05,1.0038429042220354e-05,1.0046374493864521e-05,30.742161255455276,31.45835074073644,33.799569377951165,1.0036585572181912e-05,1.0038429042220354e-05,1.0046374493864521e-05,1.000002051549314,1.000002051549314,6fb1816fc6a0837b,6fb1816fc6a0837b,True,True,0.7733999955235049,4.828000004636124,5.601400000159629,0.7536999983130954,7.564100000308827,8.317799998621922
disturbance_step60,21,116.0,116.0,115.99999999999994,115.99999999999994,-5.684341886080802e-14,-277338.3609672305,optimal,-277322.43489832553,False,False,8000,8000,7.106024071390493e-07,9.839838641667598e-07,10.0,0,0,5.7424688201114875e-05,31.274537519628144,32.06232983559645,34.619125239305966,1.0039572851893256e-05,1.0041920221372836e-05,1.0052156935043224e-05,31.274537519628144,32.06232983559645,34.619125239305966,1.0039572851893256e-05,1.0041920221372836e-05,1.0052156935043224e-05,1.000002361942879,1.000002361942879,b958803f4158b4c8,b958803f4158b4c8,True,True,0.7723000016994774,4.952000002958812,5.724300004658289,0.8046999937505461,242.1052000063355,242.90990000008605
disturbance_step60,22,119.99999999999999,119.99999999999999,119.99999999999993,119.99999999999993,-5.684341886080802e-14,-282249.2947156021,optimal,-282197.1104831328,False,False,8000,8000,6.560768213148549e-07,9.557638476209718e-07,10.0,0,0,0.0001848870252158545,31.860139431473698,32.71982012895055,35.49242921855301,1.0042927636276365e-05,1.0045900001126806e-05,1.0059045087611502e-05,31.860139431473698,32.71982012895055,35.492429218553006,1.0042927636276365e-05,1.0045900001126806e-05,1.0059045087611502e-05,1.0000027491075865,1.0000027491075865,98fe3ed374dadc9b,98fe3ed374dadc9b,True,True,0.8858000001055188,4.90669999999227,5.792500000097789,0.7700000060140155,221.9559000004665,222.72590000648052
disturbance_step60,23,123.99999999999999,123.99999999999999,124.00000043308006,123.99999999999993,-5.684341886080802e-14,-285922.765800926,optimal,-285869.90915312816,False,False,8000,8000,6.280501878563882e-07,9.073958269212312e-07,10.0,0,0,0.0001848633761279558,32.499179256904526,33.43080354993059,36.4188703028621,1.0046737327042226e-05,1.0050487067028725e-05,1.0067336928314506e-05,32.499179256904526,33.43080354993059,36.418870302862096,1.0046737327042226e-05,1.0050487067028725e-05,1.0067336928314506e-05,1.0000032342458494,1.0000032342458494,0a3d437625b4fbea,0a3d437625b4fbea,True,True,0.844300004246179,5.06150000001071,5.905800004256889,0.7636000009370036,166.5002999943681,167.2638999953051
disturbance_step60,24,127.99999999999997,127.99999999999997,127.99999999999991,127.99999999999991,-5.684341886080802e-14,-287335.9380485216,optimal,-287286.2814661956,False,False,8000,8000,6.228402611441197e-07,8.998689908779056e-07,10.0,0,0,0.00017281716538181948,33.19169804282029,34.195127258322415,37.39779823444413,1.005111170702066e-05,1.0055831947088486e-05,1.0077420781319361e-05,33.19169804282029,34.19512725832241,37.397798234444124,1.005111170702066e-05,1.0055831947088486e-05,1.0077420781319361e-05,1.0000038452434135,1.0000038452434135,31f896bf4e7d06cd,31f896bf4e7d06cd,True,True,0.7815999997546896,5.4390000004787,6.220600000233389,0.7681999995838851,166.61599999497412,167.384199994558
disturbance_step60,25,130.0,130.0,130.0,130.0,0.0,-285421.42745096504,optimal,-285377.6507268042,False,False,8000,8000,5.973793548719186e-07,8.63083255531194e-07,10.0,0,0,0.0001533757453032999,33.937592712032945,35.01252560136736,38.428531814316294,1.005618967429849e-05,1.0062126862556018e-05,1.0089805789359043e-05,33.93759271203294,35.01252560136735,38.42853181431628,1.005618967429849e-05,1.0062126862556018e-05,1.0089805789359043e-05,1.000004618956481,1.0000046189564815,b9dc957af8db9463,b9dc957af8db9463,False,False,1.400200002535712,10.473000002093613,11.873200004629325,1.5513999969698489,162.76210000069113,164.31349999766098
disturbance_step60,26,130.0,130.0,130.0,130.0,0.0,-281039.56816845876,optimal,-281001.4067554634,False,False,8000,8000,5.907816813532918e-07,8.251903240719116e-07,10.0,0,0,0.00013578661981303002,34.73663933886757,35.88263890591762,39.51036584016606,1.0062148184087887e-05,1.0069618889944927e-05,1.0105163455459045e-05,34.73663933886756,35.88263890591761,39.51036584016605,1.0062148184087887e-05,1.0069618889944927e-05,1.0105163455459045e-05,1.000005604339681,1.0000056043396808,ff711dcc0119e78f,ff711dcc0119e78f,False,False,1.1540999985300004,5.60090000362834,6.75500000215834,0.7903000005171634,141.05469999776687,141.84499999828404
disturbance_step60,27,130.0,130.0,130.0,130.0,0.0,-276122.11941677064,optimal,-276086.99484195595,False,False,8000,8000,6.88617205923947e-07,9.989190337122977e-07,10.0,0,0,0.00012720666815443522,35.588513092118006,36.80502953120535,40.64257692132614,1.0069214176848358e-05,1.007862763007317e-05,1.0124384554526784e-05,35.588513092118,36.80502953120534,40.64257692132613,1.0069214176848358e-05,1.007862763007317e-05,1.0124384554526784e-05,1.0000068667446973,1.0000068667446973,eec988a9473d57ce,eec988a9473d57ce,False,False,0.7884000006015413,4.980199999408796,5.768600000010338,0.7573999973828904,141.8195000005653,142.5768999979482
disturbance_step60,28,130.0,130.0,130.0,130.0,0.0,-271205.79345906223,optimal,-271173.0400641594,False,False,8000,8000,5.629272976648281e-07,8.133073210458974e-07,10.0,0,0,0.00012076952518316632,36.49280528639048,37.77919556259234,41.82442836075676,1.00776805645182e-05,1.0089569039656569e-05,1.0148657494724979e-05,36.49280528639047,37.779195562592335,41.82442836075675,1.00776805645182e-05,1.0089569039656567e-05,1.0148657494724979e-05,1.0000084938573894,1.0000084938573894,60f17c944ab33996,60f17c944ab33996,False,False,0.7699999987380579,4.718500000308268,5.488499999046326,0.8420999947702512,148.55119999992894,149.3932999946992
disturbance_step60,29,130.0,130.0,130.0,130.0,0.0,-266304.06758369354,optimal,-266273.25741258945,False,False,8000,8000,5.667608462545104e-07,8.18845973249438e-07,10.0,0,0,0.00011569545814170306,37.44903793778678,38.80458247844509,43.055174257720964,1.008792775660128e-05,1.0102987727945598e-05,1.0179576783908196e-05,37.44903793778677,38.804582478445084,43.05517425772096,1.008792775660128e-05,1.0102987727945596e-05,1.0179576783908196e-05,1.000010603941939,1.000010603941939,ce8d91ab62b988b9,ce8d91ab62b988b9,False,False,1.2783999991370365,5.221999999776017,6.500399998913053,0.815400002466049,143.4919999956037,144.30739999806974
disturbance_step60,30,130.0,130.0,130.0,130.0,0.0,-261427.8559712686,optimal,-261400.58963517947,False,False,8000,8000,5.538200440469154e-07,8.00149433821673e-07,10.0,0,0,0.00010429774588421153,38.45667617246797,39.88059307969843,44.3262958722187,1.0100452783556139e-05,1.0119600936431953e-05,1.0219294017606023e-05,38.456676172467965,39.88059307969842,44.326295872218694,1.0100452783556139e-05,1.0119600936431951e-05,1.0219294017606023e-05,1.0000133502968045,1.0000133502968045,591b3ecde4db138c,591b3ecde4db138c,False,False,1.08639999962179,4.9152999999932945,6.001699999615084,0.7726000039838254,147.37430000241147,148.1469000063953
disturbance_step60,31,130.00000000000003,130.00000000000003,130.0,130.0,-2.842170943040401e-14,-256586.0144209544,optimal,-256564.4929557194,False,False,8000,8000,5.940073748433861e-07,8.616765434510398e-07,10.0,0,0,8.387622093725752e-05,39.51513879282677,41.00370911940794,45.62384309440205,1.0115908887980325e-05,1.0140358723565776e-05,1.027064961864798e-05,39.51513879282676,41.00370911940793,45.62384309440204,1.0115908887980325e-05,1.0140358723565775e-05,1.027064961864798e-05,1.0000169276166246,1.0000169276166246,e63e390328138908,e63e390328138908,False,False,0.840300002892036,4.932499999995343,5.772800002887379,0.7589000015286729,144.44939999521011,145.2082999967388
disturbance_step60,32,130.0,130.0,130.0,130.0,0.0,-251785.73418807375,optimal,-251766.73547062627,False,False,8000,8000,5.815429346966994e-07,8.43595407751252e-07,10.0,0,0,7.545589311802635e-05,40.62166136640788,42.167626743408356,46.936965864865606,1.0135159609374298e-05,1.0166511340095578e-05,1.0337306087914461e-05,40.62166136640787,42.16762674340835,46.9369658648656,1.0135159609374298e-05,1.0166511340095577e-05,1.0337306087914461e-05,1.0000215859513406,1.0000215859513406,89c675b2b6a81172,89c675b2b6a81172,False,False,0.8171999943442643,4.600100000970997,5.417299995315261,0.8039000022108667,141.50309999968158,142.30700000189245
disturbance_step60,33,130.0,130.0,130.0,130.0,0.0,-247032.84415578097,optimal,-247017.19795643416,False,False,8000,8000,5.690607025599093e-07,8.254885299763259e-07,10.0,0,0,6.33365146253363e-05,41.77084845737516,43.36566791672194,48.25708836034172,1.0159342426202962e-05,1.0199689056691248e-05,1.0423972055584554e-05,41.77084845737515,43.36566791672193,48.25708836034171,1.0159342426202962e-05,1.0199689056691246e-05,1.0423972055584554e-05,1.00002764480365,1.0000276448036494,bbf453807b0dc39d,bbf453807b0dc39d,False,False,1.4118999970378354,4.7440999987884425,6.155999995826278,0.7712999940849841,142.38019999902463,143.1514999931096
disturbance_step60,34,130.0,130.0,130.0,130.0,0.0,-242332.04941107583,optimal,-242319.05266855494,False,False,8000,8000,5.568277430256785e-07,8.077431603581431e-07,10.0,0,0,5.363195892785565e-05,42.956351227797434,44.59092597223202,49.57797689401695,1.018994412676557e-05,1.0242010082863206e-05,1.053668028779401e-05,42.95635122779743,44.590925972232014,49.57797689401694,1.018994412676557e-05,1.0242010082863204e-05,1.053668028779401e-05,1.0000355128009815,1.0000355128009815,3ff630098949810a,3ff630098949810a,False,False,0.7913000008556992,5.147399999259505,5.938700000115205,0.7575999989057891,145.84990000003017,146.60749999893596
disturbance_step60,35,130.0,130.0,130.0,130.0,0.0,-237687.12104444238,optimal,-237676.30456377688,False,False,8000,8000,5.44838371752121e-07,7.903511862750179e-07,10.0,0,0,4.550722234312911e-05,44.17140619546908,45.83695172260525,50.89495729321921,1.0228899307463622e-05,1.0296214244032106e-05,1.0683152902901279e-05,44.171406195469075,45.83695172260524,50.8949572932192,1.0228899307463622e-05,1.0296214244032104e-05,1.0683152902901279e-05,1.0000457117886863,1.0000457117886863,d5b486206146ccbd,d5b486206146ccbd,False,False,0.7954000029712915,4.622399996151216,5.417799999122508,0.7680999988224357,144.33760000247275,145.1057000012952
disturbance_step60,36,130.0,130.0,130.0,130.0,0.0,-233101.04983733257,optimal,-233092.0150784694,False,False,8000,8000,6.87357584183701e-07,9.96194342128831e-07,10.0,0,0,3.87589797192662e-05,45.40948352759255,47.097838917598104,52.2045545514495,1.0278713971231812e-05,1.036583429649087e-05,1.0873268743414286e-05,45.40948352759254,47.0978389175981,52.20455455144949,1.0278713971231812e-05,1.0365834296490869e-05,1.0873268743414286e-05,1.000058908674502,1.0000589086745004,71538bf87cc44566,71538bf87cc44566,False,False,0.857699997141026,4.604300003848039,5.462000000989065,0.7511000003432855,145.16839999851072,145.919499998854
disturbance_step60,37,130.0,130.0,130.0,130.0,0.0,-228576.1718164679,optimal,-228569.41929935792,False,False,8000,8000,6.722538330450334e-07,9.74304339429466e-07,10.0,0,0,2.9541649316887568e-05,46.66451695380042,48.36835320017051,53.50412826644477,1.0342623010345865e-05,1.0455411819631811e-05,1.1119674734577008e-05,46.664516953800415,48.3683532001705,53.504128266444766,1.0342623010345865e-05,1.045541181963181e-05,1.1119674734577008e-05,1.0000759571416173,1.0000759571416176,cb0492bcb6ecfd41,cb0492bcb6ecfd41,False,False,1.0981999948853627,5.030899999837857,6.129099994723219,0.8343000008608215,147.97689999977592,148.81120000063675
disturbance_step60,38,130.0,130.0,130.0,130.0,0.0,-224114.2717785217,optimal,-224109.22706943154,False,False,8000,8000,6.576731834684324e-07,9.531724574074474e-07,10.0,0,0,2.2509539665622575e-05,47.931058634757065,49.64391516037741,54.79166265923367,1.0424789135198688e-05,1.0570772044380092e-05,1.1438591403752979e-05,47.93105863475706,49.643915160377404,54.791662659233666,1.0424789135198688e-05,1.057077204438009e-05,1.1438591403752979e-05,1.0000979538377246,1.0000979538377246,d116fbd2c82231e0,d116fbd2c82231e0,False,False,0.7706000033067539,5.208000002312474,5.978600005619228,0.7714999956078827,144.22970000305213,145.00119999866
disturbance_step60,39,130.0,130.0,130.0,130.0,0.0,-219716.66903214433,optimal,-219714.10290492116,False,False,8000,8000,6.426081711197185e-07,9.313385591624979e-07,10.0,0,0,1.1679255991493251e-05,49.204306314942166,50.92057550494545,56.06560239687443,1.0530555493521728e-05,1.0719374634412519e-05,1.1850890373346329e-05,49.20430631494216,50.92057550494544,56.065602396874425,1.0530555493521728e-05,1.0719374634412517e-05,1.1850890373346329e-05,1.0001263149983302,1.0001263149983302,554bfff5912951c9,554bfff5912951c9,False,False,0.774300002376549,4.867399999056943,5.641700001433492,0.7556999989901669,140.29609999852255,141.05179999751272
disturbance_step60,40,130.0,130.0,130.0,130.0,0.0,-215384.28854110668,optimal,-215383.2251877513,False,False,8000,8000,6.288320832936733e-07,9.113727346132805e-07,10.0,0,0,4.93700521357734e-06,50.48009183635129,52.194957759675056,57.32474554955666,1.0666767540547945e-05,1.0910765749966646e-05,1.2383552396445595e-05,50.480091836351285,52.19495775967505,57.32474554955665,1.0666767540547945e-05,1.0910765749966644e-05,1.238355239644559e-05,1.0001628826826376,1.0001628826826376,745e727b153020ac,745e727b153020ac,False,False,0.7957000052556396,4.598499996063765,5.394200001319405,0.7415000000037253,147.8233999951044,148.56489999510814
disturbance_step60,41,130.0,130.0,130.0,130.0,0.0,-211118.63702029595,optimal,-211118.60870145916,True,True,501,8000,6.800879077673017e-07,9.865463468372582e-07,10.0,0,0,1.341370766217776e-07,51.75483560174435,53.464199514395304,58.56816376746488,1.0842186462087133e-05,1.1157166424599135e-05,1.3071662770483217e-05,51.75483560174434,53.4641995143953,58.568163767464874,1.0842186462087133e-05,1.1157166424599133e-05,1.3071662770483212e-05,1.000210073755604,1.000210073755604,e135c5551350051a,e135c5551350051a,False,False,0.763899995945394,4.684699997596908,5.448599993542302,0.8776000031502917,15.535899998212699,16.41350000136299
disturbance_step60,42,130.0,130.0,130.0,130.0,0.0,-206922.3674493509,optimal,-206922.3384882019,True,True,451,8000,6.726402403955944e-07,9.757426111534073e-07,10.0,0,0,1.3996142279839477e-07,53.02549121637784,54.72589075682159,59.79514556110168,1.1068025253675922e-05,1.1474247701261865e-05,1.3961166177047804e-05,53.02549121637783,54.725890756821585,59.79514556110168,1.1068025253675922e-05,1.1474247701261863e-05,1.3961166177047799e-05,1.0002710907268957,1.0002710907268957,ab3f82d369ade95a,ab3f82d369ade95a,False,False,1.2640999993891455,7.303400001546834,8.56750000093598,1.4717999947606586,12.950100004673004,14.421899999433663
disturbance_step60,43,130.00000000000003,130.00000000000003,129.99999999999997,129.99999999999997,-5.684341886080802e-14,-202795.50063490056,optimal,-202795.46046358295,True,True,351,8000,6.654838955455489e-07,9.653614716498282e-07,10.0,0,0,1.9808781499042523e-07,54.28948544658738,55.97801639829211,61.005153326433316,1.1358651936153698e-05,1.1882164517023144e-05,1.5112695179349738e-05,54.28948544658737,55.978016398292105,61.00515332643331,1.1358651936153698e-05,1.1882164517023142e-05,1.5112695179349733e-05,1.0003502217184117,1.0003502217184121,e84c57c34fe4b214,e84c57c34fe4b214,False,False,0.7819999955245294,4.432699999597389,5.214699995121919,0.8172000016202219,7.623700003023259,8.440900004643481
disturbance_step60,44,130.0,130.0,130.00000000000003,130.0,0.0,-198737.70980015665,optimal,-198737.68754416984,True,True,201,8000,6.579607827461587e-07,9.544483461354503e-07,10.0,0,0,1.1198673313238819e-07,55.544660094629194,57.21890324691535,62.19779083408779,1.1732523445269194e-05,1.240695156285074e-05,1.6606913172483163e-05,55.54466009462919,57.218903246915346,62.19779083408778,1.1732523445269194e-05,1.2406951562850738e-05,1.660691317248316e-05,1.0004532681750724,1.0004532681750724,4271feefd431c0e7,4271feefd431c0e7,False,False,0.7861999984015711,4.719099997601006,5.505299996002577,0.7789000010234304,5.050700005085673,5.829600006109104
disturbance_step60,45,130.0,130.0,130.0,130.0,0.0,-194747.84178402944,optimal,-194742.73473700345,True,True,201,8000,5.523933737094922e-07,8.005893450402368e-07,10.0,0,0,2.6223895367333e-05,56.78921767445046,58.44717272868527,63.372777800977815,1.221344127067576e-05,1.3082428465613039e-05,1.8551986542778255e-05,56.789217674450455,58.44717272868526,63.3727778009778,1.221344127067576e-05,1.3082428465613037e-05,1.8551986542778224e-05,1.000588154251119,1.0005881542511206,6b0ead50b8dcd789,6b0ead50b8dcd789,False,False,0.753400003304705,5.368699996324722,6.122099999629427,0.8098000034806319,6.446499995945487,7.256299999426119
disturbance_step60,46,130.0,130.0,130.0,130.0,0.0,-190823.04102907216,optimal,-190810.6376267796,True,True,201,8000,6.650845278954876e-07,9.640867384419494e-07,10.0,0,0,6.499950019498646e-05,58.02167234021292,59.6616991361294,64.52992981579379,1.283225903535136e-05,1.3952823801894359e-05,2.1094037516679137e-05,58.021672340212916,59.66169913612939,64.52992981579378,1.283225903535136e-05,1.3952823801894357e-05,2.1094037516679103e-05,1.0007657922929523,1.0007657922929525,d12d3036b408ec7e,d12d3036b408ec7e,False,False,0.7831999973859638,4.412200003571343,5.1954000009573065,0.8087999958661385,6.269800003792625,7.078599999658763
disturbance_step60,47,130.0,130.0,130.0,130.0,0.0,-186962.37696064464,optimal,-186943.41054137188,True,True,201,8000,5.436540959635749e-07,7.898911640324968e-07,10.0,0,0,0.00010144511201211173,59.24080627823817,60.861573248056025,65.66914222531285,1.3629227439716847e-05,1.5076414058007539e-05,2.4431749600808675e-05,59.24080627823816,60.86157324805601,65.66914222531284,1.3629227439716847e-05,1.5076414058007537e-05,2.4431749600808593e-05,1.0010013058592766,1.0010013058592755,0a7901a01dce5c8f,0a7901a01dce5c8f,False,False,0.7721000001765788,4.40149999485584,5.1735999950324185,0.7989999940036796,6.452600006014109,7.251600000017788
disturbance_step60,48,130.0,130.0,130.0,130.0,0.0,-183164.91513296505,optimal,-183140.08669744004,True,True,201,8000,5.483017133656176e-07,7.966438717588176e-07,10.0,0,0,0.00013555235459249035,60.44563150282925,62.04607084493373,66.79037712551897,1.4657239205824328e-05,1.6530593465596096e-05,2.8836727925755534e-05,60.445631502829244,62.046070844933716,66.79037712551896,1.4657239205824328e-05,1.6530593465596096e-05,2.8836727925755446e-05,1.0013157471013459,1.0013157471013447,7e4a74f1b45b0a6e,7e4a74f1b45b0a6e,False,False,0.7771000018692575,4.584000002068933,5.361100003938191,0.7709000055911019,6.7013000007136725,7.472200006304774
disturbance_step60,49,130.0,130.0,129.99999999999997,129.99999999999997,-2.842170943040401e-14,-179429.4913597434,optimal,-179399.47040565708,True,True,201,8000,6.11644779269227e-07,8.886768654292609e-07,10.0,0,0,0.00016731337674121848,61.63535669095369,63.214625663276244,67.89365282436219,1.5986343757010025e-05,1.8418955140258733e-05,3.468179049773321e-05,61.63535669095368,63.21462566327623,67.89365282436218,1.5986343757010025e-05,1.841895514025872e-05,3.468179049773312e-05,1.0017384914685026,1.0017384914685052,242a86f2ee712d6a,242a86f2ee712d6a,False,False,0.7594999988214113,4.5754999955534,5.334999994374812,1.3133999964338727,7.874900002207141,9.188299998641014
disturbance_step60,50,130.0,130.0,130.0,130.0,0.0,-175754.6587114928,optimal,-175720.08407784073,True,True,201,8000,5.602647092928237e-07,8.14025252537931e-07,10.0,0,0,0.00019672100816893242,62.809358627771545,64.3668063085973,68.97903535661558,1.771004879334599e-05,2.088118832276349e-05,4.248012413352589e-05,62.80935862777153,64.36680630859729,68.97903535661555,1.771004879334599e-05,2.0881188322763476e-05,4.248012413352573e-05,1.00231055276414,1.0023105527641403,346c6454228a1637,346c6454228a1637,False,False,1.4418999999179505,5.403600000136066,6.845500000054017,0.7546999986516312,6.44530000136001,7.2000000000116415
disturbance_step60,51,130.0,130.0,130.0,130.0,0.0,-172138.6026112616,optimal,-172100.08379857035,False,False,8000,8000,6.757813508784238e-07,9.802991769447544e-07,10.0,0,0,0.0002237662680362557,63.967157802997406,65.50229669912932,70.04663175947266,1.9954127492003092e-05,2.4106900556497154e-05,5.2939230035971814e-05,63.96715780299739,65.50229669912929,70.04663175947263,1.9954127492003092e-05,2.4106900556497137e-05,5.293923003597164e-05,1.0030891393708201,1.0030891393708201,fa14867ca843d76f,fa14867ca843d76f,False,False,0.7945999968796968,4.6791999993729405,5.473799996252637,0.7451000055880286,251.9181999959983,252.66330000158632
disturbance_step60,52,130.0,130.0,130.0,130.0,0.0,-168579.00984923483,optimal,-168537.12785959907,False,False,8000,8000,5.373015596887853e-07,7.806614643612875e-07,10.0,0,0,0.00024844130757010883,65.10839773149327,66.62087966539488,71.09658492755247,2.288892387473418e-05,2.835488283289929e-05,6.703486721298836e-05,65.10839773149326,66.62087966539485,71.09658492755244,2.288892387473418e-05,2.8354882832899212e-05,6.703486721298806e-05,1.0041538720862666,1.0041538720862668,cd259a7de56f3efc,cd259a7de56f3efc,False,False,0.7901999997557141,4.536700005701277,5.3269000054569915,0.7399000023724511,250.50879999616882,251.24869999854127
disturbance_step60,53,130.0,130.0,130.0,130.0,0.0,-165072.8686270707,optimal,-165028.17762950255,False,False,8000,8000,5.214190252900153e-07,7.575852762897739e-07,10.0,0,0,0.0002707349665628999,66.23282762269277,67.72242340235866,72.12906995180523,2.6746518406205812e-05,3.397988237098351e-05,8.611184642383666e-05,66.23282762269274,67.72242340235863,72.1290699518052,2.6746518406205812e-05,3.397988237098335e-05,8.611184642383605e-05,1.0056152093333455,1.0056152093333455,756ff508bc947822,756ff508bc947822,False,False,0.8210000014514662,4.56819999817526,5.389199999626726,0.7461999994120561,249.70260000554845,250.4488000049605
disturbance_step60,54,130.0,130.0,130.0,130.0,0.0,-161616.161465562,optimal,-161569.19011905746,False,False,8000,8000,5.306293360263226e-07,7.70967285568247e-07,10.0,0,0,0.0002906352067682656,67.34028809419581,68.80687054634416,73.14429192629689,3.1844611049781495e-05,4.146967191003758e-05,0.00011202061419671508,67.34028809419578,68.80687054634413,73.14429192629686,3.1844611049781495e-05,4.1469671910037346e-05,0.0001120206141967142,1.0076257803464352,1.0076257803464348,575036af481c50f6,575036af481c50f6,False,False,0.7871999987401068,4.84149999829242,5.628699997032527,0.8310000048368238,251.90229999861913,252.73330000345595
disturbance_step60,55,130.0,130.0,130.0,130.0,0.0,-158203.38502878798,optimal,-158154.63863351315,False,False,8000,8000,6.88228951162273e-07,9.974572323656616e-07,10.0,0,0,0.0003081248562793971,68.43069970476235,69.87422973194207,74.1424852831402,3.8619637364567744e-05,5.1496155359949457e-05,0.00014730119077533538,68.43069970476232,69.87422973194204,74.14248528314019,3.8619637364567744e-05,5.1496155359949186e-05,0.00014730119077533435,1.0103955169547845,1.010395516954784,1fdfd39b7c32edf0,1fdfd39b7c32edf0,False,False,0.7764000038150698,4.594699996232521,5.371100000047591,0.7755000042379834,256.8544999958249,257.63000000006286
disturbance_step60,56,130.0,130.0,130.0,130.0,0.0,-154826.77862143036,optimal,-154776.7415855105,False,False,8000,8000,5.329182926061549e-07,7.742931762422245e-07,10.0,0,0,0.00032318075959118173,69.50405417141482,70.92456957340303,75.12391479571389,4.767250118687801e-05,6.498548706359971e-05,0.00019542929915612135,69.5040541714148,70.924569573403,75.12391479571387,4.767250118687801e-05,6.498548706359931e-05,0.00019542929915612015,1.0142117107504625,1.014211710750462,ec85f7bcd56ae152,ec85f7bcd56ae152,False,False,0.7887000028858893,4.79339999583317,5.582099998719059,0.7580000019515865,250.7508999988204,251.50890000077197
disturbance_step60,57,130.0,130.0,130.0,130.0,0.0,-151475.04120218026,optimal,-151424.18155768933,False,False,8000,8000,6.350218910711192e-07,9.226427168940177e-07,10.0,0,0,0.0003357625394083053,70.56040823389368,71.95801511327059,76.08887847756213,5.983144181865133e-05,8.321377814267008e-05,0.0002611435762269551,70.56040823389365,71.95801511327056,76.0888784775621,5.983144181865124e-05,8.321377814266961e-05,0.0002611435762269537,1.0194654224269861,1.0194654224269877,3e93027f37c0e0f3,3e93027f37c0e0f3,False,False,0.778199995693285,4.4723000028170645,5.2504999985103495,0.742199998057913,247.06980000337353,247.81200000143144
disturbance_step60,58,130.0,130.0,130.0,130.0,0.0,-148131.11077336658,optimal,-148079.88602470327,False,False,8000,8000,5.12887424974906e-07,7.43332958741405e-07,10.0,0,0,0.00034580682205065475,71.59988023965897,72.97474689074431,77.03771270348128,7.623802393224716e-05,0.00010793700677174491,0.0003508777483324832,71.59988023965894,72.97474689074429,77.03771270348125,7.623802393224706e-05,0.00010793700677174436,0.0003508777483324809,1.026686052093552,1.0266860520935506,2010a0faa6c5d033,2010a0faa6c5d033,False,False,0.7851999980630353,5.073200001788791,5.858399999851827,0.7592999972985126,253.12839999969583,253.88769999699434
disturbance_step60,59,130.0,130.0,130.0,130.0,0.0,-144768.1465422684,optimal,-144717.01502231663,False,False,8000,8000,5.178071518230354e-07,7.504631982513388e-07,10.0,0,0,0.00035319592861472103,72.62264964699989,73.97500290738093,77.97079999456433,9.846413029699087e-05,0.00014156634928201114,0.00047332777320754406,72.62264964699986,73.9750029073809,77.9707999945643,9.846413029699062e-05,0.0001415663492820105,0.0004733277732075414,1.036586351208483,1.0365863512084827,abbec4cfbdd5f7a8,abbec4cfbdd5f7a8,False,False,0.7698999979766086,5.066700003226288,5.836600001202896,0.8124999949359335,251.1305000007269,251.94299999566283
disturbance_step60,60,129.99999999999997,129.99999999999997,130.0,130.0,2.842170943040401e-14,-197793.40084083733,optimal,-197793.379564027,True,True,201,8000,6.577995748102694e-07,9.5421455803546e-07,10.0,0,0,1.0757088127740305e-07,58.62895978704019,59.95908391297364,63.88858004554176,0.00012867025852995748,0.00018740344468097845,0.0006401914369111172,58.62895978704016,59.95908391297361,63.88858004554173,0.00012867025852995718,0.00018740344468097736,0.0006401914369111129,1.0037383227045942,1.003738322704595,089b465d940d87d7,089b465d940d87d7,False,False,0.8273000057670288,4.58299999445444,5.4103000002214685,0.9482000023126602,5.029799998737872,5.978000001050532
disturbance_step60,61,130.0,130.0,130.0,130.0,0.0,-194201.37678182597,optimal,-194196.65158342695,True,True,201,8000,5.383842562878272e-07,7.802857568961485e-07,10.0,0,0,2.433143614826326e-05,59.617804514945554,60.92535945578997,64.78433259412327,0.00013165092344799657,0.00019202816826026137,0.00065799152154091,59.617804514945526,60.925359455789945,64.78433259412324,0.00013165092344799627,0.00019202816826026023,0.0006579915215409055,1.004498007025866,1.0044980070258664,ee688df97c80b1a2,ee688df97c80b1a2,False,False,0.7872999995015562,4.626999994798098,5.414299994299654,0.7526999979745597,6.204900004377123,6.957600002351683
disturbance_step60,62,130.0,130.0,130.0,130.0,0.0,-190600.71901782788,optimal,-190589.06415487867,True,True,201,8000,6.256526603465318e-07,9.075817350989723e-07,10.0,0,0,6.114805342493736e-05,60.589894402254785,61.873844877618886,65.66784275654055,0.00013526370675729567,0.00019760719214877547,0.0006791469975475791,60.58989440225476,61.87384487761886,65.66784275654052,0.00013526370675729537,0.00019760719214877428,0.0006791469975475745,1.005403863798955,1.005403863798956,dc83eb3ed16b0741,dc83eb3ed16b0741,False,False,0.760199996875599,5.415800005721394,6.176000002596993,0.7624999998370185,6.299499997112434,7.061999996949453
disturbance_step60,63,130.00000000000003,130.00000000000003,130.0,130.0,-2.842170943040401e-14,-187003.29010964258,optimal,-186985.2940810627,True,True,201,8000,6.840665633944809e-07,9.914246676956395e-07,10.0,0,0,9.62337537984798e-05,61.54446422452463,62.80699325747216,66.53568085720025,0.00013963429768705906,0.00020432419936719263,0.0007042708242781449,61.5444642245246,62.80699325747213,66.53568085720023,0.0001396342976870587,0.0002043241993671914,0.0007042708242781398,1.0064836358861171,1.0064836358861171,ae9c1956684885d5,ae9c1956684885d5,False,False,0.9424000018043444,7.750299999315757,8.692700001120102,1.2929999938933179,11.825500005215872,13.11849999910919
disturbance_step60,64,130.0,130.0,130.0,130.0,0.0,-183418.0048470765,optimal,-183394.25829889564,True,True,201,8000,5.403238390044862e-07,7.850526833053095e-07,10.0,0,0,0.00012946683288101108,62.48314190891633,63.72387640132332,67.38883755124016,0.0001449126914647806,0.00021240167424555953,0.0007340746906852203,62.4831419089163,63.72387640132329,67.38883755124013,0.00014491269146478026,0.00021240167424555823,0.0007340746906852151,1.0077721104828514,1.0077721104828512,0bb320f6a17f426a,0bb320f6a17f426a,False,False,1.3066000028629787,5.629699997371063,6.936300000234041,1.5147000012802891,9.721399997943081,11.23609999922337
disturbance_step60,65,130.0,130.0,130.0,130.0,0.0,-179850.95302285952,optimal,-179822.04105978584,True,True,201,8000,5.377974332532176e-07,7.813820799285054e-07,10.0,0,0,0.00016075512855395148,63.40565640577902,64.6252308347891,68.28537300921913,0.00015128081170993874,0.00022210534219838118,0.0007694075747355354,63.40565640577899,64.62523083478906,68.28537300921911,0.0001512808117099384,0.00022210534219837985,0.0007694075747355301,1.009343023575983,1.0093430235759835,8b0b4e1d354b3a68,8b0b4e1d354b3a68,False,False,0.778000001446344,4.730799999379087,5.508800000825431,0.759899994591251,6.559400004334748,7.319299998925999
disturbance_step60,66,130.0,130.0,130.0,130.0,0.0,-176306.32436412503,optimal,-176272.82207705648,True,True,201,8000,5.538211667044379e-07,8.046634754066417e-07,10.0,0,0,0.0001900231723930951,64.31248693928106,65.5327261457309,69.20816389265495,0.00015895809894429458,0.0002337563495633437,0.0008117016647301294,64.31248693928103,65.53272614573089,69.20816389265492,0.00015895809894429417,0.00023375634956334233,0.000811701664730124,1.011271328609492,1.011271328609491,7d13b6dc189d8d76,7d13b6dc189d8d76,False,False,0.7895999951870181,4.73259999853326,5.522199993720278,0.807399999757763,6.452200002968311,7.259600002726074
disturbance_step60,67,130.0,130.0,130.0,130.0,0.0,-172786.32784486277,optimal,-172748.79699497914,True,True,201,8000,6.700396681935672e-07,9.71970289143087e-07,10.0,0,0,0.00021720960420785421,65.2198661253965,66.445741927868,70.15168242962643,0.00016821119825161655,0.00024779606089598145,0.0008626888748955491,65.21986612539649,66.44574192786797,70.15168242962642,0.0001682111982516161,0.0002477960608959799,0.0008626888748955432,1.0136596809054748,1.013659680905474,5df287f360970b1c,5df287f360970b1c,False,False,0.9671000007074326,6.510999999591149,7.478100000298582,0.7968999998411164,6.434300004912075,7.231200004753191
disturbance_step60,68,130.0,130.0,130.0,130.0,0.0,-169291.38193869614,optimal,-169250.36909672004,False,False,8000,8000,4.869949066232948e-07,7.058066673337748e-07,10.0,0,0,0.0002422618417220015,66.13150206350885,67.36810159590947,71.10489859034308,0.00017939639935809815,0.00026477996457243514,0.0009245603135961839,66.13150206350883,67.36810159590945,71.10489859034305,0.0001793963993580977,0.0002647799645724335,0.0009245603135961777,1.0166335671342595,1.016633567134259,59b8cebed7d9b997,59b8cebed7d9b997,False,False,0.8041000037337653,4.610500000126194,5.4146000038599595,0.7696999964537099,251.64919999951962,252.41889999597333
disturbance_step60,69,130.0,130.0,130.00000000000003,130.0,0.0,-165819.83665543306,optimal,-165775.87259326997,False,False,8000,8000,5.189772451785757e-07,7.54037953853981e-07,10.0,0,0,0.0002651315008499023,67.05119206327697,68.2980707417599,72.06186457118349,0.00019297094758267277,0.0002854271234631744,0.0010000246155650822,67.05119206327696,68.29807074175987,72.06186457118348,0.0001929709475826723,0.00028542712346317267,0.0010000246155650757,1.0203561178925011,1.0203561178925005,62f8f29f0ed865ad,62f8f29f0ed865ad,False,False,1.109800003177952,5.49969999701716,6.609500000195112,0.7784000044921413,259.9478999982239,260.726300002716
disturbance_step60,70,130.0,130.0,130.0,130.0,0.0,-162367.5669407362,optimal,-162321.1666880827,False,False,8000,8000,5.282809496520713e-07,7.675556679132001e-07,10.0,0,0,0.0002857729134441337,67.9786261676047,69.23441179319114,73.01742295359624,0.00020952829556562696,0.0003106547282640701,0.001092486532978023,67.97862616760467,69.23441179319113,73.01742295359622,0.00020952829556562647,0.00031065472826406824,0.0010924865329780163,1.025036548155856,1.025036548155856,eee501d89bea228b,eee501d89bea228b,False,False,0.8235000059357844,4.902399996353779,5.725900002289563,0.8864999981597066,255.8562999984133,256.742799996573
disturbance_step60,71,130.0,130.0,130.0,130.0,0.0,-158927.09276886517,optimal,-158878.75717443126,False,False,8000,8000,6.854706668946164e-07,9.934596052474376e-07,10.0,0,0,0.00030413690700451245,68.91281079442138,70.174784077218,73.96837113486995,0.00022983289871542024,0.00034164109162423717,0.001206236214803697,68.91281079442136,70.17478407721799,73.96837113486994,0.00022983289871541943,0.0003416410916242353,0.0012062362148036899,1.030946739009736,1.0309467390097358,290ee95f6af3ef61,290ee95f6af3ef61,False,False,0.7889999978942797,6.345399997371715,7.134399995265994,0.7511000003432855,243.83320000197273,244.584300002316
disturbance_step60,72,130.0,130.0,130.0,130.0,0.0,-155486.09300282746,optimal,-155436.31173628138,False,False,8000,8000,5.308991291030907e-07,7.713600718162184e-07,10.0,0,0,0.0003201653960477521,69.85175874812636,71.11703887020282,74.91231789863815,0.0002548730428285285,0.0003799007841063013,0.001346718117046914,69.85175874812633,71.1170388702028,74.91231789863814,0.00025487304282852764,0.000379900784106299,0.0013467181170469065,1.0384399266623487,1.0384399266623487,822fe3bbdbd84aae,822fe3bbdbd84aae,False,False,0.9418999979970977,5.012699999497272,5.95459999749437,0.7689000049140304,254.71919999836246,255.4881000032765
disturbance_step60,73,130.00000000000003,130.00000000000003,130.0,130.0,-2.842170943040401e-14,-152024.7699142186,optimal,-151974.02817762212,False,False,8000,8000,6.339928972920461e-07,9.211485503257677e-07,10.0,0,0,0.0003337728228443891,70.7933728315132,72.05901258555058,75.84768275534987,0.0002859281990441025,0.00042738877278249984,0.001520866652176391,70.79337283151318,72.05901258555055,75.84768275534985,0.00028592819904410137,0.0004273887727824974,0.0015208666521763828,1.0479764651395782,1.0479764651395789,b77503057b60221e,b77503057b60221e,False,False,0.7920999996713363,4.507599995122291,5.299699994793627,0.7551000016974285,247.11479999677977,247.8698999984772
disturbance_step60,74,130.00000000000003,130.00000000000003,130.00000000000003,130.0,-2.842170943040401e-14,-148511.16000127286,optimal,-148459.94968303564,False,False,8000,8000,5.123778237248189e-07,7.425943922001466e-07,10.0,0,0,0.0003448247137578229,71.73551972893112,72.99880294447459,76.77336161284565,0.0003246604692272039,0.0004866358136696463,0.0017375453938515194,71.73551972893111,72.99880294447458,76.77336161284563,0.00032466046922720266,0.0004866358136696428,0.0017375453938515105,1.0601564322801706,1.0601564322801702,f517f849c3ba9ddf,f517f849c3ba9ddf,False,False,0.7621000040671788,5.031499997130595,5.793600001197774,0.7519999999203719,253.93079999776091,254.6827999976813
disturbance_step60,75,130.0,130.0,130.0,130.0,0.0,-144892.4648559168,optimal,-144841.30756769795,False,False,8000,8000,5.177502657716104e-07,7.503807184505717e-07,10.0,0,0,0.00035307072917682887,72.67625526899549,73.93474459335147,77.68864963979865,0.0003732352377011845,0.0005609283084167929,0.002008109276572122,72.67625526899548,73.93474459335145,77.68864963979864,0.0003732352377011828,0.0005609283084167881,0.0020081092765721125,1.0757621475863723,1.0757621475863735,4c91aa11aadbbedf,4c91aa11aadbbedf,False,False,0.7830000031390227,4.6902999965823255,5.473299999721348,0.7605000064359047,254.3435999978101,255.104100004246
disturbance_step60,76,130.0,130.0,130.0,130.0,0.0,-141224.59891353812,optimal,-141174.05906375873,False,False,8000,8000,5.43434993005576e-07,7.895753428854846e-07,10.0,0,0,0.00035786860198722164,73.61386548933406,74.8654598463914,78.59313444174542,0.0004344815776985251,0.0006545444385531455,0.0023471282542447116,73.61386548933405,74.86545984639139,78.5931344417454,0.00043448157769852326,0.0006545444385531403,0.0023471282542447012,1.0836785482033269,1.0836785482033264,23871637ec8ef403,23871637ec8ef403,False,False,0.7919999989098869,5.5601000058231875,6.3521000047330745,0.8079999970505014,271.6504000054556,272.4584000025061
disturbance_step60,77,130.0,130.0,130.0,130.0,0.0,-137427.79368688512,optimal,-137378.49400765373,False,False,8000,8000,5.483909575332291e-07,7.967766730843096e-07,10.0,0,0,0.0003587315048054803,74.54691667660829,75.78984983922197,79.48665703201615,0.0005121041666726845,0.0007730646510376109,0.0027733131750708557,74.54691667660828,75.78984983922196,79.48665703201614,0.0005121041666726825,0.0007730646510376052,0.0027733131750708444,1.089991761314452,1.08999176131445,d6b1f6e675c759b9,d6b1f6e675c759b9,False,False,0.8218000002671033,4.956700002367143,5.778500002634246,0.8039000022108667,267.86449999781325,268.6684000000241
disturbance_step60,78,130.0,130.0,130.0,130.0,0.0,-133426.21800422936,optimal,-133378.8960316326,False,False,8000,8000,5.176650574867381e-07,7.502571977013872e-07,10.0,0,0,0.0003546677205171116,75.4742639804756,76.70709967902272,80.36928281199523,0.0006109630682109495,0.0009237783852600391,0.0033106985694120955,75.47426398047558,76.7070996790227,80.36928281199523,0.0006109630682109459,0.0009237783852600327,0.0033106985694120795,1.0961009031063647,1.0961009031063653,566040ee7802e533,566040ee7802e533,False,False,0.8853999970597215,5.03930000559194,5.924700002651662,0.7708999983151443,249.1636999984621,249.93459999677725
disturbance_step60,79,130.0,130.0,130.0,130.0,0.0,-129137.44417246588,optimal,-129093.01945829445,False,False,8000,8000,5.205894524351606e-07,7.544955851201962e-07,10.0,0,0,0.0003440110996160118,76.39506051628615,77.61667651527145,81.2412973750337,0.0007374421043111894,0.0011162161056939136,0.003990148572089693,76.39506051628614,77.61667651527145,81.2412973750337,0.0007374421043111854,0.0011162161056939065,0.003990148572089675,1.101936409863724,1.1019364098637237,c50886ac8f0216fb,c50886ac8f0216fb,False,False,0.7734000027994625,4.849899996770546,5.623299999570008,0.840499997138977,258.0941999985953,258.93469999573426
disturbance_step60,80,130.0,130.0,130.0,130.0,0.0,-124452.93623539738,optimal,-124412.61348222592,False,False,8000,8000,5.238105700300366e-07,7.591639930026872e-07,10.0,0,0,0.00032400001471397056,77.30876227454941,78.51833648953128,82.10321542494485,0.0008999331093467245,0.001362843888124324,0.004851269817928886,77.30876227454941,78.51833648953126,82.10321542494485,0.00089993310934672,0.001362843888124316,0.004851269817928865,1.1074478297420607,1.107447829742061,42723c92041d0a6e,42723c92041d0a6e,False,False,0.8654999983264133,4.852000005485024,5.717500003811438,0.7709999990765937,252.94489999942016,253.71589999849675
disturbance_step60,81,130.0,130.0,130.0,130.0,0.0,-119229.8137316877,optimal,-119197.65594181439,False,False,8000,8000,5.097248134688925e-07,7.387493612398544e-07,10.0,0,0,0.0002697126571519748,78.21513978309748,79.41213896531704,82.95580553864035,0.001109471597068895,0.0016799692972920206,0.005944835977840639,78.21513978309747,79.41213896531704,82.95580553864035,0.00110947159706889,0.0016799692972920117,0.0059448359778406165,1.1126068564471225,1.112606856447124,86d17be0395f2ca0,86d17be0395f2ca0,False,False,0.7652999993297271,4.745300000649877,5.510599999979604,0.7629000028828159,209.55910000338918,210.322000006272
disturbance_step60,82,130.0,130.0,130.0,130.0,0.0,-113279.66805847883,optimal,-113258.04942958255,False,False,8000,8000,4.972293652372173e-07,7.206395595815707e-07,10.0,0,0,0.00019084297532778182,79.11429853506885,80.29847323522542,83.80012970776376,0.0013805707187173413,0.0020889224685614015,0.007335856553786009,79.11429853506885,80.29847323522542,83.80012970776376,0.0013805707187173357,0.002088922468561391,0.007335856553785984,1.117409263811668,1.117409263811668,0410228522ff46dd,0410228522ff46dd,False,False,0.8775000023888424,4.885700000158977,5.763200002547819,0.7631999978912063,218.36679999978514,219.12999999767635
disturbance_step60,83,130.0,130.0,130.0,130.0,0.0,-106353.0766880305,optimal,-106343.19593306059,False,False,8000,8000,5.740775890217265e-07,8.320164797126495e-07,10.0,0,0,9.29052104332663e-05,80.00671309778389,81.17810012307744,84.63760020807078,0.0017323158637796417,0.0026175974602227143,0.009107459150643153,80.00671309778389,81.17810012307744,84.63760020807078,0.0017323158637796352,0.0026175974602227025,0.009107459150643125,1.1218760638489584,1.1218760638489564,288f6ca448d27cc9,288f6ca448d27cc9,False,False,0.7718999986536801,4.587700001138728,5.359599999792408,0.763399999414105,211.05330000136746,211.81670000078157
disturbance_step60,84,130.0,130.0,130.00000000000003,130.0,0.0,-98119.3334000223,optimal,-98119.31065254408,True,True,551,8000,5.196986023747741e-07,7.532044721259012e-07,10.0,0,0,2.3183482266375082e-07,80.89327871821037,82.0522129087193,85.47005678585818,0.0021898041455174506,0.003302468815430997,0.011365804379491569,80.89327871821037,82.0522129087193,85.47005678585818,0.002189804145517443,0.0033024688154309834,0.011365804379491537,1.126054357011966,1.1260543570119657,9e759f77c5897802,9e759f77c5897802,False,False,0.7874000002630055,5.357999994885176,6.145399995148182,0.7557999997516163,16.514700000698213,17.27050000044983
disturbance_step60,85,130.00000000000003,130.00000000000003,130.0,130.0,-2.842170943040401e-14,-88199.8388021771,optimal,-88182.58000440415,True,True,201,8000,6.629737328012197e-07,9.658954640556772e-07,10.0,0,0,0.00019567833691471893,81.77538579070459,82.92252274661578,86.2998692503646,0.0027860446808960137,0.0041912418088347215,0.014246321778364667,81.77538579070459,82.92252274661578,86.2998692503646,0.0027860446808960055,0.004191241808834706,0.014246321778364632,1.130018458111644,1.130018458111644,88ff2c6be26a9629,88ff2c6be26a9629,False,False,0.811400001111906,4.733699999633245,5.545100000745151,0.7727000047452748,9.014899995236192,9.787599999981467
disturbance_step60,86,130.0,130.0,130.0,130.0,0.0,-75953.06398759873,optimal,-75917.43940568308,False,False,8000,8000,6.874913509591352e-07,9.963882066088559e-07,10.0,0,0,0.00046903416459361,82.6550240402027,83.79137604139085,87.13007264658518,0.003564482771038744,0.005346359925044524,0.017921653560027128,82.6550240402027,83.79137604139085,87.13007264658518,0.0035644827710387345,0.005346359925044506,0.01792165356002709,1.1338719836240567,1.1338719836240558,211327c7c1e19c95,211327c7c1e19c95,False,False,0.9119000023929402,10.128900001291186,11.040800003684126,1.3967999984743074,357.9334000023664,359.3302000008407
disturbance_step60,87,130.0,130.0,130.0,130.0,0.0,-60523.05126669933,optimal,-60517.74177043365,False,False,8000,8000,5.776020230996437e-07,8.371244861749005e-07,10.0,0,0,8.772684381587937e-05,83.53492622739988,84.66191436559458,87.96454548405339,0.004582383380291399,0.006849693059162111,0.022611835635914353,83.53492622739988,84.66191436559458,87.96454548405339,0.0045823833802913876,0.0068496930591620915,0.02261183563591431,1.1377517327885658,1.1377517327885673,80a58b466bf7a61c,80a58b466bf7a61c,False,False,0.7905999955255538,4.591099997924175,5.381699993449729,0.7463000001735054,293.2726999933948,294.0189999935683
disturbance_step60,88,130.0,130.0,129.29018400623607,129.29018400623607,-0.7098159937639252,-41016.9874941019,optimal,-41000.32721041459,False,False,8000,8000,6.064678217398978e-07,8.832571660732924e-07,10.0,0,0,0.00040618009037690243,84.41876569862092,85.53829262116562,88.80824626426839,0.005915423168626331,0.0088088874261518,0.028597455867751396,84.41876569862092,85.53829262116562,88.80824626426839,0.005915423168626318,0.008808887426151775,0.028597455867751347,1.1418344546423982,1.141834454642398,f9d815e855fd7be9,f9d815e855fd7be9,False,False,0.7682999930693768,4.985900006431621,5.754199999500997,0.7582000034744851,410.95599999971455,411.71420000318903
disturbance_step60,89,126.00000000000001,126.00000000000001,125.29018400623609,125.29018400623609,-0.7098159937639252,-16260.35301423064,optimal,-16173.16120527083,False,False,1,8000,3.4687746349959525e-05,5.040292238511768e-05,10.0,0,0,0.0030414799786091825,85.31142950104572,86.425979271221,89.66753088100468,0.0076640246251638185,0.011366112875054818,0.036236844774838455,85.31142950104572,86.425979271221,89.66753088100468,0.007664024625163804,0.01136611287505479,0.0362368447748384,1.146348070836026,1.1463480708360265,086e6ed6f6e2fe36,c8e944fd31bfc0b5,True,True,0.7791999960318208,4.887200004304759,5.66640000033658,0.759899994591251,0.7588000007672235,1.5186999953584746
disturbance_step60,90,122.00000000000003,122.00000000000003,121.29018400623609,121.29018400623609,-0.7098159937639394,15794.765055801854,optimal,15771.258943236773,False,False,1,8000,1.8148000719975244e-06,2.655773669424377e-06,10.0,0,0,0.010038102631306108,86.21940095981533,87.33217585033769,90.550584822329,0.009962272676885762,0.01471036635977973,0.0459888317739209,86.21940095981533,87.33217585033769,90.550584822329,0.009962272676885745,0.014710366359779698,0.04598883177392084,1.1515897838685036,1.1515897838685036,13eaa72ae7ef9c84,01d9c42065d31077,True,True,0.7991999955265783,4.733300003863405,5.532499999389984,0.9362999990116805,1.328400001511909,2.2647000005235896
disturbance_step60,91,118.00000000000003,118.00000000000003,117.29018306581767,117.29018400623609,-0.7098159937639394,60649.04340353096,optimal,60389.72502722503,False,False,19,8000,9.500786859462096e-07,1.9516933775776124e-06,10.0,0,0,0.002475570084604933,87.15130627932051,88.26641551954246,91.46802196134496,0.012990780563354476,0.01909521347963168,0.05844333001225481,87.15130627932051,88.26641551954246,91.46802196134495,0.012990780563354455,0.019095213479631647,0.05844333001225474,1.1579550241061647,1.1579550241061654,d357a0189baba95f,d470ee52d40037d9,True,True,0.7662999996682629,4.7378000017488375,5.5041000014171,0.7385999997495674,2.707100000407081,3.4457000001566485
disturbance_step60,92,114.00000000000001,114.00000000000001,113.2901829195061,113.29018400623609,-0.7098159937639252,138971.9219378736,optimal,138717.25273990858,False,False,14,8000,2.1122244646676336e-06,3.0641309916035198e-06,10.0,1,0,0.002645120535383265,88.11871589269505,89.24143967158615,92.43372999076678,0.016995805613265563,0.024865126397231523,0.07436312978508786,88.11871589269505,89.24143967158615,92.43372999076676,0.01699580561326554,0.024865126397231485,0.07436312978508777,1.1659838785217695,1.1659838785217689,ad073a50a16d7be0,c4f1f825e3cfa5bc,True,True,0.7681999995838851,4.573599995637778,5.341799995221663,0.7580000019515865,1.5432000000146218,2.301200001966208
disturbance_step60,93,110.0,110.0,109.29018290302142,109.29018400623609,-0.709815993763911,288959.1791758336,optimal,288846.25491322804,False,False,11,8000,2.291641280294243e-06,3.3408392745570836e-06,10.0,1,0,0.003261732876787819,89.13735695783174,90.2745222771068,93.46608723287677,0.022318636677728453,0.03249591316190313,0.09474197125077743,89.13735695783174,90.27452227710678,93.46333063270394,0.022318636677728425,0.03249591316190308,0.09474197125077734,1.1764364033105512,1.1764105245654146,fd555ac23979c192,ffa33106e2a9d141,True,True,0.7495999961975031,4.915700003039092,5.665299999236595,0.7353999972110614,1.335000000835862,2.0703999980469234
disturbance_step60,94,106.0,106.0,105.2901840062361,105.2901840062361,-0.7098159937638968,605155.8344626818,optimal,605238.4020268051,False,False,13,8000,1.263804549012093e-06,1.8428726855646005e-06,6.943230098216375,0,0,0.003848894745042404,90.2290179654335,91.389544323619,94.57421050957723,0.029442591420848537,0.04265919577798783,0.12088642900465667,90.22901796543348,91.38851977058714,94.56639741331459,0.029442591420848506,0.0426591957779877,0.12087563483070668,1.1902587614563993,1.1901731768179158,59da38f0ff8ee79c,4b74e2b0ac12b2c0,True,True,0.7478999978047796,4.604200003086589,5.352100000891369,0.7553999967058189,1.3143000032869168,2.0696999999927357
disturbance_step60,95,102.0,102.0,101.29018400623613,101.29018400623613,-0.7098159937638684,1340507.519728554,optimal,1339800.6659922577,False,False,20,8000,1.4826727579020371e-06,2.1488527268687108e-06,0.0,0,0,0.004509641147510022,91.4246752054421,92.61460828609863,95.77811909850907,0.039071696073268124,0.05632984397753944,0.15445459654314386,91.42391360865672,92.61136803379759,95.76286106741604,0.03907169607326809,0.05632772196863028,0.15440381027971073,1.2088659469031262,1.208667648736994,34693ad20acd24cb,31482ca4747a2016,True,True,0.7513000018661842,5.261999998765532,6.013300000631716,0.7620000033057295,1.6231999979936518,2.3852000012993813
disturbance_step60,96,97.99999999999999,97.99999999999999,97.29018270396809,97.29018400623613,-0.7098159937638542,3271299.6633869177,optimal,3261887.092972901,False,False,33,8000,2.720878725881448e-06,3.9709791117559234e-06,0.0,1,0,0.005104458346544336,92.76560746816821,93.99231874390698,97.10872997655582,0.0522696741329107,0.07495808183171102,0.1975406500572509,92.76295072158499,93.9852084145497,97.0835047056174,0.05226815155053788,0.07494657188913584,0.19738912086066115,1.2343664518032358,1.2339730437563357,cdfb2fe9745a92d9,1c7596b95d22e1de,True,True,0.7493000011891127,6.560499998158775,7.309799999347888,0.8988999979919754,2.41690000257222,3.315800000564195
disturbance_step60,97,93.99999999999999,93.99999999999999,93.29018322003049,93.29018400623613,-0.7098159937638542,9203376.6103299,optimal,9133844.375898393,False,False,62,8000,1.6578089656604789e-06,2.421381803507927e-06,63.24268901307596,0,0,0.005622289883769815,94.31516012294976,95.58789313663982,98.61142780048097,0.07070986077307746,0.10078790688311641,0.25274618298479445,94.3089298929238,95.57470163232087,98.57304845095517,0.07070073481931168,0.10074737472898787,0.25238370249320496,1.269940209939403,1.2692140375010241,23acfdbe52b87590,99192a94bf4f733d,True,True,0.774600004660897,4.91669999610167,5.691300000762567,0.7718999986536801,3.606400001444854,4.378300000098534
disturbance_step60,98,89.99999999999999,89.99999999999999,89.29018313324475,89.29018400623613,-0.7098159937638542,31473503.19450121,optimal,30988075.023899842,False,False,95,8000,1.616083835642712e-06,2.344804532761202e-06,251.8502838933614,0,0,0.006082109702893155,96.17650253830897,97.50699746975269,100.34701854018327,0.09717696045308008,0.13746626877540785,0.3231892385477368,96.16419918723302,97.48437366829032,100.29110727337459,0.09714185241473472,0.1373488745176455,0.3224314088503055,1.3202260222477717,1.318933732202161,f4b0315923188288,de8803b12b1fcc03,True,True,0.7515000033890828,5.450500000733882,6.202000004122965,0.7984999974723905,5.409600002167281,6.208099999639671
disturbance_step60,99,85.99999999999999,85.99999999999999,85.2901840062361,85.29018400623613,-0.7098159937638542,138759903.1753741,optimal,134988446.4263837,False,False,100,8000,3.8853701482821634e-06,5.776622690412125e-06,714.8685325522538,0,0,0.006786413557684903,98.53107651626236,99.92998798787444,102.3890623188115,0.13666545425539023,0.191308954893827,0.4122361629788638,98.50844379555055,99.89220635007197,102.30957359750482,0.13655349186351676,0.19100007978811595,0.4107997646582728,1.3910308411919097,1.388801856503929,84778100d664776c,060585cba44bfa8b,True,True,0.8682999978191219,4.856100000324659,5.724399998143781,0.7777999999234453,7.531299997936003,8.309099997859448
disturbance_step60,100,81.99999999999999,81.99999999999999,81.29018400623615,81.29018400623615,-0.70981599376384,801701771.0994797,optimal,767775274.9083583,False,False,89,8000,2.147406135577512e-06,3.2356878376660347e-06,1983.0752479212165,0,0,0.007635533102643849,101.7298495094103,103.1887218184508,104.80579776825557,0.1990954171006345,0.2741489413507582,0.5223598876278202,101.68833349295045,103.12464727846174,104.69555027497987,0.19876303339346857,0.27336518421151434,0.519873838271754,1.4837194364268789,1.4801893904176926,913eab813b0bd973,3e2df348d13ca9c3,True,True,0.7838000019546598,5.023199999413919,5.8070000013685785,0.7675000015296973,7.988099998328835,8.755599999858532
disturbance_step60,101,78.03813156867311,78.03813156867311,77.29018400623629,77.29018400623629,-0.7479475624368206,4175120458.4899545,optimal,3989227044.583185,False,False,60,8000,1.0737574712038622e-05,1.5588207063821358e-05,4774.121319670302,0,0,0.009475378792581165,106.5509911834372,107.95331338694504,107.60359132900184,0.30715133621762075,0.4102286982707983,0.6516778674802328,106.46956656247703,107.83821639033681,107.45877323785024,0.30614980634327943,0.4082233032250435,0.647856284083679,1.55102371541951,1.5478043176158558,791b68a93529fcef,1d53dc1588d0b4fe,False,True,0.8295000006910414,6.437299998651724,7.266799999342766,0.7668000034755096,6.836399996245746,7.603199999721255
disturbance_step60,102,74.03813156867312,74.03813156867312,73.29018321482428,73.29018400623629,-0.7479475624368348,238321883.575637,optimal,389109000.3188848,False,False,30,8000,1.5196486984336843e-06,2.207150538779956e-06,860.4071513562362,0,0,0.3630247077430557,115.0823788303818,115.65360218067178,110.64010773872083,0.5237138995571208,0.6517325507792168,0.786453625869055,114.89434270002431,115.42783530483347,110.47258261783594,0.5203532418365276,0.6464843910635003,0.7816789113863882,1.2072504659872818,1.1966588853418707,9b82b715ef4a5243,1874f7f5e0d25dd0,True,True,0.8447000000160187,4.881300003034994,5.726000003051013,0.753700005589053,3.893699999025557,4.64740000461461
disturbance_step60,103,78.03813156867312,78.03813156867312,77.29018400623627,77.29018400623627,-0.747947562436849,-66649.877674032,optimal,-66263.27126342454,True,True,651,8000,6.716268785567081e-07,9.744292279734168e-07,10.0,0,0,1.4286459242812998e-07,133.774624741594,127.50534349168873,113.84183460475315,1.0,1.0,0.8962183904181259,133.23039614907236,127.1456970865196,113.67625994937278,1.0,1.0,0.8921636062609982,1.0804137791964283,1.0113195922253124,1570c3955fffaf77,26bd3ccef9b41075,True,True,0.8136000033118762,4.751599997689482,5.565200001001358,0.7650000043213367,18.486199995095376,19.251199999416713
disturbance_step60,104,82.03813156867312,82.03813156867312,81.29018440822664,81.29018400623627,-0.747947562436849,-63416.027647033785,optimal,-63375.11741341484,True,True,201,8000,6.849653289009439e-07,9.953203026213941e-07,10.0,0,0,3.356359061258345e-06,129.11438335041444,124.75711093389647,117.91761001472432,1.0,1.0,0.9587588971493896,128.7073630781588,124.4009915400295,117.74011684826328,1.0,1.0,0.9567328413211416,0.9819295467215731,0.9819055469474959,1e2e0fac0093782d,af2234b4ee57db94,True,True,0.8167999985744245,4.711399997177068,5.528199995751493,0.7635000001755543,7.27059999917401,8.034099999349564
disturbance_step60,105,86.03813156867312,86.03813156867312,85.29018400623626,85.29018400623626,-0.7479475624368632,-72395.9862001426,optimal,-72493.7249184722,True,True,201,8000,6.462309585231196e-07,9.374376457316203e-07,10.0,0,0,1.2559705490796177e-05,125.8754249341831,123.83453436177271,117.2962081007291,1.0,1.0,0.9872982127624542,125.5062415958372,123.52588699336337,117.08886649307466,1.0,1.0,0.9866245803595061,0.9822446974044972,0.9822368655924558,7424212af76307ac,c6006fbb7457da92,True,True,0.7549000001745299,5.22369999816874,5.97859999834327,0.8166000043274835,6.667599998763762,7.484200003091246
disturbance_step60,106,90.03813156867311,90.03813156867311,89.29018400623626,89.29018400623626,-0.747947562436849,-78490.92485556993,optimal,-78599.97164545237,False,False,8000,8000,6.778796972639611e-07,9.833451999341492e-07,10.0,0,0,6.853210572940638e-06,124.35833831112583,122.16296029172653,116.62855613627805,1.0,1.0,0.9919929246894246,124.03415410768999,121.86946594159056,116.38722537333531,1.0,1.0,0.9915526801434591,0.9822952782212457,0.9822900889660864,f78d0ca021e183d4,262e02f01b9464a9,True,True,1.15899999946123,5.093799998576287,6.252799998037517,0.7805999994161539,211.99399999750312,212.77459999691928
disturbance_step60,107,94.03813156867311,94.03813156867311,93.29018400623626,93.29018400623626,-0.747947562436849,-82654.55560898548,optimal,-82750.52586022543,False,False,8000,8000,6.308318205583419e-07,9.142709673781724e-07,10.0,0,0,5.942163888853777e-06,122.72641415467727,120.92193542897357,115.90520522021144,1.0,1.0,0.9941733918630733,122.42504311258101,120.63642227951468,115.64905542890784,1.0,1.0,0.9938375393831614,0.9823185481257528,0.9823145162527224,2e29ac2a0187ee08,d4c405af278883c0,True,True,0.7728999989922158,4.5775000035064295,5.350400002498645,0.7430999976349995,216.56049999728566,217.30359999492066
disturbance_step60,108,98.0381315686731,98.0381315686731,97.29018400623626,97.29018400623626,-0.7479475624368348,-84888.61173937577,optimal,-84995.60693080597,False,False,8000,8000,6.270232120186847e-07,9.087511303462747e-07,10.0,0,0,7.769550396415403e-06,121.38506319085596,119.72802924391823,115.24338856643855,1.0,1.0,0.9954137998537066,121.09548004033763,119.44753570730687,114.97653805574556,1.0,1.0,0.9951395165635947,0.9823316666332211,0.9823283025069456,b88bf7960171fe3f,0ae20b50df89981b,True,True,0.7863999999244697,5.95939999766415,6.74579999758862,0.8249000020441599,206.7497000025469,207.57460000459105
disturbance_step60,109,102.0381315686731,102.0381315686731,101.29018400623626,101.29018400623626,-0.7479475624368348,-85677.61982925516,optimal,-85823.06097814988,True,True,251,8000,6.7240569023852e-07,9.75402838498951e-07,10.0,0,0,6.588864556217069e-06,120.15331462538435,118.67708501296283,114.56506572238766,1.0,1.0,0.9962119791873879,119.87048819757004,118.3982838552926,114.28999881379306,1.0,1.0,0.9959785759072152,0.9823399824543299,0.9823370485338786,c281e92546b08dcd,d746f22cda9025d9,True,True,0.789099998655729,4.640200000721961,5.42929999937769,0.7411000042338856,7.801400002790615,8.5425000070245
disturbance_step60,110,106.0381315686731,106.0381315686731,105.29018400623626,105.29018400623626,-0.7479475624368348,-85582.4946042428,optimal,-85784.26805978044,False,False,8000,8000,6.739374072139981e-07,9.85511105611181e-07,10.0,0,0,1.0782253467059364e-05,119.05596613064333,117.69743394396978,113.92831976887962,1.0,1.0,0.9967619318119126,118.77613186888256,117.41852462171299,113.64574688251504,1.0,1.0,0.9965574549337541,0.982345595924824,0.9823429544255541,55bc46e0e4c49565,daf97190e35e2d75,True,True,0.7656999950995669,4.699800003436394,5.465499998535961,0.7422999988193624,262.4470000009751,263.18929999979446
disturbance_step60,111,110.0381315686731,110.0381315686731,109.29018400623626,109.29018400623626,-0.7479475624368348,-83446.22231754247,optimal,-85242.07111256637,True,True,251,8000,6.795623050948052e-07,9.873573825203152e-07,10.0,0,0,2.0253122201384876e-05,118.04610747616337,116.80148642531118,113.33077756541095,1.0,1.0,0.9971626097763341,117.76696076393004,116.52087168152337,113.04117491365346,1.0,1.0,0.9969796346373732,0.9823471648356903,0.9823471345862134,2f6bd6a3530ccb18,77d6b199402922fa,True,True,0.8218000002671033,4.705499995907303,5.527299996174406,0.9948000006261282,8.78750000265427,9.782300003280398
disturbance_step60,112,114.0381315686731,114.0381315686731,113.29018442678294,113.29018400623626,-0.7479475624368348,-79225.92189311466,optimal,-81417.26493018311,False,False,8000,8000,6.53100002523388e-07,9.489092214209904e-07,10.0,0,0,5.490002394465698e-06,117.12092414073678,115.97411035662049,112.78963910556537,1.0,1.0,0.9974668982584641,116.84068617399738,115.69070068005412,112.49315210155271,1.0,1.0,0.997300509813275,0.9823449972915095,0.9823454178751706,c5fa86afdf9bcf85,008d8aec6d03cdf7,True,True,0.8647000067867339,4.563499998766929,5.428200005553663,0.7679999980609864,234.23300000285963,235.0010000009206
disturbance_step60,113,118.03813156867308,118.03813156867308,117.29018437587152,117.29018400623626,-0.7479475624368206,-75421.16409684355,optimal,-77669.60500603278,True,True,551,8000,6.744541423131523e-07,9.799351214923036e-07,10.0,0,0,2.4084629118885e-07,116.2684453873239,115.21676870213514,112.3083146686418,1.0,1.0,0.9977061821574403,115.98584974466803,114.92967737791295,112.00503269280782,1.0,1.0,0.9975529955241861,0.9823422529066741,0.9823428882841985,59eeac8576964acd,cfbffeac9e0f797f,True,True,0.8115000018733554,4.575099999783561,5.386600001656916,0.8555999957025051,18.567600003734697,19.4231999994372
disturbance_step60,114,122.03813156867307,122.03813156867307,121.29018400623626,121.29018400623626,-0.7479475624368064,-72189.25562891937,optimal,-74453.97470681832,False,False,8000,8000,6.168957042973489e-07,8.754233435936953e-07,10.0,0,0,0.00011596179341618502,115.48668635896172,114.52665524990293,111.89216207314153,1.0,1.0,0.9978998552474622,115.20074887208452,114.23521722457562,111.58210909614252,1.0,1.0,0.9977574567242582,0.9823387556202168,0.9823397003744336,03e2ae8b1dbcb030,3b79c152b514cb02,True,True,0.9673000022303313,5.476899998029694,6.444200000260025,0.8345000023837201,314.2002999957185,315.03479999810224
disturbance_step60,115,126.03813156867305,126.03813156867305,125.29018400623626,125.29018400623626,-0.7479475624367922,-69419.28271866453,optimal,-71688.82253881777,False,False,8000,8000,5.544115140310168e-07,8.076603599249665e-07,10.0,0,0,0.0002674961067491265,114.77305164823258,113.90430341044879,111.54300816198811,1.0,1.0,0.9980605677578146,114.48302536138978,113.60799111573715,111.22619957591827,1.0,1.0,0.9979271907058457,0.9823342476657628,0.9823356478047003,c5336ed62b41f26e,238ce3cca0d70e2f,True,True,0.8210000014514662,5.005400002119131,5.826400003570598,1.1369999992894009,305.4109000004246,306.547899999714
disturbance_step60,116,130.0,130.0,129.29018400623625,129.29018400623625,-0.7098159937637547,-66833.44414153982,optimal,-69095.33860424595,False,False,8000,8000,5.654693637779928e-07,8.237691755397236e-07,10.0,0,0,0.00043438693975419724,114.12727164015024,113.34956443159513,111.26238364043823,1.0,1.0,0.9981968508593478,113.83257267826097,113.04797056243677,110.93882877542356,1.0,1.0,0.998071173424665,0.982328339828618,0.9823304301115438,e071f1b12997eee8,a8d15eafe91e53b8,False,True,0.8324000009451993,5.522200000996236,6.354600001941435,0.8028000011108816,339.37760000117123,340.1804000022821
disturbance_step60,117,130.0,130.0,130.0,130.0,0.0,-64037.48362954954,optimal,-66337.30408463649,False,False,8000,8000,5.952475845560912e-07,8.671495477230451e-07,10.0,0,0,0.00041659884882183315,113.54916656254154,112.86286884823865,111.0507491050081,1.0,1.0,0.9983146587421368,113.24934230303634,112.55567532524131,110.72046371611904,1.0,1.0,0.9981956745778627,0.9823204116927158,0.9823235892496546,e2e3e4c610398699,4accb6ca12fb9402,False,False,0.8711999980732799,4.906900001515169,5.7780999995884486,0.7579999946756288,336.69360000203596,337.4515999967116
disturbance_step60,118,130.0,130.0,129.99999999999997,129.99999999999997,-2.842170943040401e-14,-60725.91926862418,optimal,-63105.27701640995,False,False,8000,8000,6.830621401832104e-07,9.924415378392837e-07,10.0,0,0,0.00034928943324291775,113.03901031218754,112.44443153388227,110.90822664932392,1.0,1.0,0.9984182586777882,112.73370814454908,112.13139434878406,110.57123406476478,1.0,1.0,0.998305190930697,0.9823094097171395,0.9823143910650317,3e8fd18a962d00d1,de868091368f1804,False,False,0.8335000020451844,4.701600002590567,5.535100004635751,0.8091000054264441,354.8107999959029,355.61990000132937
disturbance_step60,119,130.0,130.0,130.0,130.0,0.0,-57826.49625399577,optimal,-60115.877457584626,False,False,8000,8000,5.735029446896078e-07,8.311836667829198e-07,10.0,0,0,0.00020750117322527708,112.5970329111869,112.09445481562273,110.83454998842636,1.0,1.0,0.998510785924596,112.28598095388507,111.77538895733461,110.49088322570586,1.0,1.0,0.9984030286839282,0.9822933808111817,0.982301576038319,33a25baef701f0b4,af3d75bcacc82b2f,False,False,0.9244999964721501,4.684700004872866,5.609200001345016,0.7775999984005466,299.4212999983574,300.198899996758
disturbance_step60,120,130.0,130.0,130.0,130.0,0.0,-55258.80188328404,optimal,-57465.94123599339,False,False,8000,8000,6.856315053482831e-07,9.936927201081858e-07,10.0,0,0,8.563282680271277e-05,112.2234437946859,111.81297714372434,110.82925759706914,1.0,1.0,0.9985945934177068,111.90643474093356,111.48774634906363,110.47895894299951,1.0,1.0,0.9984916708125918,0.9822682218957247,0.9822827760762086,e7c75993fd6ffd4f,bd687302dbb5843e,False,False,0.9394000007887371,4.579699998430442,5.519099999219179,0.8181000011973083,304.0294000020367,304.847500003234
disturbance_step60,121,130.0,130.0,130.0,130.0,0.0,-52976.95109384229,optimal,-55091.8276604406,True,True,651,8000,6.82207556224057e-07,9.911997871370204e-07,10.0,0,0,1.6133496327977314e-07,111.91832529700504,111.59991469161587,110.89157542097189,1.0,1.0,0.998671481507641,111.59520464995174,111.2684226545904,110.53484405488793,1.0,1.0,0.998573018583352,0.9822233987551867,0.9822528976155114,b588bdb60ef9a4e2,8c788e71ae2545b0,False,False,0.8051999975577928,4.699300006905105,5.504500004462898,0.8062999986577779,25.5472999997437,26.353599998401478
disturbance_step60,122,130.0,130.0,130.0,130.0,0.0,-50918.17098054927,optimal,-52949.24072231975,True,True,401,8000,5.42242077017363e-07,7.899313843040545e-07,10.0,0,0,2.0593350786736558e-07,111.6816362375299,111.45498885139652,111.00528581447341,1.0,1.0,0.9987428500461848,111.35229275623216,111.11722746189024,110.64504078900514,1.0,1.0,0.9986485530818654,0.9821171038159503,0.9821977374793306,991652279634ca00,96a0c92431b3cd35,False,False,0.782000002800487,4.933099997288082,5.715100000088569,0.8031000033952296,23.603299996466376,24.406399999861605
disturbance_step60,123,130.0,130.0,129.92859956122965,129.92859956122965,-0.07140043877035396,-49020.58901613093,optimal,-50984.42045228984,True,True,251,8000,5.351431155986575e-07,7.755883588700385e-07,10.0,0,0,0.00014558975411302791,111.51315894516446,111.37208515519032,111.15873589160864,1.0,1.0,0.9988096640633951,111.17755805050516,111.02909591865813,110.79705918142294,1.0,1.0,0.9987193222606331,0.9817904672258074,0.9820508304151309,9f4cd98ae38b0418,cfa10f6dd64fc75f,False,False,1.2685999972745776,7.493000004615169,8.761600001889747,0.9170999983325601,19.183799995516893,20.100899993849453
disturbance_step60,124,130.0,130.0,129.8318054916152,129.8318054916152,-0.16819450838480066,-47248.89006041392,optimal,-49136.83108549474,True,True,251,8000,5.978845223353346e-07,8.742899781921665e-07,10.0,0,0,0.0003066402816413522,111.40829239203957,111.3452223346973,111.34175985451458,1.0,1.0,0.9988726095491126,111.06719940742039,110.99803351933706,110.98043953837347,1.0,1.0,0.9987860648749821,0.9825717492062652,0.9819434307294963,8fa94d86e8b7f11b,de980cfb83c1e4f0,False,False,0.8181000011973083,4.661899998609442,5.479999999806751,0.9234000026481226,13.77140000113286,14.694800003780983
disturbance_step60,125,130.0,130.0,129.74098078501302,129.74098078501302,-0.2590192149869779,-45577.42589674245,optimal,-47394.77326814774,False,False,8000,8000,6.767974696231249e-07,9.896848540691394e-07,10.0,0,0,0.00041542948020994644,111.36140955490812,111.36737684390128,111.54716222035977,1.0,1.0,0.9989321734964655,111.015785262536,111.01720138935288,111.18743900263821,1.0,1.0,0.9988493034812241,0.9837810165945111,0.98273732308288,f2d4705c2f79404f,7ea06c1a6f9600f3,False,False,0.8002999966265634,4.609100004017819,5.409400000644382,0.7561000020359643,443.93209999543615,444.6881999974721
disturbance_step60,126,129.99999999999997,129.99999999999997,129.6550062508673,129.6550062508673,-0.34499374913266934,-43986.67457010304,optimal,-45745.294202888035,False,False,8000,8000,6.773164358264694e-07,9.867058512469384e-07,10.0,0,0,0.0004762913813053567,111.3658453117438,111.43198028195519,111.76937658490738,1.0,1.0,0.9989887121437093,111.01683793389402,111.07994772721838,111.41218698085228,1.0,1.0,0.9989094157050037,0.9848332130150947,0.983841012496186,4278d9bf75607da3,ed15b73cf9f1dd49,False,False,0.7646000012755394,4.54600000375649,5.310600005032029,0.7524000029661693,449.3962999986252,450.14870000159135
disturbance_step60,127,130.0,130.0,129.57302880600412,129.57302880600412,-0.42697119399588246,-42461.943816506755,optimal,-44172.10789949444,False,False,8000,8000,5.809152980873478e-07,8.494756498222955e-07,10.0,0,0,0.0004917976620170735,111.41500643776413,111.53280071417653,112.00426739017699,1.0,1.0,0.9990424906647646,111.06375030858504,111.17997580065497,111.6502840261501,1.0,1.0,0.9989666795045202,0.985762053895777,0.9848141440307571,8ae5b76fb4de5804,26868e747e135a7f,False,False,0.7687999968766235,4.7484000024269335,5.517199999303557,0.7800999956089072,480.29610000230605,481.07619999791496
disturbance_step60,128,130.0,130.0,129.49439172460248,129.49439172460248,-0.5056082753975204,-40992.133223095254,optimal,-42662.74227771577,False,False,8000,8000,5.909247136060003e-07,8.641124482622331e-07,10.0,0,0,0.000463241864285912,111.5025682715213,111.66425109020672,112.24861930968395,1.0,1.0,0.9990937116016553,111.15014599371445,111.31157868657073,111.89806728795203,1.0,1.0,0.9990213041578994,0.9865931674708228,0.9856843950421663,8ab4d9c8388e49a1,6f0c6668bfac076d,False,False,0.8505000005243346,5.310499996994622,6.160999997518957,0.7915999958640896,459.3975000025239,460.189099998388
disturbance_step60,129,130.0,130.0,129.41859386822517,129.41859386822517,-0.5814061317748269,-39568.89070826706,optimal,-41207.72534271556,True,True,251,8000,5.950791290842972e-07,8.701874394390074e-07,10.0,0,0,0.000390949336687124,111.62275445137912,111.82135171479962,112.49993114094396,1.0,1.0,0.9991425331965967,111.27014624368725,111.4695603641756,112.15261173368759,1.0,1.0,0.9990734488111812,0.9873460823970283,0.9864728984088477,dd0ed77482588d36,38c455fa146135da,False,False,0.8057000013650395,4.571400000713766,5.377100002078805,0.7713999948464334,15.022500003396999,15.793899998243432
disturbance_step60,130,130.0,130.0,129.3865656359602,129.3865656359602,-0.6134343640397901,-38185.93821083902,optimal,-39800.65059948024,False,False,8000,8000,6.275840434000202e-07,9.095639201817107e-07,10.0,0,0,0.00025567662793908185,111.77038081399942,111.99974798165934,112.75620992050973,1.0,1.0,0.9991890823958911,111.41837981325307,111.64931512683282,112.4116186791833,1.0,1.0,0.9991232371683827,0.988035738497203,0.9871957871577012,f2f5293cc4e71ac9,ff426e6cdf45db79,False,False,0.8409000001847744,4.615600002580322,5.456500002765097,0.7474000012734905,427.0087999975658,427.7561999988393
disturbance_step60,131,128.20438219169188,128.20438219169188,129.40532583398704,129.40532583398704,1.200943642295158,-36846.172859647275,optimal,-38444.079750692785,False,False,8000,8000,6.002284891337695e-07,8.699172555637347e-07,10.0,0,0,8.875580682527369e-05,111.94087984345715,112.19565471895983,113.0158552355551,1.0,1.0,0.9992334638690119,111.59004451677002,111.84681019537157,112.67327909180337,1.0,1.0,0.9991707684508879,0.9886735775277303,0.987865360299897,7858e515537e408b,cf496f8deef63bec,False,False,0.8779000054346398,6.3808999984757975,7.258800003910437,0.8175999973900616,410.81860000122106,411.6361999986111
disturbance_step60,132,125.33682083546545,125.33682083546545,128.64363887204647,128.64363887204647,3.3068180365810207,-35172.163192058506,optimal,-37133.88320611325,True,True,651,8000,6.381042396697012e-07,9.248109735793264e-07,10.0,0,0,2.1133250555201876e-07,112.13026557571604,112.40580799420918,113.27756584800689,1.0,1.0,0.9992757665369296,111.7809101033588,112.05855332912083,112.93615679063448,1.0,1.0,0.99921612529971,0.9892683668102683,0.9884909737543646,21750cf90efdac1c,2c1b55993c50c9f6,False,False,0.8365000030607916,4.709900000307243,5.546400003368035,0.7872999995015562,34.386500003165565,35.17380000266712
disturbance_step60,133,122.24944550325483,122.24944550325483,126.2013398987193,126.2013398987193,3.951894395464464,-33405.493401913445,optimal,-35700.101000267416,True,True,551,8000,6.198623907494039e-07,8.983728720934891e-07,10.0,0,0,1.4779861649482531e-07,112.33508876556844,112.62740499543708,113.54027751217978,1.0,1.0,0.9993160682882717,111.98729491863509,112.28154217044565,113.19910260269067,1.0,1.0,0.9992593794062983,0.9898268168655704,0.9890797186078509,bfe20824981d9edd,305c9efe16cdcf72,False,False,0.7694000014453195,4.454800000530668,5.224200001975987,0.7546999986516312,30.346200001076795,31.100899999728426
disturbance_step60,134,119.3299384164741,119.3299384164741,123.22872895220272,123.22872895220272,3.898790535728608,-31772.900073786222,optimal,-33991.98331860297,True,True,451,8000,5.973845844664538e-07,8.657955676838469e-07,10.0,0,0,2.0611954757933376e-07,112.55238069098141,112.85804882671286,113.80311491766206,1.0,1.0,0.9993544394355568,112.20602226032982,112.51321066379745,113.4611905950984,1.0,1.0,0.9993005955265004,0.9903540541409377,0.9896369432679976,d4511d10272403a8,025dbf74d0d171ba,False,False,1.1168000055477023,6.106599998020101,7.223400003567804,1.0935999962384813,38.24870000244118,39.342299998679664
disturbance_step60,135,116.74392229118156,116.74392229118156,120.28078738622735,120.28078738622735,3.5368650950457834,-30358.541640350606,optimal,-32331.483254794835,True,True,451,8000,5.747875206907338e-07,8.33045402437449e-07,10.0,0,0,2.313637519771052e-07,112.77959769422591,113.09569559175361,114.06535636440817,1.0,1.0,0.9993909452349551,112.43436934760587,112.7513753817363,113.7218320512254,1.0,1.0,0.9993398343228717,0.9908539844389657,0.9901665865007603,44abaeb0cbeb2233,0277d635219e51bd,False,False,0.8404000036534853,6.533400002808776,7.373800006462261,1.3579000005847774,34.67280000040773,36.03070000099251
disturbance_step60,136,114.54603316469446,114.54603316469446,117.60328859714558,117.60328859714558,3.0572554324511145,-29180.082414139742,optimal,-30854.444230114274,True,True,501,8000,6.668851142421772e-07,9.715094275719593e-07,10.0,0,0,2.2171903968917582e-07,113.01456761294597,113.33860707083669,114.31943272217528,1.0,1.0,0.9994256477120351,112.67001432549398,112.99424514436157,113.98072073573115,1.0,1.0,0.9993771551583968,0.991332288531963,0.9906715122980453,00216081d439edb4,4030808b1ece99bb,False,False,1.1293999996269122,4.772599997522775,5.901999997149687,0.7659999973839149,28.308500004641246,29.07450000202516
disturbance_step60,137,112.73595638391095,112.73595638391095,115.28825944927357,115.28825944927357,2.552303065362622,-28225.81280128309,optimal,-29603.40241739834,True,True,551,8000,6.452618492858164e-07,9.400089435729342e-07,10.0,0,0,2.1659125422085024e-07,113.25544085404685,113.58271656934637,114.55581475424653,1.0,1.0,0.9994585761495256,112.91102981389716,113.24038344769201,114.23455487872997,1.0,1.0,0.999412617887272,0.9917943675253464,0.9911550580622026,54f2c1f5b715c61d,2479ce9f02af67fe,False,False,0.7863999999244697,4.470100000617094,5.256500000541564,0.7502000007661991,29.99459999409737,30.74479999486357
disturbance_step60,138,111.28739065065227,111.28739065065227,113.35788939684139,113.35788939684139,2.0704987461891164,-27472.57044285314,optimal,-28577.252400209225,True,True,601,8000,6.271175436722842e-07,9.135765406398377e-07,10.0,0,0,1.902093434007642e-07,113.49871975221238,113.82275115100055,114.76614367296688,1.0,1.0,0.999489728591989,113.15585332322199,113.48747807407777,114.47445861801266,1.0,1.0,0.999446269286895,0.9922442714024818,0.9916219853959024,02910b1e72416dbe,cb4e36097e4696ba,False,False,0.833700003568083,4.602399996656459,5.436100000224542,0.7728000055067241,33.06099999463186,33.83380000013858
disturbance_step60,139,110.16343192294347,110.16343192294347,111.7966537612311,111.7966537612311,1.633221838287625,-26894.325132684593,optimal,-27758.147603973583,True,True,651,8000,5.84051079499659e-07,8.540607572271597e-07,10.0,0,0,1.5019344523443887e-07,113.73958700261645,114.05295077255732,114.94480731873445,1.0,1.0,0.9995190876132133,113.40236505697155,113.73105593181886,114.69177942766004,1.0,1.0,0.9994781232235057,0.992684140188834,0.9920761894739393,f0a7f6b26dd96773,94298ce09cbe472d,False,False,0.9227999980794266,4.965300002368167,5.888100000447594,0.793100000009872,35.76529999554623,36.5583999955561
disturbance_step60,140,109.3244498696393,109.3244498696393,110.55840447776008,110.55840447776008,1.2339546081207828,-26465.985946390778,optimal,-27121.775599598768,True,True,651,8000,5.725166687398087e-07,8.371939506091053e-07,10.0,0,0,2.0500500595085178e-07,113.97252452016626,114.26796074522008,115.08899100010129,1.0,1.0,0.9995466388080485,113.64669590748007,113.96596520319473,114.879838923854,1.0,1.0,0.9995081723926232,0.9931143626565089,0.9925201176698456,68d906639acf1b58,083c473c845cd955,False,False,0.8223999975598417,4.523300005530473,5.345700003090315,0.7506000038119964,34.11989999585785,34.870499999669846
disturbance_step60,141,108.73189320518215,108.73189320518215,109.62744809815038,109.62744809815038,0.8955548929682351,-26164.849475678737,optimal,-26640.537242709717,True,True,701,8000,5.635147743987545e-07,8.240303737139243e-07,10.0,0,0,1.3874067766774008e-07,114.19213567965451,114.46330969792463,115.19824782203774,1.0,1.0,0.9995723840483831,113.88402327046042,114.18696343585076,115.03480152276278,1.0,1.0,0.999536405061763,0.9935339974486356,0.9929545058503424,5e59100e70118378,fd290c6f5a147994,False,False,0.7783999972161837,4.403600003570318,5.182000000786502,0.7460999986506067,37.02030000567902,37.766400004329626
disturbance_step60,142,108.34987191230555,108.34987191230555,108.9468773200039,108.9468773200039,0.5970054076983615,-25970.905319520814,optimal,-26295.87571579426,True,True,701,8000,5.570629610929245e-07,8.145958405592069e-07,10.0,0,0,1.6820067081325714e-07,114.39371163928688,114.6356781557782,115.27387264164038,1.0,1.0,0.9995963482596015,114.10921244949496,114.38948711812147,115.15532093892512,1.0,1.0,0.9995628205896997,0.9939413019416025,0.9933787168466545,ba99dd323c6bdbb0,ebf563ad86763a72,False,False,0.7972000021254644,4.501499999605585,5.298700001731049,0.7626000005984679,38.07800000504358,38.840600005642045
disturbance_step60,143,108.1456204566222,108.1456204566222,108.48573814685274,108.48573814685274,0.3401176902305423,-25866.6522350889,optimal,-26063.27538497535,True,True,701,8000,5.526303255010134e-07,8.081139410975879e-07,10.0,0,0,1.960214809019906e-07,114.57357633676706,114.7829452753729,115.31833274106334,1.0,1.0,0.9996185804925527,114.31755333572528,114.56995619971484,115.24203643042884,1.0,1.0,0.9995874384271225,0.9943342080273839,0.9937911845389487,825013ea9f81e918,e513c0ba74129c3e,False,False,0.7709999990765937,4.351299998234026,5.12229999731062,0.8669000017107464,36.646799999289215,37.51370000099996
disturbance_step60,144,108.08945645344396,108.08945645344396,108.21300431431251,108.21300431431251,0.1235478608685554,-25836.753031066084,optimal,-25925.83193163119,True,True,701,8000,5.499373401107732e-07,8.041759391730352e-07,10.0,0,0,2.211816822232059e-07,114.72920977460859,114.90411746191613,115.33479902147793,1.0,1.0,0.9996391512033199,114.50517584413231,114.72593882016116,115.29696679920153,1.0,1.0,0.9996103013142795,0.9947106924631807,0.9941898967710094,40f0b9189d571cb8,0ce9a0bbbc68d684,False,False,0.9267999994335696,5.398099994636141,6.32489999406971,0.9357000017189421,36.30500000144821,37.24070000316715
disturbance_step60,145,108.15457077871226,108.15457077871226,108.09922794663663,108.09922794663663,-0.05534283207562396,-25867.687840738934,optimal,-25868.137454074742,True,True,701,8000,5.487169261186864e-07,8.023913267152238e-07,10.0,0,0,2.430747656714691e-07,114.85922659974918,114.99918162786655,115.32679714879012,1.0,1.0,0.9996581475238354,114.66927898730286,114.8561227599023,115.32295920119545,1.0,1.0,0.999631473930402,0.9950690226348979,0.994572798625501,afe5a0d2e9c43737,e8d65156012e869a,False,False,0.818600005004555,4.603900000802241,5.422500005806796,0.759399998059962,37.12929999892367,37.88869999698363
disturbance_step60,146,108.31680740391548,108.31680740391548,108.13142473583353,108.13142473583353,-0.18538266808194237,-25947.469694759555,optimal,-25876.342947654473,True,True,751,8000,5.485819798423108e-07,8.021939930102917e-07,10.0,0,0,1.384859422630034e-07,114.96326152639186,115.06892991010209,115.2979586272018,1.0,1.0,0.9996756679252154,114.80816844656349,114.96018839134075,115.32339587815734,1.0,1.0,0.9996510387891032,0.995407891965202,0.9949380466505434,e69b68a6d2ba2bf3,f15e1ffff7587b59,False,False,0.8335000020451844,4.5897000018158,5.423200003860984,0.753400003304705,39.54949999751989,40.30290000082459
disturbance_step60,147,108.55449180998025,108.55449180998025,108.26183401883488,108.26183401883488,-0.2926577911453734,-26065.43749199349,optimal,-25940.690263327986,True,True,751,8000,5.496342652122621e-07,8.037326955090407e-07,10.0,0,0,1.4577484867957477e-07,115.04180963356329,115.11477957841136,115.25185164119253,1.0,1.0,0.9996918171640709,114.92117177353124,115.03868103551173,115.30181726814303,1.0,1.0,0.9996690913354135,0.9957264686892278,0.9952841970677563,dc727946b7b07d10,bbb9230796d25c8c,False,False,0.8024999988265336,4.46110000484623,5.263600003672764,0.7398000016110018,41.127799995592795,41.8675999972038
disturbance_step60,148,108.84831360247398,108.84831360247398,108.47225338649794,108.47225338649794,-0.37606021597603956,-26212.11753903603,optimal,-26045.330425783905,True,True,751,8000,5.514369973980138e-07,8.063688152759596e-07,10.0,0,0,1.5149775143046762e-07,115.09605150655283,115.1386045857245,115.19186991924144,1.0,1.0,0.9997067019854448,115.00852174312094,115.0928066050345,115.26176760245407,1.0,1.0,0.9996857347446765,0.9960243846907554,0.9956102678562528,082c052f1f33ceca,8fc264ba02a759e3,False,False,0.9429999990970828,5.283300000883173,6.226299999980256,0.8018000007723458,39.641900002607144,40.44370000337949
disturbance_step60,149,109.1812464511165,109.1812464511165,108.74454705171622,108.74454705171622,-0.43669939940026836,-26379.13588361152,optimal,-26181.388321274302,True,True,751,8000,5.538256857562374e-07,8.098617918506079e-07,10.0,0,0,1.5562238837194182e-07,115.1276831422975,115.14258603823099,115.12116300560938,1.0,1.0,0.9997204277525299,115.07117450768551,115.12427841302973,115.20666180294168,1.0,1.0,0.9997010754447994,0.996301687531151,0.9959157460592178,7faf2a8a0cf243e4,ea39fc6f935e2676,False,False,0.8091999989119358,4.476500005694106,5.285700004606042,0.7530000002589077,40.067699999781325,40.82070000004023
disturbance_step60,150,109.53848288297485,109.53848288297485,109.06178843667175,109.06178843667175,-0.47669444630309954,-26559.162457234368,optimal,-26340.56617960783,True,True,751,8000,5.566444798432713e-07,8.139837213150258e-07,10.0,0,0,1.582445231635586e-07,115.13876114146666,115.12908468224795,115.04259518486664,1.0,1.0,0.9997330959890011,115.11064905155322,115.13516079814342,115.13970901859427,1.0,1.0,0.9997152194899559,0.9965587737647029,0.9962005485337386,93e52d22b23ac13a,d7803334eaef0da3,False,False,0.8111999995890073,4.545100004179403,5.3563000037684105,0.7498999984818511,39.854999995441176,40.60489999392303
disturbance_step60,151,109.90736459232562,109.90736459232562,109.40878107565332,109.40878107565332,-0.49858351667229783,-26745.870697713886,optimal,-26515.373583191278,True,True,751,8000,5.597537153789744e-07,8.185303963514912e-07,10.0,0,0,1.595292867128609e-07,115.13156818999846,115.10053537288071,114.95872428145981,1.0,1.0,0.9997448027232008,115.12886974567688,115.12774090046138,115.06391403327582,1.0,1.0,0.9997282698529292,0.9967963162586181,0.9964649526520531,c427c332b0f8d903,b2dc4ab97e594f42,False,False,0.7843999992473982,4.529500001808628,5.313900001056027,0.759399998059962,39.09620000194991,39.85560000000987
disturbance_step60,152,110.27729528687097,110.27729528687097,109.77224983888158,109.77224983888158,-0.5050454479893887,-26933.900396465444,optimal,-26699.2113713684,True,True,751,8000,5.630305253134793e-07,8.233220576414624e-07,10.0,0,0,1.596731751334907e-07,115.1085000880818,115.05936211245641,114.87179433415976,1.0,1.0,0.9997556374867276,115.12803062377633,115.10443775728733,114.98194208531199,1.0,1.0,0.9997403246242061,0.9970151937108791,0.9967095426885799,3a239a389e2ce7f0,9d8ef039b1e7a094,False,False,0.785099997301586,5.115300002216827,5.900399999518413,0.8310999983223155,39.24160000315169,40.072700001474004
disturbance_step60,153,110.63962974807083,110.63962974807083,110.14089218676055,110.14089218676055,-0.49873756131027847,-27118.81573734603,optimal,-26886.399181944496,True,True,751,8000,5.663698487978763e-07,8.282051480179575e-07,10.0,0,0,1.5888265120125965e-07,115.07197359983537,115.00791153379627,114.78373818979527,1.0,1.0,0.9997656828180327,115.11049297495092,115.06767828443402,114.8961418551399,1.0,1.0,0.9997514757054738,0.9972164270580215,0.9969351323717176,d0f1f796b8544fbd,0176ebce7860d0c8,False,False,0.7837000011932105,4.520000002230518,5.303700003423728,0.7665000011911616,39.42310000275029,40.18960000394145
disturbance_step60,154,110.98753829574724,110.98753829574724,110.5053391099147,110.5053391099147,-0.48219918583254184,-27297.054200848648,optimal,-27072.166720146342,True,True,751,8000,5.69684289075667e-07,8.330518621590954e-07,10.0,0,0,1.5735931073436575e-07,115.02435335760036,114.94840254265283,114.69618735115806,1.0,1.0,0.9997750141374568,115.07866687161564,115.01983592810303,114.80854344187289,1.0,1.0,0.9997618081404387,0.997401124996978,0.9971426998150615,2a2277a38e82664a,f48647265ad720a5,False,False,0.9662999946158379,5.446500006655697,6.412800001271535,0.7988000070326962,39.993199992750306,40.791999999783
disturbance_step60,155,111.3158497535001,111.3158497535001,110.85806179801492,110.85806179801492,-0.4577879554851876,-27465.864941406726,optimal,-27252.62253836577,True,True,751,8000,5.729031329337886e-07,8.377587601415826e-07,10.0,0,0,1.5529062008060123e-07,114.96789566852833,114.88288988572837,114.6104872220772,1.0,1.0,0.9997836998827793,115.03493516025819,114.96317013471993,114.72087506559474,1.0,1.0,0.999771399863197,0.9975704392169064,0.9973333284442706,d7772fba238e567b,a4dc4b78651cce31,False,False,0.7792000033077784,4.598300001816824,5.3775000051246025,0.7753999962005764,38.6177000036696,39.393099999870174
disturbance_step60,156,111.62087834636314,111.62087834636314,111.19323906908146,111.19323906908146,-0.4276392772816848,-27623.23735663585,optimal,-27424.70454474988,True,True,751,8000,5.759714127862026e-07,8.422455302081744e-07,10.0,0,0,1.5284417452503272e-07,114.90470701073762,114.81323958086017,114.5277163566833,1.0,1.0,0.9997918018177213,114.98158895849743,114.89978877281537,114.63457618558587,1.0,1.0,0.9997803217576917,0.997725528950801,0.9975081590477832,4b1da927ece7aeda,e8827710282bae4a,False,False,0.8964000007836148,4.6284000054583885,5.524800006242003,0.7530000002589077,40.08600000088336,40.83900000114227
disturbance_step60,157,111.90024100028516,111.90024100028516,111.50659880634093,111.50659880634093,-0.39364219394423117,-27767.821924894663,optimal,-27586.116484809067,True,True,751,8000,6.17051128415369e-07,8.965318896159147e-07,10.0,0,0,1.493044695450503e-07,114.83671511730229,114.74111433964484,114.44870858756,1.0,1.0,0.9997993754469346,114.92078316658508,114.83161939013215,114.55081606157829,1.0,1.0,0.999788637915996,0.9978675339200183,0.9976683510830212,a06ee752b968b82b,8dbf0a4b5fdffa1c,False,False,0.7976000051712617,4.449100000783801,5.246700005955063,0.7655000008526258,39.54320000048028,40.30870000133291
disturbance_step60,158,112.1526715912678,112.1526715912678,111.79524260310926,111.79524260310926,-0.35742898815854574,-27898.846111913157,optimal,-27735.253593680336,True,True,751,8000,6.198700930326595e-07,9.006276098233457e-07,10.0,0,0,1.46511559378644e-07,114.76565071879968,114.66796730322577,114.37407706589585,1.0,1.0,0.9998064704886602,114.85450368333075,114.76039220018104,114.47051383302852,1.0,1.0,0.9997964060238016,0.9979975545096071,0.9978150529834118,666847719668b7a2,dbff0d42ac1dbcd1,False,False,0.7913000008556992,4.527299999608658,5.318600000464357,0.8788000050117262,40.12479999801144,41.003600003023166
disturbance_step60,159,112.37783813269989,112.37783813269989,112.05746322795581,112.05746322795581,-0.32037490474408514,-28016.028378200168,optimal,-27871.121301643278,True,True,751,8000,6.224382929076455e-07,9.043590285529035e-07,10.0,0,0,1.4370562411534576e-07,114.69303820097777,114.59504258382567,114.30423935761402,1.0,1.0,0.9998131313703256,114.78454634505275,114.68763099363396,114.3943612174817,1.0,1.0,0.9998036778169691,0.9981166379643519,0.99794938004336,0b562f638fe7ec3b,ed4754236b2a5350,False,False,0.9101000032387674,4.5699999973294325,5.4801000005682,0.7703999945078976,39.04239999974379,39.81279999425169
