scenario,step,Ta_cvx_raw,Ta_cvx_applied,Ta_snn_raw,Ta_snn_applied,control_diff_e_u,cvxpy_objective,cvxpy_status,snn_objective,snn_converged,snn_verified_converged,snn_iterations,snn_max_iterations,snn_constraint_residual,snn_constraint_residual_scaled,snn_bound_violation,snn_clipped,cvxpy_clipped,objective_gap_snn_vs_reference,Tc1_cvx,Tc2_cvx,Tc3_cvx,alpha1_cvx,alpha2_cvx,alpha3_cvx,Tc1_snn,Tc2_snn,Tc3_snn,alpha1_snn,alpha2_snn,alpha3_snn,rho_Ap_cvx,rho_Ap_snn,qp_fingerprint_cvx,qp_fingerprint_snn,slew_saturated_cvx,slew_saturated_snn
nominal_heatup,0,31.999999999999996,31.999999999999996,32.0,32.0,3.552713678800501e-15,-2198585.5400207387,optimal,-3156453.626663844,False,False,8000,8000,11.93596257930119,18.24541865154171,10.502894604128544,0,0,,28.0,28.0,28.0,1e-05,1e-05,1e-05,28.0,28.0,28.0,1e-05,1e-05,1e-05,1.0000008521941652,1.0000008521941652,c943bc3a67b5fa9d,c943bc3a67b5fa9d,True,True
nominal_heatup,1,36.0,36.0,41.11260573560642,36.0,0.0,-2379544.5573612694,optimal,-3329162.620553523,False,False,8000,8000,6.326806756315889,11.572124508882155,10.735043590191477,1,0,,28.000000056399145,28.000000056399145,28.000000056399145,1.0001630922571259e-05,1.0001630922571259e-05,1.0001630922571259e-05,28.000000056399145,28.000000056399145,28.000000056399145,1.0001630922571259e-05,1.0001630922571259e-05,1.0001630922571259e-05,1.0000008522669996,1.0000008522669996,831ca011373ab83a,831ca011373ab83a,True,True
nominal_heatup,2,40.0,40.0,44.24763426675883,40.0,0.0,-2557999.5068418547,optimal,-3478550.2726065577,False,False,8000,8000,9.496255559251487,14.80956836294278,10.25810934548705,1,0,,28.000000112803107,28.000000112803107,28.000000091841084,1.0003261984532805e-05,1.0003261984532805e-05,1.0003261984532805e-05,28.000000112803107,28.000000112803107,28.000000091841084,1.0003261984532805e-05,1.0003261984532805e-05,1.0003261984532805e-05,1.0000008523398338,1.0000008523398338,212c54f4398d5019,212c54f4398d5019,True,True
nominal_heatup,3,44.0,44.0,43.99999999999999,43.99999999999999,-7.105427357601002e-15,-2733615.558104433,optimal,-3569103.5492431135,False,False,8000,8000,10.159064888900915,16.17490355996123,10.502894604128551,0,0,,28.00000016921189,28.00000016142088,28.000000128607986,1.0004893185885736e-05,1.0004893185885736e-05,1.0004893185878145e-05,28.00000016921189,28.00000016142088,28.000000128607986,1.0004893185885736e-05,1.0004893185885736e-05,1.0004893185878145e-05,1.000000852412668,1.000000852412668,efbb3484c1da58e3,efbb3484c1da58e3,True,True
nominal_heatup,4,48.0,48.0,52.314249131339665,47.99999999999999,-7.105427357601002e-15,-2906059.851470105,optimal,-3682950.9016206427,False,False,8000,8000,8.977884304461043,13.723673868102699,10.502894604128553,1,0,,28.00000021983408,28.000000208534534,28.00000016274716,1.0006524526631151e-05,1.0006524526628329e-05,1.0006524526608854e-05,28.00000021983408,28.000000208534534,28.00000016274716,1.0006524526631151e-05,1.0006524526628329e-05,1.0006524526608854e-05,1.000000852485502,1.000000852485502,d36920b10683f4f8,d36920b10683f4f8,True,True
nominal_heatup,5,52.0,52.0,52.000000000000014,51.99999999999999,-7.105427357601002e-15,-3075002.7437421586,optimal,-3783449.9032534305,False,False,8000,8000,7.137799196257433,11.044023519925325,10.502894604128585,0,0,,28.00000026785304,28.000000252134775,28.015534364180088,1.0008156006768049e-05,1.0008156006761134e-05,1.0008156006725072e-05,28.00000026785304,28.000000252134775,28.015534364180088,1.0008156006768049e-05,1.0008156006761134e-05,1.0008156006725072e-05,1.0000008535389835,1.0000008535389835,9300261e3235a71e,9300261e3235a71e,True,True
nominal_heatup,6,55.99999999999999,55.99999999999999,55.99999999999999,55.99999999999999,0.0,-3240118.7683481663,optimal,-3875176.2349380204,False,False,8000,8000,4.480099215309835,6.732800758633291,10.0,0,0,,28.000000312592185,28.00577391978186,28.057459750004423,1.000978762629658e-05,1.000978762628397e-05,1.0009793262776227e-05,28.000000312592185,28.00577391978186,28.057459750004423,1.000978762629658e-05,1.000978762628397e-05,1.0009793262776227e-05,1.0000008566302483,1.0000008566302483,1c770da0a09e78ca,1c770da0a09e78ca,True,True
nominal_heatup,7,60.0,60.0,63.231303630697774,59.99999999999999,-7.105427357601002e-15,-3401087.3747966266,optimal,-4047868.3549803123,False,False,8000,8000,4.0820763076172,7.313892343505671,10.258109345487219,1,0,,28.004292153377847,28.022838296226645,28.135109522234508,1.001141938521665e-05,1.0011421478125678e-05,1.0011445967490528e-05,28.004292153377847,28.022838296226645,28.135109522234508,1.001141938521665e-05,1.0011421478125678e-05,1.0011445967490528e-05,1.0000008630022164,1.0000008630022164,e21fc477e21d5728,e21fc477e21d5728,True,True
nominal_heatup,8,64.0,64.0,66.92800279429905,63.99999999999999,-7.105427357601002e-15,-3557593.4863152155,optimal,-4132993.046530257,False,False,8000,8000,3.732656375465581,6.627386240709626,10.25810934548739,1,0,,28.01807839987666,28.057673407757182,28.254795432951447,1.0013052839181873e-05,1.0013061671269752e-05,1.0013127537634136e-05,28.01807839987666,28.057673407757182,28.254795432951447,1.0013052839181873e-05,1.0013061671269752e-05,1.0013127537634136e-05,1.0000008738881738,1.0000008738881738,c5d779c0c5bed409,c5d779c0c5bed409,True,True
nominal_heatup,9,68.0,68.0,70.5679697321931,68.0,0.0,-3709327.9124762886,optimal,-4198576.407985257,False,False,8000,8000,5.814354404820222,9.067582325525649,10.258109345487656,1,0,,28.047511223592842,28.11622195693027,28.42117301871507,1.0014691440074805e-05,1.0014714737108251e-05,1.0014854481868797e-05,28.047511223592842,28.11622195693027,28.42117301871507,1.0014691440074805e-05,1.0014714737108251e-05,1.0014854481868797e-05,1.0000008905547881,1.0000008905547881,76ea93fab5821a5e,76ea93fab5821a5e,True,True
nominal_heatup,10,72.0,72.0,72.0,72.0,0.0,-3855987.643942374,optimal,-4260262.602095406,False,False,8000,8000,5.722200143191699,8.665110035983755,10.258109345488032,0,0,,28.098587088330618,28.204026095810903,28.637444447596287,1.0016340922523065e-05,1.0016389563010768e-05,1.0016646422525322e-05,28.098587088330618,28.204026095810903,28.637444447596287,1.0016340922523065e-05,1.0016389563010768e-05,1.0016646422525322e-05,1.0000009143124624,1.0000009143124624,4ee42d8440631cb0,4ee42d8440631cb0,True,True
nominal_heatup,11,76.0,76.0,78.27957373970747,76.0,0.0,-3997276.052680686,optimal,-4356814.863508398,False,False,8000,8000,4.3873222359736985,6.772936399644815,10.258109345488544,1,0,,28.17696474743232,28.325927123648107,28.905878723964744,1.001800935059378e-05,1.0018097472067574e-05,1.0018526362451092e-05,28.17696474743232,28.325927123648107,28.905878723964744,1.001800935059378e-05,1.0018097472067574e-05,1.0018526362451092e-05,1.0000009465851527,1.0000009465851527,d240bb8e1699e64e,d240bb8e1699e64e,True,True
nominal_heatup,12,79.99999999999999,79.99999999999999,81.71129597080629,80.0,1.4210854715202004e-14,-4132774.880872062,optimal,-4430281.119811031,False,False,8000,8000,2.918129793697858,3.87343188593141,10.258109345489215,1,0,,28.287695303581557,28.48611411336325,29.228022559149494,1.0019707186055292e-05,1.0019852307914455e-05,1.0020521334415317e-05,28.287695303581557,28.48611411336325,29.228022559149494,1.0019707186055292e-05,1.0019852307914455e-05,1.0020521334415317e-05,1.000000988985778,1.000000988985778,f59aec26847d0c82,f59aec26847d0c82,True,True
nominal_heatup,13,83.99999999999999,83.99999999999999,85.84616583856567,84.0,1.4210854715202004e-14,-4261544.896129359,optimal,-4498648.850695296,False,False,8000,8000,1.8953111535698355,4.1787030135170085,10.0,1,0,,28.435189073687383,28.68811443723295,29.60491107244096,1.0021447366458453e-05,1.0021670668093506e-05,1.002266335713411e-05,28.435189073687383,28.68811443723295,29.60491107244096,1.0021447366458453e-05,1.0021670668093506e-05,1.002266335713411e-05,1.0000010434153785,1.0000010434153785,74c50006b0937e26,74c50006b0937e26,True,True
nominal_heatup,14,87.99999999999999,87.99999999999999,88.00000000000001,88.0,1.4210854715202004e-14,-4382300.404325929,optimal,-4563579.081645824,False,False,8000,8000,2.395448542282878,3.8139483980897424,10.0,0,0,,28.623200041918288,28.934857331659494,30.037186768688905,1.0023245495954168e-05,1.0023572281445382e-05,1.0024990765584491e-05,28.623200041918288,28.934857331659494,30.037186768688905,1.0023245495954168e-05,1.0023572281445382e-05,1.0024990765584491e-05,1.0000011121797336,1.0000011121797336,3dcfda09eeb46bd4,3dcfda09eeb46bd4,True,True
nominal_heatup,15,91.99999999999999,91.99999999999999,93.19266266569696,92.0,1.4210854715202004e-14,-4493717.36531285,optimal,-4633104.101329554,False,False,8000,8000,2.115605017907228,3.2339326680391647,10.0,1,0,,28.854869120086413,29.22872865371056,30.525195733226727,1.0025120171607514e-05,1.0025580580941484e-05,1.0027549973976509e-05,28.854869120086413,29.22872865371056,30.525195733226727,1.0025120171607514e-05,1.0025580580941484e-05,1.0027549973976509e-05,1.0000011981334345,1.0000011981334345,ebef33b44ce06552,ebef33b44ce06552,True,True
nominal_heatup,16,95.99999999999999,95.99999999999999,96.81904261916841,96.0,1.4210854715202004e-14,-4594311.755577716,optimal,-4688112.928297137,False,False,8000,8000,1.627010498991197,2.4870627370243152,10.0,1,0,,29.132775953652295,29.571636766375924,31.069051976588753,1.0027093488534011e-05,1.0027723503453636e-05,1.0030397793205575e-05,29.132775953652295,29.571636766375924,31.069051976588753,1.0027093488534011e-05,1.0027723503453636e-05,1.0030397793205575e-05,1.0000013048593073,1.0000013048593073,716729da6f300e1d,716729da6f300e1d,True,True
nominal_heatup,17,99.99999999999999,99.99999999999999,99.99999999999999,99.99999999999999,0.0,-4682485.98775227,optimal,-4735431.093244105,False,False,8000,8000,1.0767555071121109,1.7143720195927106,10.0,0,0,,29.459001193484145,29.965072618383886,31.66868726952701,1.0029191757879237e-05,1.0030034571632905e-05,1.0033604465787608e-05,29.459001193484145,29.965072618383886,31.66868726952701,1.0029191757879237e-05,1.0030034571632905e-05,1.0033604465787608e-05,1.0000014368973875,1.0000014368973875,c535be98098fdc69,c535be98098fdc69,True,True
nominal_heatup,18,103.99999999999999,103.99999999999999,104.30662816906907,103.99999999999999,0.0,-4756573.33574245,optimal,-4786041.566693454,False,False,8000,8000,0.6719339646602833,1.047892190222921,10.0,1,0,,29.83518713825559,30.410166831002797,32.32388788410938,1.0031446486637145e-05,1.003255432719756e-05,1.0037257650833878e-05,29.83518713825559,30.410166831002797,32.32388788410938,1.0031446486637145e-05,1.003255432719756e-05,1.0037257650833878e-05,1.0000016000414043,1.0000016000414043,9a91f3304693adeb,9a91f3304693adeb,True,True
nominal_heatup,19,107.99999999999997,107.99999999999997,108.15558400392743,107.99999999999999,1.4210854715202004e-14,-4814879.122501915,optimal,-4827053.127887541,False,False,8000,8000,0.1911249548266909,0.352156527878833,10.0,1,0,,30.26259573381852,30.907740544433675,33.03432342597463,1.0033895682563044e-05,1.0035332213742204e-05,1.0041467676231376e-05,30.26259573381852,30.907740544433675,33.03432342597463,1.0033895682563044e-05,1.0035332213742204e-05,1.0041467676231376e-05,1.0000018017276073,1.0000018017276073,271a1217339d3f93,271a1217339d3f93,True,True
nominal_heatup,20,111.99999999999997,111.99999999999997,112.00000000000001,111.99999999999999,1.4210854715202004e-14,-4855717.335599005,optimal,-4858635.202419961,False,False,8000,8000,0.10685648234152723,0.16664446144659006,10.0,0,0,,30.742161255455276,31.45835074073644,33.799569377951165,1.0036585572181912e-05,1.0038429042220354e-05,1.0046374493864521e-05,30.742161255455276,31.45835074073644,33.799569377951165,1.0036585572181912e-05,1.0038429042220354e-05,1.0046374493864521e-05,1.000002051549314,1.000002051549314,b37c55d7e224df46,b37c55d7e224df46,True,True
nominal_heatup,21,115.99999999999999,115.99999999999999,115.99999999999999,115.99999999999999,0.0,-4877442.577002664,optimal,-4877957.039170211,False,False,8000,8000,0.019850139214085516,0.03127808914834418,10.0,0,0,,31.274537519628144,32.06232983559645,34.619125239305966,1.0039572851893256e-05,1.0041920221372836e-05,1.0052156935043224e-05,31.274537519628144,32.06232983559645,34.619125239305966,1.0039572851893256e-05,1.0041920221372836e-05,1.0052156935043224e-05,1.000002361942879,1.000002361942879,fead5dc0d9eaba3d,fead5dc0d9eaba3d,True,True
nominal_heatup,22,119.99999999999999,119.99999999999999,119.99999999999999,119.99999999999999,0.0,-4878477.418998424,optimal,-4878492.604569104,False,False,8000,8000,0.0045024119102379245,0.006525391419399007,10.0,0,0,-3.112768467568859e-06,31.860139431473698,32.71982012895055,35.492429218553006,1.0042927636276365e-05,1.0045900001126806e-05,1.0059045087611502e-05,31.860139431473698,32.71982012895055,35.492429218553006,1.0042927636276365e-05,1.0045900001126806e-05,1.0059045087611502e-05,1.0000027491075865,1.0000027491075865,f155121473c1bc2a,f155121473c1bc2a,True,True
nominal_heatup,23,123.99999999999997,123.99999999999997,124.00043076664973,123.99999999999999,1.4210854715202004e-14,-4857335.535405974,optimal,-4857323.784760533,False,False,8000,8000,0.0010501708513714902,0.001342915232112496,10.0,1,0,2.4191545663976928e-06,32.499179256904526,33.43080354993059,36.4188703028621,1.0046737327042226e-05,1.0050487067028725e-05,1.0067336928314506e-05,32.499179256904526,33.43080354993059,36.4188703028621,1.0046737327042226e-05,1.0050487067028725e-05,1.0067336928314506e-05,1.0000032342458494,1.0000032342458494,b36887c77e6584fc,b36887c77e6584fc,True,True
nominal_heatup,24,127.99999999999996,127.99999999999996,127.99999999999997,127.99999999999997,1.4210854715202004e-14,-4812641.025914493,optimal,-4812627.557969345,False,False,8000,8000,0.00038225829976568093,0.0004969394119429538,10.0,0,0,2.79845205069661e-06,33.19169804282029,34.195127258322415,37.39779823444413,1.005111170702066e-05,1.0055831947088486e-05,1.0077420781319361e-05,33.19169804282029,34.195127258322415,37.39779823444413,1.005111170702066e-05,1.0055831947088486e-05,1.0077420781319361e-05,1.0000038452434135,1.0000038452434135,d5404adde7097fca,d5404adde7097fca,True,True
nominal_heatup,25,130.0,130.0,130.0,130.0,0.0,-4743144.390473815,optimal,-4743133.6468084715,False,False,8000,8000,0.0003740741819484583,0.0004862999784736033,10.0,0,0,2.2650934611350895e-06,33.937592712032945,35.01252560136736,38.42853181431629,1.005618967429849e-05,1.0062126862556018e-05,1.0089805789359043e-05,33.937592712032945,35.01252560136736,38.42853181431629,1.005618967429849e-05,1.0062126862556018e-05,1.0089805789359043e-05,1.000004618956481,1.000004618956481,6cba46779df8dbf2,6cba46779df8dbf2,False,False
nominal_heatup,26,130.0,130.0,130.0,130.0,0.0,-4660857.028411634,optimal,-4660847.931314987,False,False,8000,8000,0.00036593714084176554,0.000475721746380664,10.0,0,0,1.9518077024489676e-06,34.73663933886757,35.88263890591762,39.51036584016606,1.0062148184087887e-05,1.0069618889944927e-05,1.0105163455459045e-05,34.73663933886757,35.88263890591762,39.51036584016606,1.0062148184087887e-05,1.0069618889944927e-05,1.0105163455459045e-05,1.000005604339681,1.000005604339681,aa85081d4662fd0d,aa85081d4662fd0d,False,False
nominal_heatup,27,130.0,130.0,130.0,130.0,0.0,-4578740.64713441,optimal,-4578733.882425736,False,False,8000,8000,0.00035801134762891706,0.00046541813803191445,10.0,0,0,1.4774168697994447e-06,35.588513092118006,36.80502953120535,40.64257692132614,1.0069214176848358e-05,1.007862763007317e-05,1.0124384554526784e-05,35.588513092118006,36.80502953120535,40.64257692132614,1.0069214176848358e-05,1.007862763007317e-05,1.0124384554526784e-05,1.0000068667446973,1.0000068667446973,51476bde513d5b14,51476bde513d5b14,False,False
nominal_heatup,28,130.0,130.0,130.00000000000003,130.0,0.0,-4497417.026190166,optimal,-4497412.043232379,False,False,8000,8000,0.0003501097478704196,0.00045514598162998965,10.0,0,0,1.1079599155972025e-06,36.49280528639048,37.77919556259234,41.824428360756755,1.00776805645182e-05,1.0089569039656569e-05,1.0148657494724979e-05,36.49280528639048,37.77919556259234,41.824428360756755,1.00776805645182e-05,1.0089569039656569e-05,1.0148657494724979e-05,1.0000084938573894,1.0000084938573894,87ab28af6659a705,87ab28af6659a705,False,False
nominal_heatup,29,130.0,130.0,130.0,130.0,0.0,-4416968.952529828,optimal,-4416966.372008075,False,False,8000,8000,0.00034224843066965605,0.00044492619222769036,10.0,0,0,5.842290903086014e-07,37.44903793778678,38.80458247844509,43.055174257720964,1.008792775660128e-05,1.0102987727945598e-05,1.0179576783908196e-05,37.44903793778678,38.80458247844509,43.055174257720964,1.008792775660128e-05,1.0102987727945598e-05,1.0179576783908196e-05,1.000010603941939,1.000010603941939,c8f6e8bb43083621,c8f6e8bb43083621,False,False
nominal_heatup,30,130.0,130.0,130.0,130.0,0.0,-4337463.228155296,optimal,-4337462.207072718,False,False,8000,8000,0.0003347764685770471,0.00043521256982348433,10.0,0,0,2.3541008292563342e-07,38.45667617246797,39.88059307969843,44.3262958722187,1.0100452783556139e-05,1.0119600936431953e-05,1.0219294017606023e-05,38.45667617246797,39.88059307969843,44.3262958722187,1.0100452783556139e-05,1.0119600936431953e-05,1.0219294017606023e-05,1.0000133502968045,1.0000133502968045,b50b91940052da80,b50b91940052da80,False,False
nominal_heatup,31,130.0,130.0,130.0,130.0,0.0,-4258954.0956230685,optimal,-4258954.147670666,False,False,8000,8000,0.00032804009083520214,0.0004264552140798017,10.0,0,0,-1.2220746238582678e-08,39.51513879282677,41.00370911940794,45.62384309440205,1.0115908887980325e-05,1.0140358723565776e-05,1.027064961864798e-05,39.51513879282677,41.00370911940794,45.62384309440205,1.0115908887980325e-05,1.0140358723565776e-05,1.027064961864798e-05,1.0000169276166246,1.0000169276166246,e424f985c8a10d33,e424f985c8a10d33,False,False
nominal_heatup,32,130.0,130.0,130.0,130.0,0.0,-4181485.864571804,optimal,-4181485.9156051544,False,False,8000,8000,0.0003244377484037386,0.0004217721409078834,10.0,0,0,-1.2204597080136228e-08,40.62166136640788,42.167626743408356,46.936965864865606,1.0135159609374298e-05,1.0166511340095578e-05,1.0337306087914461e-05,40.62166136640788,42.167626743408356,46.936965864865606,1.0135159609374298e-05,1.0166511340095578e-05,1.0337306087914461e-05,1.0000215859513406,1.0000215859513406,1cf7d8090a0a2d14,1cf7d8090a0a2d14,False,False
nominal_heatup,33,130.0,130.0,130.0,130.0,0.0,-4105090.8588292957,optimal,-4105090.9088745727,False,False,8000,8000,0.0003208944115868917,0.0004171657754001856,10.0,0,0,-1.2191027964715103e-08,41.77084845737516,43.36566791672194,48.25708836034172,1.0159342426202962e-05,1.0199689056691248e-05,1.0423972055584554e-05,41.77084845737516,43.36566791672194,48.25708836034172,1.0159342426202962e-05,1.0199689056691248e-05,1.0423972055584554e-05,1.00002764480365,1.00002764480365,3cb5db83858903e4,3cb5db83858903e4,False,False
nominal_heatup,34,130.0,130.0,130.0,130.0,0.0,-4029793.1559638185,optimal,-4029793.205046617,False,False,8000,8000,0.0003174096755884648,0.0004126355916982405,10.0,0,0,-1.2179979712030559e-08,42.956351227797434,44.59092597223202,49.57797689401695,1.018994412676557e-05,1.0242010082863206e-05,1.053668028779401e-05,42.956351227797434,44.59092597223202,49.57797689401695,1.018994412676557e-05,1.0242010082863206e-05,1.053668028779401e-05,1.0000355128009815,1.0000355128009815,905db1c63c9c5189,905db1c63c9c5189,False,False
nominal_heatup,35,130.0,130.0,130.0,130.0,0.0,-3955609.343254412,optimal,-3955604.4700707886,False,False,8000,8000,0.0013326117164496054,0.0018208085027007215,10.0,0,0,1.2319678715827399e-06,44.17140619546908,45.83695172260525,50.89495729321921,1.0228899307463622e-05,1.0296214244032106e-05,1.0683152902901279e-05,44.17140619546908,45.83695172260525,50.89495729321921,1.0228899307463622e-05,1.0296214244032106e-05,1.0683152902901279e-05,1.0000457117886863,1.0000457117886863,79b80c1c3494bf04,79b80c1c3494bf04,False,False
nominal_heatup,36,130.0,130.0,130.0,130.0,0.0,-3882548.6766458554,optimal,-3882536.6104270704,False,False,8000,8000,0.0014259213502469947,0.0020666023298305802,10.0,0,0,3.107808759125286e-06,45.40948352759255,47.097838917598104,52.2045545514495,1.0278713971231812e-05,1.036583429649087e-05,1.0873268743414286e-05,45.40948352759255,47.097838917598104,52.2045545514495,1.0278713971231812e-05,1.036583429649087e-05,1.0873268743414286e-05,1.000058908674502,1.000058908674502,11249ba5535d52ef,11249ba5535d52ef,False,False
nominal_heatup,37,130.0,130.0,130.0,130.0,0.0,-3810617.5952469516,optimal,-3810599.0225103768,False,False,8000,8000,0.0011827885802091487,0.001718508546229458,10.0,0,0,4.8739439501797925e-06,46.66451695380042,48.36835320017051,53.50412826644477,1.0342623010345865e-05,1.0455411819631811e-05,1.1119674734577008e-05,46.66451695380042,48.36835320017051,53.50412826644477,1.0342623010345865e-05,1.0455411819631811e-05,1.1119674734577008e-05,1.0000759571416173,1.0000759571416173,714eb2fa0bd7927d,714eb2fa0bd7927d,False,False
nominal_heatup,38,130.0,130.0,130.0,130.0,0.0,-3739818.5513807777,optimal,-3739794.2343273843,False,False,8000,8000,0.0020490069983907233,0.002972322094822566,10.0,0,0,6.50220139276081e-06,47.931058634757065,49.64391516037741,54.79166265923367,1.0424789135198688e-05,1.0570772044380092e-05,1.1438591403752979e-05,47.931058634757065,49.64391516037741,54.79166265923367,1.0424789135198688e-05,1.0570772044380092e-05,1.1438591403752979e-05,1.0000979538377246,1.0000979538377246,ee4a798f2121272d,ee4a798f2121272d,False,False
nominal_heatup,39,130.0,130.0,130.0,130.0,0.0,-3670150.4290669584,optimal,-3670120.875602082,False,False,8000,8000,0.002237968024601855,0.0032435098422185504,10.0,0,0,8.052385167220806e-06,49.204306314942166,50.92057550494545,56.06560239687443,1.0530555493521728e-05,1.0719374634412519e-05,1.1850890373346329e-05,49.204306314942166,50.92057550494545,56.06560239687443,1.0530555493521728e-05,1.0719374634412519e-05,1.1850890373346329e-05,1.0001263149983302,1.0001263149983302,3234ee17dbfeb12c,3234ee17dbfeb12c,False,False
nominal_heatup,40,130.0,130.0,130.0,130.0,0.0,-3601609.047296805,optimal,-3601574.9991440848,False,False,8000,8000,0.0021758099423010435,0.0031612986930635856,10.0,0,0,9.453594844128047e-06,50.48009183635129,52.194957759675056,57.32474554955666,1.0666767540547945e-05,1.0910765749966646e-05,1.2383552396445595e-05,50.48009183635129,52.194957759675056,57.32474554955666,1.0666767540547945e-05,1.0910765749966646e-05,1.2383552396445595e-05,1.0001628826826376,1.0001628826826376,8185fa36d3001a0d,8185fa36d3001a0d,False,False
nominal_heatup,41,130.0,130.0,130.00000000000003,130.0,0.0,-3534187.5585183143,optimal,-3534149.5733609293,False,False,8000,8000,0.0027314542682006504,0.003968610794164995,10.0,0,0,1.0747917804470513e-05,51.75483560174435,53.464199514395304,58.56816376746488,1.0842186462087133e-05,1.1157166424599135e-05,1.3071662770483217e-05,51.75483560174435,53.464199514395304,58.56816376746488,1.0842186462087133e-05,1.1157166424599135e-05,1.3071662770483217e-05,1.000210073755604,1.000210073755604,7509579677cd115e,7509579677cd115e,False,False
nominal_heatup,42,130.0,130.0,130.0,130.0,0.0,-3467876.74472851,optimal,-3467835.4518563445,False,False,8000,8000,0.002163459090724018,0.0031360858712767836,10.0,0,0,1.190724907614812e-05,53.02549121637784,54.72589075682159,59.79514556110168,1.1068025253675922e-05,1.1474247701261865e-05,1.3961166177047804e-05,53.02549121637784,54.72589075682159,59.79514556110168,1.1068025253675922e-05,1.1474247701261865e-05,1.3961166177047804e-05,1.0002710907268957,1.0002710907268957,07a565582c876fe1,07a565582c876fe1,False,False
nominal_heatup,43,130.0,130.0,130.0,130.0,0.0,-3402665.2068732097,optimal,-3402621.11109385,False,False,8000,8000,0.002322186899291978,0.003365569114731848,10.0,0,0,1.2959188365402734e-05,54.28948544658738,55.97801639829211,61.005153326433316,1.1358651936153698e-05,1.1882164517023144e-05,1.5112695179349738e-05,54.28948544658738,55.97801639829211,61.005153326433316,1.1358651936153698e-05,1.1882164517023144e-05,1.5112695179349738e-05,1.0003502217184117,1.0003502217184117,c7ed2e57983c2a05,c7ed2e57983c2a05,False,False
nominal_heatup,44,130.0,130.0,130.0,130.0,0.0,-3338539.4346956075,optimal,-3338493.0831846176,False,False,8000,8000,0.0023627680181022015,0.003424383743390713,10.0,0,0,1.3883769204053597e-05,55.544660094629194,57.21890324691535,62.19779083408779,1.1732523445269194e-05,1.240695156285074e-05,1.6606913172483163e-05,55.544660094629194,57.21890324691535,62.19779083408779,1.1732523445269194e-05,1.240695156285074e-05,1.6606913172483163e-05,1.0004532681750724,1.0004532681750724,343b934d9103ed76,343b934d9103ed76,False,False
nominal_heatup,45,130.0,130.0,130.0,130.0,0.0,-3275483.7327483776,optimal,-3275435.6089475816,False,False,8000,8000,0.0023596939112167092,0.003419928408942674,10.0,0,0,1.469212022482294e-05,56.78921767445046,58.44717272868527,63.372777800977815,1.221344127067576e-05,1.3082428465613039e-05,1.8551986542778255e-05,56.78921767445046,58.44717272868527,63.372777800977815,1.221344127067576e-05,1.3082428465613039e-05,1.8551986542778255e-05,1.000588154251119,1.000588154251119,79c0c7052615a63f,79c0c7052615a63f,False,False
nominal_heatup,46,130.0,130.0,129.99999999999997,129.99999999999997,-2.842170943040401e-14,-3213479.9624020406,optimal,-3213430.561556348,False,False,8000,8000,0.002399007023370814,0.003476905302631117,10.0,0,0,1.5373005672839213e-05,58.02167234021292,59.6616991361294,64.52992981579379,1.283225903535136e-05,1.3952823801894359e-05,2.1094037516679137e-05,58.02167234021292,59.6616991361294,64.52992981579379,1.283225903535136e-05,1.3952823801894359e-05,2.1094037516679137e-05,1.0007657922929523,1.0007657922929523,23f00e0d56c8d55e,23f00e0d56c8d55e,False,False
nominal_heatup,47,129.99999999999997,129.99999999999997,129.99999999999997,129.99999999999997,0.0,-3152507.0368123525,optimal,-3152456.795170782,False,False,8000,8000,0.0018580023462106965,0.0026928217161925616,10.0,0,0,1.5937043433728738e-05,59.24080627823817,60.861573248056025,65.66914222531285,1.3629227439716847e-05,1.5076414058007539e-05,2.4431749600808675e-05,59.24080627823817,60.861573248056025,65.66914222531285,1.3629227439716847e-05,1.5076414058007539e-05,2.4431749600808675e-05,1.0010013058592766,1.0010013058592766,60dafdc7aa14cad8,60dafdc7aa14cad8,False,False
nominal_heatup,48,130.0,130.0,130.0,130.0,0.0,-3092540.0715405596,optimal,-3092489.561844646,False,False,8000,8000,0.0017287073699066013,0.0025058827234412107,10.0,0,0,1.6332753899617348e-05,60.44563150282925,62.04607084493373,66.79037712551897,1.4657239205824328e-05,1.6530593465596096e-05,2.8836727925755534e-05,60.44563150282925,62.04607084493373,66.79037712551897,1.4657239205824328e-05,1.6530593465596096e-05,2.8836727925755534e-05,1.0013157471013459,1.0013157471013459,fc2d257ab4a004c5,fc2d257ab4a004c5,False,False
nominal_heatup,49,130.0,130.0,129.99999999999997,129.99999999999997,-2.842170943040401e-14,-3033549.039859713,optimal,-3033498.551434187,False,False,8000,8000,0.0017441234650306114,0.00252822943586839,10.0,0,0,1.6643352344873082e-05,61.63535669095369,63.214625663276244,67.89365282436219,1.5986343757010025e-05,1.8418955140258733e-05,3.468179049773321e-05,61.63535669095369,63.214625663276244,67.89365282436219,1.5986343757010025e-05,1.8418955140258733e-05,3.468179049773321e-05,1.0017384914685026,1.0017384914685026,3d37ccd7abf75126,3d37ccd7abf75126,False,False
nominal_heatup,50,130.0,130.0,130.0,130.0,0.0,-2975496.6937473565,optimal,-2975446.4939303626,False,False,8000,8000,0.0017191092298673993,0.00249152250866036,10.0,0,0,1.6871071340590687e-05,62.809358627771545,64.3668063085973,68.97903535661558,1.771004879334599e-05,2.088118832276349e-05,4.248012413352589e-05,62.809358627771545,64.3668063085973,68.97903535661558,1.771004879334599e-05,2.088118832276349e-05,4.248012413352589e-05,1.00231055276414,1.00231055276414,9b7f4318276e23e3,9b7f4318276e23e3,False,False
nominal_heatup,51,130.0,130.0,130.0,130.0,0.0,-2918335.360449077,optimal,-2918285.946024669,False,False,8000,8000,0.0017313873288742343,0.002509317282528123,10.0,0,0,1.6932400942646718e-05,63.967157802997406,65.50229669912932,70.04663175947266,1.9954127492003092e-05,2.4106900556497154e-05,5.2939230035971814e-05,63.967157802997406,65.50229669912932,70.04663175947266,1.9954127492003092e-05,2.4106900556497154e-05,5.2939230035971814e-05,1.0030891393708201,1.0030891393708201,cb4bacd9054a031c,cb4bacd9054a031c,False,False
nominal_heatup,52,130.0,130.0,130.0,130.0,0.0,-2862001.953966233,optimal,-2861953.685060736,False,False,8000,8000,0.0017435008844444155,0.0025268735819397037,10.0,0,0,1.6865434151875348e-05,65.10839773149327,66.62087966539488,71.09658492755247,2.288892387473418e-05,2.835488283289929e-05,6.703486721298836e-05,65.10839773149327,66.62087966539488,71.09658492755247,2.288892387473418e-05,2.835488283289929e-05,6.703486721298836e-05,1.0041538720862666,1.0041538720862666,39f0adb1770e6cbf,39f0adb1770e6cbf,False,False
nominal_heatup,53,130.0,130.0,130.0,130.0,0.0,-2806410.037221197,optimal,-2806363.3766845255,False,False,8000,8000,0.00221518408741872,0.0032104888501125473,10.0,0,0,1.662641454836177e-05,66.23282762269277,67.72242340235866,72.12906995180523,2.6746518406205812e-05,3.397988237098351e-05,8.611184642383666e-05,66.23282762269277,67.72242340235866,72.12906995180523,2.6746518406205812e-05,3.397988237098351e-05,8.611184642383666e-05,1.0056152093333455,1.0056152093333455,cfd993be2b64a23f,cfd993be2b64a23f,False,False
nominal_heatup,54,130.0,130.0,130.0,130.0,0.0,-2751436.796862879,optimal,-2751391.972786542,False,False,8000,8000,0.002223420219650052,0.0032224255604207386,10.0,0,0,1.6291152458205044e-05,67.34028809419581,68.80687054634416,73.14429192629689,3.1844611049781495e-05,4.146967191003758e-05,0.00011202061419671508,67.34028809419581,68.80687054634416,73.14429192629689,3.1844611049781495e-05,4.146967191003758e-05,0.00011202061419671508,1.0076257803464352,1.0076257803464352,eda39e822d66c791,eda39e822d66c791,False,False
nominal_heatup,55,130.0,130.0,130.0,130.0,0.0,-2696900.8343173997,optimal,-2696858.19002369,False,False,8000,8000,0.002231622916653464,0.003234313812680689,10.0,0,0,1.5812332870018777e-05,68.43069970476235,69.87422973194207,74.1424852831402,3.8619637364567744e-05,5.1496155359949457e-05,0.00014730119077533538,68.43069970476235,69.87422973194207,74.1424852831402,3.8619637364567744e-05,5.1496155359949457e-05,0.00014730119077533538,1.0103955169547845,1.0103955169547845,7a5cf41eedd044a4,7a5cf41eedd044a4,False,False
nominal_heatup,56,130.0,130.0,130.0,130.0,0.0,-2642522.566591518,optimal,-2642482.460055799,False,False,8000,8000,0.0022398512279124816,0.003246239187984834,10.0,0,0,1.5177367348089697e-05,69.50405417141482,70.92456957340303,75.12391479571389,4.767250118687801e-05,6.498548706359971e-05,0.00019542929915612135,69.50405417141482,70.92456957340303,75.12391479571389,4.767250118687801e-05,6.498548706359971e-05,0.00019542929915612135,1.0142117107504625,1.0142117107504625,f2ca8d143d76e911,f2ca8d143d76e911,False,False
nominal_heatup,57,130.0,130.0,130.0,130.0,0.0,-2587849.9786919514,optimal,-2587812.80640676,False,False,8000,8000,0.0022482020838765493,0.003258342168533268,10.0,0,0,1.4364157697440452e-05,70.56040823389368,71.95801511327059,76.08887847756213,5.983144181865133e-05,8.321377814267008e-05,0.0002611435762269551,70.56040823389368,71.95801511327059,76.08887847756213,5.983144181865133e-05,8.321377814267008e-05,0.0002611435762269551,1.0194654224269861,1.0194654224269861,54424508e014420f,54424508e014420f,False,False
nominal_heatup,58,130.0,130.0,130.00000000000003,130.0,0.0,-2532111.3979361337,optimal,-2532079.645796878,False,False,8000,8000,0.0021933064366663757,0.003178781348151638,10.0,0,0,1.253978765774309e-05,71.59988023965897,72.97474689074431,77.03771270348128,7.623802393224716e-05,0.00010793700677174491,0.0003508777483324832,71.59988023965897,72.97474689074431,77.03771270348128,7.623802393224716e-05,0.00010793700677174491,0.0003508777483324832,1.026686052093552,1.026686052093552,4038163e4b5de676,4038163e4b5de676,False,False
nominal_heatup,59,130.0,130.0,130.0,130.0,0.0,-2473904.648564989,optimal,-2473879.7771382495,False,False,8000,8000,0.0020914461552195007,0.003031154205257458,10.0,0,0,1.0053510653353934e-05,72.62264964699989,73.97500290738093,77.97079999456433,9.846413029699087e-05,0.00014156634928201114,0.00047332777320754406,72.62264964699989,73.97500290738093,77.97079999456433,9.846413029699087e-05,0.00014156634928201114,0.00047332777320754406,1.036586351208483,1.036586351208483,21eb4c8fa5f4089d,21eb4c8fa5f4089d,False,False
nominal_heatup,60,130.0,130.0,130.0,130.0,0.0,-2410492.0331998337,optimal,-2410473.8973335596,False,False,8000,8000,0.00263381372590743,0.003817213047125456,10.0,0,0,7.5237196490756384e-06,73.62895978704019,74.95908391297364,78.88858004554174,0.00012867025852995748,0.00018740344468097845,0.0006401914369111172,73.62895978704019,74.95908391297364,78.88858004554174,0.00012867025852995748,0.00018740344468097845,0.0006401914369111172,1.0501207185103965,1.0501207185103965,12f762f2e5c604ea,12f762f2e5c604ea,False,False
nominal_heatup,61,130.0,130.0,130.0,130.0,0.0,-2336062.706157227,optimal,-2336050.0422768686,False,False,8000,8000,0.0016085013338766885,0.002331635633297857,10.0,0,0,5.4210361413122875e-06,74.6191243932407,75.92736260605591,79.79156473703163,0.00016981851204121614,0.00024995427820754916,0.0008671270578939291,74.6191243932407,75.92736260605591,79.79156473703163,0.00016981851204121614,0.00024995427820754916,0.0008671270578939291,1.0685602951995172,1.0685602951995172,d1b2fc1c547bdfe8,d1b2fc1c547bdfe8,False,False
nominal_heatup,62,129.99999999999997,129.99999999999997,130.0,130.0,2.842170943040401e-14,-2237009.9558919696,optimal,-2237007.413195971,False,False,8000,8000,0.0023200366719322574,0.0033624527683402405,10.0,0,0,1.1366493886103381e-06,75.59353860711927,76.88029754981154,80.6803580759811,0.0002259576169972283,0.00033534566642785715,0.0011749892088737384,75.59353860711927,76.88029754981154,80.6803580759811,0.0002259576169972283,0.00033534566642785715,0.0011749892088737384,1.093589235840848,1.093589235840848,232c176bb3bf976b,232c176bb3bf976b,False,False
nominal_heatup,63,130.00000000000003,130.00000000000003,130.0,130.0,-2.842170943040401e-14,-2077567.3273492511,optimal,-2077559.1416796874,False,False,8000,8000,0.006017489288126399,0.008743025372534241,10.0,0,0,3.940026133539335e-06,76.55269541198888,77.81845285698668,81.55568225699332,0.00030260234746778145,0.00045187509501607115,0.0015914133079866655,76.55269541198888,77.81845285698668,81.55568225699332,0.00030260234746778145,0.00045187509501607115,0.0015914133079866655,1.1274277236504195,1.1274277236504195,1db8ceffeaf6dd78,1db8ceffeaf6dd78,False,False
nominal_heatup,64,130.0,130.0,130.0,130.0,0.0,-1797774.2490590166,optimal,-1797748.5325711658,False,False,8000,8000,0.0100466201255216,0.014560668829955326,10.0,0,0,,77.49720874793377,78.74252501387187,82.4184113536539,0.00040723626907685016,0.0006107334110202738,0.0021528384063738693,77.49720874793377,78.74252501387187,82.4184113536539,0.00040723626907685016,0.0006107334110202738,0.0021528384063738693,1.1637021882955465,1.1637021882955465,2d2dc43b9766fe7c,2d2dc43b9766fe7c,False,False
nominal_heatup,65,130.0,130.0,130.0,130.0,0.0,-1578769.4976307782,optimal,-1578758.8320469845,False,False,8000,8000,0.014691429772952347,0.021292438739590303,10.0,0,0,,78.42784494406877,79.65337861958594,83.26961456008874,0.000549975270075777,0.0008269513780813502,0.002907079780448611,78.42784494406877,79.65337861958594,83.26961456008874,0.000549975270075777,0.0008269513780813502,0.002907079780448611,1.1641786564642533,1.1641786564642533,46f6726a85e964cc,46f6726a85e964cc,False,False
nominal_heatup,66,130.00000000000003,130.00000000000003,130.0,130.0,-2.842170943040401e-14,-1300162.171021104,optimal,-1300146.6900264581,False,False,8000,8000,0.035155081544957056,0.04758101253385494,10.0,0,0,,79.34556460405537,80.55209335323582,84.11061145147471,0.0007444407920444479,0.0011206365717723007,0.003916591951351905,79.34556460405537,80.55209335323582,84.11061145147471,0.0007444407920444479,0.0011206365717723007,0.003916591951351905,1.1643772541985693,1.1643772541985693,18dfb82ac1d9e59f,18dfb82ac1d9e59f,False,False
nominal_heatup,67,130.0,130.0,130.0,130.0,0.0,-943057.0581463088,optimal,-943065.5295106428,False,False,8000,8000,0.11127688154952864,0.16167973217197407,10.0,0,0,,80.25157775443299,81.44002521218516,84.94304248452003,0.0010089073546693866,0.0015185884408711794,0.005262601461617021,80.25157775443299,81.44002521218516,84.94304248452003,0.0010089073546693866,0.0015185884408711794,0.005262601461617021,1.1644013940425086,1.1644013940425086,13f91260f20c29ae,13f91260f20c29ae,False,False
nominal_heatup,68,130.0,130.0,130.00000000000003,130.0,0.0,-497867.85284418263,optimal,-498960.2121694281,False,False,8000,8000,0.4317016899935098,0.603808676860397,10.0,0,0,,81.14741600362292,82.3188860926227,85.76895901918328,0.001367811079314047,0.0020564096870771863,0.007050341719914163,81.14741600362292,82.3188860926227,85.76895901918328,0.001367811079314047,0.0020564096870771863,0.007050341719914163,1.164359655468941,1.164359655468941,0e56a2de3bac4beb,0e56a2de3bac4beb,False,False
nominal_heatup,69,126.0,126.0,124.79558521781951,126.0,0.0,37677.36022073554,optimal,10952.56067811331,False,False,8000,8000,2.35873219627166,3.5809610486961034,10.0,1,0,,82.0350268109892,83.19084727609177,86.59093867531232,0.0018537380486049937,0.002781276491450212,0.00941569660395888,82.0350268109892,83.19084727609177,86.59093867531232,0.0018537380486049937,0.002781276491450212,0.00941569660395888,1.1643695061459745,1.1643695061459745,92c0b09c96dbe027,92c0b09c96dbe027,True,True
nominal_heatup,70,122.0,122.0,121.99999999999999,122.0,0.0,725850.6724033365,optimal,625539.8323894988,False,False,8000,8000,4.4361362574314285,7.172745691310161,10.258122833498458,0,0,,82.91689697522982,84.05867461721587,87.41223410291703,0.002510059480288654,0.0037555969502026144,0.012533666425099226,82.91689697522982,84.05867461721587,87.41223410291703,0.002510059480288654,0.0037555969502026144,0.012533666425099226,1.1645625162363435,1.1645625162363435,2205005900644b86,2205005900644b86,True,True
nominal_heatup,71,117.99999999999999,117.99999999999999,118.0,118.0,1.4210854715202004e-14,1642458.5501236608,optimal,1352038.9799815707,False,False,8000,8000,6.524163199036963,10.604563574318762,10.0,0,0,,83.7962155297241,84.92590665561906,88.23696665853339,0.0033944549666518613,0.0050618905306662266,0.01662922679636189,83.7962155297241,84.92590665561906,88.23696665853339,0.0033944549666518613,0.0050618905306662266,0.01662922679636189,1.165091583715119,1.165091583715119,c2f3c2030ec9d5e2,c2f3c2030ec9d5e2,True,True
nominal_heatup,72,114.0,114.0,109.54531166225404,114.0,0.0,2916609.210323096,optimal,2281321.959549659,False,False,8000,8000,9.37048238096682,14.854044275372473,10.502938724702613,1,0,,84.6770910770563,85.79709227301235,89.07038171308204,0.004583682868340464,0.006809385686102616,0.021991385533526652,84.6770910770563,85.79709227301235,89.07038171308204,0.004583682868340464,0.006809385686102616,0.021991385533526652,1.1661410862828383,1.1661410862828383,a094a32deab1c739,a094a32deab1c739,True,True
nominal_heatup,73,110.00000000000003,110.00000000000003,110.0,110.0,-2.842170943040401e-14,4781672.554481781,optimal,3737303.7649484994,False,False,8000,8000,10.863272129361022,17.961770754475857,10.258139767643346,0,0,,85.56484641891113,86.67811322409727,89.9191904596178,0.006180149049943068,0.009143100525628278,0.028991598833990027,85.56484641891113,86.67811322409727,89.9191904596178,0.006180149049943068,0.009143100525628278,0.028991598833990027,1.167941507712735,1.167941507712735,50414c007a5bc2cd,50414c007a5bc2cd,True,True
nominal_heatup,74,106.00000000000003,106.00000000000003,101.03226912222202,106.0,-2.842170943040401e-14,7665009.274344844,optimal,6128872.956485219,False,False,8000,8000,10.178766373905745,16.06280504905948,10.502969855160526,1,0,,86.46642630771656,87.57663126830747,90.77650176568613,0.008321147062830138,0.012256619320811159,0.03810825559328094,86.46642630771656,87.57663126830747,90.77650176568613,0.008321147062830138,0.012256619320811159,0.03810825559328094,1.1706518276892943,1.1706518276892943,76da723689883485,76da723689883485,True,True
nominal_heatup,75,102.00000000000004,102.00000000000004,102.0,102.0,-4.263256414560601e-14,12421949.4626649,optimal,10608456.062277215,False,False,8000,8000,10.033302119308495,15.20669077676228,10.5029924157368,0,0,,87.39097626199029,88.49695046222598,91.64171524480564,0.01119219856107451,0.016410548496615482,0.04993183488927478,87.39097626199029,88.49695046222598,91.64171524480564,0.01119219856107451,0.016410548496615482,0.04993183488927478,1.1745258881757137,1.1745258881757137,5697473a96fadd63,5697473a96fadd63,True,True
nominal_heatup,76,98.00000000000004,98.00000000000004,97.99999999999999,98.0,-4.263256414560601e-14,20897978.505141437,optimal,18505917.854642395,False,False,8000,8000,8.702026530817747,14.363391538952863,11.232497897947638,0,0,,88.34639752244586,89.4464492723346,92.51806012636231,0.015046914377713098,0.021955075656455596,0.06518310470964314,88.34639752244586,89.4464492723346,92.51806012636231,0.015046914377713098,0.021955075656455596,0.06518310470964314,1.1799162209744214,1.1799162209744214,da0ccfc95bb88e9e,da0ccfc95bb88e9e,True,True
nominal_heatup,77,94.00000000000007,94.00000000000007,90.93487457281466,94.0,-7.105427357601002e-14,37463948.85593904,optimal,34428639.70136604,False,False,8000,8000,3.853303583360713,8.15296232486088,87.48125612639143,1,0,,89.34349828195354,90.43545761777786,93.41431467263476,0.020234204547906826,0.02936471372412281,0.08472816533236321,89.34349828195354,90.43545761777786,93.41431467263476,0.020234204547906826,0.02936471372412281,0.08472816533236321,1.1873357189991398,1.1873357189991398,f8c2961354f3f992,f8c2961354f3f992,True,True
nominal_heatup,78,90.00000000000016,90.00000000000016,87.78717487937935,90.0,-1.5631940186722204e-13,73646157.29538323,optimal,69870184.05601889,False,False,8000,8000,5.645081935538393,8.419720322690122,217.1661002610959,1,0,,90.39749303663451,91.47995794305785,94.34409595782138,0.027240679233974857,0.0392889691180576,0.10959618165575377,90.39749303663451,91.47995794305785,94.34409595782138,0.027240679233974857,0.0392889691180576,0.10959618165575377,1.197507421333368,1.197507421333368,1f60e34f386448f2,1f60e34f386448f2,True,True
nominal_heatup,79,85.99970406693387,85.99970406693387,84.6145338730872,86.0,0.00029593306612696324,164049994.3237263,optimal,159757471.5094641,False,False,8000,8000,3.932761573572698,6.423471555604113,452.8491404705684,1,0,,91.53124771971824,92.60358108377889,95.32624467003737,0.036757701492855496,0.05263219708437003,0.140994357084183,91.53124771971824,92.60358108377889,95.32624467003737,0.036757701492855496,0.05263219708437003,0.140994357084183,1.2114496077965577,1.2114496077965577,40b54fb383a4ab6f,40b54fb383a4ab6f,True,True
nominal_heatup,80,82.00010509468923,82.00010509468923,81.26713694034979,82.0,-0.00010509468923203258,430475064.0437856,optimal,427466458.555925,False,False,8000,8000,2.1978067285963405,4.066617062409121,917.9061877352028,1,0,,92.77918301577041,93.84119542006027,96.3851656573194,0.04979432686495247,0.07068341945999407,0.18031712293903596,92.77918301577041,93.84119542006027,96.3851656573194,0.04979432686495247,0.07068341945999407,0.18031712293903596,1.2305942947078168,1.2305942947078168,590ae995bb6ed86e,5a92d4e0cf7a3857,False,True
nominal_heatup,81,78.00282301069872,78.00282301069872,78.00000000000004,78.00000000000004,-0.0028230106986768533,1395178991.9100592,optimal,1399556097.8948684,False,False,8000,8000,2.230047819984371,3.256303081509798,1937.284376328063,0,0,,94.1939740704663,95.24459945055123,97.5515341403278,0.06787786085321296,0.09533850709856008,0.22913646123760167,94.1939740704663,95.24459945055123,97.5515341403278,0.06787786085321296,0.09533850709856008,0.22913646123760167,1.256948482969474,1.256948482969474,9316808b8571765c,cc6f6cb2ea507ebb,False,True
nominal_heatup,82,73.99961205754131,73.99961205754131,74.00000000000009,74.00000000000009,0.0003879424587722724,5923019463.636367,optimal,5994499470.880427,False,False,8000,8000,1.2375284957829251,1.7938844545525052,4488.169668799941,0,0,,95.85873056892412,96.89287306858867,98.86296864758181,0.09343454407648821,0.1294998484534572,0.2891444295796632,95.85873056892412,96.89287306858867,98.8629686475818,0.09343454407648821,0.1294998484534572,0.2891444295796632,1.2932475687810607,1.2932475687810607,b716f938c4fa9906,a7171d56b99631dc,True,True
nominal_heatup,83,69.99463285253164,69.99463285253164,70.00000000000004,70.00000000000009,0.005367147468447797,35204959344.247734,optimal,35457714673.40916,False,False,8000,8000,3.3684779557379443,4.931114532739142,11981.987943462747,0,0,,97.91166268800637,98.91229677898951,100.36421317513063,0.13057060913306312,0.17783706478818534,0.36198113556521394,97.91166268800637,98.91229677898951,100.36421317513063,0.13057060913306312,0.17783706478818534,0.36198113556521394,1.3427927434850933,1.3427927434850933,e03d5c2f368ca3d3,02fa5fa269cf750a,True,True
nominal_heatup,84,69.9945431640797,69.9945431640797,65.96348018893765,66.00000000000009,-3.994543164079616,302148535934.3284,user_limit,301433075504.35535,False,False,8000,8000,6.9582098991424175,15.00813608368604,37655.56018195132,1,0,,100.60122716645806,101.51751077952181,102.10596088556375,0.1868367808358657,0.248323042994096,0.4488086415310294,100.60122716645806,101.51751077952181,102.1059620348322,0.1868367808358657,0.248323042994096,0.4488086415310294,1.407303030924116,1.4073030558181978,57b8f11a109c7459,3b9c6758d406e010,False,True
nominal_heatup,85,69.99452345949577,69.99452345949577,61.89995498321276,62.000000000000085,-7.9945234594956815,2730952851318.334,user_limit,2712026672850.778,False,False,8000,8000,14.277726168630338,41.372508131753136,119133.38014665354,1,0,,104.42520608547414,105.10149615532538,104.14253774075054,0.27772056115450994,0.35548646637074355,0.5493805470629121,104.42520608547414,105.1014965824771,104.14253985663197,0.27772056115450994,0.35548646637074355,0.5493805635897,1.4727358744801322,1.4727359273416452,8b0eae7e30576fa7,10b82a1df12e4c2e,False,True
nominal_heatup,86,70.1743949010813,70.1743949010813,57.143749763943255,58.000000000000085,-12.174394901081214,1537227257386.3477,user_limit,1517935093227.2812,False,False,8000,8000,43.40041621284102,67.12640763128896,84671.97158802516,1,0,,110.5320483335439,110.42397584825673,106.53776839426845,0.4397778836634338,0.5269747065962911,0.6603325461013201,110.53204865106517,110.42397710078642,106.53776052836159,0.4397778836634338,0.5269747169049157,0.6603325915767913,1.3983720436291927,1.3983718184366598,18b43af919b96e12,802104d818e22863,False,True
nominal_heatup,87,66.1743949010813,66.1743949010813,53.9786415128074,54.000000000000085,-12.174394901081214,2995740.3477043994,optimal,2933259.077004517,False,False,8000,8000,0.04612174227960253,0.08993931306470326,10.0,1,0,,121.90304516672076,118.68354382464496,109.42183033356739,0.7709218466531202,0.8064276323666675,0.7730568893301164,121.9030466765909,118.68354278525996,109.42181104766088,0.7709218610342201,0.8064276844517299,0.7730567927586444,1.1604347940140314,1.1604342141474928,87f8de98a8558170,6068df9adb058595,True,True
nominal_heatup,88,70.1264246711038,70.1264246711038,61.597405335470874,58.000000000000085,-12.12642467110372,26212870877.124615,optimal,26475513373.965202,False,False,8000,8000,8.858940126908749,13.708210524798325,11889.970232988187,1,0,,138.1027640898951,126.20499974691668,113.10847417567425,1.0,1.0,0.8737502279539264,138.10276578548036,126.20498799345837,113.1084672340448,1.0,1.0,0.8737499208821937,1.4356125162042837,1.4356124230185867,e1c8d3ed29ff157b,0a0e2fab751acac4,False,True
nominal_heatup,89,74.1264246711038,74.1264246711038,64.31766725279681,62.000000000000085,-12.12642467110372,-1426716.9191363486,optimal,-1413056.9779182335,False,False,8000,8000,3.8660515245005485,5.723384000336419,10.258140929117172,1,0,,129.25861567104945,125.7594529233329,116.34430819103005,1.0,1.0,0.9484131773961048,129.25860736935002,125.75944795694238,116.32880879928102,1.0,1.0,0.9484130546705152,0.9818111248047092,0.9818111030043146,0d1fd6bbcc235ef0,28dda2536f776f46,True,True
nominal_heatup,90,78.1264246711038,78.1264246711038,68.09907546038755,66.00000000000009,-12.12642467110372,-1558391.0165020698,optimal,-1558465.3104087014,False,False,8000,8000,4.893764461271033,7.35158131417707,10.258118334817919,1,0,,126.65752913156318,123.56064391995167,116.0877395137497,1.0,1.0,0.9804857130425088,126.65752330915029,123.55487885899417,116.02808179964644,1.0,1.0,0.9804197889437505,0.9821687809053181,0.98216800695268,47b70ac5a4fa5c8b,4609bcf3cc2cece3,True,True
nominal_heatup,91,82.1264246711038,82.1264246711038,71.74073172153975,70.00000000000009,-12.12642467110372,-1669383.9735275027,optimal,-1661464.0542590516,False,False,8000,8000,3.9681274835201776,6.1945211712517105,10.258113654615569,1,0,,124.35547374888245,121.93419704619443,114.93949638587836,1.0,1.0,0.9879977312344204,124.3511868229782,121.91054210902293,114.80246323402177,1.0,1.0,0.9879094029948228,0.9822499443728621,0.9822488784093959,7b60c7b4acbe4e51,2e765f503d17d701,True,True
nominal_heatup,92,86.12642467110382,86.12642467110382,75.93975543602237,74.00000000000009,-12.126424671103734,-1775939.476419681,optimal,-1764854.0430349002,False,False,8000,8000,3.993453827007656,6.297425435098209,10.258111897144973,1,0,,122.55562884488552,120.23438021096531,114.09020633473133,1.0,1.0,0.9911560577086933,122.5369447968592,120.17578424756631,113.84750070384025,1.0,1.0,0.9910439738708968,0.9822835718122798,0.9822821665722397,47af84d5268de429,1093240bbaa798ba,True,True
nominal_heatup,93,90.12642467110382,90.12642467110382,78.0000000000001,78.00000000000009,-12.126424671103734,-1873634.4029253072,optimal,-1854158.416328614,False,False,8000,8000,2.4120927468196527,3.650240757493207,10.258110999258697,0,0,,120.83013934588156,118.81350326036711,113.18743081348225,1.0,1.0,0.9929550251921869,120.78178695907656,118.70131292895726,112.81882776464664,1.0,1.0,0.9928177900253878,0.9823023698105882,0.9823005706197362,a3b7ac9cd9ef8860,153b92dc39708e34,True,True
nominal_heatup,94,94.12642467110382,94.12642467110382,82.00000000000009,82.00000000000009,-12.126424671103734,-1953219.1636556764,optimal,-1930644.5474730218,False,False,8000,8000,1.9112099904004793,2.782461639954212,10.0,0,0,,119.3310821841371,117.47197429878631,112.3553781366194,1.0,1.0,0.9940949854452582,119.23527615473473,117.2882091814143,111.84646258428711,1.0,1.0,0.993933649305818,0.982313980830454,0.9823117517769434,4743acd8fc52d0a3,c40d74d7d56b2154,True,True
nominal_heatup,95,98.12642467110382,98.12642467110382,86.00000000000009,86.00000000000009,-12.126424671103734,-2009803.0498374023,optimal,-1986930.830313133,False,False,8000,8000,2.813589706197945,4.481418300792373,10.0,0,0,,117.9491228856751,116.26125483240968,111.55432619958835,1.0,1.0,0.9948804937931693,117.78793287266333,115.98933216644372,110.89496317274133,1.0,1.0,0.9946964460155091,0.9823216743360033,0.982318970605189,edaf5ad30b93975b,93fc5bde35710bb3,True,True
nominal_heatup,96,102.12642467110382,102.12642467110382,90.99411498687952,90.00000000000009,-12.126424671103734,-2043226.0726601721,optimal,-2022736.6057693963,False,False,8000,8000,2.205072057021084,3.43960364175223,10.0,1,0,,116.69445392903896,115.13915243227109,110.81723099964059,1.0,1.0,0.9954514429140049,116.45095130759859,114.76438506510763,110.00033315564981,1.0,1.0,0.995246202481888,0.9823269669117682,0.9823237304986011,49def34ad5b7ab73,19c6cf4265be2ab2,True,True
nominal_heatup,97,106.12642467110382,106.12642467110382,94.91668797597198,94.00000000000009,-12.126424671103734,-2056142.2879605317,optimal,-2033544.69683347,False,False,8000,8000,1.1714380318444313,2.075432023556857,10.0,1,0,,115.53832771263885,114.11087532802055,110.14194118646574,1.0,1.0,0.9958852474915413,115.19725004601597,113.62056765492385,109.16263575979755,1.0,1.0,0.9956601856874648,0.9823306892315375,0.9823268411771348,8dd3a0edac5aea3d,b3bb80313e02b154,True,True
nominal_heatup,98,110.12642467110383,110.12642467110383,98.00000000000009,98.00000000000009,-12.126424671103749,-2052290.1435275408,optimal,-2033275.1225900087,False,False,8000,8000,1.18541769084446,1.719586121854185,10.0,0,0,,114.47723754590935,113.1662759388336,109.53719788590847,1.0,1.0,0.9962264560011892,114.02523044012852,112.54968586945454,108.39223491397009,1.0,1.0,0.9959827868561107,0.9823333267076442,0.9823287632094478,aa062c477c5fb29b,33ed7fd390182f3e,True,True
nominal_heatup,99,114.12642467110385,114.12642467110385,102.00000000000009,102.00000000000009,-12.126424671103763,-2035150.966722122,optimal,-2025539.223211623,False,False,8000,8000,0.9512061563529102,1.483600435654762,10.0,0,0,,113.50274026304555,112.30469533813199,109.00395299763471,1.0,1.0,0.9965028679437662,112.92839116802072,111.55289447953633,107.69129783497263,1.0,1.0,0.9962416331983168,0.982335185098761,0.9823297721472501,6c7c2f7e1797df76,e4a0eef6c37ef5b2,True,True
nominal_heatup,100,118.12642467110386,118.12642467110386,106.00000000000009,106.00000000000009,-12.126424671103777,-2007570.0712668097,optimal,-2010924.6746297588,False,False,8000,8000,0.46286181521743686,0.6709507035627533,10.0,0,0,,112.61217907668002,111.52318011025977,108.54430181529631,1.0,1.0,0.9967324683512762,111.90592202912187,110.62887899386119,107.06284552122047,1.0,1.0,0.9964545575371263,0.9823364710750329,0.9823300399521349,e939380ca74aec62,3a49b44ba6307674,True,True
nominal_heatup,101,122.12642467110389,122.12642467110389,110.09494510281964,110.00000000000009,-12.126424671103806,-1971601.0696796246,optimal,-1992769.208768223,False,False,8000,8000,0.19076189897890572,0.3006172708884405,10.0,1,0,,111.80267670217097,110.82076355562324,108.15839940139047,1.0,1.0,0.9969274255689426,110.95663796066039,109.77812373539724,106.50775068128438,1.0,1.0,0.9966335921682467,0.9823373345256553,0.9823296773649811,68e0b5e3397dbb10,4e801ceb1a62c5be,True,True
nominal_heatup,102,126.12642467110389,126.12642467110389,114.00000000000009,114.00000000000009,-12.126424671103806,-1912992.7405401422,optimal,-1970973.6593178662,False,False,8000,8000,0.03145298734536084,0.04956533991304646,10.0,0,0,,111.07277607948727,110.1961857906696,107.84628324949335,1.0,1.0,0.9970962221031462,110.08059483007852,109.00063691433165,106.0266149519902,1.0,1.0,0.9967871020165032,0.9823355740483065,0.9823287613156306,139587e3fddf1380,386b6adc484f84e0,True,True
nominal_heatup,103,130.0,130.0,118.00000000000009,118.00000000000009,-11.999999999999915,-1838622.4538245972,optimal,-1945116.85229275,False,False,8000,8000,0.014159153347918618,0.020521005097816847,10.0,0,0,,110.42116671882637,109.64859584639352,107.60743145781635,1.0,1.0,0.997244951163628,109.2778130790171,108.29666501423397,105.6193649335358,1.0,1.0,0.99692107815965,0.9823315974781514,0.9823273529361228,ead9d354a7a875e2,7be328bc96fef9cb,False,True
nominal_heatup,104,130.0,130.0,122.0000000000001,122.00000000000009,-7.999999999999915,-1761298.4994226256,optimal,-1908165.971841541,False,False,8000,8000,0.0035183779574623486,0.005602309501527181,10.0,0,0,-3.3342662403139434e-06,109.84687971305746,109.17709426775505,107.4411702020779,1.0,1.0,0.9973780974590574,108.54848117634529,107.66625161314279,105.2856862055727,1.0,1.0,0.9970399171672444,0.9823268416131121,0.9823240685694781,2135ef0575efd496,d8ef2468f403a202,False,True
nominal_heatup,105,130.0,130.0,126.00000000000007,126.00000000000007,-3.999999999999929,-1690356.2690824806,optimal,-1855938.551297318,False,False,8000,8000,0.0058481586631558,0.008496965812366142,10.0,0,0,3.0507756573549112e-06,109.34899778194213,108.78083964706146,107.34664096807066,1.0,1.0,0.9974990385926243,107.89267988699962,107.10936108283556,105.02500968130803,1.0,1.0,0.9971469207377266,0.9823211501005776,0.9823169499213402,1785486c8345944a,99e2fbcbcdaaabd8,False,True
nominal_heatup,106,130.0,130.0,130.0,130.0,0.0,-1626386.235590147,optimal,-1800210.856959653,False,False,8000,8000,0.008349016342037885,0.01210031438368464,10.0,0,0,,108.92666004474997,108.4589560188415,107.32290552579957,1.0,1.0,0.9976103709729877,107.31040345559693,106.62580278326185,104.8366306733447,1.0,1.0,0.9972446205980116,0.9823143352375079,0.982307988312222,559fc8a1773f1762,0baf0fb792fa6120,False,True
nominal_heatup,107,130.0,130.0,130.0,130.0,0.0,-1568778.1321476735,optimal,-1740597.2664948017,False,False,8000,8000,0.005468774437417778,0.007966843065003282,10.0,0,0,1.3570451189263582e-05,108.57899440757778,108.2105498821866,107.36895995415559,1.0,1.0,0.9977141293309765,106.80150869358677,106.2152637335891,104.71973355873496,1.0,1.0,0.997334997415698,0.982306174183903,0.982296588759261,1b3a8218390f6bc6,81e6b1083dfd5df2,False,False
nominal_heatup,108,129.99999999999997,129.99999999999997,130.0,130.0,2.842170943040401e-14,-1516855.5243150012,optimal,-1685786.7127397058,False,False,8000,8000,0.00969289745606261,0.0140480149639588,10.0,0,0,,108.30511286372338,108.0346946524135,107.4832760270058,1.0,1.0,0.9978119369858606,106.36572619810647,105.87730724178824,104.67343236045711,1.0,1.0,0.9974196310290824,0.9822964037823623,0.9822819142299107,dde7261c8221a131,07d0b29615232020,False,False
nominal_heatup,109,130.0,130.0,130.0,130.0,0.0,-1469691.626977803,optimal,-1636192.947785427,False,False,8000,8000,0.010102778441265059,0.014642059648719119,10.0,0,0,,108.10409872971974,107.93025446951877,107.64940805332306,1.0,1.0,0.9979051045797778,106.00266221266072,105.61139180567983,104.69678867647708,1.0,1.0,0.997499806023397,0.9822845822925886,0.9822627660170549,016eb7291fb104cc,3c910ebf3a1b5ab6,False,False
nominal_heatup,110,130.0,130.0,130.0,130.0,0.0,-1426474.2928934037,optimal,-1591238.31245735,False,False,8000,8000,0.01032455851633074,0.014963487769375838,10.0,0,0,,107.97487239822922,107.89048468918553,107.85547152706445,1.0,1.0,0.9979945207455718,105.71181315467922,105.41688331928087,104.78882886891985,1.0,1.0,0.997576587189192,0.9822700400502081,0.9822373910325083,7f49f06bdd01ceaa,14ff5bd2bc8b3876,False,False
nominal_heatup,111,130.0,130.0,130.0,130.0,0.0,-1386467.4454626206,optimal,-1550409.1480875022,False,False,8000,8000,0.008958627201351987,0.013050814922887177,10.0,0,0,,107.91214318272336,107.90883586040177,108.09115102897218,1.0,1.0,0.998080797601375,105.492578417613,105.29306999386233,104.94855463468978,1.0,1.0,0.9976508743668916,0.9822516538808856,0.9822031521984855,3960f6b620a0ecd6,60e66beb03e9e46f,False,False
nominal_heatup,112,130.00000000000003,130.00000000000003,130.0,130.0,-2.842170943040401e-14,-1349058.851534912,optimal,-1513015.8797031625,False,False,8000,8000,0.009050900314974797,0.013185236863976435,10.0,0,0,,107.90968469988256,107.97782667296117,108.34911093373671,1.0,1.0,0.9981643413976369,105.34427474815075,105.23917487450784,105.15941753289263,1.0,1.0,0.9977234427942167,0.9822274440851075,0.9821548877463331,4f60c8714a8f4ad7,bf99195ac0e66adc,False,False
nominal_heatup,113,130.0,130.0,130.0,130.0,0.0,-1313737.9241800308,optimal,-1478469.5964423202,False,False,8000,8000,0.010014896396640438,0.014514691306698246,10.0,0,0,,107.96033772225611,108.09049638582206,108.62367167124961,1.0,1.0,0.9982454212639575,105.26614924032387,105.24859400183719,105.40953114207332,1.0,1.0,0.9977948168788028,0.9821935339705092,0.9820809853450678,174fc0d3349a9ffb,cc9b3bb347aaeaec,False,False
nominal_heatup,114,130.0,130.0,130.0,130.0,0.0,-1280092.3108648383,optimal,-1446232.496447946,False,False,8000,8000,0.010057932738192221,0.014577064314676313,10.0,0,0,,108.05709056635284,108.24028666222425,108.91059875819118,1.0,1.0,0.9983242088905536,105.25309963451318,105.31493474634811,105.6885288021816,1.0,1.0,0.997865352683245,0.9821410441405787,0.9819411782744948,729c622dc6049852,8f07aaa1e0d1a3c4,False,False
nominal_heatup,115,130.0,130.0,130.0,130.0,0.0,-1247796.724985996,optimal,-1415854.7120127936,False,False,8000,8000,0.009988454643604427,0.014476369004865042,10.0,0,0,,108.19326854188957,108.42133438168852,109.2065943825916,1.0,1.0,0.9984008085346087,105.29906448057999,105.43080703513037,105.98906379481353,1.0,1.0,0.9979352721711237,0.9820422649308409,0.981655861782793,b9423f1221ff1a7c,49acff2a453191f1,False,False
nominal_heatup,116,129.99999999999997,129.99999999999997,130.0,130.0,2.842170943040401e-14,-1216579.7870273357,optimal,-1386954.5386068746,False,False,8000,8000,0.009614625256645581,0.013934574268472666,10.0,0,0,,108.36280023526531,108.62842824053719,109.50908771327136,1.0,1.0,0.998475276712865,105.39699470275733,105.58933072177435,106.30544840026354,1.0,1.0,0.998004704701898,0.9815944023944441,0.9818792471458443,645a6d813bd0bcce,b96f0a6cc509ae55,False,False
nominal_heatup,117,130.0,130.0,130.0,130.0,0.0,-1186216.8129724509,optimal,-1359212.7598809912,False,False,8000,8000,0.010827204504622046,0.015691977717534833,10.0,0,0,,108.56025359163581,108.85701864725957,109.81602813630663,1.0,1.0,0.998547636818114,105.53996679813929,105.78400606589372,106.6334530277729,1.0,1.0,0.998073709962754,0.9819530845372079,0.9820714164071416,fe9ae2b780658829,9a2fd2d47d610829,False,False
nominal_heatup,118,130.00000000000003,130.00000000000003,129.99999999999997,129.99999999999997,-5.684341886080802e-14,-1156539.1228048909,optimal,-1332363.4327883425,False,False,8000,8000,0.009084521623350383,0.013166289675905496,10.0,0,0,,108.7808525312183,109.10315682456371,110.1257677170982,1.0,1.0,0.9986178896688792,105.72137226574047,106.00901957878575,106.96978820193894,1.0,1.0,0.9981422965633263,0.9822934760126673,0.9822417249706541,8db97836109ccfa2,e3144294097292e7,False,False
nominal_heatup,119,129.99999999999997,129.99999999999997,130.0,130.0,2.842170943040401e-14,-1127418.12239184,optimal,-1306190.8833854105,False,False,8000,8000,0.010193306287135329,0.014773262577347346,10.0,0,0,,109.02043594573266,109.3634416698246,110.43696658976405,1.0,1.0,0.99868602156104,105.93519357330032,106.2592003942259,107.31189515660263,1.0,1.0,0.9982104342551683,0.9828227109135473,0.9823977296124192,a3e4408448f2b74e,ff624f28a8814ac6,False,False
nominal_heatup,120,130.0,130.0,130.0,130.0,0.0,-1098757.1877129893,optimal,-1280515.4265100998,False,False,8000,8000,0.01043262426581748,0.013860378150309494,10.0,0,0,,109.27540767360799,109.63495571249027,110.74852948764267,1.0,1.0,0.9987520104142601,106.17604255386324,106.53003380962383,107.65773647052666,1.0,1.0,0.9982780635042428,0.9834578638045517,0.9826722988838366,59a18534b95934f6,a06b61e90e48c9ab,False,False
nominal_heatup,121,130.0,130.0,130.0,130.0,0.0,-1070486.2094384762,optimal,-1255197.7404174423,False,False,8000,8000,0.00980558641612106,0.01421133622100701,10.0,0,0,,109.54267605512173,109.91520649452639,111.05955663121831,1.0,1.0,0.9988158305546094,106.43918032619337,106.81760121738098,108.00567811096651,1.0,1.0,0.998345102724744,0.9840782398387188,0.9829618747150155,d7b682f9783949e8,edf0898687f9d7b8,False,False
nominal_heatup,122,130.0,130.0,130.0,130.0,0.0,-1042557.0102975116,optimal,-1230117.059281684,False,False,8000,8000,0.013030238815460393,0.015659608585115947,10.0,0,0,,109.81959484437115,110.20207080611554,111.36930744785582,1.0,1.0,0.9988774564182654,106.72047775569156,107.11852825068713,108.35439409756486,1.0,1.0,0.9984114542302199,0.9846873105361716,0.9832525436594032,465a678e079e4050,4c28745eec9cc992,False,False
nominal_heatup,123,130.0,130.0,130.00000000000003,130.0,0.0,-1014939.4360322688,optimal,-1205171.0662320927,False,False,8000,8000,0.009245032565942779,0.013519063622626781,10.0,0,0,,110.10390659192265,110.49374492770184,111.67717207285997,1.0,1.0,0.9989368653985761,107.01636676092417,107.42992134547498,108.70280283308873,1.0,1.0,0.9984770091837047,0.9852872889167011,0.9835502745203789,4d12e8378ad48e60,0f7b061dcaa275d2,False,False
nominal_heatup,124,130.0,130.0,130.0,130.0,0.0,-987617.9987903393,optimal,-1180291.857878856,False,False,8000,8000,0.018044599057063238,0.026152221120793406,10.0,0,0,,110.39369112636098,110.78870022398087,111.98264901430866,1.0,1.0,0.9989940399822348,107.3237806598404,107.74930969659326,109.05001781002093,1.0,1.0,0.998541651866937,0.9858793977519912,0.9838595275280456,5e2b1b04a0d179bb,b5bf3a84f970cdd9,False,False
nominal_heatup,125,130.0,130.0,130.0,130.0,0.0,-960589.0139506005,optimal,-1155425.7357021668,False,False,8000,8000,0.019519104235840246,0.028289236487933245,10.0,0,0,,110.6873193228386,111.0856442975196,112.28532713874908,1.0,1.0,0.9990489692898861,107.6400957127429,108.07458986789486,109.39531128739192,1.0,1.0,0.9986052633917785,0.9864640934010459,0.9841834558262893,0a313b69d25081b2,5508ceb99cc1f973,False,False
nominal_heatup,126,129.99999999999997,129.99999999999997,130.0,130.0,2.842170943040401e-14,-933873.6011761845,optimal,-1130537.3979970845,False,False,8000,8000,0.02158819352406738,0.03128798865826088,10.0,0,0,,110.98341236128331,111.38348714026118,112.5848710327808,1.0,1.0,0.9991016501113592,107.96307494518607,108.40397634894923,109.73808577561125,1.0,1.0,0.9986677249491416,0.987041253321219,0.9845240798287591,1c8c5900c5e30b38,8984e805f89bb038,False,False
nominal_heatup,127,130.0,130.0,130.0,130.0,0.0,-907493.803607549,optimal,-1105605.086651137,False,False,8000,8000,0.02208105939874372,0.032031136388021686,10.0,0,0,,111.28080610870657,111.68131186284107,112.88100893465601,1.0,1.0,0.9991520875128966,108.29081697642407,108.73595738739043,110.07785172198788,1.0,1.0,0.9987289206358666,0.9876103332170465,0.9848824422143134,613c9c79e06a666d,962ae4312d0852b4,False,False
nominal_heatup,128,130.0,130.0,130.0,130.0,0.0,-881446.1998668154,optimal,-1080619.4234899052,False,False,8000,8000,0.02284558713350293,0.033193034547817746,10.0,0,0,,111.5785202195309,111.97834945851298,113.17352271542467,1.0,1.0,0.9992002950842098,108.62171005417575,109.0692563403343,110.41420952666016,1.0,1.0,0.9987887398851205,0.9881704981954047,0.985258749362534,631db7baaf560db8,ff0dc6e032804902,False,False
nominal_heatup,129,130.0,130.0,129.99999999999997,129.99999999999997,-2.842170943040401e-14,-855747.0896133281,optimal,-1055583.7338201012,False,False,8000,8000,0.02183811541634384,0.03167871792750088,10.0,0,0,,111.87573144592727,112.27395711789488,113.4622394983969,1.0,1.0,0.9992462948868984,108.95439152818943,109.4027979868311,110.74683494169476,1.0,1.0,0.9988470795125949,0.9887207313270315,0.9856525024334953,aaef8578b36c71bb,a2ecc97e8fb46e0a,False,False
nominal_heatup,130,130.0,130.0,130.0,130.0,0.0,-830419.4752316864,optimal,-1030509.2169787891,False,False,8000,8000,0.02351382278448,0.034163933764467025,10.0,0,0,,112.17175066815658,112.56759962871276,113.7470246169173,1.0,1.0,0.9992901171604399,109.28771240746339,109.73567939247545,111.07546704013689,1.0,1.0,0.9989038453886244,0.9892599223667847,0.986062619898967,eddc2ad8d8a62f3b,00fdff4cf36eb9f5,False,False
nominal_heatup,131,130.0,130.0,130.0,130.0,0.0,-805487.1464579236,optimal,-1005415.529230069,False,False,8000,8000,0.020638316037349114,0.027548519085184076,10.0,0,0,,112.46600317288623,112.85883344736128,114.02777567315272,1.0,1.0,0.9993317998372049,109.62070660603545,110.06714478698544,111.3998982328704,1.0,1.0,0.9989589537468778,0.9897869389891929,0.9864875521819234,2c4b02d78dcb390a,5a9968467099ef74,False,False
nominal_heatup,132,130.0,130.0,130.0,130.0,0.0,-780973.6733731895,optimal,-980329.8149111351,False,False,8000,8000,0.019905742923114644,0.026568323642590208,10.0,0,0,,112.75801175119729,113.1472930725989,114.30441751258527,1.0,1.0,0.9993713879132132,109.95256437513737,110.39656397545674,111.71996592015094,1.0,1.0,0.9990123321439816,0.9903006826385162,0.9869253884036892,f139b12394ceb417,ad788141deae6464,False,False
nominal_heatup,133,130.0,130.0,130.0,130.0,0.0,-756925.7561735666,optimal,-955281.405610075,False,False,8000,8000,0.02377222539992374,0.03445951001562353,10.0,0,0,,113.04738223155917,113.4326793984409,114.57689796440413,1.0,1.0,0.9994089327165269,110.28260943654003,110.72341382007153,112.03554547735952,1.0,1.0,0.9990639200889858,0.9908001309242739,0.9873739548412378,12f448184f50acdc,d2c4b57bb5fdaa3e,False,False
nominal_heatup,134,130.0,130.0,130.0,130.0,0.0,-733378.8517467035,optimal,-930318.5752372674,False,False,8000,8000,0.02316559552041042,0.03358015740737219,10.0,0,0,,113.3337911089777,113.71474976469739,114.84518422614487,1.0,1.0,0.999444491110225,110.61027934823491,111.0472623813787,112.34654433744936,1.0,1.0,0.9991136693664492,0.991284368364879,0.987830904548451,b3c5dfe7c1c2ed5b,a867948a2b72e62f,False,False
nominal_heatup,135,130.0,130.0,130.00000000000003,130.0,0.0,-710314.7226599071,optimal,-905481.7619648064,False,False,8000,8000,0.027734597155728125,0.04019603401654326,10.0,0,0,,113.61697497407226,113.9933094617594,115.10925979217632,1.0,1.0,0.9994781246619059,110.93510867668954,111.3677553511473,112.65289698497003,1.0,1.0,0.999161544081285,0.9917526071725241,0.9882937976068837,bcc149e37184130a,866ef74ae001ef85,False,False
nominal_heatup,136,129.99999999999997,129.99999999999997,130.0,130.0,2.842170943040401e-14,-687746.2529755353,optimal,-880795.6729067643,False,False,8000,8000,0.027671937832394633,0.04046481811508329,10.0,0,0,,113.89672148512159,114.26820447974201,115.36912184265631,1.0,1.0,0.9995098988067014,111.25671459285333,111.68460445529816,112.95456071218102,1.0,1.0,0.999207520457036,0.9922041996622933,0.9887601715999009,9dbf669c30e1a31a,5237e4566ef1940f,False,False
nominal_heatup,137,130.0,130.0,130.0,130.0,0.0,-665688.8146206494,optimal,-856300.499675446,False,False,8000,8000,0.036650602901715956,0.053165947730233754,10.0,0,0,,114.17286166110677,114.53931532162069,115.62477902314926,1.0,1.0,0.999539882025993,111.57478455467896,111.9975775465549,113.25151201603803,1.0,1.0,0.9992515864216627,0.9926386437527409,0.9892276021001204,b586932ae382e4be,39b06f0649c5db04,False,False
nominal_heatup,138,130.0,130.0,130.0,130.0,0.0,-644203.2668020955,optimal,-832036.4676797979,False,False,8000,8000,0.037590862688361426,0.05476187510913366,10.0,0,0,,114.44526330470859,114.80655172562321,115.87624955619792,1.0,1.0,0.9995681450594847,111.88906578120243,112.30649014446472,113.54374353611638,1.0,1.0,0.9992937410161643,0.9930555828997828,0.9896937531886606,5433b2daf654acf3,39593eaf7be5d1dd,False,False
nominal_heatup,139,130.0,130.0,130.0,130.0,0.0,-623279.353761498,optimal,-808042.6588785754,False,False,8000,8000,0.03703761509635228,0.05368862388336115,10.0,0,0,,114.71382539120386,115.06984816433769,116.12355963526704,1.0,1.0,0.999594760164105,112.19935626233072,112.61119821381864,113.83126145056572,1.0,1.0,0.999333993661417,0.9934548016731779,0.9901564182565966,ff9255ca34b4355b,bdbb29f298424566,False,False
nominal_heatup,140,130.0,130.0,130.0,130.0,0.0,-602885.1545468923,optimal,-784355.7031556515,False,False,8000,8000,0.038232597608256924,0.05542083494667427,10.0,0,0,,114.97847328263254,115.32916000711663,116.36674205906924,1.0,1.0,0.9996198004294485,112.50549708333428,112.91159200193063,114.11408326073962,1.0,1.0,0.999372363317607,0.9938362180462978,0.990613551553077,bdb11b5c1e2c06b7,ad7c7f5c7ee796f5,False,False
nominal_heatup,141,130.00000000000003,130.00000000000003,130.0,130.0,-2.842170943040401e-14,-583049.5726380172,optimal,-761013.8454689354,False,False,8000,8000,0.036568046350438976,0.053007951012788546,10.0,0,0,,115.2391546468324,115.58446024879305,116.60583507063487,1.0,1.0,0.9996433391561509,112.80736587386254,113.2075907807778,114.39223590620792,1.0,1.0,0.9994088775687235,0.9941998733314352,0.9910632911265208,ac15f1dd5c71df3a,f5d2a9fc86c235dd,False,False
nominal_heatup,142,129.99999999999997,129.99999999999997,130.0,130.0,2.842170943040401e-14,-563824.6624599632,optimal,-738075.0959527594,False,False,8000,8000,0.03917444817454907,0.05677592656429642,10.0,0,0,,115.49583597834668,115.83573672182098,116.8408813708313,1.0,1.0,0.999665449300755,113.10487121819777,113.49913836212585,114.66575416094109,1.0,1.0,0.999443571661928,0.9945459205551636,0.9915039739466124,5f026fb18802c28b,b71dc517d1daf930,False,False
nominal_heatup,143,130.0,130.0,130.0,130.0,0.0,-545135.9875444545,optimal,-715534.6485699932,False,False,8000,8000,0.04982530430434906,0.073666034093538,10.0,0,0,,115.74849963315648,116.08298972102689,117.07192728055104,1.0,1.0,0.9996862029882517,113.39794788681007,113.78619927281488,114.93467926899947,1.0,1.0,0.9994764875284505,0.9948746119384766,0.9919341440923646,282a02fffb5703d0,912ad84db216c3d9,False,False
nominal_heatup,144,130.0,130.0,130.0,130.0,0.0,-527023.9285995276,optimal,-693421.4080931745,False,False,8000,8000,0.031593360208518106,0.0458298307283469,10.0,0,0,,115.99714130200114,116.32622998049042,117.29902202961024,1.0,1.0,0.9997056710915521,113.68655276943035,114.06875549375107,115.1990577843622,1.0,1.0,0.9995076728091574,0.9951862860237617,0.992352554945957,372270063f4b1feb,22e141cb677a4532,False,False
nominal_heatup,145,130.0,130.0,130.0,130.0,0.0,-509511.43128912477,optimal,-671752.2154930584,False,False,8000,8000,0.05127236552188208,0.07469290236920045,10.0,0,0,,116.24176785801784,116.56547695090666,117.52221715364608,1.0,1.0,0.9997239228756358,113.9706614071993,114.34680368018414,115.45894058482632,1.0,1.0,0.9995371799042849,0.9954813548795582,0.9927581663463846,e9579998f21cc395,04dc296d0267ea22,False,False
nominal_heatup,146,130.0,130.0,130.0,130.0,0.0,-492532.09700615145,optimal,-650564.3779601197,False,False,8000,8000,0.047323530920479584,0.06864826640337185,10.0,0,0,,116.48239552381357,116.80075733333285,117.74156598305969,1.0,1.0,0.9997410257029865,114.25026503633347,114.6203527928665,115.7143820343753,1.0,1.0,0.9995650650631877,0.9957602917149662,0.9931501376370111,fa46f9333a4bd43e,8f151b5f4e209a6d,False,False
nominal_heatup,147,129.99999999999997,129.99999999999997,130.0,130.0,2.842170943040401e-14,-476164.68941344414,optimal,-629894.3145415436,False,False,8000,8000,0.06933977950878045,0.10101326939147182,10.0,0,0,,116.71904831110318,117.03210383167252,117.9571232104019,1.0,1.0,0.9997570447961124,114.52536806850165,114.88942207996597,115.96543927219861,1.0,1.0,0.9995913875264419,0.9960236191486146,0.9935278174940632,ddb4112a3ab93eaf,b193263d81bb7181,False,False
nominal_heatup,148,130.0,130.0,130.0,130.0,0.0,-460328.8687334176,optimal,-609714.0848992614,False,False,8000,8000,0.0732267391118171,0.1061282584972334,10.0,0,0,,116.95175669289998,117.25955409175987,118.1689445245996,1.0,1.0,0.9997720430524306,114.79598594401594,115.15403935838704,116.21217160975411,1.0,1.0,0.9996162087293745,0.9962718983031731,0.9938907313536534,a50931b2f240c00f,b426578ae3c37f73,False,False
nominal_heatup,149,130.0,130.0,130.0,130.0,0.0,-445089.4735866732,optimal,-590032.9565015419,False,False,8000,8000,0.06244782549293859,0.09050626925205751,10.0,0,0,,117.18055647410073,117.48314979961238,118.37708630212727,1.0,1.0,0.999786080906501,115.06214330327153,115.41423955065842,116.45464001999449,1.0,1.0,0.999639591573125,0.9965057188343382,0.9942385671724218,cba43131ab6f2dee,a5245740fb87592c,False,False
nominal_heatup,150,130.0,130.0,130.0,130.0,0.0,-430386.01121744886,optimal,-570910.1823829323,False,False,8000,8000,0.06293283357054236,0.0916797130484035,10.0,0,0,,117.4054878313062,117.70293591543735,118.5816053466833,1.0,1.0,0.9997992162345017,115.32387242984025,115.67006343995192,116.69290670520256,1.0,1.0,0.999661599766744,0.9967256899525085,0.9945711601655793,52afb620bd473bc1,79893f0ae416df5a,False,False
nominal_heatup,151,130.00000000000003,130.00000000000003,130.0,130.0,-2.842170943040401e-14,-416257.60379482835,optimal,-552311.2797411375,False,False,8000,8000,0.08141351977513978,0.11860212932899827,10.0,0,0,,117.62659449698913,117.91896002340846,118.78255867017192,1.0,1.0,0.9998115042958934,115.58121192543251,115.92155661126891,116.92703473186174,1.0,1.0,0.9996822972415931,0.9969324324547663,0.9948884770711616,fc5fd3d1ef6b7444,c3697fc5d951fa03,False,False
nominal_heatup,152,130.0,130.0,130.0,130.0,0.0,-402663.1513497482,optimal,-534229.326973151,False,False,8000,8000,0.06667612004362411,0.09663437959156074,10.0,0,0,,117.8439230667664,118.13127178015733,118.9800033088505,1.0,1.0,0.9998229977073924,115.83420558275596,116.16876855150178,117.15708772267752,1.0,1.0,0.9997017476374599,0.9971265717537533,0.9951906003965828,8f6ddff7918384c3,0b784c74f3191469,False,False
nominal_heatup,153,130.0,130.0,130.0,130.0,0.0,-389618.85006844025,optimal,-516720.9865313368,False,False,8000,8000,0.09885910489705907,0.14340658878916646,10.0,0,0,,118.05752241164615,118.33992244742544,119.1739961694061,1.0,1.0,0.9998337464446313,116.08290142726425,116.41175188506575,117.38312959730953,1.0,1.0,0.999720013858305,0.9973087318660722,0.9954777130145237,286415d506b76ffa,440b3c8e96db1bac,False,False
nominal_heatup,154,130.0,130.0,130.0,130.0,0.0,-377098.1045560887,optimal,-499736.4527128817,False,False,8000,8000,0.094935611632323,0.13759114845363474,10.0,0,0,,118.26744317977712,118.5449644964561,119.36459390049586,1.0,1.0,0.9998437978671998,116.327350903028,116.65056172520158,117.6052243546054,1.0,1.0,0.9997371576944052,0.9974795303064727,0.9957500833929473,47c3e83921b4586e,8f6f65945579ddcc,False,False
nominal_heatup,155,130.0,130.0,130.0,130.0,0.0,-365099.14632698346,optimal,-483296.8712645782,False,False,8000,8000,0.07667497206119833,0.11112581761633766,10.0,0,0,,118.47373737449706,118.74645127352883,119.55185278594354,1.0,1.0,0.999853196763111,116.56760818157859,116.88525512395714,117.8234358901809,1.0,1.0,0.9997532395068071,0.9976395738226497,0.996008051670812,a26edd9ccadd1a69,a69994f5d8e74cd3,False,False
nominal_heatup,156,129.10557342510364,129.10557342510364,130.0,130.0,0.8944265748963574,-353605.18639909104,optimal,-467417.4132172959,False,False,8000,8000,0.11916479302473704,0.17425521323013804,10.0,0,0,,118.6764579974133,118.94443671759336,119.73582865634651,1.0,1.0,0.9998619854091106,116.80372957566607,117.11589060633833,118.03782784409078,1.0,1.0,0.9997683179694267,0.9977894548989182,0.9962520167260864,010110c920636eb5,53de0a99745a8354,False,False
nominal_heatup,157,127.21120251870579,127.21120251870579,130.0,130.0,2.7887974812942105,-343025.6022423307,optimal,-452060.407419831,False,False,8000,8000,0.12168592304155368,0.1799108125881892,10.0,0,0,,118.8756587469023,119.13897512228861,119.91657681632589,1.0,1.0,0.9998702036436173,117.03577304251071,117.34252777623995,118.24846347410327,1.0,1.0,0.999782449863783,0.9979297489538085,0.9964824243278287,8d7d9a811ebba53d,60d8f8d87951f7e4,False,False
nominal_heatup,158,124.85119376122839,124.85119376122839,130.0,130.0,5.148806238771613,-334025.7982693135,optimal,-437269.8696341925,False,False,8000,8000,0.1382377810063815,0.2005299217519383,10.0,0,0,,119.07139376382617,119.3301209357652,120.09415198506146,1.0,1.0,0.9998778889494531,117.26379776338072,117.56522698357786,118.45540555074898,1.0,1.0,0.9997956899211963,0.9980610121567348,0.9966997564181999,a47c4d7d86e53059,bd15476d06557a00,False,False
nominal_heatup,159,122.19298562637627,122.19298562637627,130.0,130.0,7.80701437362373,-327032.7134118783,optimal,-422990.6820199153,False,False,8000,8000,0.1173888034953876,0.17055767244460185,10.0,0,0,,119.26371741746848,119.5179285926971,120.26860824810124,1.0,1.0,0.9998850765438714,117.48786378825318,117.78404904358989,118.65871627087607,1.0,1.0,0.9998080907072853,0.9981837797900329,0.9969045215326393,ededbae6a64a5fda,a1f6a70f185f586d,False,False
disturbance_step60,0,31.999999999999996,31.999999999999996,32.0,32.0,3.552713678800501e-15,-2198585.5400207387,optimal,-3156453.626663844,False,False,8000,8000,11.93596257930119,18.24541865154171,10.502894604128544,0,0,,28.0,28.0,28.0,1e-05,1e-05,1e-05,28.0,28.0,28.0,1e-05,1e-05,1e-05,1.0000008521941652,1.0000008521941652,c943bc3a67b5fa9d,c943bc3a67b5fa9d,True,True
disturbance_step60,1,36.0,36.0,41.11260573560642,36.0,0.0,-2379544.5573612694,optimal,-3329162.620553523,False,False,8000,8000,6.326806756315889,11.572124508882155,10.735043590191477,1,0,,28.000000056399145,28.000000056399145,28.000000056399145,1.0001630922571259e-05,1.0001630922571259e-05,1.0001630922571259e-05,28.000000056399145,28.000000056399145,28.000000056399145,1.0001630922571259e-05,1.0001630922571259e-05,1.0001630922571259e-05,1.0000008522669996,1.0000008522669996,831ca011373ab83a,831ca011373ab83a,True,True
disturbance_step60,2,40.0,40.0,44.24763426675883,40.0,0.0,-2557999.5068418547,optimal,-3478550.2726065577,False,False,8000,8000,9.496255559251487,14.80956836294278,10.25810934548705,1,0,,28.000000112803107,28.000000112803107,28.000000091841084,1.0003261984532805e-05,1.0003261984532805e-05,1.0003261984532805e-05,28.000000112803107,28.000000112803107,28.000000091841084,1.0003261984532805e-05,1.0003261984532805e-05,1.0003261984532805e-05,1.0000008523398338,1.0000008523398338,212c54f4398d5019,212c54f4398d5019,True,True
disturbance_step60,3,44.0,44.0,43.99999999999999,43.99999999999999,-7.105427357601002e-15,-2733615.558104433,optimal,-3569103.5492431135,False,False,8000,8000,10.159064888900915,16.17490355996123,10.502894604128551,0,0,,28.00000016921189,28.00000016142088,28.000000128607986,1.0004893185885736e-05,1.0004893185885736e-05,1.0004893185878145e-05,28.00000016921189,28.00000016142088,28.000000128607986,1.0004893185885736e-05,1.0004893185885736e-05,1.0004893185878145e-05,1.000000852412668,1.000000852412668,efbb3484c1da58e3,efbb3484c1da58e3,True,True
disturbance_step60,4,48.0,48.0,52.314249131339665,47.99999999999999,-7.105427357601002e-15,-2906059.851470105,optimal,-3682950.9016206427,False,False,8000,8000,8.977884304461043,13.723673868102699,10.502894604128553,1,0,,28.00000021983408,28.000000208534534,28.00000016274716,1.0006524526631151e-05,1.0006524526628329e-05,1.0006524526608854e-05,28.00000021983408,28.000000208534534,28.00000016274716,1.0006524526631151e-05,1.0006524526628329e-05,1.0006524526608854e-05,1.000000852485502,1.000000852485502,d36920b10683f4f8,d36920b10683f4f8,True,True
disturbance_step60,5,52.0,52.0,52.000000000000014,51.99999999999999,-7.105427357601002e-15,-3075002.7437421586,optimal,-3783449.9032534305,False,False,8000,8000,7.137799196257433,11.044023519925325,10.502894604128585,0,0,,28.00000026785304,28.000000252134775,28.015534364180088,1.0008156006768049e-05,1.0008156006761134e-05,1.0008156006725072e-05,28.00000026785304,28.000000252134775,28.015534364180088,1.0008156006768049e-05,1.0008156006761134e-05,1.0008156006725072e-05,1.0000008535389835,1.0000008535389835,9300261e3235a71e,9300261e3235a71e,True,True
disturbance_step60,6,55.99999999999999,55.99999999999999,55.99999999999999,55.99999999999999,0.0,-3240118.7683481663,optimal,-3875176.2349380204,False,False,8000,8000,4.480099215309835,6.732800758633291,10.0,0,0,,28.000000312592185,28.00577391978186,28.057459750004423,1.000978762629658e-05,1.000978762628397e-05,1.0009793262776227e-05,28.000000312592185,28.00577391978186,28.057459750004423,1.000978762629658e-05,1.000978762628397e-05,1.0009793262776227e-05,1.0000008566302483,1.0000008566302483,1c770da0a09e78ca,1c770da0a09e78ca,True,True
disturbance_step60,7,60.0,60.0,63.231303630697774,59.99999999999999,-7.105427357601002e-15,-3401087.3747966266,optimal,-4047868.3549803123,False,False,8000,8000,4.0820763076172,7.313892343505671,10.258109345487219,1,0,,28.004292153377847,28.022838296226645,28.135109522234508,1.001141938521665e-05,1.0011421478125678e-05,1.0011445967490528e-05,28.004292153377847,28.022838296226645,28.135109522234508,1.001141938521665e-05,1.0011421478125678e-05,1.0011445967490528e-05,1.0000008630022164,1.0000008630022164,e21fc477e21d5728,e21fc477e21d5728,True,True
disturbance_step60,8,64.0,64.0,66.92800279429905,63.99999999999999,-7.105427357601002e-15,-3557593.4863152155,optimal,-4132993.046530257,False,False,8000,8000,3.732656375465581,6.627386240709626,10.25810934548739,1,0,,28.01807839987666,28.057673407757182,28.254795432951447,1.0013052839181873e-05,1.0013061671269752e-05,1.0013127537634136e-05,28.01807839987666,28.057673407757182,28.254795432951447,1.0013052839181873e-05,1.0013061671269752e-05,1.0013127537634136e-05,1.0000008738881738,1.0000008738881738,c5d779c0c5bed409,c5d779c0c5bed409,True,True
disturbance_step60,9,68.0,68.0,70.5679697321931,68.0,0.0,-3709327.9124762886,optimal,-4198576.407985257,False,False,8000,8000,5.814354404820222,9.067582325525649,10.258109345487656,1,0,,28.047511223592842,28.11622195693027,28.42117301871507,1.0014691440074805e-05,1.0014714737108251e-05,1.0014854481868797e-05,28.047511223592842,28.11622195693027,28.42117301871507,1.0014691440074805e-05,1.0014714737108251e-05,1.0014854481868797e-05,1.0000008905547881,1.0000008905547881,76ea93fab5821a5e,76ea93fab5821a5e,True,True
disturbance_step60,10,72.0,72.0,72.0,72.0,0.0,-3855987.643942374,optimal,-4260262.602095406,False,False,8000,8000,5.722200143191699,8.665110035983755,10.258109345488032,0,0,,28.098587088330618,28.204026095810903,28.637444447596287,1.0016340922523065e-05,1.0016389563010768e-05,1.0016646422525322e-05,28.098587088330618,28.204026095810903,28.637444447596287,1.0016340922523065e-05,1.0016389563010768e-05,1.0016646422525322e-05,1.0000009143124624,1.0000009143124624,4ee42d8440631cb0,4ee42d8440631cb0,True,True
disturbance_step60,11,76.0,76.0,78.27957373970747,76.0,0.0,-3997276.052680686,optimal,-4356814.863508398,False,False,8000,8000,4.3873222359736985,6.772936399644815,10.258109345488544,1,0,,28.17696474743232,28.325927123648107,28.905878723964744,1.001800935059378e-05,1.0018097472067574e-05,1.0018526362451092e-05,28.17696474743232,28.325927123648107,28.905878723964744,1.001800935059378e-05,1.0018097472067574e-05,1.0018526362451092e-05,1.0000009465851527,1.0000009465851527,d240bb8e1699e64e,d240bb8e1699e64e,True,True
disturbance_step60,12,79.99999999999999,79.99999999999999,81.71129597080629,80.0,1.4210854715202004e-14,-4132774.880872062,optimal,-4430281.119811031,False,False,8000,8000,2.918129793697858,3.87343188593141,10.258109345489215,1,0,,28.287695303581557,28.48611411336325,29.228022559149494,1.0019707186055292e-05,1.0019852307914455e-05,1.0020521334415317e-05,28.287695303581557,28.48611411336325,29.228022559149494,1.0019707186055292e-05,1.0019852307914455e-05,1.0020521334415317e-05,1.000000988985778,1.000000988985778,f59aec26847d0c82,f59aec26847d0c82,True,True
disturbance_step60,13,83.99999999999999,83.99999999999999,85.84616583856567,84.0,1.4210854715202004e-14,-4261544.896129359,optimal,-4498648.850695296,False,False,8000,8000,1.8953111535698355,4.1787030135170085,10.0,1,0,,28.435189073687383,28.68811443723295,29.60491107244096,1.0021447366458453e-05,1.0021670668093506e-05,1.002266335713411e-05,28.435189073687383,28.68811443723295,29.60491107244096,1.0021447366458453e-05,1.0021670668093506e-05,1.002266335713411e-05,1.0000010434153785,1.0000010434153785,74c50006b0937e26,74c50006b0937e26,True,True
disturbance_step60,14,87.99999999999999,87.99999999999999,88.00000000000001,88.0,1.4210854715202004e-14,-4382300.404325929,optimal,-4563579.081645824,False,False,8000,8000,2.395448542282878,3.8139483980897424,10.0,0,0,,28.623200041918288,28.934857331659494,30.037186768688905,1.0023245495954168e-05,1.0023572281445382e-05,1.0024990765584491e-05,28.623200041918288,28.934857331659494,30.037186768688905,1.0023245495954168e-05,1.0023572281445382e-05,1.0024990765584491e-05,1.0000011121797336,1.0000011121797336,3dcfda09eeb46bd4,3dcfda09eeb46bd4,True,True
disturbance_step60,15,91.99999999999999,91.99999999999999,93.19266266569696,92.0,1.4210854715202004e-14,-4493717.36531285,optimal,-4633104.101329554,False,False,8000,8000,2.115605017907228,3.2339326680391647,10.0,1,0,,28.854869120086413,29.22872865371056,30.525195733226727,1.0025120171607514e-05,1.0025580580941484e-05,1.0027549973976509e-05,28.854869120086413,29.22872865371056,30.525195733226727,1.0025120171607514e-05,1.0025580580941484e-05,1.0027549973976509e-05,1.0000011981334345,1.0000011981334345,ebef33b44ce06552,ebef33b44ce06552,True,True
disturbance_step60,16,95.99999999999999,95.99999999999999,96.81904261916841,96.0,1.4210854715202004e-14,-4594311.755577716,optimal,-4688112.928297137,False,False,8000,8000,1.627010498991197,2.4870627370243152,10.0,1,0,,29.132775953652295,29.571636766375924,31.069051976588753,1.0027093488534011e-05,1.0027723503453636e-05,1.0030397793205575e-05,29.132775953652295,29.571636766375924,31.069051976588753,1.0027093488534011e-05,1.0027723503453636e-05,1.0030397793205575e-05,1.0000013048593073,1.0000013048593073,716729da6f300e1d,716729da6f300e1d,True,True
disturbance_step60,17,99.99999999999999,99.99999999999999,99.99999999999999,99.99999999999999,0.0,-4682485.98775227,optimal,-4735431.093244105,False,False,8000,8000,1.0767555071121109,1.7143720195927106,10.0,0,0,,29.459001193484145,29.965072618383886,31.66868726952701,1.0029191757879237e-05,1.0030034571632905e-05,1.0033604465787608e-05,29.459001193484145,29.965072618383886,31.66868726952701,1.0029191757879237e-05,1.0030034571632905e-05,1.0033604465787608e-05,1.0000014368973875,1.0000014368973875,c535be98098fdc69,c535be98098fdc69,True,True
disturbance_step60,18,103.99999999999999,103.99999999999999,104.30662816906907,103.99999999999999,0.0,-4756573.33574245,optimal,-4786041.566693454,False,False,8000,8000,0.6719339646602833,1.047892190222921,10.0,1,0,,29.83518713825559,30.410166831002797,32.32388788410938,1.0031446486637145e-05,1.003255432719756e-05,1.0037257650833878e-05,29.83518713825559,30.410166831002797,32.32388788410938,1.0031446486637145e-05,1.003255432719756e-05,1.0037257650833878e-05,1.0000016000414043,1.0000016000414043,9a91f3304693adeb,9a91f3304693adeb,True,True
disturbance_step60,19,107.99999999999997,107.99999999999997,108.15558400392743,107.99999999999999,1.4210854715202004e-14,-4814879.122501915,optimal,-4827053.127887541,False,False,8000,8000,0.1911249548266909,0.352156527878833,10.0,1,0,,30.26259573381852,30.907740544433675,33.03432342597463,1.0033895682563044e-05,1.0035332213742204e-05,1.0041467676231376e-05,30.26259573381852,30.907740544433675,33.03432342597463,1.0033895682563044e-05,1.0035332213742204e-05,1.0041467676231376e-05,1.0000018017276073,1.0000018017276073,271a1217339d3f93,271a1217339d3f93,True,True
disturbance_step60,20,111.99999999999997,111.99999999999997,112.00000000000001,111.99999999999999,1.4210854715202004e-14,-4855717.335599005,optimal,-4858635.202419961,False,False,8000,8000,0.10685648234152723,0.16664446144659006,10.0,0,0,,30.742161255455276,31.45835074073644,33.799569377951165,1.0036585572181912e-05,1.0038429042220354e-05,1.0046374493864521e-05,30.742161255455276,31.45835074073644,33.799569377951165,1.0036585572181912e-05,1.0038429042220354e-05,1.0046374493864521e-05,1.000002051549314,1.000002051549314,b37c55d7e224df46,b37c55d7e224df46,True,True
disturbance_step60,21,115.99999999999999,115.99999999999999,115.99999999999999,115.99999999999999,0.0,-4877442.577002664,optimal,-4877957.039170211,False,False,8000,8000,0.019850139214085516,0.03127808914834418,10.0,0,0,,31.274537519628144,32.06232983559645,34.619125239305966,1.0039572851893256e-05,1.0041920221372836e-05,1.0052156935043224e-05,31.274537519628144,32.06232983559645,34.619125239305966,1.0039572851893256e-05,1.0041920221372836e-05,1.0052156935043224e-05,1.000002361942879,1.000002361942879,fead5dc0d9eaba3d,fead5dc0d9eaba3d,True,True
disturbance_step60,22,119.99999999999999,119.99999999999999,119.99999999999999,119.99999999999999,0.0,-4878477.418998424,optimal,-4878492.604569104,False,False,8000,8000,0.0045024119102379245,0.006525391419399007,10.0,0,0,-3.112768467568859e-06,31.860139431473698,32.71982012895055,35.492429218553006,1.0042927636276365e-05,1.0045900001126806e-05,1.0059045087611502e-05,31.860139431473698,32.71982012895055,35.492429218553006,1.0042927636276365e-05,1.0045900001126806e-05,1.0059045087611502e-05,1.0000027491075865,1.0000027491075865,f155121473c1bc2a,f155121473c1bc2a,True,True
disturbance_step60,23,123.99999999999997,123.99999999999997,124.00043076664973,123.99999999999999,1.4210854715202004e-14,-4857335.535405974,optimal,-4857323.784760533,False,False,8000,8000,0.0010501708513714902,0.001342915232112496,10.0,1,0,2.4191545663976928e-06,32.499179256904526,33.43080354993059,36.4188703028621,1.0046737327042226e-05,1.0050487067028725e-05,1.0067336928314506e-05,32.499179256904526,33.43080354993059,36.4188703028621,1.0046737327042226e-05,1.0050487067028725e-05,1.0067336928314506e-05,1.0000032342458494,1.0000032342458494,b36887c77e6584fc,b36887c77e6584fc,True,True
disturbance_step60,24,127.99999999999996,127.99999999999996,127.99999999999997,127.99999999999997,1.4210854715202004e-14,-4812641.025914493,optimal,-4812627.557969345,False,False,8000,8000,0.00038225829976568093,0.0004969394119429538,10.0,0,0,2.79845205069661e-06,33.19169804282029,34.195127258322415,37.39779823444413,1.005111170702066e-05,1.0055831947088486e-05,1.0077420781319361e-05,33.19169804282029,34.195127258322415,37.39779823444413,1.005111170702066e-05,1.0055831947088486e-05,1.0077420781319361e-05,1.0000038452434135,1.0000038452434135,d5404adde7097fca,d5404adde7097fca,True,True
disturbance_step60,25,130.0,130.0,130.0,130.0,0.0,-4743144.390473815,optimal,-4743133.6468084715,False,False,8000,8000,0.0003740741819484583,0.0004862999784736033,10.0,0,0,2.2650934611350895e-06,33.937592712032945,35.01252560136736,38.42853181431629,1.005618967429849e-05,1.0062126862556018e-05,1.0089805789359043e-05,33.937592712032945,35.01252560136736,38.42853181431629,1.005618967429849e-05,1.0062126862556018e-05,1.0089805789359043e-05,1.000004618956481,1.000004618956481,6cba46779df8dbf2,6cba46779df8dbf2,False,False
disturbance_step60,26,130.0,130.0,130.0,130.0,0.0,-4660857.028411634,optimal,-4660847.931314987,False,False,8000,8000,0.00036593714084176554,0.000475721746380664,10.0,0,0,1.9518077024489676e-06,34.73663933886757,35.88263890591762,39.51036584016606,1.0062148184087887e-05,1.0069618889944927e-05,1.0105163455459045e-05,34.73663933886757,35.88263890591762,39.51036584016606,1.0062148184087887e-05,1.0069618889944927e-05,1.0105163455459045e-05,1.000005604339681,1.000005604339681,aa85081d4662fd0d,aa85081d4662fd0d,False,False
disturbance_step60,27,130.0,130.0,130.0,130.0,0.0,-4578740.64713441,optimal,-4578733.882425736,False,False,8000,8000,0.00035801134762891706,0.00046541813803191445,10.0,0,0,1.4774168697994447e-06,35.588513092118006,36.80502953120535,40.64257692132614,1.0069214176848358e-05,1.007862763007317e-05,1.0124384554526784e-05,35.588513092118006,36.80502953120535,40.64257692132614,1.0069214176848358e-05,1.007862763007317e-05,1.0124384554526784e-05,1.0000068667446973,1.0000068667446973,51476bde513d5b14,51476bde513d5b14,False,False
disturbance_step60,28,130.0,130.0,130.00000000000003,130.0,0.0,-4497417.026190166,optimal,-4497412.043232379,False,False,8000,8000,0.0003501097478704196,0.00045514598162998965,10.0,0,0,1.1079599155972025e-06,36.49280528639048,37.77919556259234,41.824428360756755,1.00776805645182e-05,1.0089569039656569e-05,1.0148657494724979e-05,36.49280528639048,37.77919556259234,41.824428360756755,1.00776805645182e-05,1.0089569039656569e-05,1.0148657494724979e-05,1.0000084938573894,1.0000084938573894,87ab28af6659a705,87ab28af6659a705,False,False
disturbance_step60,29,130.0,130.0,130.0,130.0,0.0,-4416968.952529828,optimal,-4416966.372008075,False,False,8000,8000,0.00034224843066965605,0.00044492619222769036,10.0,0,0,5.842290903086014e-07,37.44903793778678,38.80458247844509,43.055174257720964,1.008792775660128e-05,1.0102987727945598e-05,1.0179576783908196e-05,37.44903793778678,38.80458247844509,43.055174257720964,1.008792775660128e-05,1.0102987727945598e-05,1.0179576783908196e-05,1.000010603941939,1.000010603941939,c8f6e8bb43083621,c8f6e8bb43083621,False,False
disturbance_step60,30,130.0,130.0,130.0,130.0,0.0,-4337463.228155296,optimal,-4337462.207072718,False,False,8000,8000,0.0003347764685770471,0.00043521256982348433,10.0,0,0,2.3541008292563342e-07,38.45667617246797,39.88059307969843,44.3262958722187,1.0100452783556139e-05,1.0119600936431953e-05,1.0219294017606023e-05,38.45667617246797,39.88059307969843,44.3262958722187,1.0100452783556139e-05,1.0119600936431953e-05,1.0219294017606023e-05,1.0000133502968045,1.0000133502968045,b50b91940052da80,b50b91940052da80,False,False
disturbance_step60,31,130.0,130.0,130.0,130.0,0.0,-4258954.0956230685,optimal,-4258954.147670666,False,False,8000,8000,0.00032804009083520214,0.0004264552140798017,10.0,0,0,-1.2220746238582678e-08,39.51513879282677,41.00370911940794,45.62384309440205,1.0115908887980325e-05,1.0140358723565776e-05,1.027064961864798e-05,39.51513879282677,41.00370911940794,45.62384309440205,1.0115908887980325e-05,1.0140358723565776e-05,1.027064961864798e-05,1.0000169276166246,1.0000169276166246,e424f985c8a10d33,e424f985c8a10d33,False,False
disturbance_step60,32,130.0,130.0,130.0,130.0,0.0,-4181485.864571804,optimal,-4181485.9156051544,False,False,8000,8000,0.0003244377484037386,0.0004217721409078834,10.0,0,0,-1.2204597080136228e-08,40.62166136640788,42.167626743408356,46.936965864865606,1.0135159609374298e-05,1.0166511340095578e-05,1.0337306087914461e-05,40.62166136640788,42.167626743408356,46.936965864865606,1.0135159609374298e-05,1.0166511340095578e-05,1.0337306087914461e-05,1.0000215859513406,1.0000215859513406,1cf7d8090a0a2d14,1cf7d8090a0a2d14,False,False
disturbance_step60,33,130.0,130.0,130.0,130.0,0.0,-4105090.8588292957,optimal,-4105090.9088745727,False,False,8000,8000,0.0003208944115868917,0.0004171657754001856,10.0,0,0,-1.2191027964715103e-08,41.77084845737516,43.36566791672194,48.25708836034172,1.0159342426202962e-05,1.0199689056691248e-05,1.0423972055584554e-05,41.77084845737516,43.36566791672194,48.25708836034172,1.0159342426202962e-05,1.0199689056691248e-05,1.0423972055584554e-05,1.00002764480365,1.00002764480365,3cb5db83858903e4,3cb5db83858903e4,False,False
disturbance_step60,34,130.0,130.0,130.0,130.0,0.0,-4029793.1559638185,optimal,-4029793.205046617,False,False,8000,8000,0.0003174096755884648,0.0004126355916982405,10.0,0,0,-1.2179979712030559e-08,42.956351227797434,44.59092597223202,49.57797689401695,1.018994412676557e-05,1.0242010082863206e-05,1.053668028779401e-05,42.956351227797434,44.59092597223202,49.57797689401695,1.018994412676557e-05,1.0242010082863206e-05,1.053668028779401e-05,1.0000355128009815,1.0000355128009815,905db1c63c9c5189,905db1c63c9c5189,False,False
disturbance_step60,35,130.0,130.0,130.0,130.0,0.0,-3955609.343254412,optimal,-3955604.4700707886,False,False,8000,8000,0.0013326117164496054,0.0018208085027007215,10.0,0,0,1.2319678715827399e-06,44.17140619546908,45.83695172260525,50.89495729321921,1.0228899307463622e-05,1.0296214244032106e-05,1.0683152902901279e-05,44.17140619546908,45.83695172260525,50.89495729321921,1.0228899307463622e-05,1.0296214244032106e-05,1.0683152902901279e-05,1.0000457117886863,1.0000457117886863,79b80c1c3494bf04,79b80c1c3494bf04,False,False
disturbance_step60,36,130.0,130.0,130.0,130.0,0.0,-3882548.6766458554,optimal,-3882536.6104270704,False,False,8000,8000,0.0014259213502469947,0.0020666023298305802,10.0,0,0,3.107808759125286e-06,45.40948352759255,47.097838917598104,52.2045545514495,1.0278713971231812e-05,1.036583429649087e-05,1.0873268743414286e-05,45.40948352759255,47.097838917598104,52.2045545514495,1.0278713971231812e-05,1.036583429649087e-05,1.0873268743414286e-05,1.000058908674502,1.000058908674502,11249ba5535d52ef,11249ba5535d52ef,False,False
disturbance_step60,37,130.0,130.0,130.0,130.0,0.0,-3810617.5952469516,optimal,-3810599.0225103768,False,False,8000,8000,0.0011827885802091487,0.001718508546229458,10.0,0,0,4.8739439501797925e-06,46.66451695380042,48.36835320017051,53.50412826644477,1.0342623010345865e-05,1.0455411819631811e-05,1.1119674734577008e-05,46.66451695380042,48.36835320017051,53.50412826644477,1.0342623010345865e-05,1.0455411819631811e-05,1.1119674734577008e-05,1.0000759571416173,1.0000759571416173,714eb2fa0bd7927d,714eb2fa0bd7927d,False,False
disturbance_step60,38,130.0,130.0,130.0,130.0,0.0,-3739818.5513807777,optimal,-3739794.2343273843,False,False,8000,8000,0.0020490069983907233,0.002972322094822566,10.0,0,0,6.50220139276081e-06,47.931058634757065,49.64391516037741,54.79166265923367,1.0424789135198688e-05,1.0570772044380092e-05,1.1438591403752979e-05,47.931058634757065,49.64391516037741,54.79166265923367,1.0424789135198688e-05,1.0570772044380092e-05,1.1438591403752979e-05,1.0000979538377246,1.0000979538377246,ee4a798f2121272d,ee4a798f2121272d,False,False
disturbance_step60,39,130.0,130.0,130.0,130.0,0.0,-3670150.4290669584,optimal,-3670120.875602082,False,False,8000,8000,0.002237968024601855,0.0032435098422185504,10.0,0,0,8.052385167220806e-06,49.204306314942166,50.92057550494545,56.06560239687443,1.0530555493521728e-05,1.0719374634412519e-05,1.1850890373346329e-05,49.204306314942166,50.92057550494545,56.06560239687443,1.0530555493521728e-05,1.0719374634412519e-05,1.1850890373346329e-05,1.0001263149983302,1.0001263149983302,3234ee17dbfeb12c,3234ee17dbfeb12c,False,False
disturbance_step60,40,130.0,130.0,130.0,130.0,0.0,-3601609.047296805,optimal,-3601574.9991440848,False,False,8000,8000,0.0021758099423010435,0.0031612986930635856,10.0,0,0,9.453594844128047e-06,50.48009183635129,52.194957759675056,57.32474554955666,1.0666767540547945e-05,1.0910765749966646e-05,1.2383552396445595e-05,50.48009183635129,52.194957759675056,57.32474554955666,1.0666767540547945e-05,1.0910765749966646e-05,1.2383552396445595e-05,1.0001628826826376,1.0001628826826376,8185fa36d3001a0d,8185fa36d3001a0d,False,False
disturbance_step60,41,130.0,130.0,130.00000000000003,130.0,0.0,-3534187.5585183143,optimal,-3534149.5733609293,False,False,8000,8000,0.0027314542682006504,0.003968610794164995,10.0,0,0,1.0747917804470513e-05,51.75483560174435,53.464199514395304,58.56816376746488,1.0842186462087133e-05,1.1157166424599135e-05,1.3071662770483217e-05,51.75483560174435,53.464199514395304,58.56816376746488,1.0842186462087133e-05,1.1157166424599135e-05,1.3071662770483217e-05,1.000210073755604,1.000210073755604,7509579677cd115e,7509579677cd115e,False,False
disturbance_step60,42,130.0,130.0,130.0,130.0,0.0,-3467876.74472851,optimal,-3467835.4518563445,False,False,8000,8000,0.002163459090724018,0.0031360858712767836,10.0,0,0,1.190724907614812e-05,53.02549121637784,54.72589075682159,59.79514556110168,1.1068025253675922e-05,1.1474247701261865e-05,1.3961166177047804e-05,53.02549121637784,54.72589075682159,59.79514556110168,1.1068025253675922e-05,1.1474247701261865e-05,1.3961166177047804e-05,1.0002710907268957,1.0002710907268957,07a565582c876fe1,07a565582c876fe1,False,False
disturbance_step60,43,130.0,130.0,130.0,130.0,0.0,-3402665.2068732097,optimal,-3402621.11109385,False,False,8000,8000,0.002322186899291978,0.003365569114731848,10.0,0,0,1.2959188365402734e-05,54.28948544658738,55.97801639829211,61.005153326433316,1.1358651936153698e-05,1.1882164517023144e-05,1.5112695179349738e-05,54.28948544658738,55.97801639829211,61.005153326433316,1.1358651936153698e-05,1.1882164517023144e-05,1.5112695179349738e-05,1.0003502217184117,1.0003502217184117,c7ed2e57983c2a05,c7ed2e57983c2a05,False,False
disturbance_step60,44,130.0,130.0,130.0,130.0,0.0,-3338539.4346956075,optimal,-3338493.0831846176,False,False,8000,8000,0.0023627680181022015,0.003424383743390713,10.0,0,0,1.3883769204053597e-05,55.544660094629194,57.21890324691535,62.19779083408779,1.1732523445269194e-05,1.240695156285074e-05,1.6606913172483163e-05,55.544660094629194,57.21890324691535,62.19779083408779,1.1732523445269194e-05,1.240695156285074e-05,1.6606913172483163e-05,1.0004532681750724,1.0004532681750724,343b934d9103ed76,343b934d9103ed76,False,False
disturbance_step60,45,130.0,130.0,130.0,130.0,0.0,-3275483.7327483776,optimal,-3275435.6089475816,False,False,8000,8000,0.0023596939112167092,0.003419928408942674,10.0,0,0,1.469212022482294e-05,56.78921767445046,58.44717272868527,63.372777800977815,1.221344127067576e-05,1.3082428465613039e-05,1.8551986542778255e-05,56.78921767445046,58.44717272868527,63.372777800977815,1.221344127067576e-05,1.3082428465613039e-05,1.8551986542778255e-05,1.000588154251119,1.000588154251119,79c0c7052615a63f,79c0c7052615a63f,False,False
disturbance_step60,46,130.0,130.0,129.99999999999997,129.99999999999997,-2.842170943040401e-14,-3213479.9624020406,optimal,-3213430.561556348,False,False,8000,8000,0.002399007023370814,0.003476905302631117,10.0,0,0,1.5373005672839213e-05,58.02167234021292,59.6616991361294,64.52992981579379,1.283225903535136e-05,1.3952823801894359e-05,2.1094037516679137e-05,58.02167234021292,59.6616991361294,64.52992981579379,1.283225903535136e-05,1.3952823801894359e-05,2.1094037516679137e-05,1.0007657922929523,1.0007657922929523,23f00e0d56c8d55e,23f00e0d56c8d55e,False,False
disturbance_step60,47,129.99999999999997,129.99999999999997,129.99999999999997,129.99999999999997,0.0,-3152507.0368123525,optimal,-3152456.795170782,False,False,8000,8000,0.0018580023462106965,0.0026928217161925616,10.0,0,0,1.5937043433728738e-05,59.24080627823817,60.861573248056025,65.66914222531285,1.3629227439716847e-05,1.5076414058007539e-05,2.4431749600808675e-05,59.24080627823817,60.861573248056025,65.66914222531285,1.3629227439716847e-05,1.5076414058007539e-05,2.4431749600808675e-05,1.0010013058592766,1.0010013058592766,60dafdc7aa14cad8,60dafdc7aa14cad8,False,False
disturbance_step60,48,130.0,130.0,130.0,130.0,0.0,-3092540.0715405596,optimal,-3092489.561844646,False,False,8000,8000,0.0017287073699066013,0.0025058827234412107,10.0,0,0,1.6332753899617348e-05,60.44563150282925,62.04607084493373,66.79037712551897,1.4657239205824328e-05,1.6530593465596096e-05,2.8836727925755534e-05,60.44563150282925,62.04607084493373,66.79037712551897,1.4657239205824328e-05,1.6530593465596096e-05,2.8836727925755534e-05,1.0013157471013459,1.0013157471013459,fc2d257ab4a004c5,fc2d257ab4a004c5,False,False
disturbance_step60,49,130.0,130.0,129.99999999999997,129.99999999999997,-2.842170943040401e-14,-3033549.039859713,optimal,-3033498.551434187,False,False,8000,8000,0.0017441234650306114,0.00252822943586839,10.0,0,0,1.6643352344873082e-05,61.63535669095369,63.214625663276244,67.89365282436219,1.5986343757010025e-05,1.8418955140258733e-05,3.468179049773321e-05,61.63535669095369,63.214625663276244,67.89365282436219,1.5986343757010025e-05,1.8418955140258733e-05,3.468179049773321e-05,1.0017384914685026,1.0017384914685026,3d37ccd7abf75126,3d37ccd7abf75126,False,False
disturbance_step60,50,130.0,130.0,130.0,130.0,0.0,-2975496.6937473565,optimal,-2975446.4939303626,False,False,8000,8000,0.0017191092298673993,0.00249152250866036,10.0,0,0,1.6871071340590687e-05,62.809358627771545,64.3668063085973,68.97903535661558,1.771004879334599e-05,2.088118832276349e-05,4.248012413352589e-05,62.809358627771545,64.3668063085973,68.97903535661558,1.771004879334599e-05,2.088118832276349e-05,4.248012413352589e-05,1.00231055276414,1.00231055276414,9b7f4318276e23e3,9b7f4318276e23e3,False,False
disturbance_step60,51,130.0,130.0,130.0,130.0,0.0,-2918335.360449077,optimal,-2918285.946024669,False,False,8000,8000,0.0017313873288742343,0.002509317282528123,10.0,0,0,1.6932400942646718e-05,63.967157802997406,65.50229669912932,70.04663175947266,1.9954127492003092e-05,2.4106900556497154e-05,5.2939230035971814e-05,63.967157802997406,65.50229669912932,70.04663175947266,1.9954127492003092e-05,2.4106900556497154e-05,5.2939230035971814e-05,1.0030891393708201,1.0030891393708201,cb4bacd9054a031c,cb4bacd9054a031c,False,False
disturbance_step60,52,130.0,130.0,130.0,130.0,0.0,-2862001.953966233,optimal,-2861953.685060736,False,False,8000,8000,0.0017435008844444155,0.0025268735819397037,10.0,0,0,1.6865434151875348e-05,65.10839773149327,66.62087966539488,71.09658492755247,2.288892387473418e-05,2.835488283289929e-05,6.703486721298836e-05,65.10839773149327,66.62087966539488,71.09658492755247,2.288892387473418e-05,2.835488283289929e-05,6.703486721298836e-05,1.0041538720862666,1.0041538720862666,39f0adb1770e6cbf,39f0adb1770e6cbf,False,False
disturbance_step60,53,130.0,130.0,130.0,130.0,0.0,-2806410.037221197,optimal,-2806363.3766845255,False,False,8000,8000,0.00221518408741872,0.0032104888501125473,10.0,0,0,1.662641454836177e-05,66.23282762269277,67.72242340235866,72.12906995180523,2.6746518406205812e-05,3.397988237098351e-05,8.611184642383666e-05,66.23282762269277,67.72242340235866,72.12906995180523,2.6746518406205812e-05,3.397988237098351e-05,8.611184642383666e-05,1.0056152093333455,1.0056152093333455,cfd993be2b64a23f,cfd993be2b64a23f,False,False
disturbance_step60,54,130.0,130.0,130.0,130.0,0.0,-2751436.796862879,optimal,-2751391.972786542,False,False,8000,8000,0.002223420219650052,0.0032224255604207386,10.0,0,0,1.6291152458205044e-05,67.34028809419581,68.80687054634416,73.14429192629689,3.1844611049781495e-05,4.146967191003758e-05,0.00011202061419671508,67.34028809419581,68.80687054634416,73.14429192629689,3.1844611049781495e-05,4.146967191003758e-05,0.00011202061419671508,1.0076257803464352,1.0076257803464352,eda39e822d66c791,eda39e822d66c791,False,False
disturbance_step60,55,130.0,130.0,130.0,130.0,0.0,-2696900.8343173997,optimal,-2696858.19002369,False,False,8000,8000,0.002231622916653464,0.003234313812680689,10.0,0,0,1.5812332870018777e-05,68.43069970476235,69.87422973194207,74.1424852831402,3.8619637364567744e-05,5.1496155359949457e-05,0.00014730119077533538,68.43069970476235,69.87422973194207,74.1424852831402,3.8619637364567744e-05,5.1496155359949457e-05,0.00014730119077533538,1.0103955169547845,1.0103955169547845,7a5cf41eedd044a4,7a5cf41eedd044a4,False,False
disturbance_step60,56,130.0,130.0,130.0,130.0,0.0,-2642522.566591518,optimal,-2642482.460055799,False,False,8000,8000,0.0022398512279124816,0.003246239187984834,10.0,0,0,1.5177367348089697e-05,69.50405417141482,70.92456957340303,75.12391479571389,4.767250118687801e-05,6.498548706359971e-05,0.00019542929915612135,69.50405417141482,70.92456957340303,75.12391479571389,4.767250118687801e-05,6.498548706359971e-05,0.00019542929915612135,1.0142117107504625,1.0142117107504625,f2ca8d143d76e911,f2ca8d143d76e911,False,False
disturbance_step60,57,130.0,130.0,130.0,130.0,0.0,-2587849.9786919514,optimal,-2587812.80640676,False,False,8000,8000,0.0022482020838765493,0.003258342168533268,10.0,0,0,1.4364157697440452e-05,70.56040823389368,71.95801511327059,76.08887847756213,5.983144181865133e-05,8.321377814267008e-05,0.0002611435762269551,70.56040823389368,71.95801511327059,76.08887847756213,5.983144181865133e-05,8.321377814267008e-05,0.0002611435762269551,1.0194654224269861,1.0194654224269861,54424508e014420f,54424508e014420f,False,False
disturbance_step60,58,130.0,130.0,130.00000000000003,130.0,0.0,-2532111.3979361337,optimal,-2532079.645796878,False,False,8000,8000,0.0021933064366663757,0.003178781348151638,10.0,0,0,1.253978765774309e-05,71.59988023965897,72.97474689074431,77.03771270348128,7.623802393224716e-05,0.00010793700677174491,0.0003508777483324832,71.59988023965897,72.97474689074431,77.03771270348128,7.623802393224716e-05,0.00010793700677174491,0.0003508777483324832,1.026686052093552,1.026686052093552,4038163e4b5de676,4038163e4b5de676,False,False
disturbance_step60,59,130.0,130.0,130.0,130.0,0.0,-2473904.648564989,optimal,-2473879.7771382495,False,False,8000,8000,0.0020914461552195007,0.003031154205257458,10.0,0,0,1.0053510653353934e-05,72.62264964699989,73.97500290738093,77.97079999456433,9.846413029699087e-05,0.00014156634928201114,0.00047332777320754406,72.62264964699989,73.97500290738093,77.97079999456433,9.846413029699087e-05,0.00014156634928201114,0.00047332777320754406,1.036586351208483,1.036586351208483,21eb4c8fa5f4089d,21eb4c8fa5f4089d,False,False
disturbance_step60,60,130.0,130.0,130.0,130.0,0.0,-3345995.516935423,optimal,-3345949.9182176758,False,False,8000,8000,0.0023490393964635814,0.0034044867122533518,10.0,0,0,1.3627847830915627e-05,58.62895978704019,59.95908391297364,63.888580045541744,0.00012867025852995748,0.00018740344468097845,0.0006401914369111172,58.62895978704019,59.95908391297364,63.888580045541744,0.00012867025852995748,0.00018740344468097845,0.0006401914369111172,1.0037383227045942,1.0037383227045942,bc6acfd9781a1d0d,bc6acfd9781a1d0d,False,False
disturbance_step60,61,130.0,130.0,130.00000000000003,130.0,0.0,-3285397.9935508687,optimal,-3285350.4632821353,False,False,8000,8000,0.0023462431166763054,0.003400434035495614,10.0,0,0,1.4467126608777513e-05,59.617804514945554,60.92535945578997,64.78433259412327,0.00013165092344799657,0.00019202816826026137,0.00065799152154091,59.617804514945554,60.92535945578997,64.78433259412327,0.00013165092344799657,0.00019202816826026137,0.00065799152154091,1.004498007025866,1.004498007025866,7159f218f0584e5f,7159f218f0584e5f,False,False
disturbance_step60,62,130.0,130.0,130.0,130.0,0.0,-3225301.6161671816,optimal,-3225252.645603648,False,False,8000,8000,0.0023846676014755985,0.003456123032504088,10.0,0,0,1.5183250858848527e-05,60.589894402254785,61.873844877618886,65.66784275654054,0.00013526370675729567,0.00019760719214877547,0.0006791469975475791,60.589894402254785,61.873844877618886,65.66784275654054,0.00013526370675729567,0.00019760719214877547,0.0006791469975475791,1.005403863798955,1.005403863798955,1cdc4d0d88860986,1cdc4d0d88860986,False,False
disturbance_step60,63,130.0,130.0,130.0,130.0,0.0,-3165746.7915638415,optimal,-3165696.8204459595,False,False,8000,8000,0.001851991004045317,0.002684109416787983,10.0,0,0,1.5784938332788416e-05,61.54446422452463,62.80699325747215,66.53568085720025,0.00013963429768705906,0.00020432419936719263,0.0007042708242781449,61.54446422452463,62.80699325747215,66.53568085720025,0.00013963429768705906,0.00020432419936719263,0.0007042708242781449,1.0064836358861171,1.0064836358861171,b94f4a6e595c1a33,b94f4a6e595c1a33,False,False
disturbance_step60,64,130.0,130.0,130.0,130.0,0.0,-3106755.0149287838,optimal,-3106704.496540033,False,False,8000,8000,0.0018692125707815421,0.0027090688088380332,10.0,0,0,1.6260821503039114e-05,62.48314190891632,63.72387640132331,67.38883755124014,0.0001449126914647806,0.00021240167424555948,0.0007340746906852203,62.48314190891632,63.72387640132331,67.38883755124014,0.0001449126914647806,0.00021240167424555948,0.0007340746906852203,1.0077721104828514,1.0077721104828514,f57125eb515bbd61,f57125eb515bbd61,False,False
disturbance_step60,65,130.0,130.0,130.0,130.0,0.0,-3048313.2015297567,optimal,-3048262.686297227,False,False,8000,8000,0.001739014323376864,0.0025208233762592513,10.0,0,0,1.657153618733822e-05,63.40565640577901,64.62523083478908,68.28537300921913,0.00015128081170993874,0.00022210534219838112,0.0007694075747355354,63.40565640577901,64.62523083478908,68.28537300921913,0.00015128081170993874,0.00022210534219838112,0.0007694075747355354,1.0093430235759828,1.0093430235759828,46244ce5b7328f87,46244ce5b7328f87,False,False
disturbance_step60,66,130.0,130.0,129.99999999999997,129.99999999999997,-2.842170943040401e-14,-2990389.009709388,optimal,-2990338.659372326,False,False,8000,8000,0.0017151867395881482,0.0024858376035412633,10.0,0,0,1.6837387008206845e-05,64.31248693928104,65.5327261457309,69.20816389265494,0.00015895809894429458,0.00023375634956334363,0.0008117016647301294,64.31248693928104,65.5327261457309,69.20816389265494,0.00015895809894429458,0.00023375634956334363,0.0008117016647301294,1.0112713286094912,1.0112713286094912,5a5c9e929ea74afa,5a5c9e929ea74afa,False,False
disturbance_step60,67,130.0,130.0,130.0,130.0,0.0,-2932913.5591450264,optimal,-2932863.8939165855,False,False,8000,8000,0.0017278218745815366,0.002504149833367997,10.0,0,0,1.6933751179277803e-05,65.2198661253965,66.44574192786799,70.15168242962643,0.00016821119825161655,0.0002477960608959814,0.0008626888748955491,65.2198661253965,66.44574192786799,70.15168242962643,0.00016821119825161655,0.0002477960608959814,0.0008626888748955491,1.0136596809054748,1.0136596809054748,affa46b6e30540fe,affa46b6e30540fe,False,False
disturbance_step60,68,130.0,130.0,130.0,130.0,0.0,-2875774.8222108893,optimal,-2875726.236514327,False,False,8000,8000,0.0017404011341568548,0.002522381082326497,10.0,0,0,1.6894819506685878e-05,66.13150206350885,67.36810159590947,71.10489859034307,0.00017939639935809815,0.0002647799645724351,0.0009245603135961839,66.13150206350885,67.36810159590947,71.10489859034307,0.00017939639935809815,0.0002647799645724351,0.0009245603135961839,1.0166335671342595,1.0166335671342595,ae9b82d3089f948f,ae9b82d3089f948f,False,False
disturbance_step60,69,130.0,130.0,130.0,130.0,0.0,-2818793.0632667397,optimal,-2818746.0683326623,False,False,8000,8000,0.0022134593315712436,0.0032079891439140695,10.0,0,0,1.667200572109807e-05,67.05119206327697,68.29807074175989,72.06186457118349,0.00019297094758267277,0.00028542712346317435,0.0010000246155650822,67.05119206327697,68.29807074175989,72.06186457118349,0.00019297094758267277,0.00028542712346317435,0.0010000246155650822,1.0203561178925011,1.0203561178925011,9d5e5f8fc7ad887e,9d5e5f8fc7ad887e,False,False
disturbance_step60,70,129.99999999999997,129.99999999999997,130.00000000000003,130.0,2.842170943040401e-14,-2761685.2739340994,optimal,-2761640.1685236553,False,False,8000,8000,0.0022222608954081124,0.003220745339985065,10.0,0,0,1.6332567244286535e-05,67.97862616760469,69.23441179319114,73.01742295359624,0.00020952829556562696,0.00031065472826407003,0.001092486532978023,67.97862616760469,69.23441179319114,73.01742295359624,0.00020952829556562696,0.00031065472826407003,0.001092486532978023,1.025036548155856,1.025036548155856,8eec2470f35d6422,8eec2470f35d6422,False,False
disturbance_step60,71,130.0,130.0,130.0,130.0,0.0,-2703997.547087964,optimal,-2703954.781704482,False,False,8000,8000,0.002231236242153045,0.003233753401400641,10.0,0,0,1.5815614747493508e-05,68.91281079442138,70.174784077218,73.96837113486995,0.00022983289871542024,0.0003416410916242371,0.001206236214803697,68.91281079442138,70.174784077218,73.96837113486995,0.00022983289871542024,0.0003416410916242371,0.001206236214803697,1.030946739009736,1.030946739009736,f08038b73cce89df,f08038b73cce89df,False,False
disturbance_step60,72,130.0,130.0,129.99999999999997,129.99999999999997,-2.842170943040401e-14,-2644981.7571860626,optimal,-2644941.861656957,False,False,8000,8000,0.0022405569582133467,0.0032472620100749694,10.0,0,0,1.5083479875580561e-05,69.85175874812636,71.11703887020282,74.91231789863815,0.0002548730428285285,0.00037990078410630123,0.001346718117046914,69.85175874812636,71.11703887020282,74.91231789863815,0.0002548730428285285,0.00037990078410630123,0.001346718117046914,1.0384399266623487,1.0384399266623487,6a5d68086afa7e3a,6a5d68086afa7e3a,False,False
disturbance_step60,73,130.0,130.0,130.0,130.0,0.0,-2583354.3023583246,optimal,-2583317.967152444,False,False,8000,8000,0.002250521199840705,0.003261703286892903,10.0,0,0,1.4065126818760115e-05,70.7933728315132,72.05901258555058,75.84768275534987,0.0002859281990441025,0.0004273887727824998,0.001520866652176391,70.7933728315132,72.05901258555058,75.84768275534987,0.0002859281990441025,0.0004273887727824998,0.001520866652176391,1.0479764651395782,1.0479764651395782,f6f8a011f0005c35,f6f8a011f0005c35,False,False
disturbance_step60,74,130.0,130.0,130.0,130.0,0.0,-2516801.2093165717,optimal,-2516774.726820898,False,False,8000,8000,0.0027843521333608123,0.004035389893670249,10.0,0,0,1.0522283435351128e-05,71.73551972893112,72.99880294447459,76.77336161284565,0.0003246604692272039,0.0004866358136696462,0.0017375453938515194,71.73551972893112,72.99880294447459,76.77336161284565,0.0003246604692272039,0.0004866358136696462,0.0017375453938515194,1.0601564322801706,1.0601564322801706,067137cc27413d03,067137cc27413d03,False,False
disturbance_step60,75,130.0,130.0,129.99999999999997,129.99999999999997,-2.842170943040401e-14,-2440894.2387671396,optimal,-2440874.819276224,False,False,8000,8000,0.0026509326538928235,0.0038420236837568567,10.0,0,0,7.95589198754591e-06,72.67625526899549,73.93474459335147,77.68864963979865,0.0003732352377011845,0.0005609283084167929,0.002008109276572122,72.67625526899549,73.93474459335147,77.68864963979865,0.0003732352377011845,0.0005609283084167929,0.002008109276572122,1.0757621475863723,1.0757621475863723,a121d029ce46a59f,a121d029ce46a59f,False,False
disturbance_step60,76,129.99999999999997,129.99999999999997,130.0,130.0,2.842170943040401e-14,-2361582.119730548,optimal,-2361570.218117395,False,False,8000,8000,0.0025092275930376218,0.0036366490963759546,10.0,0,0,5.039677872959529e-06,73.61386548933406,74.8654598463914,78.59313444174542,0.0004344815776985251,0.0006545444385531455,0.0023471282542447116,73.61386548933406,74.8654598463914,78.59313444174542,0.0004344815776985251,0.0006545444385531455,0.0023471282542447116,1.0836785482033269,1.0836785482033269,69852e505d8fda59,69852e505d8fda59,False,False
disturbance_step60,77,130.0,130.0,130.0,130.0,0.0,-2273303.2656622976,optimal,-2273298.70387127,False,False,8000,8000,0.0015115534171457057,0.0021911028202490357,10.0,0,0,2.0066794858682204e-06,74.54691667660829,75.78984983922197,79.48665703201615,0.0005121041666726845,0.0007730646510376109,0.0027733131750708557,74.54691667660829,75.78984983922197,79.48665703201615,0.0005121041666726845,0.0007730646510376109,0.0027733131750708557,1.089991761314452,1.089991761314452,e9a955c5447e8811,e9a955c5447e8811,False,False
disturbance_step60,78,130.0,130.0,130.0,130.0,0.0,-2170740.1837742114,optimal,-2170740.850202856,False,False,8000,8000,0.0021949474500218003,0.003181159685522239,10.0,0,0,-3.070052548251419e-07,75.4742639804756,76.70709967902272,80.36928281199525,0.0006109630682109495,0.0009237783852600391,0.0033106985694120955,75.4742639804756,76.70709967902272,80.36928281199523,0.0006109630682109495,0.0009237783852600391,0.0033106985694120955,1.0961009031063647,1.0961009031063647,04d07b18363a75a3,04d07b18363a75a3,False,False
disturbance_step60,79,130.0,130.0,130.0,130.0,0.0,-2048439.029391753,optimal,-2048424.2214283517,False,False,8000,8000,0.008284685782967927,0.012069252943743614,10.0,0,0,,76.39506051628615,77.61667651527146,81.24129737503371,0.0007374421043111894,0.0011162161056939136,0.003990148572089703,76.39506051628615,77.61667651527145,81.2412973750337,0.0007374421043111894,0.0011162161056939136,0.003990148572089693,1.1019364098637252,1.101936409863724,e8e395b59ee184b4,e8e395b59ee184b4,False,False
disturbance_step60,80,130.0,130.0,130.0,130.0,0.0,-1898931.0072628313,optimal,-1898899.9357023276,False,False,8000,8000,0.01011648418281652,0.014661923519480702,10.0,0,0,,77.30876227454942,78.51833648953128,82.10321542494486,0.0008999331093467245,0.001362843888124324,0.0048512698179288966,77.30876227454941,78.51833648953128,82.10321542494485,0.0008999331093467245,0.001362843888124324,0.004851269817928886,1.1074478297420594,1.1074478297420607,b8ef545036e4eaf9,b8ef545036e4eaf9,False,False
disturbance_step60,81,130.0,130.0,130.0,130.0,0.0,-1712134.338946045,optimal,-1712118.1322870888,False,False,8000,8000,0.009837399491672727,0.014257443235305978,10.0,0,0,,78.21513978309748,79.41213896531706,82.95580553864036,0.001109471597068895,0.0016799692972920206,0.005944835977840658,78.21513978309748,79.41213896531704,82.95580553864035,0.001109471597068895,0.0016799692972920206,0.005944835977840639,1.112606856447122,1.1126068564471225,71b9b04f1c34898d,71b9b04f1c34898d,False,False
disturbance_step60,82,130.00000000000003,130.00000000000003,130.0,130.0,-2.842170943040401e-14,-1474461.833772423,optimal,-1474440.5382797534,False,False,8000,8000,0.02178454506005778,0.031457295486132075,10.0,0,0,,79.11429853506887,80.29847323522543,83.80012970776377,0.0013805707187173413,0.002088922468561407,0.007335856553786031,79.11429853506885,80.29847323522542,83.80012970776376,0.0013805707187173413,0.0020889224685614015,0.007335856553786009,1.1174092638116684,1.117409263811668,de8e76b0868b1385,de8e76b0868b1385,False,False
disturbance_step60,83,130.0,130.0,130.0,130.0,0.0,-1167362.2066446436,optimal,-1167376.2488650319,False,False,8000,8000,0.04103294340710306,0.059469462625668434,10.0,0,0,,80.0067130977839,81.17810012307746,84.6376002080708,0.0017323158637796417,0.0026175974602227208,0.009107459150643177,80.00671309778389,81.17810012307744,84.63760020807078,0.0017323158637796417,0.0026175974602227143,0.009107459150643153,1.1218760638489582,1.1218760638489584,45f18d3a0fd73a03,45f18d3a0fd73a03,False,False
disturbance_step60,84,130.0,130.0,130.0,130.0,0.0,-769526.9710543768,optimal,-769657.8179660668,False,False,8000,8000,0.15636079248177737,0.23130805885727224,10.0,0,0,,80.89327871821038,82.05221290871931,85.47005678585819,0.002189804145517457,0.003302468815431004,0.011365804379491596,80.89327871821037,82.0522129087193,85.47005678585818,0.0021898041455174506,0.003302468815430997,0.011365804379491569,1.1260543570119668,1.126054357011966,a39b9370a1c70e21,a39b9370a1c70e21,False,False
disturbance_step60,85,126.0,126.0,125.4732696403323,126.0,0.0,-284245.91002100403,optimal,-289499.4534925117,False,False,8000,8000,1.0481158542545614,1.5270142504763529,10.0,1,0,,81.7753857907046,82.9225227466158,86.29986925036461,0.0027860446808960215,0.00419124180883473,0.01424632177836472,81.77538579070459,82.92252274661578,86.2998692503646,0.0027860446808960137,0.0041912418088347215,0.014246321778364667,1.1300184581116464,1.130018458111644,ad49e0081bd3c3cc,ad49e0081bd3c3cc,True,True
disturbance_step60,86,122.0,122.0,120.49559311414929,122.0,0.0,314718.2525349963,optimal,268839.85018714075,False,False,8000,8000,2.993298767326877,4.50415514028955,10.0,1,0,,82.65502404020272,83.79137604139086,87.13007264658519,0.0035644827710387527,0.005346359925044541,0.017921653560027187,82.6550240402027,83.79137604139085,87.13007264658518,0.003564482771038744,0.005346359925044524,0.017921653560027128,1.1338719836240563,1.1338719836240567,3adfb52870a21be7,3adfb52870a21be7,True,True
disturbance_step60,87,118.0,118.0,115.61170829571738,118.0,0.0,1110097.1586426229,optimal,947879.2101089959,False,False,8000,8000,5.466188470083793,8.412722822151967,10.258128686548753,1,0,,83.5349262273999,84.6619143655946,87.9645454840534,0.004582383380291408,0.006849693059162153,0.02261183563591442,83.53492622739988,84.66191436559458,87.96454548405339,0.004582383380291399,0.006849693059162111,0.022611835635914353,1.1377517327885667,1.1377517327885658,abecfc99b466ee25,abecfc99b466ee25,True,True
disturbance_step60,88,114.00000000000001,114.00000000000001,109.96793124446168,114.0,-1.4210854715202004e-14,2211489.2747683213,optimal,1809561.223340334,False,False,8000,8000,8.577003129330656,12.547721423784392,10.50294177467109,1,0,,84.41876569862093,85.53829262116564,88.8082462642684,0.005915423168626342,0.008808887426151846,0.028597455867751514,84.41876569862092,85.53829262116562,88.80824626426839,0.005915423168626331,0.0088088874261518,0.028597455867751396,1.1418344546423964,1.1418344546423982,29cf6d89bd5470b9,29cf6d89bd5470b9,True,True
disturbance_step60,89,110.00000000000003,110.00000000000003,104.78882105361089,110.0,-2.842170943040401e-14,3814577.977333669,optimal,3021326.9497409654,False,False,8000,8000,11.358945017260304,17.14493333260134,10.0,1,0,,85.31142950104572,86.42597927122101,89.6675308810047,0.007664024625163831,0.011366112875054872,0.036236844774838586,85.31142950104572,86.425979271221,89.66753088100468,0.0076640246251638185,0.011366112875054818,0.036236844774838455,1.1463480708360256,1.146348070836026,03144dca7682327d,03144dca7682327d,True,True
disturbance_step60,90,106.00000000000003,106.00000000000003,106.0,106.0,-2.842170943040401e-14,6274576.146377,optimal,4992245.617159068,False,False,8000,8000,10.95967098280262,17.604271763066784,10.5029725408795,0,0,,86.21940095981535,87.33217585033769,90.53505065461769,0.009962272676885776,0.014710366359779816,0.045988831773921116,86.21940095981533,87.33217585033769,90.53505065461766,0.009962272676885762,0.01471036635977973,0.0459888317739209,1.1514652988878273,1.1514652988878282,c2b79c6e1d033580,c2b79c6e1d033580,True,True
disturbance_step60,91,102.00000000000003,102.00000000000003,102.0,102.0,-2.842170943040401e-14,10291611.88267167,optimal,8708778.791195836,False,False,8000,8000,9.890409088865542,14.675992631898136,10.502994622748727,0,0,,87.15130627932051,88.26064189347115,91.40954521793118,0.012990780563354492,0.019095213479631782,0.058413914471472414,87.15130627932051,88.26064189347113,91.40954521793115,0.012990780563354476,0.01909521347963168,0.058413914471472,1.157440229576797,1.1574402295767974,29bdb6114ce904cc,29bdb6114ce904cc,True,True
disturbance_step60,92,98.00000000000003,98.00000000000003,94.16689655740436,98.0,-2.842170943040401e-14,17354238.115589075,optimal,15133683.998553269,False,False,8000,8000,9.581772637647333,14.384663881096344,10.258176845176177,1,0,,88.11442409430187,89.21804613387941,92.29338601897719,0.01699580561326558,0.024859993515115718,0.0741898890890354,88.11442409430185,89.2180461338794,92.29338601897717,0.016995805613265563,0.024859993515115603,0.07418988908903493,1.1646148296889096,1.1646148296889103,8b3faf4533f63978,8b3faf4533f63978,True,True
disturbance_step60,93,94.00000000000003,94.00000000000003,93.99999999999999,94.0,-2.842170943040401e-14,30918508.807345666,optimal,28242242.272238202,False,False,8000,8000,6.72869056113754,11.750160077316147,56.59999407798327,0,0,,89.11874413569338,90.21378984289169,93.19421972343052,0.022315113552254986,0.032462695371410624,0.09412335791790813,89.11874413569336,90.21378984289167,93.1942197234305,0.022315113552254965,0.03246269537141049,0.0941233579179076,1.1734748067291567,1.173474806729157,474e040f87840833,474e040f87840833,True,True
disturbance_step60,94,90.0000000000001,90.0000000000001,87.59961833178433,90.0,-9.947598300641403e-14,59876116.92706323,optimal,56089609.95195979,False,False,8000,8000,5.6326358704336315,9.409954791948042,167.9600063240709,1,0,,90.1783742618303,91.26258505593387,94.12417801417774,0.029418205428307538,0.04252741556662713,0.11916289087737171,90.17837426183029,91.26258505593385,94.12417801417772,0.029418205428307517,0.04252741556662698,0.11916289087737095,1.1846935476802476,1.1846935476802463,385ded970a7dc341,db511905b1e012df,True,True
disturbance_step60,95,86.00039870057194,86.00039870057194,84.41307776287132,86.0,-0.000398700571935251,130073289.97050577,optimal,126141276.64770253,False,False,8000,8000,4.2264800457335525,6.563267252526852,367.55584142109245,1,0,,91.3146096012555,92.38626872237383,95.10012240338648,0.03896943301259943,0.05591851220002936,0.1504076461257597,91.31460960125548,92.38626872237381,95.10012240338645,0.038969433012599405,0.05591851220002918,0.1504076461257584,1.199203840285091,1.1992038402850913,9f177899cae63f5f,9f177899cae63f5f,False,True
disturbance_step60,96,82.00062627977044,82.00062627977044,82.00000000000004,82.00000000000004,-0.0006262797704010836,328603012.6902076,optimal,325649493.8221625,False,False,8000,8000,2.533669872848481,3.683181651080618,753.3697613175788,0,0,,92.55952897123379,93.61705125150075,96.14379483118618,0.051933338644944926,0.07385961660931056,0.18910813508058366,92.55952897123377,93.61705125150074,96.14379483118616,0.0519333386449449,0.07385961660931036,0.18910813508058205,1.218293489542199,1.2182934895422,f3f1ca125b07fb31,d509993789fc4f7d,False,True
disturbance_step60,97,78.00091932908748,78.00091932908748,77.55305590669582,78.00000000000004,-0.000919329087437859,1007265800.3555866,optimal,1009246315.9509053,False,False,8000,8000,1.4995239261727988,3.1621730890324926,1573.6852040448032,1,0,,93.96208159718172,95.00256585968974,97.28227683765601,0.06975948613301716,0.0981342770914501,0.23664673288563923,93.96208159718171,95.00256585968972,97.28227683765596,0.069759486133017,0.09813427709144987,0.23664673288563687,1.2437293021134304,1.24372930211343,748d7a810da1b8b6,8013faff402e8cbc,False,True
disturbance_step60,98,73.99947367979,73.99947367979,73.74948861127912,74.00000000000004,0.0005263202100422859,3941643500.462148,optimal,3983653398.662195,False,False,8000,8000,2.074294494529944,3.0313250225105692,3537.9325190608447,1,0,,95.59896541450804,96.61491377300028,98.54842224200529,0.09472815130293424,0.13144033778146516,0.2944731554687204,95.59896541450802,96.61491377300024,98.54842224200523,0.09472815130293405,0.13144033778146488,0.29447315546871755,1.277860091376958,1.277860091376958,2751d4f727153f08,9634bb90afb91a42,True,True
disturbance_step60,99,69.99833862355241,69.99833862355241,69.73962581125969,70.00000000000004,0.0016613764476289816,20814831165.013653,optimal,20979825364.17254,False,False,8000,8000,3.0396570937726395,4.497964476923761,8957.941035130047,1,0,,97.59626286504351,98.56774639640258,99.9810289177089,0.13064649620729823,0.17804959078003862,0.36394220369712577,97.59626286504347,98.56774639640253,99.98102891770884,0.130646496207298,0.17804959078003796,0.3639422036971225,1.3234365451019645,1.3234365451019612,fd30411bf2079843,77a24e4a3be6a414,True,True
disturbance_step60,100,65.99667399835651,65.99667399835651,65.96373429535723,66.00000000000004,0.0033260016435292528,151499300849.3443,optimal,151950747973.30148,False,False,8000,8000,5.041000557142738,8.338375331857986,26064.80300069732,1,0,,100.17670684166706,101.05075039348506,101.6244838368966,0.18438378668119018,0.24510348569750506,0.4459531180442907,100.176706841667,101.050750393485,101.62448228852615,0.18438378668118954,0.2451034856975039,0.4459531180442871,1.3818261932821971,1.3818261615953402,975a4ce3175115d1,d2fdced7f66f8e2c,True,True
disturbance_step60,101,65.99657208026343,65.99657208026343,61.42081148555014,62.00000000000004,-3.996572080263391,1198925341874.9932,user_limit,1194965124521.875,False,False,8000,8000,14.371724754860253,22.611161562497728,77329.73156509524,1,0,,103.77521534296093,104.40286000393553,103.52912818433647,0.26965550431012547,0.3452658229319577,0.5402287603514142,103.77521534296085,104.40285942844847,103.5291223979736,0.2696555043101242,0.3452658229319565,0.5402287394257231,1.442181618931199,1.4421814811906668,a3386c8f865f2ba8,b7d70c7b7b66765f,False,True
disturbance_step60,102,65.99587881532297,65.99587881532297,58.000000000000085,58.000000000000085,-7.995878815322882,1357755326922.8865,user_limit,1343648356608.236,False,False,8000,8000,19.888018208493534,54.881076015532784,80047.89965296406,0,0,,109.35837893695289,109.26162908223984,105.76117644056252,0.41761501304857396,0.5019058727576413,0.6440910746842139,109.35837850916717,109.26162634358627,105.7611622108601,0.4176150130485717,0.5019058600247122,0.6440909733439816,1.4051479171447805,1.4051476432826226,c62a7e980857ff18,dc3d55c49b0dc17f,False,True
disturbance_step60,103,69.99587881532298,69.99587881532298,62.00000000000007,62.00000000000007,-7.995878815322911,5887183.146660473,optimal,5949726.529046782,False,False,8000,8000,2.6826976492101267,6.581741417483432,37.03025047328228,0,0,,119.333287855268,116.66351096888103,108.45332427695402,0.7081442074897499,0.7525323158139585,0.7510185231251878,119.3332851182584,116.66350176197524,108.45330323130433,0.7081441903864625,0.7525322147024924,0.7510182445269831,1.11643140388816,1.116430695314865,2d5f565a91559009,259c2b441aff4527,True,True
disturbance_step60,104,73.99587881532298,73.99587881532298,68.5365720577037,66.00000000000007,-7.995878815322911,-982228.8779075228,optimal,-1009622.6824090633,False,False,8000,8000,4.774320222355712,7.389732881038103,10.25822147054435,1,0,,135.56018463590672,124.97563261151122,111.90168879389469,1.0,1.0,0.8505172182204633,135.56017191912673,124.97561428099107,111.90167041840799,1.0,1.0,0.8505167950758135,1.0540214773525036,1.0540184460305002,92ff4b9f3647710f,d26073bcf6bfadb6,True,True
disturbance_step60,105,77.99587881532298,77.99587881532298,71.89157800475633,70.00000000000007,-7.995878815322911,-1498892.0489741643,optimal,-1518866.045667788,False,False,8000,8000,3.906811824239881,6.203577016049781,10.258151740659372,1,0,,127.69220655597503,124.05039363983431,115.55184278596651,1.0,1.0,0.9307405429345625,127.69218966624712,124.05037737907529,115.55184586660762,1.0,1.0,0.9307402338684976,0.9815983679477718,0.9815983642226612,11e3b47dca1e4b2f,69268eb028fc93f8,True,True
disturbance_step60,106,81.99608995689708,81.99608995689708,74.00000000000007,74.00000000000007,-7.996089956897009,-1643232.4609965316,optimal,-1649532.868359046,False,False,8000,8000,2.509274030655547,3.6503782798293543,10.258120723556342,0,0,,124.98508166969117,122.2452767323858,115.38048214369844,1.0,1.0,0.9748896019601605,124.9850652475044,122.24526742652664,115.36498440128027,1.0,1.0,0.9748895941277078,0.982103379201132,0.9821033666359186,bd9ba07304a4195c,e2af3565a4a00ffb,True,True
disturbance_step60,107,85.99637931129854,85.99637931129854,79.76490300125174,78.00000000000007,-7.996379311298469,-1755788.3555474943,optimal,-1766839.6683038962,False,False,8000,8000,3.8737207480078695,5.870104067823978,10.0,1,0,,122.9484602670732,120.712130686988,114.06643488596455,1.0,1.0,0.9847792920691422,122.94844913477584,120.70636210713371,114.00833345461149,1.0,1.0,0.9847588659580693,0.9822118240975541,0.9822115537115259,0a321132b1e27d46,52a3487b26385791,True,True
disturbance_step60,108,89.99668746695093,89.99668746695093,83.45382500810503,82.00000000000007,-7.99668746695086,-1860816.8488216503,optimal,-1868586.7164522368,False,False,8000,8000,3.3782577372356286,5.218899724701886,10.0,1,0,,121.28609495628264,119.07328963387718,113.1733014775072,1.0,1.0,0.9887621304661636,121.28180405181638,119.05021024783885,113.05285051605253,1.0,1.0,0.9887185324794859,0.9822547073663636,0.9822541262477942,2981811ca8a5e9ef,f0d5142056eaf512,True,True
disturbance_step60,109,93.99697458423499,93.99697458423499,86.00000000000009,86.00000000000007,-7.99697458423492,-1954430.736381113,optimal,-1948400.095975668,False,False,8000,8000,2.9701398150720024,4.634791389185693,10.0,0,0,,119.64121629427459,117.70286443083275,112.27390546698226,1.0,1.0,0.9910238482525894,119.6229590584205,117.65057785405101,112.07546742247236,1.0,1.0,0.990956485381033,0.9822785689994118,0.9822776396977229,9053960781042d95,5f49cfba5c1708ef,True,True
disturbance_step60,110,97.99727107967732,97.99727107967732,90.99149857125832,90.00000000000007,-7.9972710796772475,-2027949.9344552448,optimal,-2020764.361816612,False,False,8000,8000,2.3501186123548052,3.6293632788113754,10.0,1,0,,118.20035134905966,116.40550106163349,111.472276612492,1.0,1.0,0.99246294768341,118.15679855909273,116.31154175114,111.1850016053997,1.0,1.0,0.9923728694884393,0.9822933689910947,0.9822920656401397,acf9399855f26b0b,53eadda6ae54887b,True,True
disturbance_step60,111,101.99756261935084,101.99756261935084,94.00000000000009,94.00000000000007,-7.997562619350774,-2077376.3919826327,optimal,-2060348.6239766586,False,False,8000,8000,1.22626905336152,1.7816881743290143,10.0,0,0,,116.86615764056071,115.23905306014566,110.71614844012878,1.0,1.0,0.9934609318429998,116.7851353953278,115.09197831018123,110.33220128400238,1.0,1.0,0.9933494883731638,0.9823032581481596,0.9823015489409606,4d784c4e420ccb5a,1cbe99035c366e07,True,True
disturbance_step60,112,105.99785851717233,105.99785851717233,98.66696374461016,98.00000000000007,-7.997858517172261,-2103284.7691000653,optimal,-2088457.4354389412,False,False,8000,8000,1.274528612282154,1.96800177352746,10.0,1,0,,115.65665693207956,114.16276323782067,110.03334366360946,1.0,1.0,0.9941912659125103,115.5265348611616,113.95219939370406,109.54728848857553,1.0,1.0,0.9940599183186785,0.9823101450573072,0.9823079895314061,70850a8323f6af4f,69162d6595fb32d2,True,True
disturbance_step60,113,109.99812961297079,109.99812961297079,102.36949884706421,102.00000000000007,-7.998129612970715,-2108713.343975045,optimal,-2094391.784832924,False,False,8000,8000,0.8805254727343907,1.3595602777868763,10.0,1,0,,114.54617792332355,113.18321021541763,109.41805848059,1.0,1.0,0.9947499672657291,114.35625983016686,112.90015177535149,108.82609063220536,1.0,1.0,0.9946000495752988,0.9823150765482466,0.9823124204696481,ebdffda908c2814c,a41050f89bf3d075,True,True
disturbance_step60,114,113.99842394292108,113.99842394292108,106.00000000000007,106.00000000000007,-7.998423942921008,-2097537.412074955,optimal,-2089156.9978207855,False,False,8000,8000,0.44314219000112587,0.6955055349995627,10.0,0,0,,113.53302214452988,112.29038398979088,108.8770591422658,1.0,1.0,0.9951923318178354,113.27386860275413,111.92713007987486,108.1766074006719,1.0,1.0,0.9950250324085463,0.982318668247664,0.9823154422376887,97793f5fbe021ca0,743f7027b7ea3ff7,True,True
disturbance_step60,115,117.99873674929904,117.99873674929904,110.00000000000009,110.00000000000007,-7.9987367492989705,-2073213.434752436,optimal,-2075019.4543610932,False,False,8000,8000,0.1815754721546199,0.28321348477300656,10.0,0,0,,112.60931278581174,111.48359900362064,108.40989920677984,1.0,1.0,0.9955529844354508,112.2727767140288,111.0337091298313,107.5992899178841,1.0,1.0,0.9953693289945655,0.9823213121556892,0.982317430017515,9d69306a343a635b,025b5628beebda4a,True,True
disturbance_step60,116,121.99904838866755,121.99904838866755,114.00000000000007,114.00000000000007,-7.999048388667475,-2038500.924709507,optimal,-2054034.4504635227,False,False,8000,8000,0.039274856261016566,0.05669156356021876,10.0,0,0,,111.77251862181288,110.75958578001175,108.01778975072499,1.0,1.0,0.9958543967766486,111.35172152250531,110.2177568606627,107.09603691091026,1.0,1.0,0.9956552652200881,0.9823232768240141,0.9823186356677758,47fca4c06a717809,85992d9c1fa27f66,True,True
disturbance_step60,117,125.99936434630847,125.99936434630847,118.00000000000007,118.00000000000007,-7.999364346308397,-1995355.4657179592,optimal,-2026285.9554240776,False,False,8000,8000,0.014906447979981863,0.02160406681609306,10.0,0,0,,111.01955965129005,110.11701452942948,107.7002527741369,1.0,1.0,0.9961118300844047,110.50879410505475,109.47896248384372,106.66689665567138,1.0,1.0,0.9958979721534549,0.9823247593583473,0.9823192410157907,47372711d78812d7,f3a8707d0339c81e,True,True
disturbance_step60,118,129.99968448413713,129.99968448413713,122.00000000000006,122.00000000000006,-7.999684484137077,-1945080.435908426,optimal,-1991906.061060397,False,False,8000,8000,0.003518071315340876,0.005602132868082421,10.0,0,0,-3.6809411774074978e-06,110.34865688482613,109.55422154335639,107.45688669139273,1.0,1.0,0.9963359604675416,109.74327350455756,108.81655468229688,106.3118810266859,1.0,1.0,0.9961080144504505,0.9823259160676514,0.9823193912244571,0a2d15b8aae10e48,b8a7ddb938f41ee4,True,True
disturbance_step60,119,130.0,130.0,126.00000000000006,126.00000000000006,-3.999999999999943,-1888451.3936165462,optimal,-1951412.463413498,False,False,8000,8000,0.002190003095591919,0.0031739937822807818,10.0,0,0,-3.215969257401635e-07,109.75811702653071,109.06996936313692,107.2868467699355,1.0,1.0,0.996534484019329,109.05440132905106,108.23007194730218,106.03047208614451,1.0,1.0,0.9962929932988097,0.9823268791137777,0.982319214795832,919a58cb45ed6458,c580ea016986a678,False,True
disturbance_step60,120,130.0,130.0,130.0,130.0,0.0,-1835797.44804309,optimal,-1905124.372883643,False,False,8000,8000,0.0019825243343944976,0.002888118916558824,10.0,0,0,-8.542291704066727e-08,109.246585625026,108.66299707342903,107.18922174884155,1.0,1.0,0.9967130837427065,108.4416398733659,107.71892145359088,105.82202013125143,1.0,1.0,0.9964585122948164,0.9823277659728862,0.9823188374370561,53fc6fb979f0c8fc,9fb276e74dd89a66,False,True
disturbance_step60,121,130.0,130.0,130.0,130.0,0.0,-1788231.1755818762,optimal,-1853106.2475036264,False,False,8000,8000,0.00623292251515295,0.009056001868294139,10.0,0,0,4.956520430537415e-06,108.81277775851629,108.33213895110171,107.16297313681865,1.0,1.0,0.996876052505141,107.90441045906034,107.28250972270635,105.68569700275005,1.0,1.0,0.996608798988973,0.9823286830232382,0.9823183902094916,46f206ab91cbbe2a,c3791175ab728d92,False,False
disturbance_step60,122,130.0,130.0,130.0,130.0,0.0,-1741455.2880766965,optimal,-1805076.8563081685,False,False,8000,8000,0.008347019382341614,0.012097420169664197,10.0,0,0,,108.4554971109852,108.0762322587355,107.20702522923756,1.0,1.0,0.9970266984464241,107.4421234061696,106.92016155250668,105.62059683496932,1.0,1.0,0.9967471095673154,0.982328898012749,0.9823180128443214,664915133253fcff,7946ad59b14644d8,False,False
disturbance_step60,123,129.99999999999997,129.99999999999997,130.0,130.0,2.842170943040401e-14,-1681206.8698729095,optimal,-1761912.2367043924,False,False,8000,8000,0.005334677495540063,0.007771494527148981,10.0,0,0,1.2358813347187196e-05,108.17357232691201,107.89413412637532,107.3202675463987,1.0,1.0,0.9971676184933641,107.05412546221176,106.63114779577164,105.6257463034359,1.0,1.0,0.9968760020662096,0.9823253072564982,0.9823178512029487,26a78c5cfb386695,bba036da16f519b0,False,False
disturbance_step60,124,130.0,130.0,130.0,130.0,0.0,-1626150.2536961301,optimal,-1723413.2609703776,False,False,8000,8000,0.009008605215498733,0.013068026747790285,10.0,0,0,,107.9658532253902,107.78470313533272,107.4860456395596,1.0,1.0,0.9973008855803234,106.73970695870013,106.41467675926415,105.70013571891907,1.0,1.0,0.996997523893388,0.9823214026278498,0.9823180485623241,25c84391f55431de,f50baea2a2cee791,False,False
disturbance_step60,125,130.0,130.0,130.0,130.0,0.0,-1575555.921080464,optimal,-1672571.651511564,False,False,8000,8000,0.009862778955650242,0.014294225950846062,10.0,0,0,,107.8311961388678,107.74102884046086,107.69236769065513,1.0,1.0,0.997427904900738,106.49809725442697,106.26990621294792,105.84272972182391,1.0,1.0,0.9971133434425352,0.9823171547449484,0.9823132483733902,35510c351d515110,42c01684cacc28a0,False,False
disturbance_step60,126,130.0,130.0,130.0,130.0,0.0,-1528682.5709194955,optimal,-1625875.3423108202,False,False,8000,8000,0.010147080842557443,0.014706267569903453,10.0,0,0,,107.7641706921831,107.7564555428203,107.92877288139734,1.0,1.0,0.9975496483227861,106.328472492958,106.19594875341522,106.03694503858677,1.0,1.0,0.9972248437136492,0.9823125062003553,0.9823080252245517,142ef61219404577,8ca00abafc354ab3,False,False
disturbance_step60,127,130.0,130.0,130.0,130.0,0.0,-1484875.3183545696,optimal,-1582964.5861010088,False,False,8000,8000,0.010339597418294488,0.014985283803082616,10.0,0,0,,107.75843567137825,107.82336870388377,108.18782962622362,1.0,1.0,0.9976667692794277,106.22996158050843,106.18610686947792,106.27086013746847,1.0,1.0,0.9973329542543347,0.9823073685259343,0.9823024982146626,dacbbf3ab8302df7,3632eb33708348ae,False,False
disturbance_step60,128,130.0,130.0,129.99999999999997,129.99999999999997,-2.842170943040401e-14,-1443563.9235454262,optimal,-1543146.2779101667,False,False,8000,8000,0.008967479188058292,0.013063712905601044,10.0,0,0,,107.8067033425314,107.93469504372852,108.46377556080637,1.0,1.0,0.9977797109144259,106.19736238270634,106.23390694441306,106.53407711042281,1.0,1.0,0.9974383052352664,0.9823016072595194,0.9822966444471593,0d142f369c370fc2,a200a37796776cc6,False,False
disturbance_step60,129,130.0,130.0,130.0,130.0,0.0,-1404271.3484413074,optimal,-1505826.7919629982,False,False,8000,8000,0.009057286225555572,0.013194542250022145,10.0,0,0,,107.90184538511488,108.08376880727477,108.75231520574866,1.0,1.0,0.9978887685534487,106.22452761462041,106.33188938482171,106.81922096644827,1.0,1.0,0.9975412976513075,0.9822950246874332,0.9822904070108012,a942878e2293f871,b2b0139a3a03177d,False,False
disturbance_step60,130,130.0,130.0,130.0,130.0,0.0,-1366603.4680721948,optimal,-1470497.1291186283,False,False,8000,8000,0.010018511410478936,0.014519930583088758,10.0,0,0,,108.03707732449985,108.2646332832585,109.05010123775976,1.0,1.0,0.9979941363454993,106.30433449285385,106.4731137909392,107.12057916139555,1.0,1.0,0.997642178208616,0.9822873283575826,0.9822836789913943,7f050147da666000,99adfb075e07cfe3,False,False
disturbance_step60,131,130.00000000000003,130.00000000000003,130.0,130.0,-2.842170943040401e-14,-1330240.8086867149,optimal,-1436734.1186248348,False,False,8000,8000,0.010062769850677,0.014584074791042845,10.0,0,0,,108.2062300001487,108.47199394164615,109.35452399293574,1.0,1.0,0.9980959377383042,106.42979580804423,106.65102833639672,107.43390014272487,1.0,1.0,0.9977410818909684,0.9822780779088053,0.9822762908317468,257fdab1bab9db51,83534cb4add68d72,False,False
disturbance_step60,132,129.99999999999997,129.99999999999997,130.0,130.0,2.842170943040401e-14,-1294927.9586787433,optimal,-1404189.5589120584,False,False,8000,8000,0.01151572715919258,0.016689860610438423,10.0,0,0,,108.40378440408745,108.70122906756856,109.6635012612674,1.0,1.0,0.9981942478400793,106.59424799077557,106.85977432383937,107.7558751325456,1.0,1.0,0.9978380652111203,0.9822665855322971,0.9822679862310336,c8ac7dad6a23bdcb,6820a38797ab21d1,False,False
disturbance_step60,133,130.0,130.0,130.00000000000003,130.0,0.0,-1260473.824178053,optimal,-1372572.0243073863,False,False,8000,8000,0.009582677581121857,0.01388827217708144,10.0,0,0,,108.6248885270459,108.94832731143528,109.97535949987261,1.0,1.0,0.9982891093735774,106.79162576957769,107.09414164239399,108.08392833707293,1.0,1.0,0.9979331281545751,0.9822517174525376,0.9822583845300944,7c7124a507514a43,8b13a12291bec103,False,False
disturbance_step60,134,130.0,130.0,130.0,130.0,0.0,-1226730.6715658256,optimal,-1341654.2108607772,False,False,8000,8000,0.009247479079675713,0.013402465576359823,10.0,0,0,,108.86531526026144,109.20983377233578,110.28873779308566,1.0,1.0,0.9983805446504785,107.01649955267821,107.3495814450861,108.41600731775775,1.0,1.0,0.9980262309062423,0.9822314551219046,0.9822469118728093,3ae5073dc5e3e815,9fff5459bc3a589e,False,False
disturbance_step60,135,130.0,130.0,130.0,130.0,0.0,-1193573.4471249369,optimal,-1311250.8987372261,False,False,8000,8000,0.010350478694277854,0.015001054147160353,10.0,0,0,,109.12141151212775,109.48278481793322,110.60252355056004,1.0,1.0,0.9984685645289573,107.26409444590064,107.62214538300556,108.75046476246465,1.0,1.0,0.9981173062085927,0.9822017793565616,0.9822326707380454,c33017f8f75554e6,09f7d5b9c5232b49,False,False
disturbance_step60,136,130.0,130.0,130.0,130.0,0.0,-1160912.573040117,optimal,-1281218.1670196257,False,False,8000,8000,0.010016208798987236,0.014516593384809262,10.0,0,0,,109.39003669741633,109.76464854447809,110.91580266721192,1.0,1.0,0.9985531752097729,107.5302499636918,107.90843313548376,109.08596292721538,1.0,1.0,0.9982062691149606,0.982153136586675,0.9822141709955287,734dd19ab70ec294,16593f022af81d33,False,False
disturbance_step60,137,130.0,130.0,130.0,130.0,0.0,-1128692.3731853098,optimal,-1251456.789697839,False,False,8000,8000,0.008631172838576617,0.012509246666678742,10.0,0,0,,109.66850269147743,110.0532681095313,111.22782272143047,1.0,1.0,0.9986343833388367,107.81137068557027,108.20552845276583,109.42140976481366,1.0,1.0,0.9982930247108157,0.982053512884974,0.9821887140322426,cded7fc9208effaf,a1088f0aa35edf6a,False,False
disturbance_step60,138,130.0,130.0,130.0,130.0,0.0,-1096879.3197466575,optimal,-1221887.458104215,False,False,8000,8000,0.013132174825983611,0.015782114246610135,10.0,0,0,,109.95451629584974,110.3468111924421,111.53796404560876,1.0,1.0,0.9987121997812546,108.10436604949136,108.51094066217063,109.75590945806773,1.0,1.0,0.9983774743742656,0.9816400582916883,0.9821507357948928,f47bb114d867853c,7dc7f6e240b8a283,False,False
disturbance_step60,139,130.0,130.0,130.0,130.0,0.0,-1065457.81605464,optimal,-1192444.0382470146,False,False,8000,8000,0.009746340846092494,0.014128005449706826,10.0,0,0,,110.24612690347335,110.64372488689128,111.84571705240268,1.0,1.0,0.9987866423139242,108.40659141841054,108.82254889276444,110.08872594331054,1.0,1.0,0.9984595208434683,0.9820794720167978,0.9820859780026814,cfb835028b18511a,7146bdaab9c624e8,False,False
disturbance_step60,140,129.99999999999997,129.99999999999997,130.0,130.0,2.842170943040401e-14,-1034426.5021862154,optimal,-1163097.3929705205,False,False,8000,8000,0.01167949010842051,0.017014532241131697,10.0,0,0,,110.54167953630534,110.94269624523261,112.15066394056288,1.0,1.0,0.9988577374334433,108.7157914944135,109.13855229910563,110.41925426154792,1.0,1.0,0.9985390723024835,0.9825989036402365,0.9819340773607206,8d0cd4c8566d386f,485a302bb2286776,False,False
disturbance_step60,141,130.0,130.0,130.0,130.0,0.0,-1003795.0179203856,optimal,-1133834.6626235954,False,False,8000,8000,0.020587440801079993,0.030105135772173774,10.0,0,0,,110.83977346302552,111.24261789793763,112.45246382678924,1.0,1.0,0.9989255214347605,109.03004879474189,109.45742560652059,110.74699812641467,1.0,1.0,0.9986160456127996,0.9834382676420587,0.9817608551720485,e6f5072fc4259aa8,a7691f5dbcb6df5c,False,False
disturbance_step60,142,130.0,130.0,130.0,130.0,0.0,-973581.1710309621,optimal,-1104654.208225555,False,False,8000,8000,0.019104712513254185,0.027936932240323564,10.0,0,0,,111.13922602145271,111.54255832291517,112.75084048527097,1.0,1.0,0.9989900408926695,109.34773738271385,109.7778802141614,111.07155183709588,1.0,1.0,0.9986903687914978,0.9842570556545306,0.9821075214957005,44c8beaeb113d81a,4f9de8f457787a30,False,False
disturbance_step60,143,130.00000000000003,130.00000000000003,130.0,130.0,-2.842170943040401e-14,-943812.986142978,optimal,-1075571.348479899,False,False,8000,8000,0.022844981657272,0.03319215568577416,10.0,0,0,,111.4390412332369,111.84173621189694,113.0455721680424,1.0,1.0,0.9990513526600444,109.66748207868858,110.0988302924996,111.39258558706135,1.0,1.0,0.9987619828148226,0.9850545557340629,0.9824929884142204,b11ca96d94f27bb9,e218f065d8f11775,False,False
disturbance_step60,144,130.00000000000003,130.00000000000003,130.00000000000003,130.0,-2.842170943040401e-14,-914543.238823039,optimal,-1046608.9942505102,False,False,8000,8000,0.021885679337813713,0.03174771505660878,10.0,0,0,,111.73838269404631,112.13949844289463,113.33648308891563,1.0,1.0,0.999109523483381,109.98812279010089,110.41936346157871,111.70983335406453,1.0,1.0,0.9988308428187662,0.985829858422543,0.9831923231757538,0a9322661f013962,620df6a9b5531f5d,False,False
disturbance_step60,145,130.0,130.0,130.0,130.0,0.0,-885785.8838105225,optimal,-1017797.828605251,False,False,8000,8000,0.023591690553828926,0.03427707085249754,10.0,0,0,,112.03655024163642,112.43530118556251,113.62343626685653,1.0,1.0,0.9991646293245923,110.3086835604143,110.73871550694379,112.02308284801909,1.0,1.0,0.9988969187642515,0.9865819731939391,0.9838913126044454,a0f8b917458aeed5,52026c9d3e6a7c53,False,False
disturbance_step60,146,130.0,130.0,130.0,130.0,0.0,-857553.8604967769,optimal,-989175.4324178537,False,False,8000,8000,0.022733615011958364,0.03303034707758368,10.0,0,0,,112.33295992236089,112.72869372003831,113.90632748801254,1.0,1.0,0.9992167544675676,110.62834583059504,111.05624865060936,112.33216710259617,1.0,1.0,0.9989601956338355,0.9873099183055987,0.9845876359384178,9765819660e4f5ea,b63b6809f9448c09,False,False
disturbance_step60,147,130.0,130.0,130.0,130.0,0.0,-829875.2406629004,optimal,-960781.0318419054,False,False,8000,8000,0.024192682020981238,0.035068991412530615,10.0,0,0,,112.62712682129414,113.01930459392392,114.18508019835777,1.0,1.0,0.99926599047804,110.94642542437037,111.37143291104952,112.63695740916823,1.0,1.0,0.9990206732264745,0.9880127879329796,0.9852788328877202,4d6be954e0682194,cfb10ee95240c17b,False,False
disturbance_step60,148,130.0,130.0,130.0,130.0,0.0,-802776.1273907808,optimal,-932664.3012823043,False,False,8000,8000,0.02331008648039301,0.03378960720012092,10.0,0,0,,112.9186503653587,113.30682978957171,114.45964117486255,1.0,1.0,0.9993124350757017,111.26235278542366,111.6838301389423,112.93735735475401,1.0,1.0,0.9990783656162671,0.9886898000692537,0.9859624112893639,7474a8eb53b28e78,ebdbeeee9fce42ba,False,False
disturbance_step60,149,130.0,130.0,130.0,130.0,0.0,-776280.0766974931,optimal,-904885.8572982315,False,False,8000,8000,0.0164541503917377,0.02418014680543834,10.0,0,0,,113.20720175551193,113.59102261582971,114.72997685164732,1.0,1.0,0.9993561909682566,111.5756560382235,111.99308035864189,113.2332977780939,1.0,1.0,0.99913330033944,0.9893403283384402,0.9866359349629645,9059358e6fa8de1f,fb3db9880f27a0a7,False,False
disturbance_step60,150,130.0,130.0,130.0,130.0,0.0,-750440.8531732518,optimal,-877465.7621779197,False,False,8000,8000,0.027691488334681935,0.04049341042699783,10.0,0,0,,113.49251322723417,113.8716850771301,114.99607019911853,1.0,1.0,0.9993973646882789,111.88594648750397,112.29889009213817,113.52473249366741,1.0,1.0,0.9991855173710269,0.9899639205698664,0.9872970932739938,0d85e175ec470612,b64fd28ee58b77cc,False,False
disturbance_step60,151,130.0,130.0,130.0,130.0,0.0,-725277.5089137632,optimal,-850447.3959726278,False,False,8000,8000,0.036846461543916575,0.053450063521602864,10.0,0,0,,113.77436887843531,114.1486605068027,115.25791807135079,1.0,1.0,0.9994360654655046,112.19290621730845,112.60102238363392,113.81163466177864,1.0,1.0,0.9992350679487079,0.9905603066934192,0.9879437540290121,7364e226188c3d17,0229f4fe399842e6,False,False
disturbance_step60,152,130.0,130.0,130.0,130.0,0.0,-700765.343701799,optimal,-823869.8689161221,False,False,8000,8000,0.038011646574432234,0.055090666367061836,10.0,0,0,,114.0525968394023,114.42182728145873,115.5155289507467,1.0,1.0,0.9994724041596179,112.49627749304253,112.89928828106972,114.09399370415609,1.0,1.0,0.9992820132962897,0.991129398232678,0.9885740014346034,90953e67b419fe18,54dde0aa4caa3acc,False,False
disturbance_step60,153,129.99999999999997,129.99999999999997,130.0,130.0,2.842170943040401e-14,-676912.4583205811,optimal,-797771.2513776297,False,False,8000,8000,0.0413017025171456,0.060008472344454944,10.0,0,0,,114.32706259079619,114.69109345929324,115.76892103027308,1.0,1.0,0.9995064922718174,112.79585370929293,113.19353956446312,114.37181268158153,1.0,1.0,0.9993264232935616,0.9916712813943223,0.9891861609247425,20959cd58db73cdc,d53203e35516a30b,False,False
disturbance_step60,154,130.00000000000003,130.00000000000003,130.0,130.0,-2.842170943040401e-14,-653743.1778291165,optimal,-772181.6807758915,False,False,8000,8000,0.03725297457785359,0.054000802574464934,10.0,0,0,,114.59766326309217,114.9563922076823,116.0181205828383,1.0,1.0,0.9995384410474991,113.09147166118794,113.48366254049117,114.64510606365018,1.0,1.0,0.9993683751330351,0.9921862054804481,0.9897788126874019,1215c8521cb706dd,1d24989c990eee44,False,False
disturbance_step60,155,130.0,130.0,130.0,130.0,0.0,-631306.5779661906,optimal,-747156.2632927609,False,False,8000,8000,0.035954913922083165,0.052119172503396705,10.0,0,0,,114.86432277463001,115.21767790485438,116.2631605750905,1.0,1.0,0.999568360677314,113.38300494803795,113.76957274839779,114.91389783187117,1.0,1.0,0.9994079519976595,0.99267456808935,0.9903507956970324,43618c07a0b5c361,37c21ea52e90dd93,False,False
disturbance_step60,156,130.0,130.0,130.0,130.0,0.0,-609540.6033339986,optimal,-722709.4373261007,False,False,8000,8000,0.04815422076991638,0.06985327860964308,10.0,0,0,,115.12698768596768,115.47492281709904,116.50407948937195,1.0,1.0,0.9995963595996218,113.67035834501011,114.05121044452818,115.17821986644041,1.0,1.0,0.999445241787229,0.9931368983243861,0.9909012039894974,e94b44d592675c8b,c05497e8bc4fcffa,False,False
disturbance_step60,157,130.0,130.0,129.99999999999997,129.99999999999997,-2.842170943040401e-14,-588438.8739067197,optimal,-698845.4566397218,False,False,8000,8000,0.05512625380229963,0.08101057271172163,10.0,0,0,,115.38562366590052,115.72811426728633,116.7409203229998,1.0,1.0,0.999622543903936,113.95346300204214,114.32853675192631,115.43811057460628,1.0,1.0,0.9994803359151091,0.9935738390033325,0.991429376805364,2cf07778000ee417,06440f4fa63aa5c8,False,False
disturbance_step60,158,130.0,130.0,130.0,130.0,0.0,-568070.0080250095,optimal,-675579.3304856295,False,False,8000,8000,0.05170835117908723,0.07532804214986655,10.0,0,0,,115.64021247968077,115.97725222272997,116.97372973863537,1.0,1.0,0.9996470168322787,114.23227234944245,114.60153037787977,115.69361372489499,1.0,1.0,0.9995133281912472,0.9939861286557328,0.9919348840871725,3e6a34d9a50cce31,82d045773a415d9f,False,False
disturbance_step60,159,130.0,130.0,129.99999999999997,129.99999999999997,-2.842170943040401e-14,-548366.7166348813,optimal,-652931.5520513749,False,False,8000,8000,0.04763737411197155,0.0691035324222522,10.0,0,0,,115.89074942297935,116.2223472409203,117.20255734339511,1.0,1.0,0.9996698783733534,114.50675860704574,114.87018481639936,115.9447774568031,1.0,1.0,0.9995443138023373,0.9943745839139373,0.9924175086553053,39e8eb849a43a6f2,97f18d7a5c85506c,False,False
